case,corner,supply_v,temp_c,load_pf,seed,code,output_v,raw_error_lsb,block
full_tt,tt,1.8,27,5,,0,0.199953873578187,-0.016869091405900302,full_tt_block000
full_tt,tt,1.8,27,5,,1,0.20265209143154,-0.03009227646537787,full_tt_block000
full_tt,tt,1.8,27,5,,2,0.205361407408,-0.03925671936000543,full_tt_block000
full_tt,tt,1.8,27,5,,3,0.20805999473303,-0.05234478334903616,full_tt_block000
full_tt,tt,1.8,27,5,,4,0.21079144042651,-0.05341607259063202,full_tt_block000
full_tt,tt,1.8,27,5,,5,0.2134902122864,-0.06643664954514707,full_tt_block000
full_tt,tt,1.8,27,5,,6,0.2162000952738,-0.07539372843886838,full_tt_block000
full_tt,tt,1.8,27,5,,7,0.2188991892344,-0.08829650856229015,full_tt_block000
full_tt,tt,1.8,27,5,,8,0.22167471652179999,-0.07324652917029693,full_tt_block008
full_tt,tt,1.8,27,5,,9,0.22437385012748,-0.0861348105215955,full_tt_block008
full_tt,tt,1.8,27,5,,10,0.2270840786058,-0.09496553845029407,full_tt_block008
full_tt,tt,1.8,27,5,,11,0.22978346311279998,-0.10776206160458507,full_tt_block008
full_tt,tt,1.8,27,5,,12,0.23251575918476,-0.10852235528777296,full_tt_block008
full_tt,tt,1.8,27,5,,13,0.2352153454554,-0.12124509059658198,full_tt_block008
full_tt,tt,1.8,27,5,,14,0.23792595055333,-0.12993808335360363,full_tt_block008
full_tt,tt,1.8,27,5,,15,0.2406258421542,-0.14254915503543536,full_tt_block008
full_tt,tt,1.8,27,5,,16,0.24348939676082,-0.09530632747155568,full_tt_block016
full_tt,tt,1.8,27,5,,17,0.24618910018508,-0.10798621802788741,full_tt_block016
full_tt,tt,1.8,27,5,,18,0.24889981505143,-0.1166390669056077,full_tt_block016
full_tt,tt,1.8,27,5,,19,0.25159975697097997,-0.12923173632732496,full_tt_block016
full_tt,tt,1.8,27,5,,20,0.25433249595804,-0.12983004963109987,full_tt_block016
full_tt,tt,1.8,27,5,,21,0.25703252784938,-0.142389815083886,full_tt_block016
full_tt,tt,1.8,27,5,,22,0.2597435709194,-0.15092263519085644,full_tt_block016
full_tt,tt,1.8,27,5,,23,0.26244388185698003,-0.16338034944729837,full_tt_block016
full_tt,tt,1.8,27,5,,24,0.265220530099818,-0.14792042063798963,full_tt_block024
full_tt,tt,1.8,27,5,,25,0.267920748350876,-0.1604120316796452,full_tt_block024
full_tt,tt,1.8,27,5,,26,0.27063200206919996,-0.16886781469259357,full_tt_block024
full_tt,tt,1.8,27,5,,27,0.27333241767667,-0.18128724967496623,full_tt_block024
full_tt,tt,1.8,27,5,,28,0.27606568467706,-0.18169246096091132,full_tt_block024
full_tt,tt,1.8,27,5,,29,0.2787661985389,-0.19407596291657114,full_tt_block024
full_tt,tt,1.8,27,5,,30,0.28147774996012,-0.20242287172755322,full_tt_block024
full_tt,tt,1.8,27,5,,31,0.28417850264916,-0.21471903116434987,full_tt_block024
full_tt,tt,1.8,27,5,,32,0.287217935883674,-0.10315487682778521,full_tt_block032
full_tt,tt,1.8,27,5,,33,0.289918332214923,-0.1155813613995755,full_tt_block032
full_tt,tt,1.8,27,5,,34,0.29262971428567996,-0.12399020409418428,full_tt_block032
full_tt,tt,1.8,27,5,,35,0.29533026431403997,-0.13636047943681515,full_tt_block032
full_tt,tt,1.8,27,5,,36,0.29806360374934,-0.1367392002413835,full_tt_block032
full_tt,tt,1.8,27,5,,37,0.30076417530115,-0.14910160415084306,full_tt_block032
full_tt,tt,1.8,27,5,,38,0.30347581567644,-0.1574159811876541,full_tt_block032
full_tt,tt,1.8,27,5,,39,0.30617661365902,-0.16969557612983166,full_tt_block032
full_tt,tt,1.8,27,5,,40,0.308953812259014,-0.15403437384630284,full_tt_block040
full_tt,tt,1.8,27,5,,41,0.311654518499486,-0.16634752018798543,full_tt_block040
full_tt,tt,1.8,27,5,,42,0.31436623757792004,-0.17463311436066373,full_tt_block040
full_tt,tt,1.8,27,5,,43,0.31706711463248,-0.18688379155016882,full_tt_block040
full_tt,tt,1.8,27,5,,44,0.31980075997696,-0.18715063699748466,full_tt_block040
full_tt,tt,1.8,27,5,,45,0.32250171091202,-0.1993742950326854,full_tt_block040
full_tt,tt,1.8,27,5,,46,0.32521369418236,-0.20756327045120315,full_tt_block040
full_tt,tt,1.8,27,5,,47,0.32791482123178,-0.21972252094901787,full_tt_block040
full_tt,tt,1.8,27,5,,48,0.33077964631254403,-0.1720150628410368,full_tt_block048
full_tt,tt,1.8,27,5,,49,0.333480515700198,-0.18426854392759295,full_tt_block048
full_tt,tt,1.8,27,5,,50,0.33619239760016,-0.19249459194148652,full_tt_block048
full_tt,tt,1.8,27,5,,51,0.33889340482224,-0.2046976650093768,full_tt_block048
full_tt,tt,1.8,27,5,,52,0.34162724274426,-0.20489408209919752,full_tt_block048
full_tt,tt,1.8,27,5,,53,0.34432832234176,-0.21707068644206273,full_tt_block048
full_tt,tt,1.8,27,5,,54,0.34704042846882,-0.22521473140297338,full_tt_block048
full_tt,tt,1.8,27,5,,55,0.34974169101824004,-0.2373244276150745,full_tt_block048
full_tt,tt,1.8,27,5,,56,0.35251930782592,-0.22151028080640703,full_tt_block056
full_tt,tt,1.8,27,5,,57,0.3552204425464,-0.23366672588798973,full_tt_block056
full_tt,tt,1.8,27,5,,58,0.35793258059120003,-0.24179909807541225,full_tt_block056
full_tt,tt,1.8,27,5,,59,0.36063389519325,-0.2538897578971395,full_tt_block056
full_tt,tt,1.8,27,5,,60,0.36336795159776,-0.25400627281921323,full_tt_block056
full_tt,tt,1.8,27,5,,61,0.36606931750384,-0.2660781700242459,full_tt_block056
full_tt,tt,1.8,27,5,,62,0.36878167648607996,-0.2741297422336077,full_tt_block056
full_tt,tt,1.8,27,5,,63,0.37148321937952,-0.2861369126326809,full_tt_block056
full_tt,tt,1.8,27,5,,64,0.374874309785615,-0.04596670697509353,full_tt_block064
full_tt,tt,1.8,27,5,,65,0.37757526646990397,-0.05818826243512377,full_tt_block064
full_tt,tt,1.8,27,5,,66,0.38028721208736,-0.06639100805121043,full_tt_block064
full_tt,tt,1.8,27,5,,67,0.3829882896677,-0.07856835009828193,full_tt_block064
full_tt,tt,1.8,27,5,,68,0.38572216247195,-0.07875201025827648,full_tt_block064
full_tt,tt,1.8,27,5,,69,0.38842328677625,-0.09091226468571888,full_tt_block064
full_tt,tt,1.8,27,5,,70,0.39113539268975,-0.09905638774857348,full_tt_block064
full_tt,tt,1.8,27,5,,71,0.39383668063815,-0.11115679519085526,full_tt_block064
full_tt,tt,1.8,27,5,,72,0.396614309403355,-0.0953382753444438,full_tt_block072
full_tt,tt,1.8,27,5,,73,0.399315464169168,-0.10748738956140512,full_tt_block072
full_tt,tt,1.8,27,5,,74,0.40202760818621996,-0.11561757761098437,full_tt_block072
full_tt,tt,1.8,27,5,,75,0.4047288948215,-0.1277184652800096,full_tt_block072
full_tt,tt,1.8,27,5,,76,0.40746297016815997,-0.12782805278722062,full_tt_block072
full_tt,tt,1.8,27,5,,77,0.4101642688546,-0.13992453317484888,full_tt_block072
full_tt,tt,1.8,27,5,,78,0.41287658089435003,-0.147993272923413,full_tt_block072
full_tt,tt,1.8,27,5,,79,0.4155781012137,-0.16000869898972173,full_tt_block072
full_tt,tt,1.8,27,5,,80,0.41844331617054004,-0.11215865763107656,full_tt_block080
full_tt,tt,1.8,27,5,,81,0.421144519949295,-0.12428984711496989,full_tt_block080
full_tt,tt,1.8,27,5,,82,0.42385672307435,-0.13239841852341427,full_tt_block080
full_tt,tt,1.8,27,5,,83,0.42655803229601996,-0.1444910460269812,full_tt_block080
full_tt,tt,1.8,27,5,,84,0.42929216617208,-0.1445792284964601,full_tt_block080
full_tt,tt,1.8,27,5,,85,0.43199351201585,-0.15665846277483655,full_tt_block080
full_tt,tt,1.8,27,5,,86,0.43470589029504,-0.1647029778139597,full_tt_block080
full_tt,tt,1.8,27,5,,87,0.43740743456496,-0.17670964481461787,full_tt_block080
full_tt,tt,1.8,27,5,,88,0.44018530230653496,-0.16080372789578032,full_tt_block088
full_tt,tt,1.8,27,5,,89,0.442886702606612,-0.1728630467247529,full_tt_block088
full_tt,tt,1.8,27,5,,90,0.4455991073271,-0.1808978918034094,full_tt_block088
full_tt,tt,1.8,27,5,,91,0.44830065232752003,-0.1929042916498247,full_tt_block088
full_tt,tt,1.8,27,5,,92,0.45103497553454,-0.19292323308251624,full_tt_block088
full_tt,tt,1.8,27,5,,93,0.45373652760245,-0.20492704824686064,full_tt_block088
full_tt,tt,1.8,27,5,,94,0.45644910260674,-0.21289961810651903,full_tt_block088
full_tt,tt,1.8,27,5,,95,0.45915082726886,-0.22484031310264235,full_tt_block088
full_tt,tt,1.8,27,5,,96,0.462191309612421,-0.11289248460030878,full_tt_block096
full_tt,tt,1.8,27,5,,97,0.464892602484618,-0.12499109133969456,full_tt_block096
full_tt,tt,1.8,27,5,,98,0.46760488445607,-0.133070827494391,full_tt_block096
full_tt,tt,1.8,27,5,,99,0.47030632051608,-0.1451170684050242,full_tt_block096
full_tt,tt,1.8,27,5,,100,0.47304050349351,-0.14518729380205694,full_tt_block096
full_tt,tt,1.8,27,5,,101,0.4757419609342,-0.15722571549255399,full_tt_block096
full_tt,tt,1.8,27,5,,102,0.47845439773237,-0.1652488293046872,full_tt_block096
full_tt,tt,1.8,27,5,,103,0.48115598785283,-0.1772387281078888,full_tt_block096
full_tt,tt,1.8,27,5,,104,0.483933943491092,-0.1613006661149338,full_tt_block104
full_tt,tt,1.8,27,5,,105,0.486635393891396,-0.173341662575187,full_tt_block104
full_tt,tt,1.8,27,5,,106,0.48934784583872,-0.18135923612525015,full_tt_block104
full_tt,tt,1.8,27,5,,107,0.49204944132983996,-0.19334717080137614,full_tt_block104
full_tt,tt,1.8,27,5,,108,0.49478380386344,-0.1933517299419358,full_tt_block104
full_tt,tt,1.8,27,5,,109,0.49748541615036,-0.20533352215405137,full_tt_block104
full_tt,tt,1.8,27,5,,110,0.50019804051232,-0.21328804120867875,full_tt_block104
full_tt,tt,1.8,27,5,,111,0.50289980338736,-0.22521476119404077,full_tt_block104
full_tt,tt,1.8,27,5,,112,0.505765310305057,-0.17725794557914504,full_tt_block112
full_tt,tt,1.8,27,5,,113,0.508466793303308,-0.1892870205045126,full_tt_block112
full_tt,tt,1.8,27,5,,114,0.5111792567647301,-0.19730038318442666,full_tt_block112
full_tt,tt,1.8,27,5,,115,0.51388088360595,-0.20927685268113855,full_tt_block112
full_tt,tt,1.8,27,5,,116,0.51661523541932,-0.2092853323629486,full_tt_block112
full_tt,tt,1.8,27,5,,117,0.51931687982903,-0.22125537681189048,full_tt_block112
full_tt,tt,1.8,27,5,,118,0.52202950471768,-0.2292097032484922,full_tt_block112
full_tt,tt,1.8,27,5,,119,0.52473130528939,-0.24112263702306794,full_tt_block112
full_tt,tt,1.8,27,5,,120,0.52750946847749,-0.22510867108934465,full_tt_block120
full_tt,tt,1.8,27,5,,121,0.530211103952008,-0.23708198326561714,full_tt_block120
full_tt,tt,1.8,27,5,,122,0.53292375206818,-0.24502781506559554,full_tt_block120
full_tt,tt,1.8,27,5,,123,0.53562555634769,-0.2569393928447994,full_tt_block120
full_tt,tt,1.8,27,5,,124,0.5383601075937,-0.2568749371611391,full_tt_block120
full_tt,tt,1.8,27,5,,125,0.5410619286071,-0.26878039511769564,full_tt_block120
full_tt,tt,1.8,27,5,,126,0.5437747589117801,-0.27665959797754375,full_tt_block120
full_tt,tt,1.8,27,5,,127,0.5464767394583,-0.2885067123931354,full_tt_block120
full_tt,tt,1.8,27,5,,128,0.5505714221160399,0.20897723100887333,full_tt_block128
full_tt,tt,1.8,27,5,,129,0.553272648948717,0.19685447267363543,full_tt_block128
full_tt,tt,1.8,27,5,,130,0.5559848765243,0.18875484317257069,full_tt_block128
full_tt,tt,1.8,27,5,,131,0.5586862309983,0.17667876509258512,full_tt_block128
full_tt,tt,1.8,27,5,,132,0.5614203416639,0.1765820942262865,full_tt_block128
full_tt,tt,1.8,27,5,,133,0.564121693248,0.1645049592685512,full_tt_block128
full_tt,tt,1.8,27,5,,134,0.5668340431902099,0.15645008099105392,full_tt_block128
full_tt,tt,1.8,27,5,,135,0.56953552609678,0.14442097253671754,full_tt_block128
full_tt,tt,1.8,27,5,,136,0.5723133950393641,0.16032732868174956,full_tt_block136
full_tt,tt,1.8,27,5,,137,0.575014741489643,0.14824831621232146,full_tt_block136
full_tt,tt,1.8,27,5,,138,0.5777271038119001,0.14019796549486532,full_tt_block136
full_tt,tt,1.8,27,5,,139,0.5804285706354,0.1281629752319954,full_tt_block136
full_tt,tt,1.8,27,5,,140,0.58316284627863,0.12812663904185229,full_tt_block136
full_tt,tt,1.8,27,5,,141,0.5858643391202,0.11610116395887969,full_tt_block136
full_tt,tt,1.8,27,5,,142,0.58857684826153,0.10810450707383877,full_tt_block136
full_tt,tt,1.8,27,5,,143,0.5912784915902001,0.09613406727315318,full_tt_block136
full_tt,tt,1.8,27,5,,144,0.59414386058347,0.14404044195474952,full_tt_block144
full_tt,tt,1.8,27,5,,145,0.59684522714937,0.13196878605534884,full_tt_block144
full_tt,tt,1.8,27,5,,146,0.59955758060279,0.12391519187750484,full_tt_block144
full_tt,tt,1.8,27,5,,147,0.6022590626071099,0.1118857534573538,full_tt_block144
full_tt,tt,1.8,27,5,,148,0.60499332270964,0.11184373381118869,full_tt_block144
full_tt,tt,1.8,27,5,,149,0.6076948170103,0.0998187923382992,full_tt_block144
full_tt,tt,1.8,27,5,,150,0.61040729414216,0.09181042913281448,full_tt_block144
full_tt,tt,1.8,27,5,,151,0.61310895750273,0.07984731528413899,full_tt_block144
full_tt,tt,1.8,27,5,,152,0.61588695627835,0.0958011532251492,full_tt_block152
full_tt,tt,1.8,27,5,,153,0.618588454735952,0.08377773200529809,full_tt_block152
full_tt,tt,1.8,27,5,,154,0.62130095273152,0.0757769989558759,full_tt_block152
full_tt,tt,1.8,27,5,,155,0.62400260677148,0.06381047642698995,full_tt_block152
full_tt,tt,1.8,27,5,,156,0.6267370210015499,0.06382482342400765,full_tt_block152
full_tt,tt,1.8,27,5,,157,0.62943866199511,0.051853529640238455,full_tt_block152
full_tt,tt,1.8,27,5,,158,0.63215131359203,0.043908970799537074,full_tt_block152
full_tt,tt,1.8,27,5,,159,0.63485313335964,0.03200305723977084,full_tt_block152
full_tt,tt,1.8,27,5,,160,0.637893750775399,0.14400028357450928,full_tt_block160
full_tt,tt,1.8,27,5,,161,0.640595117177432,0.1319285677465944,full_tt_block160
full_tt,tt,1.8,27,5,,162,0.6433074711799199,0.12387517437072608,full_tt_block160
full_tt,tt,1.8,27,5,,163,0.64600896358008,0.11184953785780344,full_tt_block160
full_tt,tt,1.8,27,5,,164,0.6487432223784301,0.11180704125442682,full_tt_block160
full_tt,tt,1.8,27,5,,165,0.65144471905255,0.09978296778971948,full_tt_block160
full_tt,tt,1.8,27,5,,166,0.6541572098668099,0.09177960843337425,full_tt_block160
full_tt,tt,1.8,27,5,,167,0.65685883285718,0.079801730625856,full_tt_block160
full_tt,tt,1.8,27,5,,168,0.659636855719518,0.09576437742371777,full_tt_block168
full_tt,tt,1.8,27,5,,169,0.662338351191549,0.08373986433793693,full_tt_block168
full_tt,tt,1.8,27,5,,170,0.66505083021723,0.07573219372984243,full_tt_block168
full_tt,tt,1.8,27,5,,171,0.66775246280782,0.06375782685990673,full_tt_block168
full_tt,tt,1.8,27,5,,172,0.6704868678566199,0.0637688161352961,full_tt_block168
full_tt,tt,1.8,27,5,,173,0.6731885178881,0.05180082764797232,full_tt_block168
full_tt,tt,1.8,27,5,,174,0.67590117322692,0.043857637273601674,full_tt_block168
full_tt,tt,1.8,27,5,,175,0.67860296696881,0.03194220573622683,full_tt_block168
full_tt,tt,1.8,27,5,,176,0.681468472672094,0.07989857722297497,full_tt_block176
full_tt,tt,1.8,27,5,,177,0.684169975884326,0.06787689483924657,full_tt_block176
full_tt,tt,1.8,27,5,,178,0.6868824746761,0.059876452973688696,full_tt_block176
full_tt,tt,1.8,27,5,,179,0.68958412314846,0.047907894293928166,full_tt_block176
full_tt,tt,1.8,27,5,,180,0.69231852581257,0.047918011454198356,full_tt_block176
full_tt,tt,1.8,27,5,,181,0.69502017117811,0.035948316565972104,full_tt_block176
full_tt,tt,1.8,27,5,,182,0.69773281120432,0.02799952615130711,full_tt_block176
full_tt,tt,1.8,27,5,,183,0.70043460738315,0.01608498583769753,full_tt_block176
full_tt,tt,1.8,27,5,,184,0.7032127712066599,0.03209918414991567,full_tt_block184
full_tt,tt,1.8,27,5,,185,0.705914412192794,0.02012788765041153,full_tt_block184
full_tt,tt,1.8,27,5,,186,0.70862704769344,0.012177442172368762,full_tt_block184
full_tt,tt,1.8,27,5,,187,0.71132884326,0.00026267794282830437,full_tt_block184
full_tt,tt,1.8,27,5,,188,0.714063418632,0.000335956845682566,full_tt_block184
full_tt,tt,1.8,27,5,,189,0.71676521412616,-0.011578833861481794,full_tt_block184
full_tt,tt,1.8,27,5,,190,0.7194780181071601,-0.019467663667163446,full_tt_block184
full_tt,tt,1.8,27,5,,191,0.72217999409556,-0.03131644505231179,full_tt_block184
full_tt,tt,1.8,27,5,,192,0.72557160562242,0.2090443419136331,full_tt_block192
full_tt,tt,1.8,27,5,,193,0.728272972088036,0.19697264933885858,full_tt_block192
full_tt,tt,1.8,27,5,,194,0.7309853254372499,0.18891901705140007,full_tt_block192
full_tt,tt,1.8,27,5,,195,0.73368681660935,0.17689293141943707,full_tt_block192
full_tt,tt,1.8,27,5,,196,0.7364210677224,0.17684762419203742,full_tt_block192
full_tt,tt,1.8,27,5,,197,0.7391225540741599,0.16481977569282794,full_tt_block192
full_tt,tt,1.8,27,5,,198,0.741835038741,0.15681416813712143,full_tt_block192
full_tt,tt,1.8,27,5,,199,0.74453667306712,0.1448404359753194,full_tt_block192
full_tt,tt,1.8,27,5,,200,0.747314659792648,0.16078986702556872,full_tt_block200
full_tt,tt,1.8,27,5,,201,0.7500161488562119,0.1487630102718234,full_tt_block200
full_tt,tt,1.8,27,5,,202,0.7527286223908,0.1407533314926062,full_tt_block200
full_tt,tt,1.8,27,5,,203,0.75543024172384,0.1287741161471802,full_tt_block200
full_tt,tt,1.8,27,5,,204,0.75816463044145,0.12877913287314058,full_tt_block200
full_tt,tt,1.8,27,5,,205,0.7608662594967001,0.11680347307889503,full_tt_block200
full_tt,tt,1.8,27,5,,206,0.76357889654113,0.1088535921847113,full_tt_block200
full_tt,tt,1.8,27,5,,207,0.76628066637964,0.09692941883981479,full_tt_block200
full_tt,tt,1.8,27,5,,208,0.7691461861417349,0.14489093183446553,full_tt_block208
full_tt,tt,1.8,27,5,,209,0.771847669764008,0.13286208512291914,full_tt_block208
full_tt,tt,1.8,27,5,,210,0.77456014753621,0.12485395609969277,full_tt_block208
full_tt,tt,1.8,27,5,,211,0.77726176684804,0.11287473299753564,full_tt_block208
full_tt,tt,1.8,27,5,,212,0.77999614777014,0.11287689879411898,full_tt_block208
full_tt,tt,1.8,27,5,,213,0.7826977615223201,0.10089564244846576,full_tt_block208
full_tt,tt,1.8,27,5,,214,0.7854103837993199,0.09294036089414703,full_tt_block208
full_tt,tt,1.8,27,5,,215,0.7881121590342399,0.0810181610934738,full_tt_block208
full_tt,tt,1.8,27,5,,216,0.790890281071596,0.09701707761227649,full_tt_block216
full_tt,tt,1.8,27,5,,217,0.79359190997131,0.0850413609362834,full_tt_block216
full_tt,tt,1.8,27,5,,218,0.79630454212648,0.07708969196983162,full_tt_block216
full_tt,tt,1.8,27,5,,219,0.79900631234276,0.06516565678079393,full_tt_block216
full_tt,tt,1.8,27,5,,220,0.80174085303073,0.06522625123839784,full_tt_block216
full_tt,tt,1.8,27,5,,221,0.8044426170475301,0.05329994881102656,full_tt_block216
full_tt,tt,1.8,27,5,,222,0.80715541001084,0.04540708967868211,full_tt_block216
full_tt,tt,1.8,27,5,,223,0.80985734103394,0.03354186384090749,full_tt_block216
full_tt,tt,1.8,27,5,,224,0.812898089499078,0.14558701680568578,full_tt_block224
full_tt,tt,1.8,27,5,,225,0.815599582990688,0.13356177945163544,full_tt_block224
full_tt,tt,1.8,27,5,,226,0.81831206444431,0.12555499677627527,full_tt_block224
full_tt,tt,1.8,27,5,,227,0.82101368644401,0.11357675666654847,full_tt_block224
full_tt,tt,1.8,27,5,,228,0.82374806500044,0.1135780573037388,full_tt_block224
full_tt,tt,1.8,27,5,,229,0.82644968134844,0.10159775028662515,full_tt_block224
full_tt,tt,1.8,27,5,,230,0.829162302291,0.09364198070857453,full_tt_block224
full_tt,tt,1.8,27,5,,231,0.83186407343864,0.08171828613123061,full_tt_block224
full_tt,tt,1.8,27,5,,232,0.834642204440926,0.09772048125297164,full_tt_block232
full_tt,tt,1.8,27,5,,233,0.837343823494668,0.08574116376426641,full_tt_block232
full_tt,tt,1.8,27,5,,234,0.840056445,0.07778559999999451,full_tt_block232
full_tt,tt,1.8,27,5,,235,0.84275817648957,0.0658474018998894,full_tt_block232
full_tt,tt,1.8,27,5,,236,0.845492707,0.06590427428575042,full_tt_block232
full_tt,tt,1.8,27,5,,237,0.8481944814903399,0.05398180218151083,full_tt_block232
full_tt,tt,1.8,27,5,,238,0.85090728943373,0.0460944214783662,full_tt_block232
full_tt,tt,1.8,27,5,,239,0.85360921248851,0.034226281512214234,full_tt_block232
full_tt,tt,1.8,27,5,,240,0.856474879,0.08224146285714694,full_tt_block240
full_tt,tt,1.8,27,5,,241,0.859176515673624,0.07026858921108214,full_tt_block240
full_tt,tt,1.8,27,5,,242,0.86188911475448,0.062304824495608306,full_tt_block240
full_tt,tt,1.8,27,5,,243,0.864590887,0.050381531428545914,full_tt_block240
full_tt,tt,1.8,27,5,,244,0.8673254326717,0.05044394850744181,full_tt_block240
full_tt,tt,1.8,27,5,,245,0.8700272056752301,0.03852093265558259,full_tt_block240
full_tt,tt,1.8,27,5,,246,0.872739994,0.030626377142896545,full_tt_block240
full_tt,tt,1.8,27,5,,247,0.87544194,0.018766628571467794,full_tt_block240
full_tt,tt,1.8,27,5,,248,0.878220212672335,0.03482063445391402,full_tt_block248
full_tt,tt,1.8,27,5,,249,0.880921998660381,0.022902367225055644,full_tt_block248
full_tt,tt,1.8,27,5,,250,0.88363481251915,0.015017149860584922,full_tt_block248
full_tt,tt,1.8,27,5,,251,0.886336753,0.0031553828571873055,full_tt_block248
full_tt,tt,1.8,27,5,,252,0.889071458,0.0032760685714704,full_tt_block248
full_tt,tt,1.8,27,5,,253,0.891773414,-0.008580022857164036,full_tt_block248
full_tt,tt,1.8,27,5,,254,0.894486379,-0.016409965714266103,full_tt_block248
full_tt,tt,1.8,27,5,,255,0.897188422,-0.028234239999968786,full_tt_block248
full_ss,ss,1.8,27,5,,0,0.199915302400818,-0.03097512198656156,full_ss_block000
full_ss,ss,1.8,27,5,,1,0.202614549689556,-0.043821827819527925,full_ss_block000
full_ss,ss,1.8,27,5,,2,0.20532477526816,-0.052653616215770124,full_ss_block000
full_ss,ss,1.8,27,5,,3,0.20802434217745,-0.0653834322468632,full_ss_block000
full_ss,ss,1.8,27,5,,4,0.21075643363398,-0.06621855671588557,full_ss_block000
full_ss,ss,1.8,27,5,,5,0.21345611317621,-0.07890718127177772,full_ss_block000
full_ss,ss,1.8,27,5,,6,0.21616681054893,-0.08756642781989399,full_ss_block000
full_ss,ss,1.8,27,5,,7,0.2188667695146,-0.10015286323200559,full_ss_block000
full_ss,ss,1.8,27,5,,8,0.22164250811892,-0.08502560222354866,full_ss_block008
full_ss,ss,1.8,27,5,,9,0.224342417476954,-0.09763017985682561,full_ss_block008
full_ss,ss,1.8,27,5,,10,0.22705336223220002,-0.10619895508114041,full_ss_block008
full_ss,ss,1.8,27,5,,11,0.2297535261326,-0.11871044293486527,full_ss_block008
full_ss,ss,1.8,27,5,,12,0.2324862640906,-0.11930913258057428,full_ss_block008
full_ss,ss,1.8,27,5,,13,0.2351866028042,-0.1317566887497179,full_ss_block008
full_ss,ss,1.8,27,5,,14,0.2378978816066,-0.14020329815771504,full_ss_block008
full_ss,ss,1.8,27,5,,15,0.2405984606536,-0.15256296096914923,full_ss_block008
full_ss,ss,1.8,27,5,,16,0.24346127345058,-0.10559142378789538,full_ss_block016
full_ss,ss,1.8,27,5,,17,0.246161619702494,-0.11803622308790856,full_ss_block016
full_ss,ss,1.8,27,5,,18,0.2488728483696,-0.12650116768915,full_ss_block016
full_ss,ss,1.8,27,5,,19,0.251573348003,-0.13888987318856447,full_ss_block016
full_ss,ss,1.8,27,5,,20,0.254306459568,-0.1393519294171394,full_ss_block016
full_ss,ss,1.8,27,5,,21,0.2570070674423,-0.1517010496731481,full_ss_block016
full_ss,ss,1.8,27,5,,22,0.25971861419860004,-0.1600496645119774,full_ss_block016
full_ss,ss,1.8,27,5,,23,0.2624194627832,-0.17231075357256845,full_ss_block016
full_ss,ss,1.8,27,5,,24,0.265196067988371,-0.15686656425290024,full_ss_block024
full_ss,ss,1.8,27,5,,25,0.26789684596646,-0.16915347512319762,full_ss_block024
full_ss,ss,1.8,27,5,,26,0.2706084979008,-0.1774636248502962,full_ss_block024
full_ss,ss,1.8,27,5,,27,0.27330947226169,-0.1896787157247916,full_ss_block024
full_ss,ss,1.8,27,5,,28,0.27604293260866,-0.19001321740434818,full_ss_block024
full_ss,ss,1.8,27,5,,29,0.27874400862581,-0.20219113113234197,full_ss_block024
full_ss,ss,1.8,27,5,,30,0.28145602978921,-0.21036624851747987,full_ss_block024
full_ss,ss,1.8,27,5,,31,0.28415722767033,-0.2224995948507415,full_ss_block024
full_ss,ss,1.8,27,5,,32,0.28719420793058,-0.11183252824502737,full_ss_block032
full_ss,ss,1.8,27,5,,33,0.289894950567243,-0.12413236397969335,full_ss_block032
full_ss,ss,1.8,27,5,,34,0.29260667819997,-0.13241482972525936,full_ss_block032
full_ss,ss,1.8,27,5,,35,0.2953076688491,-0.1446239637577256,full_ss_block032
full_ss,ss,1.8,27,5,,36,0.29804113650498,-0.14495579246447018,full_ss_block032
full_ss,ss,1.8,27,5,,37,0.30074210071544,-0.15717459549622148,full_ss_block032
full_ss,ss,1.8,27,5,,38,0.30345404555876,-0.1653776242249145,full_ss_block032
full_ss,ss,1.8,27,5,,39,0.30615528853986,-0.17749447685119435,full_ss_block032
full_ss,ss,1.8,27,5,,40,0.308932201070764,-0.1619378941205899,full_ss_block040
full_ss,ss,1.8,27,5,,41,0.311633259476402,-0.1741222486301248,full_ss_block040
full_ss,ss,1.8,27,5,,42,0.31434533999812,-0.1822756578304003,full_ss_block040
full_ss,ss,1.8,27,5,,43,0.31704656578376,-0.1943987990820517,full_ss_block040
full_ss,ss,1.8,27,5,,44,0.31978033779417997,-0.19461932098561113,full_ss_block040
full_ss,ss,1.8,27,5,,45,0.32248164544754,-0.20671252204252255,full_ss_block040
full_ss,ss,1.8,27,5,,46,0.32519390034674,-0.2148021589065203,full_ss_block040
full_ss,ss,1.8,27,5,,47,0.32789542923226,-0.22681445220204718,full_ss_block040
full_ss,ss,1.8,27,5,,48,0.330759289598408,-0.1794598040107839,full_ss_block048
full_ss,ss,1.8,27,5,,49,0.333460479291641,-0.19159614477128378,full_ss_block048
full_ss,ss,1.8,27,5,,50,0.33617259901573,-0.19973521710446515,full_ss_block048
full_ss,ss,1.8,27,5,,51,0.33887394425994,-0.2118146706505237,full_ss_block048
full_ss,ss,1.8,27,5,,52,0.34160781696898,-0.2119983656301575,full_ss_block048
full_ss,ss,1.8,27,5,,53,0.3443092128128,-0.22405931417598676,full_ss_block048
full_ss,ss,1.8,27,5,,54,0.34702156217383,-0.23211440499931008,full_ss_block048
full_ss,ss,1.8,27,5,,55,0.34972319700480003,-0.244087952530277,full_ss_block048
full_ss,ss,1.8,27,5,,56,0.352500485449611,-0.22839389271370336,full_ss_block056
full_ss,ss,1.8,27,5,,57,0.35520198683903,-0.24041624172617002,full_ss_block056
full_ss,ss,1.8,27,5,,58,0.35791435125627,-0.24846582627838693,full_ss_block056
full_ss,ss,1.8,27,5,,59,0.36061603271742004,-0.26042232048638425,full_ss_block056
full_ss,ss,1.8,27,5,,60,0.36335019777915,-0.26049909791085823,full_ss_block056
full_ss,ss,1.8,27,5,,61,0.3660518253576,-0.27247529779200724,full_ss_block056
full_ss,ss,1.8,27,5,,62,0.36876444455264,-0.2804317064630725,full_ss_block056
full_ss,ss,1.8,27,5,,63,0.3714663424232,-0.292309056658289,full_ss_block056
full_ss,ss,1.8,27,5,,64,0.374851627058144,-0.054262104450190564,full_ss_block064
full_ss,ss,1.8,27,5,,65,0.37755278205771997,-0.06641113317670033,full_ss_block064
full_ss,ss,1.8,27,5,,66,0.38026485384576,-0.0745677364077884,full_ss_block064
full_ss,ss,1.8,27,5,,67,0.3829661878995,-0.08665128246856772,full_ss_block064
full_ss,ss,1.8,27,5,,68,0.38570008148672,-0.08682734199952945,full_ss_block064
full_ss,ss,1.8,27,5,,69,0.3884014234387,-0.09890799956114701,full_ss_block064
full_ss,ss,1.8,27,5,,70,0.39111371207675,-0.10698529764571926,full_ss_block064
full_ss,ss,1.8,27,5,,71,0.3938152018081,-0.11901191018058707,full_ss_block064
full_ss,ss,1.8,27,5,,72,0.396592459447152,-0.10332911647012111,full_ss_block072
full_ss,ss,1.8,27,5,,73,0.39929386676045997,-0.11538587046034975,full_ss_block072
full_ss,ss,1.8,27,5,,74,0.40200612279235,-0.12347509308343417,full_ss_block072
full_ss,ss,1.8,27,5,,75,0.4047076830193,-0.13547592437029315,full_ss_block072
full_ss,ss,1.8,27,5,,76,0.40744174303405,-0.13559111897600523,full_ss_block072
full_ss,ss,1.8,27,5,,77,0.4101433124604,-0.14758858591085708,full_ss_block072
full_ss,ss,1.8,27,5,,78,0.412855867221,-0.15556855917714482,full_ss_block072
full_ss,ss,1.8,27,5,,79,0.4155576060456,-0.1675040747520029,full_ss_block072
full_ss,ss,1.8,27,5,,80,0.41842166014329,-0.1200785761682255,full_ss_block080
full_ss,ss,1.8,27,5,,81,0.421123113529538,-0.13211848062610443,full_ss_block080
full_ss,ss,1.8,27,5,,82,0.42383541064193997,-0.14019267951908887,full_ss_block080
full_ss,ss,1.8,27,5,,83,0.42653702267852,-0.15217456328410808,full_ss_block080
full_ss,ss,1.8,27,5,,84,0.429271127493,-0.15227337398856988,full_ss_block080
full_ss,ss,1.8,27,5,,85,0.43197270161022,-0.16426912540524086,full_ss_block080
full_ss,ss,1.8,27,5,,86,0.43468522823687,-0.17225938765897858,full_ss_block080
full_ss,ss,1.8,27,5,,87,0.43738700309254996,-0.18418172615314787,full_ss_block080
full_ss,ss,1.8,27,5,,88,0.44016451759594,-0.16840499348479707,full_ss_block088
full_ss,ss,1.8,27,5,,89,0.442866135203058,-0.1803848400244996,full_ss_block088
full_ss,ss,1.8,27,5,,90,0.44557868737466,-0.18836576012432715,full_ss_block088
full_ss,ss,1.8,27,5,,91,0.4482804816771,-0.20028098666058117,full_ss_block088
full_ss,ss,1.8,27,5,,92,0.4510147909131,-0.20030503749485515,full_ss_block088
full_ss,ss,1.8,27,5,,93,0.45371661849062,-0.21220809485896552,full_ss_block088
full_ss,ss,1.8,27,5,,94,0.45642937916035,-0.22011276421486467,full_ss_block088
full_ss,ss,1.8,27,5,,95,0.4591313888675,-0.23194921417143635,full_ss_block088
full_ss,ss,1.8,27,5,,96,0.462169232958279,-0.12096623240081175,full_ss_block096
full_ss,ss,1.8,27,5,,97,0.464870648448021,-0.13301999615230947,full_ss_block096
full_ss,ss,1.8,27,5,,98,0.46758309627446,-0.1410390767689153,full_ss_block096
full_ss,ss,1.8,27,5,,99,0.47028473772642,-0.15301020290926157,full_ss_block096
full_ss,ss,1.8,27,5,,100,0.47301886821167,-0.1530996254464055,full_ss_block096
full_ss,ss,1.8,27,5,,101,0.47572051965484,-0.16506709765849337,full_ss_block096
full_ss,ss,1.8,27,5,,102,0.47843310582638,-0.17303558349530998,full_ss_block096
full_ss,ss,1.8,27,5,,103,0.48113493310679,-0.18493874951679298,full_ss_block096
full_ss,ss,1.8,27,5,,104,0.483912445860931,-0.1691626565737993,full_ss_block104
full_ss,ss,1.8,27,5,,105,0.48661409307112,-0.18113167684753811,full_ss_block104
full_ss,ss,1.8,27,5,,106,0.48932667573808,-0.18910144435931137,full_ss_block104
full_ss,ss,1.8,27,5,,107,0.4920285111298,-0.2010016439588469,full_ss_block104
full_ss,ss,1.8,27,5,,108,0.49476285702708,-0.2010122872393083,full_ss_block104
full_ss,ss,1.8,27,5,,109,0.49746469271604,-0.2129123781339461,full_ss_block104
full_ss,ss,1.8,27,5,,110,0.50017750355608,-0.22079869949071249,full_ss_block104
full_ss,ss,1.8,27,5,,111,0.50287951868708,-0.23263316586784252,full_ss_block104
full_ss,ss,1.8,27,5,,112,0.505743847086026,-0.1851073513961816,full_ss_block112
full_ss,ss,1.8,27,5,,113,0.5084455342737549,-0.19706175131249537,full_ss_block112
full_ss,ss,1.8,27,5,,114,0.51115817076444,-0.20501183471907325,full_ss_block112
full_ss,ss,1.8,27,5,,115,0.51385998411692,-0.21692009438351892,full_ss_block112
full_ss,ss,1.8,27,5,,116,0.51659438821772,-0.21690945180523613,full_ss_block112
full_ss,ss,1.8,27,5,,117,0.51929625032567,-0.22879988089783868,full_ss_block112
full_ss,ss,1.8,27,5,,118,0.52200902645905,-0.23669889497601357,full_ss_block112
full_ss,ss,1.8,27,5,,119,0.5247110782994601,-0.24851993619746185,full_ss_block112
full_ss,ss,1.8,27,5,,120,0.52748886280934,-0.23264445829848263,full_ss_block120
full_ss,ss,1.8,27,5,,121,0.53019069632686,-0.24454534331973882,full_ss_block120
full_ss,ss,1.8,27,5,,122,0.53290348281068,-0.25244057209416076,full_ss_block120
full_ss,ss,1.8,27,5,,123,0.53560556431464,-0.26425076493166805,full_ss_block120
full_ss,ss,1.8,27,5,,124,0.53834013350576,-0.26417974646489845,full_ss_block120
full_ss,ss,1.8,27,5,,125,0.5410422123331,-0.27599091818054994,full_ss_block120
full_ss,ss,1.8,27,5,,126,0.54375520739948,-0.28380986533298774,full_ss_block120
full_ss,ss,1.8,27,5,,127,0.54645747490834,-0.2955520335213789,full_ss_block120
full_ss,ss,1.8,27,5,,128,0.550539962036911,0.19747183064172955,full_ss_block128
full_ss,ss,1.8,27,5,,129,0.5532412801265,0.1853824462628495,full_ss_block128
full_ss,ss,1.8,27,5,,130,0.55595354571955,0.1772967202925965,full_ss_block128
full_ss,ss,1.8,27,5,,131,0.55865504929375,0.16527517028574074,full_ss_block128
full_ss,ss,1.8,27,5,,132,0.5613890372831299,0.16513363497324463,full_ss_block128
full_ss,ss,1.8,27,5,,133,0.5640905505701,0.15311563706514367,full_ss_block128
full_ss,ss,1.8,27,5,,134,0.5668029483755,0.14507826304001778,full_ss_block128
full_ss,ss,1.8,27,5,,135,0.5695046499234,0.13312911484344372,full_ss_block128
full_ss,ss,1.8,27,5,,136,0.57228202244809,0.14885392387295074,full_ss_block136
full_ss,ss,1.8,27,5,,137,0.57498352798079,0.13683309011749348,full_ss_block136
full_ss,ss,1.8,27,5,,138,0.5776959624406,0.12880912113368076,full_ss_block136
full_ss,ss,1.8,27,5,,139,0.5803976119269,0.11684093326627883,full_ss_block136
full_ss,ss,1.8,27,5,,140,0.5831317781701001,0.11676458792233495,full_ss_block136
full_ss,ss,1.8,27,5,,141,0.5858334652588,0.10481015178973914,full_ss_block136
full_ss,ss,1.8,27,5,,142,0.58854607279622,0.09684947976044864,full_ss_block136
full_ss,ss,1.8,27,5,,143,0.59124797319119,0.08497305277805774,full_ss_block136
full_ss,ss,1.8,27,5,,144,0.5941120892809539,0.13242122274886828,full_ss_block144
full_ss,ss,1.8,27,5,,145,0.596813586867639,0.1203974830222673,full_ss_block144
full_ss,ss,1.8,27,5,,146,0.5995260301037,0.11237672363888254,full_ss_block144
full_ss,ss,1.8,27,5,,147,0.6022276733155,0.10040624109714308,full_ss_block144
full_ss,ss,1.8,27,5,,148,0.6049618497173,0.10033361089828727,full_ss_block144
full_ss,ss,1.8,27,5,,149,0.6076635427483901,0.08838134798265532,full_ss_block144
full_ss,ss,1.8,27,5,,150,0.61037611772602,0.08040876837303099,full_ss_block144
full_ss,ss,1.8,27,5,,151,0.61307796670901,0.06851353929513543,full_ss_block144
full_ss,ss,1.8,27,5,,152,0.6158555557123401,0.0843175176558069,full_ss_block152
full_ss,ss,1.8,27,5,,153,0.6185572316318799,0.07235899680178397,full_ss_block152
full_ss,ss,1.8,27,5,,154,0.62126982804255,0.06439425556115859,full_ss_block152
full_ss,ss,1.8,27,5,,155,0.6239716637928799,0.0524941871103936,full_ss_block152
full_ss,ss,1.8,27,5,,156,0.62670602164848,0.052487917158430264,full_ss_block152
full_ss,ss,1.8,27,5,,157,0.62940789037376,0.040599908117948356,full_ss_block152
full_ss,ss,1.8,27,5,,158,0.63212072094197,0.032720801634736424,full_ss_block152
full_ss,ss,1.8,27,5,,159,0.63482274019688,0.02088784343040321,full_ss_block152
full_ss,ss,1.8,27,5,,160,0.637860577994703,0.1318685237771027,full_ss_block160
full_ss,ss,1.8,27,5,,161,0.640562067993272,0.11984200896806994,full_ss_block160
full_ss,ss,1.8,27,5,,162,0.64327451389251,0.11182222354652335,full_ss_block160
full_ss,ss,1.8,27,5,,163,0.6459761783725599,0.09985951910761873,full_ss_block160
full_ss,ss,1.8,27,5,,164,0.64871032150256,0.09977472093623874,full_ss_block160
full_ss,ss,1.8,27,5,,165,0.65141197796416,0.0878090840356549,full_ss_block160
full_ss,ss,1.8,27,5,,166,0.65412457846128,0.07984583726815637,full_ss_block160
full_ss,ss,1.8,27,5,,167,0.65682644805777,0.06795814684161477,full_ss_block160
full_ss,ss,1.8,27,5,,168,0.659603991260064,0.08374537510909315,full_ss_block168
full_ss,ss,1.8,27,5,,169,0.6623056513087701,0.0717810500644792,full_ss_block168
full_ss,ss,1.8,27,5,,170,0.66501826924134,0.06382417969007292,full_ss_block168
full_ss,ss,1.8,27,5,,171,0.66772008735533,0.051917661377842705,full_ss_block168
full_ss,ss,1.8,27,5,,172,0.6704544259725,0.051904355657167604,full_ss_block168
full_ss,ss,1.8,27,5,,173,0.6731562677564099,0.04000649377275067,full_ss_block168
full_ss,ss,1.8,27,5,,174,0.6758690512557001,0.032110173513168715,full_ss_block168
full_ss,ss,1.8,27,5,,175,0.67857108715959,0.02028330407865399,full_ss_block168
full_ss,ss,1.8,27,5,,176,0.681435436117149,0.06781663712879599,full_ss_block176
full_ss,ss,1.8,27,5,,177,0.684137105060736,0.055855565069171983,full_ss_block176
full_ss,ss,1.8,27,5,,178,0.68684969943862,0.0478900804095669,full_ss_block176
full_ss,ss,1.8,27,5,,179,0.68955153827386,0.03599114015449751,full_ss_block176
full_ss,ss,1.8,27,5,,180,0.69228586479293,0.035973409985834745,full_ss_block176
full_ss,ss,1.8,27,5,,181,0.6949876981804,0.02407247740344636,full_ss_block176
full_ss,ss,1.8,27,5,,182,0.6977004792888201,0.016175282768488484,full_ss_block176
full_ss,ss,1.8,27,5,,183,0.70040249917644,0.00434255595519874,full_ss_block176
full_ss,ss,1.8,27,5,,184,0.703180241456548,0.0202025898232705,full_ss_block184
full_ss,ss,1.8,27,5,,185,0.705882107892276,0.00831374346095767,full_ss_block184
full_ss,ss,1.8,27,5,,186,0.7085948958241,0.00041904424230259404,full_ss_block184
full_ss,ss,1.8,27,5,,187,0.71129691380635,-0.011414379392046418,full_ss_block184
full_ss,ss,1.8,27,5,,188,0.71403145899135,-0.011352140306298355,full_ss_block184
full_ss,ss,1.8,27,5,,189,0.71673347901908,-0.023184815879306243,full_ss_block184
full_ss,ss,1.8,27,5,,190,0.71944646071424,-0.031008653077922842,full_ss_block184
full_ss,ss,1.8,27,5,,191,0.72214868792995,-0.042765557046818364,full_ss_block184
full_ss,ss,1.8,27,5,,192,0.725534418561606,0.19544450253026266,full_ss_block192
full_ss,ss,1.8,27,5,,193,0.728235904028032,0.1834163302516702,full_ss_block192
full_ss,ss,1.8,27,5,,194,0.7309483188604,0.17538518323200541,full_ss_block192
full_ss,ss,1.8,27,5,,195,0.73364996311985,0.16341508383086584,full_ss_block192
full_ss,ss,1.8,27,5,,196,0.73638412419695,0.16333684917031277,full_ss_block192
full_ss,ss,1.8,27,5,,197,0.73908577077455,0.15136759754974655,full_ss_block192
full_ss,ss,1.8,27,5,,198,0.74179835227316,0.14339740275565713,full_ss_block192
full_ss,ss,1.8,27,5,,199,0.7445001783555201,0.13149379859019714,full_ss_block192
full_ss,ss,1.8,27,5,,200,0.747277725535635,0.14728248160366775,full_ss_block200
full_ss,ss,1.8,27,5,,201,0.749979380140272,0.13531616558521722,full_ss_block200
full_ss,ss,1.8,27,5,,202,0.75269195495936,0.12734352799457482,full_ss_block200
full_ss,ss,1.8,27,5,,203,0.7553937766382,0.11543831339882413,full_ss_block200
full_ss,ss,1.8,27,5,,204,0.75812811357594,0.11542439348663233,full_ss_block200
full_ss,ss,1.8,27,5,,205,0.76082994168571,0.10352153077397881,full_ss_block200
full_ss,ss,1.8,27,5,,206,0.76354270188314,0.095616688691231,full_ss_block200
full_ss,ss,1.8,27,5,,207,0.76624473492055,0.08378877094405165,full_ss_block200
full_ss,ss,1.8,27,5,,208,0.769109031383428,0.13130290593937033,full_ss_block208
full_ss,ss,1.8,27,5,,209,0.771810690818504,0.11933835648144558,full_ss_block208
full_ss,ss,1.8,27,5,,210,0.77452326554489,0.11136568498837311,full_ss_block208
full_ss,ss,1.8,27,5,,211,0.77722508632084,0.09946014019293768,full_ss_block208
full_ss,ss,1.8,27,5,,212,0.7799594184824,0.09944447356348617,full_ss_block208
full_ss,ss,1.8,27,5,,213,0.7826612515592599,0.08754342738646821,full_ss_block208
full_ss,ss,1.8,27,5,,214,0.78537400156469,0.07963485794375305,full_ss_block208
full_ss,ss,1.8,27,5,,215,0.78807601033906,0.06779806685626356,full_ss_block208
full_ss,ss,1.8,27,5,,216,0.790853745038468,0.08365532835402487,full_ss_block216
full_ss,ss,1.8,27,5,,217,0.793555582041765,0.07175571813125511,full_ss_block216
full_ss,ss,1.8,27,5,,218,0.79626834535924,0.06385201709345471,full_ss_block216
full_ss,ss,1.8,27,5,,219,0.79897035401745,0.05201518352456398,full_ss_block216
full_ss,ss,1.8,27,5,,220,0.80170487249936,0.052067656908799824,full_ss_block216
full_ss,ss,1.8,27,5,,221,0.80440690364809,0.040239048444366946,full_ss_block216
full_ss,ss,1.8,27,5,,222,0.80711987149694,0.0324101474523835,full_ss_block216
full_ss,ss,1.8,27,5,,223,0.80982207717922,0.02064536840042105,full_ss_block216
full_ss,ss,1.8,27,5,,224,0.812860110034592,0.1316973840793675,full_ss_block224
full_ss,ss,1.8,27,5,,225,0.815561776684854,0.1197354733180386,full_ss_block224
full_ss,ss,1.8,27,5,,226,0.81827436468412,0.11176765590676042,full_ss_block224
full_ss,ss,1.8,27,5,,227,0.82097620019576,0.09986750016370902,full_ss_block224
full_ss,ss,1.8,27,5,,228,0.8237105397354599,0.09985453182533126,full_ss_block224
full_ss,ss,1.8,27,5,,229,0.8264123757744599,0.08795456894534125,full_ss_block224
full_ss,ss,1.8,27,5,,230,0.82912515644544,0.08005721433237666,full_ss_block224
full_ss,ss,1.8,27,5,,231,0.8318271726772399,0.0682231505334942,full_ss_block224
full_ss,ss,1.8,27,5,,232,0.834604920170081,0.0840850907725407,full_ss_block232
full_ss,ss,1.8,27,5,,233,0.837306765188497,0.07218841179317387,full_ss_block232
full_ss,ss,1.8,27,5,,234,0.84001955138422,0.06429307765760736,full_ss_block232
full_ss,ss,1.8,27,5,,235,0.8427215781505,0.05246286646857763,full_ss_block232
full_ss,ss,1.8,27,5,,236,0.84545611803355,0.05252316655547215,full_ss_block232
full_ss,ss,1.8,27,5,,237,0.8481581553525,0.04069681462863985,full_ss_block232
full_ss,ss,1.8,27,5,,238,0.8508711389177,0.03287366133028919,full_ss_block232
full_ss,ss,1.8,27,5,,239,0.85357338060042,0.021122048153594215,full_ss_block232
full_ss,ss,1.8,27,5,,240,0.856437925790455,0.06872714622354742,full_ss_block240
full_ss,ss,1.8,27,5,,241,0.8591398009203259,0.05684147943351751,full_ss_block240
full_ss,ss,1.8,27,5,,242,0.86185260632769,0.04895317126953712,full_ss_block240
full_ss,ss,1.8,27,5,,243,0.864554666,0.03713499428568769,full_ss_block240
full_ss,ss,1.8,27,5,,244,0.86728923595011,0.03720629032593641,full_ss_block240
full_ss,ss,1.8,27,5,,245,0.869991303,0.025390811428605633,full_ss_block240
full_ss,ss,1.8,27,5,,246,0.872704314,0.01757769142861727,full_ss_block240
full_ss,ss,1.8,27,5,,247,0.87540657475647,0.005833053794788157,full_ss_block240
full_ss,ss,1.8,27,5,,248,0.8781845767847409,0.02178808127666798,full_ss_block248
full_ss,ss,1.8,27,5,,249,0.8808866677841191,0.009981361049256066,full_ss_block248
full_ss,ss,1.8,27,5,,250,0.88359971176704,0.0021803033746436995,full_ss_block248
full_ss,ss,1.8,27,5,,251,0.886302004,-0.009552822857098624,full_ss_block248
full_ss,ss,1.8,27,5,,252,0.88903681690012,-0.009392676527478931,full_ss_block248
full_ss,ss,1.8,27,5,,253,0.8917391297641301,-0.021118257689595667,full_ss_block248
full_ss,ss,1.8,27,5,,254,0.89445240232067,-0.028835722726390553,full_ss_block248
full_ss,ss,1.8,27,5,,255,0.897154931,-0.04048237714284499,full_ss_block248
full_ff,ff,1.8,27,5,,0,0.20003658962604,0.013381348951771852,full_ff_block000
full_ff,ff,1.8,27,5,,1,0.2027331885495,-0.0004339018971474421,full_ff_block000
full_ff,ff,1.8,27,5,,2,0.20544096301767,-0.010162096394970328,full_ff_block000
full_ff,ff,1.8,27,5,,3,0.20813800691498,-0.023814613950179364,full_ff_block000
full_ff,ff,1.8,27,5,,4,0.21086809426720002,-0.02538266799542198,full_ff_block000
full_ff,ff,1.8,27,5,,5,0.2135654681444,-0.03891450719086111,full_ff_block000
full_ff,ff,1.8,27,5,,6,0.21627399506779998,-0.04836751806172808,full_ff_block000
full_ff,ff,1.8,27,5,,7,0.21897181112679998,-0.061737645056010954,full_ff_block000
full_ff,ff,1.8,27,5,,8,0.221746342813,-0.047051771245715406,full_ff_block008
full_ff,ff,1.8,27,5,,9,0.22444427471678,-0.06037953214903017,full_ff_block008
full_ff,ff,1.8,27,5,,10,0.22715336208444,-0.06962758054765825,full_ff_block008
full_ff,ff,1.8,27,5,,11,0.22985165896436,-0.08282186446263853,full_ff_block008
full_ff,ff,1.8,27,5,,12,0.2325829613006,-0.08394558149486135,full_ff_block008
full_ff,ff,1.8,27,5,,13,0.23528149868145,-0.0970519107840013,full_ff_block008
full_ff,ff,1.8,27,5,,14,0.23799114424329,-0.10609581959680474,full_ff_block008
full_ff,ff,1.8,27,5,,15,0.24069001551577002,-0.11908003994696921,full_ff_block008
full_ff,ff,1.8,27,5,,16,0.243553309456528,-0.07193254161262327,full_ff_block016
full_ff,ff,1.8,27,5,,17,0.246252152399661,-0.08492712240969322,full_ff_block016
full_ff,ff,1.8,27,5,,18,0.24896206133926,-0.0938747102134942,full_ff_block016
full_ff,ff,1.8,27,5,,19,0.25166114747317997,-0.1067803526656113,full_ff_block016
full_ff,ff,1.8,27,5,,20,0.25439321113992996,-0.10762564025418848,full_ff_block016
full_ff,ff,1.8,27,5,,21,0.25709247541276,-0.12046613476207264,full_ff_block016
full_ff,ff,1.8,27,5,,22,0.25980280143746,-0.1292611885860546,full_ff_block016
full_ff,ff,1.8,27,5,,23,0.26250232884617997,-0.14200545053989394,full_ff_block016
full_ff,ff,1.8,27,5,,24,0.265278599179904,-0.12668372849225715,full_ff_block024
full_ff,ff,1.8,27,5,,25,0.267978130362068,-0.13942661044369842,full_ff_block024
full_ff,ff,1.8,27,5,,26,0.27068875579380003,-0.14811216683885473,full_ff_block024
full_ff,ff,1.8,27,5,,27,0.27338852978102,-0.16076625151267115,full_ff_block024
full_ff,ff,1.8,27,5,,28,0.2761212570794,-0.16136883953371192,full_ff_block024
full_ff,ff,1.8,27,5,,29,0.2788211787281,-0.17396892229484706,full_ff_block024
full_ff,ff,1.8,27,5,,30,0.28153215968652,-0.18252445750125698,full_ff_block024
full_ff,ff,1.8,27,5,,31,0.28423229064872,-0.1950479913252577,full_ff_block024
full_ff,ff,1.8,27,5,,32,0.287272687616284,-0.08313138604470234,full_ff_block032
full_ff,ff,1.8,27,5,,33,0.28997258360183,-0.09574085418788872,full_ff_block032
full_ff,ff,1.8,27,5,,34,0.29268354856268,-0.10430223993418103,full_ff_block032
full_ff,ff,1.8,27,5,,35,0.29538363509585,-0.11684202208915703,full_ff_block032
full_ff,ff,1.8,27,5,,36,0.29811663150418,-0.11734619275703803,full_ff_block032
full_ff,ff,1.8,27,5,,37,0.30081677393401,-0.12986553270489967,full_ff_block032
full_ff,ff,1.8,27,5,,38,0.30352798494098,-0.13833693587017137,full_ff_block032
full_ff,ff,1.8,27,5,,39,0.30622833986873,-0.1507785622930312,full_ff_block032
full_ff,ff,1.8,27,5,,40,0.30900541086567,-0.13516402626925536,full_ff_block040
full_ff,ff,1.8,27,5,,41,0.311705731865143,-0.14761806074771147,full_ff_block040
full_ff,ff,1.8,27,5,,42,0.31441706875993003,-0.15604342493986678,full_ff_block040
full_ff,ff,1.8,27,5,,43,0.31711755172899003,-0.16843822482649834,full_ff_block040
full_ff,ff,1.8,27,5,,44,0.31985094870553,-0.16879590197760308,full_ff_block040
full_ff,ff,1.8,27,5,,45,0.32255151468768,-0.18116034279131554,full_ff_block040
full_ff,ff,1.8,27,5,,46,0.32526312864824,-0.18948438007224616,full_ff_block040
full_ff,ff,1.8,27,5,,47,0.32796387169958,-0.2017840641535835,full_ff_block040
full_ff,ff,1.8,27,5,,48,0.330829097039504,-0.15393022555280872,full_ff_block048
full_ff,ff,1.8,27,5,,49,0.333529653486723,-0.16629815342702567,full_ff_block048
full_ff,ff,1.8,27,5,,50,0.33624123847399,-0.1746327866550855,full_ff_block048
full_ff,ff,1.8,27,5,,51,0.33894195994911996,-0.18694036146470694,full_ff_block048
full_ff,ff,1.8,27,5,,52,0.34167558618944,-0.18721419357622235,full_ff_block048
full_ff,ff,1.8,27,5,,53,0.34437634619936003,-0.19950767566261415,full_ff_block048
full_ff,ff,1.8,27,5,,54,0.3470881692176,-0.20775525756343022,full_ff_block048
full_ff,ff,1.8,27,5,,55,0.34978910804528,-0.21998334344045492,full_ff_block048
full_ff,ff,1.8,27,5,,56,0.35256675475775,-0.20415826002286103,full_ff_block056
full_ff,ff,1.8,27,5,,57,0.35526761711832,-0.21641431101439174,full_ff_block056
full_ff,ff,1.8,27,5,,58,0.35797953467885,-0.22462731744913153,full_ff_block056
full_ff,ff,1.8,27,5,,59,0.36068052672865003,-0.2368359392365603,full_ff_block056
full_ff,ff,1.8,27,5,,60,0.36341445475655,-0.2369994033188659,full_ff_block056
full_ff,ff,1.8,27,5,,61,0.36611551819215,-0.2491819182994399,full_ff_block056
full_ff,ff,1.8,27,5,,62,0.36882762679135,-0.25732505916341863,full_ff_block056
full_ff,ff,1.8,27,5,,63,0.3715288660999,-0.2694432548937138,full_ff_block056
full_ff,ff,1.8,27,5,,64,0.37492290081826,-0.02819627217919317,full_ff_block064
full_ff,ff,1.8,27,5,,65,0.37762371586902,-0.04046962504412071,full_ff_block064
full_ff,ff,1.8,27,5,,66,0.38033552285195,-0.048723071286868196,full_ff_block064
full_ff,ff,1.8,27,5,,67,0.38303644127526,-0.06095861933348244,full_ff_block064
full_ff,ff,1.8,27,5,,68,0.38577026829122,-0.06115902492524584,full_ff_block064
full_ff,ff,1.8,27,5,,69,0.3884711908908,-0.07339304565028167,full_ff_block064
full_ff,ff,1.8,27,5,,70,0.39118316490294996,-0.08158540692115984,full_ff_block064
full_ff,ff,1.8,27,5,,71,0.3938842339118,-0.09376588368458069,full_ff_block064
full_ff,ff,1.8,27,5,,72,0.396662026317274,-0.0778875182540771,full_ff_block072
full_ff,ff,1.8,27,5,,73,0.39936300941625397,-0.09009941348425952,full_ff_block072
full_ff,ff,1.8,27,5,,74,0.40207503581488,-0.09827261627244915,full_ff_block072
full_ff,ff,1.8,27,5,,75,0.40477614137802,-0.11043972460983907,full_ff_block072
full_ff,ff,1.8,27,5,,76,0.4075101607271,-0.11056979123200758,full_ff_block072
full_ff,ff,1.8,27,5,,77,0.41021130437606,-0.12272297104090059,full_ff_block072
full_ff,ff,1.8,27,5,,78,0.41292348878284,-0.13083838798993142,full_ff_block072
full_ff,ff,1.8,27,5,,79,0.41562477681625004,-0.1429387643428421,full_ff_block072
full_ff,ff,1.8,27,5,,80,0.418490536803458,-0.09488939759251025,full_ff_block080
full_ff,ff,1.8,27,5,,81,0.4211916264105,-0.10706234130286216,full_ff_block080
full_ff,ff,1.8,27,5,,82,0.42390370936468,-0.11521486091701101,full_ff_block080
full_ff,ff,1.8,27,5,,83,0.42660489978492,-0.12735093580068177,full_ff_block080
full_ff,ff,1.8,27,5,,84,0.42933899084432997,-0.12745477693075358,full_ff_block080
full_ff,ff,1.8,27,5,,85,0.43204020080338,-0.1395837061924356,full_ff_block080
full_ff,ff,1.8,27,5,,86,0.43475244282574,-0.14767805230081066,full_ff_block080
full_ff,ff,1.8,27,5,,87,0.43745379279662,-0.15975577723610612,full_ff_block080
full_ff,ff,1.8,27,5,,88,0.44023184380152103,-0.1437828383008772,full_ff_block088
full_ff,ff,1.8,27,5,,89,0.442933096782658,-0.15589603377078123,full_ff_block088
full_ff,ff,1.8,27,5,,90,0.44564539217492,-0.16397086174352793,full_ff_block088
full_ff,ff,1.8,27,5,,91,0.44834677378102,-0.1760370172269786,full_ff_block088
full_ff,ff,1.8,27,5,,92,0.45108106164912,-0.1760688826075401,full_ff_block088
full_ff,ff,1.8,27,5,,93,0.45378246917012,-0.18812556064182626,full_ff_block088
full_ff,ff,1.8,27,5,,94,0.45649490612716,-0.19614861635292058,full_ff_block088
full_ff,ff,1.8,27,5,,95,0.45919645459139996,-0.20815374943087558,full_ff_block088
full_ff,ff,1.8,27,5,,96,0.46223838035446,-0.09567804179746581,full_ff_block096
full_ff,ff,1.8,27,5,,97,0.464939572155996,-0.1078136115214485,full_ff_block096
full_ff,ff,1.8,27,5,,98,0.46765179716808003,-0.1159141785307278,full_ff_block096
full_ff,ff,1.8,27,5,,99,0.47035311316280004,-0.12800432903312803,full_ff_block096
full_ff,ff,1.8,27,5,,100,0.47308731718451996,-0.12806685823270367,full_ff_block096
full_ff,ff,1.8,27,5,,101,0.47578863854203,-0.1401550474861527,full_ff_block096
full_ff,ff,1.8,27,5,,102,0.47850098914396,-0.1482096844946211,full_ff_block096
full_ff,ff,1.8,27,5,,103,0.48120243417609,-0.16025264417280027,full_ff_block096
full_ff,ff,1.8,27,5,,104,0.483980601137528,-0.14423729827547457,full_ff_block104
full_ff,ff,1.8,27,5,,105,0.486681936524463,-0.15632035676781747,full_ff_block104
full_ff,ff,1.8,27,5,,106,0.48939429952068997,-0.16437046100479946,full_ff_block104
full_ff,ff,1.8,27,5,,107,0.49209576752069,-0.17640502100478883,full_ff_block104
full_ff,ff,1.8,27,5,,108,0.49483014750749,-0.17640319726079873,full_ff_block104
full_ff,ff,1.8,27,5,,109,0.49753162351871,-0.1884348274432008,full_ff_block104
full_ff,ff,1.8,27,5,,110,0.50024414550958,-0.1964267850678831,full_ff_block104
full_ff,ff,1.8,27,5,,111,0.5029457595057301,-0.2084079521901166,full_ff_block104
full_ff,ff,1.8,27,5,,112,0.5058118538727899,-0.16023629795110345,full_ff_block112
full_ff,ff,1.8,27,5,,113,0.508513258089619,-0.17229418436792393,full_ff_block112
full_ff,ff,1.8,27,5,,114,0.5112256447479,-0.18033563505371475,full_ff_block112
full_ff,ff,1.8,27,5,,115,0.51392714728397,-0.192357564719511,full_ff_block112
full_ff,ff,1.8,27,5,,116,0.5166615437005,-0.1923497323885418,full_ff_block112
full_ff,ff,1.8,27,5,,117,0.5193630579135899,-0.20436739160138426,full_ff_block112
full_ff,ff,1.8,27,5,,118,0.52207558984958,-0.21235571215360746,full_ff_block112
full_ff,ff,1.8,27,5,,119,0.5247772400599,-0.22432363523656867,full_ff_block112
full_ff,ff,1.8,27,5,,120,0.52755558074853,-0.20824475482328353,full_ff_block120
full_ff,ff,1.8,27,5,,121,0.53025711998466,-0.2202532627528951,full_ff_block120
full_ff,ff,1.8,27,5,,122,0.5329696821935,-0.22823051209140238,full_ff_block120
full_ff,ff,1.8,27,5,,123,0.53567134026792,-0.24019555916071667,full_ff_block120
full_ff,ff,1.8,27,5,,124,0.53840589355237,-0.24013035799039734,full_ff_block120
full_ff,ff,1.8,27,5,,125,0.54110758213386,-0.252084248188323,full_ff_block120
full_ff,ff,1.8,27,5,,126,0.54382027538189,-0.2600135746230389,full_ff_block120
full_ff,ff,1.8,27,5,,127,0.5465220865185001,-0.27192264466281457,full_ff_block120
full_ff,ff,1.8,27,5,,128,0.550623295888094,0.2279482105029323,full_ff_block128
full_ff,ff,1.8,27,5,,129,0.553324526854512,0.21582696393583742,full_ff_block128
full_ff,ff,1.8,27,5,,130,0.55603677697408,0.20773557909214854,full_ff_block128
full_ff,ff,1.8,27,5,,131,0.55873808973816,0.19564424709853614,full_ff_block128
full_ff,ff,1.8,27,5,,132,0.5614723015232,0.1955845570560249,full_ff_block128
full_ff,ff,1.8,27,5,,133,0.5641736118563601,0.18349233604023346,full_ff_block128
full_ff,ff,1.8,27,5,,134,0.56688595941583,0.1754365863606771,full_ff_block128
full_ff,ff,1.8,27,5,,135,0.5695873910238199,0.1633887172827388,full_ff_block128
full_ff,ff,1.8,27,5,,136,0.5723655220248209,0.17939091193454715,full_ff_block136
full_ff,ff,1.8,27,5,,137,0.575066843055835,0.1673026032768072,full_ff_block136
full_ff,ff,1.8,27,5,,138,0.5777791822250801,0.1592437851721229,full_ff_block136
full_ff,ff,1.8,27,5,,139,0.5804805969551,0.14718974357943385,full_ff_block136
full_ff,ff,1.8,27,5,,140,0.5832149304549,0.14717456636345463,full_ff_block136
full_ff,ff,1.8,27,5,,141,0.5859163532274699,0.13512346604617928,full_ff_block136
full_ff,ff,1.8,27,5,,142,0.5886288185643,0.12711078922974042,full_ff_block136
full_ff,ff,1.8,27,5,,143,0.5913303834610001,0.11511166573715823,full_ff_block136
full_ff,ff,1.8,27,5,,144,0.594196411157392,0.16325893756049126,full_ff_block144
full_ff,ff,1.8,27,5,,145,0.59689775779938,0.15117999520185776,full_ff_block144
full_ff,ff,1.8,27,5,,146,0.59961010338956,0.14312352532483277,full_ff_block144
full_ff,ff,1.8,27,5,,147,0.6023115265617,0.13107257113598994,full_ff_block144
full_ff,ff,1.8,27,5,,148,0.60504585328842,0.13105491690786106,full_ff_block144
full_ff,ff,1.8,27,5,,149,0.6077472802909,0.11900536352913248,full_ff_block144
full_ff,ff,1.8,27,5,,150,0.61045973908389,0.11099029353691289,full_ff_block144
full_ff,ff,1.8,27,5,,151,0.61316129852858,0.09898917616644505,full_ff_block144
full_ff,ff,1.8,27,5,,152,0.6159395641272,0.11504059509028204,full_ff_block152
full_ff,ff,1.8,27,5,,153,0.618640998297916,0.10299366323782319,full_ff_block152
full_ff,ff,1.8,27,5,,154,0.6213534701450499,0.0949833673325478,full_ff_block152
full_ff,ff,1.8,27,5,,155,0.6240550259779599,0.08298092908250153,full_ff_block152
full_ff,ff,1.8,27,5,,156,0.6267894891456499,0.08301317326628675,full_ff_block152
full_ff,ff,1.8,27,5,,157,0.62949106565659,0.07101829726719545,full_ff_block152
full_ff,ff,1.8,27,5,,158,0.6322036504741,0.06304931624226486,full_ff_block152
full_ff,ff,1.8,27,5,,159,0.63490534730939,0.05109844457690218,full_ff_block152
full_ff,ff,1.8,27,5,,160,0.637947439204696,0.16363490914597736,full_ff_block160
full_ff,ff,1.8,27,5,,161,0.640648800233802,0.15156122836190533,full_ff_block160
full_ff,ff,1.8,27,5,,162,0.64336117179806,0.1435142575762224,full_ff_block160
full_ff,ff,1.8,27,5,,163,0.64606260830618,0.13146818054581544,full_ff_block160
full_ff,ff,1.8,27,5,,164,0.64879694633456,0.13145465949621993,full_ff_block160
full_ff,ff,1.8,27,5,,165,0.65149839432784,0.1194127827529152,full_ff_block160
full_ff,ff,1.8,27,5,,166,0.65421085516265,0.11139845948345543,full_ff_block160
full_ff,ff,1.8,27,5,,167,0.65691242134044,0.09939980450379186,full_ff_block160
full_ff,ff,1.8,27,5,,168,0.659690676519908,0.11544741299490267,full_ff_block168
full_ff,ff,1.8,27,5,,169,0.6623921283427441,0.10340693677497777,full_ff_block168
full_ff,ff,1.8,27,5,,170,0.66510459318037,0.09539407739245982,full_ff_block168
full_ff,ff,1.8,27,5,,171,0.66780614703047,0.08339091400050133,full_ff_block168
full_ff,ff,1.8,27,5,,172,0.6705405903021,0.08341588191086657,full_ff_block168
full_ff,ff,1.8,27,5,,173,0.67324215930864,0.0714182614454525,full_ff_block168
full_ff,ff,1.8,27,5,,174,0.6759547567668001,0.06345390328687829,full_ff_block168
full_ff,ff,1.8,27,5,,175,0.67865645631086,0.05150402225739624,full_ff_block168
full_ff,ff,1.8,27,5,,176,0.681522627747545,0.0997038619593533,full_ff_block176
full_ff,ff,1.8,27,5,,177,0.68422409074072,0.08766747089189104,full_ff_block176
full_ff,ff,1.8,27,5,,178,0.6869365677516,0.07965906344225004,full_ff_block176
full_ff,ff,1.8,27,5,,179,0.6896381307442,0.06765924359314113,full_ff_block176
full_ff,ff,1.8,27,5,,180,0.6923725887228,0.06768959005260708,full_ff_block176
full_ff,ff,1.8,27,5,,181,0.6950741607191,0.05569306298517469,full_ff_block176
full_ff,ff,1.8,27,5,,182,0.69778675671575,0.047728170331424735,full_ff_block176
full_ff,ff,1.8,27,5,,183,0.7004884467039,0.035774794569119556,full_ff_block176
full_ff,ff,1.8,27,5,,184,0.7032668377074099,0.051872075852778775,full_ff_block184
full_ff,ff,1.8,27,5,,185,0.705968412773845,0.03987667157762839,full_ff_block184
full_ff,ff,1.8,27,5,,186,0.70868101029815,0.0319123376091771,full_ff_block184
full_ff,ff,1.8,27,5,,187,0.7113827011776399,0.0199592878225628,full_ff_block184
full_ff,ff,1.8,27,5,,188,0.7141172906921001,0.020037738825148414,full_ff_block184
full_ff,ff,1.8,27,5,,189,0.71681899534416,0.008089725864246182,full_ff_block184
full_ff,ff,1.8,27,5,,190,0.71953172917504,0.0001752411575190698,full_ff_block184
full_ff,ff,1.8,27,5,,191,0.7222335661451601,-0.011724381198559643,full_ff_block184
full_ff,ff,1.8,27,5,,192,0.725628334587819,0.22979093497383477,full_ff_block192
full_ff,ff,1.8,27,5,,193,0.7283297116812041,0.21772312912604874,full_ff_block192
full_ff,ff,1.8,27,5,,194,0.7310420855867,0.20967701456458243,full_ff_block192
full_ff,ff,1.8,27,5,,195,0.7337435411328,0.19763789999546233,full_ff_block192
full_ff,ff,1.8,27,5,,196,0.73647788151278,0.19762523895959055,full_ff_block192
full_ff,ff,1.8,27,5,,197,0.73917933312716,0.18558468650427684,full_ff_block192
full_ff,ff,1.8,27,5,,198,0.74189180359033,0.1775738844635352,full_ff_block192
full_ff,ff,1.8,27,5,,199,0.74459336260281,0.16557260902763868,full_ff_block192
full_ff,ff,1.8,27,5,,200,0.747371619597263,0.18162088128475165,full_ff_block200
full_ff,ff,1.8,27,5,,201,0.750073075588179,0.1695819293912239,full_ff_block200
full_ff,ff,1.8,27,5,,202,0.75278554158247,0.16156949301765575,full_ff_block200
full_ff,ff,1.8,27,5,,203,0.75548708958307,0.1495641903798628,full_ff_block200
full_ff,ff,1.8,27,5,,204,0.75822154305288,0.14959288791041153,full_ff_block200
full_ff,ff,1.8,27,5,,205,0.76092309893641,0.1375904681728051,full_ff_block200
full_ff,ff,1.8,27,5,,206,0.76363568495021,0.12962192464824188,full_ff_block200
full_ff,ff,1.8,27,5,,207,0.7663373645539701,0.11766475116624114,full_ff_block200
full_ff,ff,1.8,27,5,,208,0.769203536273692,0.16586469437876467,full_ff_block208
full_ff,ff,1.8,27,5,,209,0.771904996416221,0.15382726078939868,full_ff_block208
full_ff,ff,1.8,27,5,,210,0.77461745804094,0.14581322640091393,full_ff_block208
full_ff,ff,1.8,27,5,,211,0.77731900703956,0.13380828875341422,full_ff_block208
full_ff,ff,1.8,27,5,,212,0.78005345003678,0.13383315630814455,full_ff_block208
full_ff,ff,1.8,27,5,,213,0.78275499804074,0.12182785489918453,full_ff_block208
full_ff,ff,1.8,27,5,,214,0.7854675700370201,0.11385418496733532,full_ff_block208
full_ff,ff,1.8,27,5,,215,0.78816924903324,0.10189678929923016,full_ff_block208
full_ff,ff,1.8,27,5,,216,0.790947620023962,0.11798675162042725,full_ff_block216
full_ff,ff,1.8,27,5,,217,0.793649176035278,0.10598437861598801,full_ff_block216
full_ff,ff,1.8,27,5,,218,0.79636175956413,0.09801492631039213,full_ff_block216
full_ff,ff,1.8,27,5,,219,0.79906343502008,0.08605623591498508,full_ff_block216
full_ff,ff,1.8,27,5,,220,0.8017980015076299,0.08612626564753004,full_ff_block216
full_ff,ff,1.8,27,5,,221,0.80449968551684,0.07417070330153105,full_ff_block216
full_ff,ff,1.8,27,5,,222,0.80721239053508,0.06624568140072792,full_ff_block216
full_ff,ff,1.8,27,5,,223,0.8099142034137801,0.05433724846812181,full_ff_block216
full_ff,ff,1.8,27,5,,224,0.812956417613166,0.1669184413864043,full_ff_block224
full_ff,ff,1.8,27,5,,225,0.815657881504083,0.15488237863609455,full_ff_block224
full_ff,ff,1.8,27,5,,226,0.8183703513737199,0.14687135953189617,full_ff_block224
full_ff,ff,1.8,27,5,,227,0.8210719096783701,0.13486982523253185,full_ff_block224
full_ff,ff,1.8,27,5,,228,0.82380634063719,0.13489029017234447,full_ff_block224
full_ff,ff,1.8,27,5,,229,0.826507898,0.12288841142857825,full_ff_block224
full_ff,ff,1.8,27,5,,230,0.82922047164454,0.11491534428894772,full_ff_block224
full_ff,ff,1.8,27,5,,231,0.8319221346666,0.10295210664233018,full_ff_block224
full_ff,ff,1.8,27,5,,232,0.834700505,0.11904182857149084,full_ff_block232
full_ff,ff,1.8,27,5,,233,0.837402067,0.10704164571425931,full_ff_block232
full_ff,ff,1.8,27,5,,234,0.840114637,0.09906724571428478,full_ff_block232
full_ff,ff,1.8,27,5,,235,0.842816296,0.08710253714286052,full_ff_block232
full_ff,ff,1.8,27,5,,236,0.84555085107145,0.08716839184460566,full_ff_block232
full_ff,ff,1.8,27,5,,237,0.848252519,0.07520694857147094,full_ff_block232
full_ff,ff,1.8,27,5,,238,0.850965227,0.06728301714283752,full_ff_block232
full_ff,ff,1.8,27,5,,239,0.853667017,0.055366217142867366,full_ff_block232
full_ff,ff,1.8,27,5,,240,0.856533304506925,0.10360850538972954,full_ff_block240
full_ff,ff,1.8,27,5,,241,0.85923487750868,0.09161234603157352,full_ff_block240
full_ff,ff,1.8,27,5,,242,0.861947453,0.08363995428575371,full_ff_block240
full_ff,ff,1.8,27,5,,243,0.864649125,0.07167999999999049,full_ff_block240
full_ff,ff,1.8,27,5,,244,0.86738368550741,0.07174784270992925,full_ff_block240
full_ff,ff,1.8,27,5,,245,0.870085356,0.059787337142885075,full_ff_block240
full_ff,ff,1.8,27,5,,246,0.87279805150838,0.05185883735042093,full_ff_block240
full_ff,ff,1.8,27,5,,247,0.875499848,0.03994441142862928,full_ff_block240
full_ff,ff,1.8,27,5,,248,0.878278344510384,0.05608027808327572,full_ff_block248
full_ff,ff,1.8,27,5,,249,0.880980032511848,0.044126175761545844,full_ff_block248
full_ff,ff,1.8,27,5,,250,0.88369273751946,0.036201149973952136,full_ff_block248
full_ff,ff,1.8,27,5,,251,0.88639453451279,0.02428690753467728,full_ff_block248
full_ff,ff,1.8,27,5,,252,0.88912922651433,0.024402839526455215,full_ff_block248
full_ff,ff,1.8,27,5,,253,0.89183104152071,0.012495184716791691,full_ff_block248
full_ff,ff,1.8,27,5,,254,0.89454387551701,0.004617331935077931,full_ff_block248
full_ff,ff,1.8,27,5,,255,0.8972458200347401,-0.007242958723614785,full_ff_block248
full_sf,sf,1.8,27,5,,0,0.200015175020483,0.00554972177663363,full_sf_block000
full_sf,sf,1.8,27,5,,1,0.202715430749244,-0.006928183133630179,full_sf_block000
full_sf,sf,1.8,27,5,,2,0.20542649797918,-0.015452167614173262,full_sf_block000
full_sf,sf,1.8,27,5,,3,0.20812706807208,-0.027815105067889236,full_sf_block000
full_sf,sf,1.8,27,5,,4,0.21085953653932002,-0.02851235133439291,full_sf_block000
full_sf,sf,1.8,27,5,,5,0.21356013639186,-0.040864405262632485,full_sf_block000
full_sf,sf,1.8,27,5,,6,0.21627152841973,-0.049269606498754115,full_sf_block000
full_sf,sf,1.8,27,5,,7,0.2189723942846,-0.06152437591771738,full_sf_block000
full_sf,sf,1.8,27,5,,8,0.22174765589964401,-0.04657155670162386,full_sf_block008
full_sf,sf,1.8,27,5,,9,0.224448384820374,-0.05887640854894017,full_sf_block008
full_sf,sf,1.8,27,5,,10,0.2271599601156,-0.06721458629486271,full_sf_block008
full_sf,sf,1.8,27,5,,11,0.229860947716,-0.07942483529143983,full_sf_block008
full_sf,sf,1.8,27,5,,12,0.23259390907264,-0.07994182486309041,full_sf_block008
full_sf,sf,1.8,27,5,,13,0.235294991048,-0.09211755958857688,full_sf_block008
full_sf,sf,1.8,27,5,,14,0.2380067914124,-0.10037342632228632,full_sf_block008
full_sf,sf,1.8,27,5,,15,0.2407081062036,-0.11246401696914583,full_sf_block008
full_sf,sf,1.8,27,5,,16,0.24356878480778,-0.06627298458332527,full_sf_block016
full_sf,sf,1.8,27,5,,17,0.24626982703577,-0.07846325548983252,full_sf_block016
full_sf,sf,1.8,27,5,,18,0.2489815735642,-0.08673881080686183,full_sf_block016
full_sf,sf,1.8,27,5,,19,0.2516827923432,-0.09886451448685259,full_sf_block016
full_sf,sf,1.8,27,5,,20,0.25441598393792,-0.09929730270355566,full_sf_block016
full_sf,sf,1.8,27,5,,21,0.25711723275285997,-0.11141202181121913,full_sf_block016
full_sf,sf,1.8,27,5,,22,0.259829280818,-0.11957730084570732,full_sf_block016
full_sf,sf,1.8,27,5,,23,0.2625307403954,-0.13161494111086217,full_sf_block016
full_sf,sf,1.8,27,5,,24,0.265306634415515,-0.11643084232594399,full_sf_block024
full_sf,sf,1.8,27,5,,25,0.26800800255048,-0.12850192439588326,full_sf_block024
full_sf,sf,1.8,27,5,,26,0.27072011906619997,-0.1366421700754472,full_sf_block024
full_sf,sf,1.8,27,5,,27,0.27342163474669,-0.14865929263907318,full_sf_block024
full_sf,sf,1.8,27,5,,28,0.27615514778127,-0.14897452570697364,full_sf_block024
full_sf,sf,1.8,27,5,,29,0.27885677446729,-0.1609510519625092,full_sf_block024
full_sf,sf,1.8,27,5,,30,0.28156912761180003,-0.16900475911313606,full_sf_block024
full_sf,sf,1.8,27,5,,31,0.28427098680338,-0.18089625476390228,full_sf_block024
full_sf,sf,1.8,27,5,,32,0.287302491330376,-0.07223174203391279,full_sf_block032
full_sf,sf,1.8,27,5,,33,0.29000383483429204,-0.08431183203033552,full_sf_block032
full_sf,sf,1.8,27,5,,34,0.29271593763306997,-0.09245709419155496,full_sf_block032
full_sf,sf,1.8,27,5,,35,0.29541744549874,-0.10447707474652038,full_sf_block032
full_sf,sf,1.8,27,5,,36,0.29815091741551997,-0.10480734518127731,full_sf_block032
full_sf,sf,1.8,27,5,,37,0.30085247452866,-0.11680931523291146,full_sf_block032
full_sf,sf,1.8,27,5,,38,0.3035647256876,-0.12490031996342006,full_sf_block032
full_sf,sf,1.8,27,5,,39,0.30626647200266,-0.13683309617005893,full_sf_block032
full_sf,sf,1.8,27,5,,40,0.30904259970703996,-0.12156353571110605,full_sf_block040
full_sf,sf,1.8,27,5,,41,0.31174420642198003,-0.1335473656758828,full_sf_block040
full_sf,sf,1.8,27,5,,42,0.31445652649716,-0.14161316675290844,full_sf_block040
full_sf,sf,1.8,27,5,,43,0.31715832883256,-0.15352545552090646,full_sf_block040
full_sf,sf,1.8,27,5,,44,0.31989204474412,-0.1537664935789808,full_sf_block040
full_sf,sf,1.8,27,5,,45,0.32259381341292,-0.16569109470355314,full_sf_block040
full_sf,sf,1.8,27,5,,46,0.32530637559800996,-0.1736683527277957,full_sf_block040
full_sf,sf,1.8,27,5,,47,0.3280083861611,-0.18550448965484634,full_sf_block040
full_sf,sf,1.8,27,5,,48,0.33086980441540403,-0.1390429566522349,full_sf_block048
full_sf,sf,1.8,27,5,,49,0.333571471665214,-0.15100464815030737,full_sf_block048
full_sf,sf,1.8,27,5,,50,0.33628390665759,-0.15902842236708842,full_sf_block048
full_sf,sf,1.8,27,5,,51,0.33898574858937996,-0.17092623016962097,full_sf_block048
full_sf,sf,1.8,27,5,,52,0.34171953046345,-0.17114314479542259,full_sf_block048
full_sf,sf,1.8,27,5,,53,0.34442142451377,-0.18302189210696646,full_sf_block048
full_sf,sf,1.8,27,5,,54,0.34713403878951,-0.19098009983634615,full_sf_block048
full_sf,sf,1.8,27,5,,55,0.34983613932443,-0.20278333277989954,full_sf_block048
full_sf,sf,1.8,27,5,,56,0.352612574720871,-0.18740124493861898,full_sf_block056
full_sf,sf,1.8,27,5,,57,0.35531449095031997,-0.19927188102583063,full_sf_block056
full_sf,sf,1.8,27,5,,58,0.35802713200416,-0.2072202956214905,full_sf_block056
full_sf,sf,1.8,27,5,,59,0.36072920818704,-0.2190324344539363,full_sf_block056
full_sf,sf,1.8,27,5,,60,0.36346324100127997,-0.2191575766747584,full_sf_block056
full_sf,sf,1.8,27,5,,61,0.36616538901455997,-0.23094344610378975,full_sf_block056
full_sf,sf,1.8,27,5,,62,0.36887827509728,-0.23880225013759368,full_sf_block056
full_sf,sf,1.8,27,5,,63,0.37158057799759997,-0.2505314751634355,full_sf_block056
full_sf,sf,1.8,27,5,,64,0.374954101208144,-0.016785843878770787,full_sf_block064
full_sf,sf,1.8,27,5,,65,0.37765573568593597,-0.028759520571993238,full_sf_block064
full_sf,sf,1.8,27,5,,66,0.38036811520336,-0.03680358277120734,full_sf_block064
full_sf,sf,1.8,27,5,,67,0.38306991526432,-0.0487167033343943,full_sf_block064
full_sf,sf,1.8,27,5,,68,0.38580363575871995,-0.04895606538241282,full_sf_block064
full_sf,sf,1.8,27,5,,69,0.38850545027935,-0.06086389783770788,full_sf_block064
full_sf,sf,1.8,27,5,,70,0.3912179856854,-0.06885094933943087,full_sf_block064
full_sf,sf,1.8,27,5,,71,0.3939200114742,-0.08068151800685541,full_sf_block064
full_sf,sf,1.8,27,5,,72,0.396696328603312,-0.06534268221731818,full_sf_block072
full_sf,sf,1.8,27,5,,73,0.399398166649056,-0.0772419112023824,full_sf_block072
full_sf,sf,1.8,27,5,,74,0.40211073376949996,-0.08521736429715686,full_sf_block072
full_sf,sf,1.8,27,5,,75,0.40481274044944,-0.09705492134766507,full_sf_block072
full_sf,sf,1.8,27,5,,76,0.40754666427146,-0.09721992358034219,full_sf_block072
full_sf,sf,1.8,27,5,,77,0.4102486667862,-0.1090590039039999,full_sf_block072
full_sf,sf,1.8,27,5,,78,0.41296141942415004,-0.11696661059655104,full_sf_block072
full_sf,sf,1.8,27,5,,79,0.41566361439335,-0.1287353075748651,full_sf_block072
full_sf,sf,1.8,27,5,,80,0.418525224216174,-0.0822037152277996,full_sf_block080
full_sf,sf,1.8,27,5,,81,0.421227088605495,-0.09409330999040273,full_sf_block080
full_sf,sf,1.8,27,5,,82,0.42393969923884,-0.10205284979564665,full_sf_block080
full_sf,sf,1.8,27,5,,83,0.42664168207686,-0.11389912617691575,full_sf_block080
full_sf,sf,1.8,27,5,,84,0.42937562589296,-0.11405681628890615,full_sf_block080
full_sf,sf,1.8,27,5,,85,0.43207766089724,-0.12588401472364857,full_sf_block080
full_sf,sf,1.8,27,5,,86,0.4347904437853,-0.13378055851885864,full_sf_block080
full_sf,sf,1.8,27,5,,87,0.43749264728655,-0.14554613520455664,full_sf_block080
full_sf,sf,1.8,27,5,,88,0.440269253713954,-0.13010149889682665,full_sf_block088
full_sf,sf,1.8,27,5,,89,0.442971300708403,-0.14192431235546873,full_sf_block088
full_sf,sf,1.8,27,5,,90,0.44568409618424,-0.14981625262078882,full_sf_block088
full_sf,sf,1.8,27,5,,91,0.44838632090144,-0.1615740703305286,full_sf_block088
full_sf,sf,1.8,27,5,,92,0.4511204761827,-0.1616544246125581,full_sf_block088
full_sf,sf,1.8,27,5,,93,0.45382270369669003,-0.17341121949621247,full_sf_block088
full_sf,sf,1.8,27,5,,94,0.45653568074092,-0.1812367576064032,full_sf_block088
full_sf,sf,1.8,27,5,,95,0.45923813100016,-0.19291209137006962,full_sf_block088
full_sf,sf,1.8,27,5,,96,0.46227034609948303,-0.08398771218905057,full_sf_block096
full_sf,sf,1.8,27,5,,97,0.46497225667646197,-0.09586041546532849,full_sf_block096
full_sf,sf,1.8,27,5,,98,0.46768485568044,-0.10382420829622724,full_sf_block096
full_sf,sf,1.8,27,5,,99,0.47038693308892,-0.11563589890926097,full_sf_block096
full_sf,sf,1.8,27,5,,100,0.47312090730543,-0.11578247115703481,full_sf_block096
full_sf,sf,1.8,27,5,,101,0.47582299712696,-0.12758962214032213,full_sf_block096
full_sf,sf,1.8,27,5,,102,0.47853580444788,-0.1354772304895846,full_sf_block096
full_sf,sf,1.8,27,5,,103,0.48123807787124,-0.14721723566079195,full_sf_block096
full_sf,sf,1.8,27,5,,104,0.48401468169934003,-0.13177354995564527,full_sf_block104
full_sf,sf,1.8,27,5,,105,0.486716772862276,-0.14358021036764107,full_sf_block104
full_sf,sf,1.8,27,5,,106,0.48942960586561,-0.15145842629118128,full_sf_block104
full_sf,sf,1.8,27,5,,107,0.49213184877742,-0.16320958997210613,full_sf_block104
full_sf,sf,1.8,27,5,,108,0.49486602241800004,-0.16328322998855277,full_sf_block104
full_sf,sf,1.8,27,5,,109,0.49756828743104,-0.17502631093395038,full_sf_block104
full_sf,sf,1.8,27,5,,110,0.50028130825272,-0.18283583900524394,full_sf_block104
full_sf,sf,1.8,27,5,,111,0.5029837557117199,-0.19451219685667606,full_sf_block104
full_sf,sf,1.8,27,5,,112,0.505845593782004,-0.14789713115281497,full_sf_block112
full_sf,sf,1.8,27,5,,113,0.5085476964947441,-0.15969956763646972,full_sf_block112
full_sf,sf,1.8,27,5,,114,0.51126053545684,-0.16757560435564756,full_sf_block112
full_sf,sf,1.8,27,5,,115,0.5139627710615999,-0.17932944032915138,full_sf_block112
full_sf,sf,1.8,27,5,,116,0.51669695798743,-0.1793982217398593,full_sf_block112
full_sf,sf,1.8,27,5,,117,0.51939923641258,-0.19113639768501606,full_sf_block112
full_sf,sf,1.8,27,5,,118,0.52211224682073,-0.19894973413304992,full_sf_block112
full_sf,sf,1.8,27,5,,119,0.5248147022051299,-0.210623193552481,full_sf_block112
full_sf,sf,1.8,27,5,,120,0.5275915121602519,-0.19510412425071472,full_sf_block120
full_sf,sf,1.8,27,5,,121,0.530293816688018,-0.20683275409624002,full_sf_block120
full_sf,sf,1.8,27,5,,122,0.53300684476272,-0.21463962963382854,full_sf_block120
full_sf,sf,1.8,27,5,,123,0.5357093009731599,-0.22631278695866644,full_sf_block120
full_sf,sf,1.8,27,5,,124,0.5384437030955099,-0.22630286792779739,full_sf_block120
full_sf,sf,1.8,27,5,,125,0.5411461724574,-0.23797121557939657,full_sf_block120
full_sf,sf,1.8,27,5,,126,0.54385940165156,-0.24570453885802734,full_sf_block120
full_sf,sf,1.8,27,5,,127,0.5465620736748,-0.2572987703588378,full_sf_block120
full_sf,sf,1.8,27,5,,128,0.550620170432538,0.226805186756727,full_sf_block128
full_sf,sf,1.8,27,5,,129,0.553321949053758,0.21488422537434612,full_sf_block128
full_sf,sf,1.8,27,5,,130,0.55603447491266,0.20689368234424627,full_sf_block128
full_sf,sf,1.8,27,5,,131,0.55873640019583,0.1950263573321617,full_sf_block128
full_sf,sf,1.8,27,5,,132,0.56147026711982,0.1948405466770201,full_sf_block128
full_sf,sf,1.8,27,5,,133,0.56417220220925,0.18297680795427596,full_sf_block128
full_sf,sf,1.8,27,5,,134,0.5668848789939,0.1750414606263056,full_sf_block128
full_sf,sf,1.8,27,5,,135,0.5695869728882,0.1632357991131731,full_sf_block128
full_sf,sf,1.8,27,5,,136,0.5723634448227201,0.1786312494519393,full_sf_block136
full_sf,sf,1.8,27,5,,137,0.575065379077021,0.1667672053105613,full_sf_block136
full_sf,sf,1.8,27,5,,138,0.5777780636873,0.15883471992684203,full_sf_block136
full_sf,sf,1.8,27,5,,139,0.5804801627266,0.14703094001370282,full_sf_block136
full_sf,sf,1.8,27,5,,140,0.5832141868109001,0.14690260512919298,full_sf_block136
full_sf,sf,1.8,27,5,,141,0.5859162965023901,0.13510272087411782,full_sf_block136
full_sf,sf,1.8,27,5,,142,0.5886291242844,0.12722259543770473,full_sf_block136
full_sf,sf,1.8,27,5,,143,0.5913314078888701,0.11548631364389297,full_sf_block136
full_sf,sf,1.8,27,5,,144,0.594193073665048,0.16203836893185197,full_sf_block144
full_sf,sf,1.8,27,5,,145,0.59689502875984,0.1501819464557944,full_sf_block144
full_sf,sf,1.8,27,5,,146,0.5996077032907899,0.1422457749174961,full_sf_block144
full_sf,sf,1.8,27,5,,147,0.6023097857701399,0.1304359387940427,full_sf_block144
full_sf,sf,1.8,27,5,,148,0.60504381894528,0.1303109285595383,full_sf_block144
full_sf,sf,1.8,27,5,,149,0.60774590969328,0.11850411639954929,full_sf_block144
full_sf,sf,1.8,27,5,,150,0.6104587598669601,0.11063217991684432,full_sf_block144
full_sf,sf,1.8,27,5,,151,0.6131610099515199,0.09888363941302357,full_sf_block144
full_sf,sf,1.8,27,5,,152,0.615937659573064,0.11434407243484658,full_sf_block152
full_sf,sf,1.8,27,5,,153,0.6186397607920759,0.10254108967347163,full_sf_block152
full_sf,sf,1.8,27,5,,154,0.62135258393648,0.09465926819838648,full_sf_block152
full_sf,sf,1.8,27,5,,155,0.62405485332098,0.08291778595841087,full_sf_block152
full_sf,sf,1.8,27,5,,156,0.6267890653638399,0.08285819020435221,full_sf_block152
full_sf,sf,1.8,27,5,,157,0.62949133120028,0.07111541038812318,full_sf_block152
full_sf,sf,1.8,27,5,,158,0.63220434033216,0.0633016071899257,full_sf_block152
full_sf,sf,1.8,27,5,,159,0.63490682112954,0.051637441660342835,full_sf_block152
full_sf,sf,1.8,27,5,,160,0.637939063997048,0.1605719760632951,full_sf_block160
full_sf,sf,1.8,27,5,,161,0.64064100796004,0.14871148252893818,full_sf_block160
full_sf,sf,1.8,27,5,,162,0.64335367517928,0.14077263699383433,full_sf_block160
full_sf,sf,1.8,27,5,,163,0.64605576732144,0.12896633469803678,full_sf_block160
full_sf,sf,1.8,27,5,,164,0.64878978581248,0.12883595427841296,full_sf_block160
full_sf,sf,1.8,27,5,,165,0.6514918861572,0.11703265177601453,full_sf_block160
full_sf,sf,1.8,27,5,,166,0.65420472139171,0.1091552518254194,full_sf_block160
full_sf,sf,1.8,27,5,,167,0.65690698047288,0.09741000151040323,full_sf_block160
full_sf,sf,1.8,27,5,,168,0.6596836153477781,0.11286504147311202,full_sf_block168
full_sf,sf,1.8,27,5,,169,0.662385720333911,0.10106343640172458,full_sf_block168
full_sf,sf,1.8,27,5,,170,0.6650985248623,0.09317480678402848,full_sf_block168
full_sf,sf,1.8,27,5,,171,0.66780078737218,0.08143081039727512,full_sf_block168
full_sf,sf,1.8,27,5,,172,0.6705349813102299,0.08136459345552437,full_sf_block168
full_sf,sf,1.8,27,5,,173,0.67323724526344,0.06962112491517507,full_sf_block168
full_sf,sf,1.8,27,5,,174,0.67595025332724,0.061806931104919326,full_sf_block168
full_sf,sf,1.8,27,5,,175,0.67865269032598,0.05012674778697601,full_sf_block168
full_sf,sf,1.8,27,5,,176,0.681514544357347,0.09674765068695024,full_sf_block176
full_sf,sf,1.8,27,5,,177,0.684216624615765,0.08493700233693907,full_sf_block176
full_sf,sf,1.8,27,5,,178,0.6869294481766199,0.07705533316384715,full_sf_block176
full_sf,sf,1.8,27,5,,179,0.68963171546518,0.0653130844086799,full_sf_block176
full_sf,sf,1.8,27,5,,180,0.69236590671146,0.06524588304825686,full_sf_block176
full_sf,sf,1.8,27,5,,181,0.69506818383926,0.05350723264366967,full_sf_block176
full_sf,sf,1.8,27,5,,182,0.6977811768567199,0.045687536171864655,full_sf_block176
full_sf,sf,1.8,27,5,,183,0.70048362685504,0.03401210698602394,full_sf_block176
full_sf,sf,1.8,27,5,,184,0.703260428851608,0.049528265730925475,full_sf_block184
full_sf,sf,1.8,27,5,,185,0.705962699847876,0.03778737293751127,full_sf_block184
full_sf,sf,1.8,27,5,,186,0.70867569084454,0.02996693743179029,full_sf_block184
full_sf,sf,1.8,27,5,,187,0.71137813136845,0.018288043318810718,full_sf_block184
full_sf,sf,1.8,27,5,,188,0.7141124974708,0.01828478932111466,full_sf_block184
full_sf,sf,1.8,27,5,,189,0.71681495836355,0.006613344384009322,full_sf_block184
full_sf,sf,1.8,27,5,,190,0.7195281583594,-0.0011306571337042573,full_sf_block184
full_sf,sf,1.8,27,5,,191,0.7222307983213,-0.012736613924541222,full_sf_block184
full_sf,sf,1.8,27,5,,192,0.725604679354165,0.22113987809465893,full_sf_block192
full_sf,sf,1.8,27,5,,193,0.72830661829506,0.2092775479076587,full_sf_block192
full_sf,sf,1.8,27,5,,194,0.7310192853138,0.20133862904685884,full_sf_block192
full_sf,sf,1.8,27,5,,195,0.7337213773455,0.18953228635431127,full_sf_block192
full_sf,sf,1.8,27,5,,196,0.73645538631645,0.189398424301755,full_sf_block192
full_sf,sf,1.8,27,5,,197,0.7391574882451499,0.17759570108345155,full_sf_block192
full_sf,sf,1.8,27,5,,198,0.7418703143187,0.16971495083883578,full_sf_block192
full_sf,sf,1.8,27,5,,199,0.74457257326965,0.15796965290056572,full_sf_block192
full_sf,sf,1.8,27,5,,200,0.7473491934525299,0.1734193197823889,full_sf_block200
full_sf,sf,1.8,27,5,,201,0.750051299838856,0.16161822678165144,full_sf_block200
full_sf,sf,1.8,27,5,,202,0.75276412576476,0.1537374225408631,full_sf_block200
full_sf,sf,1.8,27,5,,203,0.7554663883201,0.14199344277942927,full_sf_block200
full_sf,sf,1.8,27,5,,204,0.7582005678323199,0.14192195010557337,full_sf_block200
full_sf,sf,1.8,27,5,,205,0.7609028237554,0.13017554483200555,full_sf_block200
full_sf,sf,1.8,27,5,,206,0.7636158355886801,0.12236272957445798,full_sf_block200
full_sf,sf,1.8,27,5,,207,0.76631826436968,0.1106795409115843,full_sf_block200
full_sf,sf,1.8,27,5,,208,0.769180115829172,0.15729950324003183,full_sf_block208
full_sf,sf,1.8,27,5,,209,0.771882218835656,0.14549717418276487,full_sf_block208
full_sf,sf,1.8,27,5,,210,0.77459505285508,0.13761932985784955,full_sf_block208
full_sf,sf,1.8,27,5,,211,0.77729732135095,0.12587752263316687,full_sf_block208
full_sf,sf,1.8,27,5,,212,0.78003150779508,0.12580856505788265,full_sf_block208
full_sf,sf,1.8,27,5,,213,0.7827337643197,0.11406237977597909,full_sf_block208
full_sf,sf,1.8,27,5,,214,0.78544677531763,0.1062492590189582,full_sf_block208
full_sf,sf,1.8,27,5,,215,0.7881492183223999,0.09457127219198876,full_sf_block208
full_sf,sf,1.8,27,5,,216,0.7909260326733439,0.1100919491086724,full_sf_block216
full_sf,sf,1.8,27,5,,217,0.793628296949919,0.09834859882756422,full_sf_block216
full_sf,sf,1.8,27,5,,218,0.79634131633884,0.09053854677574691,full_sf_block216
full_sf,sf,1.8,27,5,,219,0.79904376732168,0.07886347764298307,full_sf_block216
full_sf,sf,1.8,27,5,,220,0.80177814832285,0.07886567235658504,full_sf_block216
full_sf,sf,1.8,27,5,,221,0.80448060034265,0.06719098245489315,full_sf_block216
full_sf,sf,1.8,27,5,,222,0.8071938100896,0.05945054705376509,full_sf_block216
full_sf,sf,1.8,27,5,,223,0.80989646388883,0.04784965077208524,full_sf_block216
full_sf,sf,1.8,27,5,,224,0.812928921874774,0.15686285706018616,full_sf_block224
full_sf,sf,1.8,27,5,,225,0.815631056251356,0.1450720004959294,full_sf_block224
full_sf,sf,1.8,27,5,,226,0.81834392187356,0.13720571375910953,full_sf_block224
full_sf,sf,1.8,27,5,,227,0.82104622290392,0.12547580486223556,full_sf_block224
full_sf,sf,1.8,27,5,,228,0.82378044290011,0.12541911775449374,full_sf_block224
full_sf,sf,1.8,27,5,,229,0.82648275293881,0.11369250333623476,full_sf_block224
full_sf,sf,1.8,27,5,,230,0.82919580143528,0.1058930963310039,full_sf_block224
full_sf,sf,1.8,27,5,,231,0.83189828340105,0.09422935809831351,full_sf_block224
full_sf,sf,1.8,27,5,,232,0.8346751369878119,0.10976438411412509,full_sf_block232
full_sf,sf,1.8,27,5,,233,0.837377461287406,0.09804298510845554,full_sf_block232
full_sf,sf,1.8,27,5,,234,0.84009053151404,0.09025152513463094,full_sf_block232
full_sf,sf,1.8,27,5,,235,0.84279302833424,0.07859321937920478,full_sf_block232
full_sf,sf,1.8,27,5,,236,0.84552746085888,0.07861425696185215,full_sf_block232
full_sf,sf,1.8,27,5,,237,0.84822997144183,0.06696098444073025,full_sf_block232
full_sf,sf,1.8,27,5,,238,0.8509432418874601,0.05924274741395104,full_sf_block232
full_sf,sf,1.8,27,5,,239,0.85364594444039,0.0476596810569114,full_sf_block232
full_sf,sf,1.8,27,5,,240,0.8565080774446769,0.09438260833901171,full_sf_block240
full_sf,sf,1.8,27,5,,241,0.859210458418812,0.08268193602272537,full_sf_block240
full_sf,sf,1.8,27,5,,242,0.86192358106992,0.07490964842791722,full_sf_block240
full_sf,sf,1.8,27,5,,243,0.86462614429006,0.06327562607907566,full_sf_block240
full_sf,sf,1.8,27,5,,244,0.86736064,0.06331977142857731,full_sf_block240
full_sf,sf,1.8,27,5,,245,0.870063224,0.051693348571453565,full_sf_block240
full_sf,sf,1.8,27,5,,246,0.872776558,0.04399835428573949,full_sf_block240
full_sf,sf,1.8,27,5,,247,0.875479337,0.032443245714343254,full_sf_block240
full_sf,sf,1.8,27,5,,248,0.878256502,0.048092160000002035,full_sf_block248
full_sf,sf,1.8,27,5,,249,0.880959141,0.03648585142855154,full_sf_block248
full_sf,sf,1.8,27,5,,250,0.883672533,0.028812068571458637,full_sf_block248
full_sf,sf,1.8,27,5,,251,0.88637536861814,0.01727766606267421,full_sf_block248
full_sf,sf,1.8,27,5,,252,0.889110156,0.017428480000043173,full_sf_block248
full_sf,sf,1.8,27,5,,253,0.8918130369732,0.005910664484563963,full_sf_block248
full_sf,sf,1.8,27,5,,254,0.894526682,-0.0016705828571567899,full_sf_block248
full_sf,sf,1.8,27,5,,255,0.89722978662559,-0.01310660549847853,full_sf_block248
full_fs,fs,1.8,27,5,,0,0.199881775586521,-0.04323635692946328,full_fs_block000
full_fs,fs,1.8,27,5,,1,0.20257589030598,-0.057960116670179626,full_fs_block000
full_fs,fs,1.8,27,5,,2,0.20528152623188,-0.06847040662674228,full_fs_block000
full_fs,fs,1.8,27,5,,3,0.2079763920274,-0.08291948712228857,full_fs_block000
full_fs,fs,1.8,27,5,,4,0.21070503633625,-0.08501528274285267,full_fs_block000
full_fs,fs,1.8,27,5,,5,0.21340052564259002,-0.09923633642422658,full_fs_block000
full_fs,fs,1.8,27,5,,6,0.21610751269662,-0.10925249952183184,full_fs_block000
full_fs,fs,1.8,27,5,,7,0.2188036743814,-0.12322765480228831,full_fs_block000
full_fs,fs,1.8,27,5,,8,0.22157814211164,-0.10856517060023156,full_fs_block008
full_fs,fs,1.8,27,5,,9,0.2242747055095,-0.1223934136685756,full_fs_block008
full_fs,fs,1.8,27,5,,10,0.22698268425839999,-0.13204689978515205,full_fs_block008
full_fs,fs,1.8,27,5,,11,0.2296797665168,-0.14568538814172274,full_fs_block008
full_fs,fs,1.8,27,5,,12,0.2324105323914,-0.14700529685943106,full_fs_block008
full_fs,fs,1.8,27,5,,13,0.2351080184301,-0.1604961169920013,full_fs_block008
full_fs,fs,1.8,27,5,,14,0.2378169033518,-0.169818202770285,full_fs_block008
full_fs,fs,1.8,27,5,,15,0.24051484754962,-0.18314146756754976,full_fs_block008
full_fs,fs,1.8,27,5,,16,0.24338045257764,-0.13514877160595518,full_fs_block016
full_fs,fs,1.8,27,5,,17,0.24607852755426,-0.14842420872777698,full_fs_block016
full_fs,fs,1.8,27,5,,18,0.24878790697733,-0.15756544829074975,full_fs_block016
full_fs,fs,1.8,27,5,,19,0.25148631249298997,-0.17072000256366746,full_fs_block016
full_fs,fs,1.8,27,5,,20,0.2542183206732,-0.17158558237257793,full_fs_block016
full_fs,fs,1.8,27,5,,21,0.25691696466361,-0.1846529230226273,full_fs_block016
full_fs,fs,1.8,27,5,,22,0.25962693859729996,-0.19357674155886329,full_fs_block016
full_fs,fs,1.8,27,5,,23,0.26232591769198,-0.20652152979017,full_fs_block016
full_fs,fs,1.8,27,5,,24,0.265103120691692,-0.1908587184669232,full_fs_block024
full_fs,fs,1.8,27,5,,25,0.267802211424654,-0.2037626789836874,full_fs_block024
full_fs,fs,1.8,27,5,,26,0.27051256851391997,-0.21254637205213306,full_fs_block024
full_fs,fs,1.8,27,5,,27,0.27321191580164,-0.22535650682879044,full_fs_block024
full_fs,fs,1.8,27,5,,28,0.27594485444314004,-0.2258818036516378,full_fs_block024
full_fs,fs,1.8,27,5,,29,0.27864437466973,-0.23862869221302066,full_fs_block024
full_fs,fs,1.8,27,5,,30,0.28135518026475,-0.24724836032001057,full_fs_block024
full_fs,fs,1.8,27,5,,31,0.28405496524694,-0.25989842397623064,full_fs_block024
full_fs,fs,1.8,27,5,,32,0.287101669389932,-0.1456751945391537,full_fs_block032
full_fs,fs,1.8,27,5,,33,0.28980131339945303,-0.15837681391431602,full_fs_block032
full_fs,fs,1.8,27,5,,34,0.29251217123392004,-0.16697737730924345,full_fs_block032
full_fs,fs,1.8,27,5,,35,0.29521194311914,-0.17963223071451548,full_fs_block032
full_fs,fs,1.8,27,5,,36,0.29794526135434,-0.18001870469851564,full_fs_block032
full_fs,fs,1.8,27,5,,37,0.30064513621526,-0.19263589841918768,full_fs_block032
full_fs,fs,1.8,27,5,,38,0.3033562771375,-0.20113293257141762,full_fs_block032
full_fs,fs,1.8,27,5,,39,0.30605634715603,-0.21367875436618128,full_fs_block032
full_fs,fs,1.8,27,5,,40,0.30883462307647896,-0.19762356060198272,full_fs_block040
full_fs,fs,1.8,27,5,,41,0.311534690842174,-0.2101702062906595,full_fs_block040
full_fs,fs,1.8,27,5,,42,0.31424597878128,-0.2186134742747267,full_fs_block040
full_fs,fs,1.8,27,5,,43,0.31694619874902,-0.23110445750124395,full_fs_block040
full_fs,fs,1.8,27,5,,44,0.31967997475695,-0.23132351745829285,full_fs_block040
full_fs,fs,1.8,27,5,,45,0.32238029162282,-0.24377906365440288,full_fs_block040
full_fs,fs,1.8,27,5,,46,0.32509186448019,-0.2521181329590913,full_fs_block040
full_fs,fs,1.8,27,5,,47,0.32779236321509997,-0.2645071670491461,full_fs_block040
full_fs,fs,1.8,27,5,,48,0.330660523716394,-0.21557989800448193,full_fs_block048
full_fs,fs,1.8,27,5,,49,0.333360890231276,-0.2280172868476273,full_fs_block048
full_fs,fs,1.8,27,5,,50,0.33607245824151,-0.23635812881920518,full_fs_block048
full_fs,fs,1.8,27,5,,51,0.33877292536577996,-0.24875872337190688,full_fs_block048
full_fs,fs,1.8,27,5,,52,0.34150693817472,-0.24889118181667821,full_fs_block048
full_fs,fs,1.8,27,5,,53,0.34420746789696,-0.26126888339748333,full_fs_block048
full_fs,fs,1.8,27,5,,54,0.34691924200144,-0.26953435375909457,full_fs_block048
full_fs,fs,1.8,27,5,,55,0.34961993081888,-0.281853871952466,full_fs_block048
full_fs,fs,1.8,27,5,,56,0.352398817829456,-0.2655751937989643,full_fs_block056
full_fs,fs,1.8,27,5,,57,0.355099458775642,-0.2779122191937842,full_fs_block056
full_fs,fs,1.8,27,5,,58,0.35781131865376,-0.28614632091063186,full_fs_block056
full_fs,fs,1.8,27,5,,59,0.36051208288048,-0.29843826085303654,full_fs_block056
full_fs,fs,1.8,27,5,,60,0.36324638308448,-0.29846561481875256,full_fs_block056
full_fs,fs,1.8,27,5,,61,0.3659472060712,-0.3107360653897169,full_fs_block056
full_fs,fs,1.8,27,5,,62,0.36865927267458,-0.31889456472502586,full_fs_block056
full_fs,fs,1.8,27,5,,63,0.3713602608523,-0.33110460258742236,full_fs_block056
full_fs,fs,1.8,27,5,,64,0.374767604271765,-0.08499043775452314,full_fs_block064
full_fs,fs,1.8,27,5,,65,0.377468250071248,-0.09732568822930229,full_fs_block064
full_fs,fs,1.8,27,5,,66,0.3801800608214,-0.10557775674515467,full_fs_block064
full_fs,fs,1.8,27,5,,67,0.3828807357946,-0.11790233797484008,full_fs_block064
full_fs,fs,1.8,27,5,,68,0.3856149248322,-0.11797034708113838,full_fs_block064
full_fs,fs,1.8,27,5,,69,0.38831560374275,-0.13029348836572094,full_fs_block064
full_fs,fs,1.8,27,5,,70,0.391027505891,-0.13851213129143503,full_fs_block064
full_fs,fs,1.8,27,5,,71,0.39372830285196,-0.15079209985464512,full_fs_block064
full_fs,fs,1.8,27,5,,72,0.396507279709235,-0.1344805634797654,full_fs_block072
full_fs,fs,1.8,27,5,,73,0.399208014919972,-0.14678311498166913,full_fs_block072
full_fs,fs,1.8,27,5,,74,0.40191994394828,-0.1549919274861671,full_fs_block072
full_fs,fs,1.8,27,5,,75,0.4046207547478,-0.16726683509028412,full_fs_block072
full_fs,fs,1.8,27,5,,76,0.40735510609475,-0.16727548534857664,full_fs_block072
full_fs,fs,1.8,27,5,,77,0.4100559573141,-0.1795356108434224,full_fs_block072
full_fs,fs,1.8,27,5,,78,0.41276803746975,-0.18768915391999844,full_fs_block072
full_fs,fs,1.8,27,5,,79,0.41546901982802004,-0.1999013200383867,full_fs_block072
full_fs,fs,1.8,27,5,,80,0.41833768777000496,-0.15078847268390358,full_fs_block080
full_fs,fs,1.8,27,5,,81,0.421038503311262,-0.16306164616703916,full_fs_block080
full_fs,fs,1.8,27,5,,82,0.4237504948903,-0.17124758297599996,full_fs_block080
full_fs,fs,1.8,27,5,,83,0.42645136616122,-0.18350037532526034,full_fs_block080
full_fs,fs,1.8,27,5,,84,0.42918575285918,-0.18349609721417845,full_fs_block080
full_fs,fs,1.8,27,5,,85,0.43188665852558,-0.19573631064501132,full_fs_block080
full_fs,fs,1.8,27,5,,86,0.43459876900848,-0.20387876261304022,full_fs_block080
full_fs,fs,1.8,27,5,,87,0.43729979574829003,-0.2160746977682087,full_fs_block080
full_fs,fs,1.8,27,5,,88,0.44007900022774205,-0.1996799167114765,full_fs_block088
full_fs,fs,1.8,27,5,,89,0.442779952138499,-0.2119032179203576,full_fs_block088
full_fs,fs,1.8,27,5,,90,0.44549209428106,-0.2200340914980359,full_fs_block088
full_fs,fs,1.8,27,5,,91,0.44819314308060004,-0.23222195909484966,full_fs_block088
full_fs,fs,1.8,27,5,,92,0.45092771980393,-0.23214818599131248,full_fs_block088
full_fs,fs,1.8,27,5,,93,0.45362878679821,-0.24432939951176585,full_fs_block088
full_fs,fs,1.8,27,5,,94,0.45634108344378,-0.2524037691318881,full_fs_block088
full_fs,fs,1.8,27,5,,95,0.45904229403429003,-0.26453246745964926,full_fs_block088
full_fs,fs,1.8,27,5,,96,0.462090514238382,-0.14975479282028914,full_fs_block096
full_fs,fs,1.8,27,5,,97,0.46479144964549,-0.16198412964935677,full_fs_block096
full_fs,fs,1.8,27,5,,98,0.46750354889038,-0.17013069151817362,full_fs_block096
full_fs,fs,1.8,27,5,,99,0.47020451768988003,-0.182347816272446,full_fs_block096
full_fs,fs,1.8,27,5,,100,0.47293899912264,-0.1823088922916684,full_fs_block096
full_fs,fs,1.8,27,5,,101,0.4756399637644,-0.19452753759084984,full_fs_block096
full_fs,fs,1.8,27,5,,102,0.47835214840164003,-0.20264287025735178,full_fs_block096
full_fs,fs,1.8,27,5,,103,0.48105323175388004,-0.21481810143815291,full_fs_block096
full_fs,fs,1.8,27,5,,104,0.48383249963116,-0.19840013489006278,full_fs_block104
full_fs,fs,1.8,27,5,,105,0.486533492662156,-0.2106083978400924,full_fs_block104
full_fs,fs,1.8,27,5,,106,0.48924569159088,-0.21871850390673284,full_fs_block104
full_fs,fs,1.8,27,5,,107,0.49194677327496,-0.23089434515747648,full_fs_block104
full_fs,fs,1.8,27,5,,108,0.49468138888783003,-0.23080634959358448,full_fs_block104
full_fs,fs,1.8,27,5,,109,0.4973824991022,-0.2429717569097128,full_fs_block104
full_fs,fs,1.8,27,5,,110,0.50009483546499,-0.2510316013750672,full_fs_block104
full_fs,fs,1.8,27,5,,111,0.5027960697548001,-0.2631516325302284,full_fs_block104
full_fs,fs,1.8,27,5,,112,0.50566498818172,-0.213947179256674,full_fs_block112
full_fs,fs,1.8,27,5,,113,0.508366043086931,-0.22613281392239062,full_fs_block112
full_fs,fs,1.8,27,5,,114,0.51107827837106,-0.2342296242980524,full_fs_block112
full_fs,fs,1.8,27,5,,115,0.5137793875297699,-0.24639541768412496,full_fs_block112
full_fs,fs,1.8,27,5,,116,0.5165140213539,-0.2463007620022495,full_fs_block112
full_fs,fs,1.8,27,5,,117,0.5192151530879,-0.25845829928227565,full_fs_block112
full_fs,fs,1.8,27,5,,118,0.52192749487016,-0.26651616177007653,full_fs_block112
full_fs,fs,1.8,27,5,,119,0.524628741036,-0.2786318496914321,full_fs_block112
full_fs,fs,1.8,27,5,,120,0.5274081771311899,-0.26215236345052517,full_fs_block120
full_fs,fs,1.8,27,5,,121,0.53010934513651,-0.2742966357906036,full_fs_block120
full_fs,fs,1.8,27,5,,122,0.5328217110418,-0.2823456761417122,full_fs_block120
full_fs,fs,1.8,27,5,,123,0.5355229642335599,-0.29445879458380986,full_fs_block120
full_fs,fs,1.8,27,5,,124,0.53825774915172,-0.29430888165669394,full_fs_block120
full_fs,fs,1.8,27,5,,125,0.5409590378671,-0.3064090086034201,full_fs_block120
full_fs,fs,1.8,27,5,,126,0.5436715485756,-0.3144050923519818,full_fs_block120
full_fs,fs,1.8,27,5,,127,0.5463729561067,-0.32646176669256227,full_fs_block120
full_fs,fs,1.8,27,5,,128,0.55050113162268,0.1832709934372393,full_fs_block128
full_fs,fs,1.8,27,5,,129,0.553202088284137,0.17104942962723566,full_fs_block128
full_fs,fs,1.8,27,5,,130,0.5559142024758,0.16290833400688598,full_fs_block128
full_fs,fs,1.8,27,5,,131,0.55861515613499,0.15068567222495435,full_fs_block128
full_fs,fs,1.8,27,5,,132,0.561349618927,0.15071777901714054,full_fs_block128
full_fs,fs,1.8,27,5,,133,0.56405055156839,0.13848743072547418,full_fs_block128
full_fs,fs,1.8,27,5,,134,0.56676269578966,0.13035731736136671,full_fs_block128
full_fs,fs,1.8,27,5,,135,0.5694637265253,0.1181628435382923,full_fs_block128
full_fs,fs,1.8,27,5,,136,0.572242927747593,0.13455643340547244,full_fs_block136
full_fs,fs,1.8,27,5,,137,0.574943853108988,0.1223234227156159,full_fs_block136
full_fs,fs,1.8,27,5,,138,0.57765597798297,0.11418623377185863,full_fs_block136
full_fs,fs,1.8,27,5,,139,0.58035697281031,0.10197862777049847,full_fs_block136
full_fs,fs,1.8,27,5,,140,0.58309150212417,0.1020350625536334,full_fs_block136
full_fs,fs,1.8,27,5,,141,0.5857925080209601,0.08983150480828175,full_fs_block136
full_fs,fs,1.8,27,5,,142,0.5885047465756,0.08173589050516382,full_fs_block136
full_fs,fs,1.8,27,5,,143,0.59120586801328,0.06957458771381653,full_fs_block136
full_fs,fs,1.8,27,5,,144,0.59407467989287,0.11874007510674087,full_fs_block144
full_fs,fs,1.8,27,5,,145,0.596775624155232,0.10651397677057568,full_fs_block144
full_fs,fs,1.8,27,5,,146,0.59948773596864,0.09837201138838379,full_fs_block144
full_fs,fs,1.8,27,5,,147,0.6021887250189399,0.08616229264090083,full_fs_block144
full_fs,fs,1.8,27,5,,148,0.6049232270086999,0.08620873461024661,full_fs_block144
full_fs,fs,1.8,27,5,,149,0.6076242194449,0.07400025413484661,full_fs_block144
full_fs,fs,1.8,27,5,,150,0.6103364270662,0.0658933270674262,full_fs_block144
full_fs,fs,1.8,27,5,,151,0.61303753926592,0.05372864582219401,full_fs_block144
full_fs,fs,1.8,27,5,,152,0.615816833550936,0.07015627005659196,full_fs_block152
full_fs,fs,1.8,27,5,,153,0.6185178501009551,0.05795660834926204,full_fs_block152
full_fs,fs,1.8,27,5,,154,0.62123007030077,0.0498542814244729,full_fs_block152
full_fs,fs,1.8,27,5,,155,0.62393117651864,0.03768741253123511,full_fs_block152
full_fs,fs,1.8,27,5,,156,0.6266658073452901,0.03778097199183809,full_fs_block152
full_fs,fs,1.8,27,5,,157,0.6293669302976199,0.02562022312957879,full_fs_block152
full_fs,fs,1.8,27,5,,158,0.63207929018632,0.017568982425595032,full_fs_block152
full_fs,fs,1.8,27,5,,159,0.634780532475,0.005451876571425731,full_fs_block152
full_fs,fs,1.8,27,5,,160,0.637828802250367,0.12024768013422513,full_fs_block160
full_fs,fs,1.8,27,5,,161,0.640529775765669,0.10803228001614279,full_fs_block160
full_fs,fs,1.8,27,5,,162,0.64324190821798,0.09989786257554963,full_fs_block160
full_fs,fs,1.8,27,5,,163,0.64594289709317,0.08768807978786494,full_fs_block160
full_fs,fs,1.8,27,5,,164,0.64867739749802,0.0877339421330297,full_fs_block160
full_fs,fs,1.8,27,5,,165,0.65137838954278,0.07552531850243278,full_fs_block160
full_fs,fs,1.8,27,5,,166,0.65409059201485,0.06741650828802546,full_fs_block160
full_fs,fs,1.8,27,5,,167,0.65679168635996,0.055245297356805174,full_fs_block160
full_fs,fs,1.8,27,5,,168,0.659570965722392,0.07166746418907419,full_fs_block168
full_fs,fs,1.8,27,5,,169,0.6622719708814899,0.059463636659172286,full_fs_block168
full_fs,fs,1.8,27,5,,170,0.66498416395866,0.05135139059567402,full_fs_block168
full_fs,fs,1.8,27,5,,171,0.6676852445794,0.03917516046633247,full_fs_block168
full_fs,fs,1.8,27,5,,172,0.67041985500822,0.03926126014903275,full_fs_block168
full_fs,fs,1.8,27,5,,173,0.67312096271984,0.027094937541473234,full_fs_block168
full_fs,fs,1.8,27,5,,174,0.6758332925003,0.019032685823999276,full_fs_block168
full_fs,fs,1.8,27,5,,175,0.67853451521926,0.006908423043674767,full_fs_block168
full_fs,fs,1.8,27,5,,176,0.681403420481875,0.05610806194287729,full_fs_block176
full_fs,fs,1.8,27,5,,177,0.6841044636968521,0.043918151991623036,full_fs_block176
full_fs,fs,1.8,27,5,,178,0.68681668069522,0.03581465425185115,full_fs_block176
full_fs,fs,1.8,27,5,,179,0.6895177705208,0.023641790463995806,full_fs_block176
full_fs,fs,1.8,27,5,,180,0.69225238535298,0.023729500518397475,full_fs_block176
full_fs,fs,1.8,27,5,,181,0.6949534821856399,0.01155919931976866,full_fs_block176
full_fs,fs,1.8,27,5,,182,0.697665798909,0.0034921724343105003,full_fs_block176
full_fs,fs,1.8,27,5,,183,0.7003670196416799,-0.008632816757077373,full_fs_block176
full_fs,fs,1.8,27,5,,184,0.703146425340816,0.007835553212690425,full_fs_block184
full_fs,fs,1.8,27,5,,185,0.705847551496908,-0.004324023987903405,full_fs_block184
full_fs,fs,1.8,27,5,,186,0.7085598830737,-0.012385618761113295,full_fs_block184
full_fs,fs,1.8,27,5,,187,0.71126110184665,-0.024511324653734134,full_fs_block184
full_fs,fs,1.8,27,5,,188,0.7139958488802001,-0.024375266669705655,full_fs_block184
full_fs,fs,1.8,27,5,,189,0.71669708573375,-0.03649436022856532,full_fs_block184
full_fs,fs,1.8,27,5,,190,0.71940955616002,-0.04450517576409701,full_fs_block184
full_fs,fs,1.8,27,5,,191,0.72211092440684,-0.05657621692705562,full_fs_block184
full_fs,fs,1.8,27,5,,192,0.725518735893928,0.18970912692229344,full_fs_block192
full_fs,fs,1.8,27,5,,193,0.728219733510824,0.17750254110134328,full_fs_block192
full_fs,fs,1.8,27,5,,194,0.73093188562235,0.16937531331657446,full_fs_block192
full_fs,fs,1.8,27,5,,195,0.7336328849618,0.15716935745830696,full_fs_block192
full_fs,fs,1.8,27,5,,196,0.73636740396372,0.15722202101764132,full_fs_block192
full_fs,fs,1.8,27,5,,197,0.73906839296732,0.14501228519135015,full_fs_block192
full_fs,fs,1.8,27,5,,198,0.74178059296208,0.1369025689892364,full_fs_block192
full_fs,fs,1.8,27,5,,199,0.7444816812803999,0.12472915397483218,full_fs_block192
full_fs,fs,1.8,27,5,,200,0.747260939331223,0.14114352684726686,full_fs_block200
full_fs,fs,1.8,27,5,,201,0.749961929492112,0.12893421425815177,full_fs_block200
full_fs,fs,1.8,27,5,,202,0.75267411557657,0.12081941085995142,full_fs_block200
full_fs,fs,1.8,27,5,,203,0.75537517894756,0.10863687225050205,full_fs_block200
full_fs,fs,1.8,27,5,,204,0.75810977371304,0.10871724362605814,full_fs_block200
full_fs,fs,1.8,27,5,,205,0.76081085118438,0.09653986171611809,full_fs_block200
full_fs,fs,1.8,27,5,,206,0.76352315668532,0.08846873063134808,full_fs_block200
full_fs,fs,1.8,27,5,,207,0.7662243490519199,0.07633336755934092,full_fs_block200
full_fs,fs,1.8,27,5,,208,0.7690932276662911,0.125523260815003,full_fs_block208
full_fs,fs,1.8,27,5,,209,0.771794243435495,0.11332331355244411,full_fs_block208
full_fs,fs,1.8,27,5,,210,0.7745064254555201,0.1052070237330684,full_fs_block208
full_fs,fs,1.8,27,5,,211,0.77720748365862,0.09302259515249847,full_fs_block208
full_fs,fs,1.8,27,5,,212,0.77994206125761,0.09309668849742334,full_fs_block208
full_fs,fs,1.8,27,5,,213,0.78264312657282,0.08091486091700517,full_fs_block208
full_fs,fs,1.8,27,5,,214,0.7853554145816399,0.07283733271403241,full_fs_block208
full_fs,fs,1.8,27,5,,215,0.78805659263324,0.060696734442079306,full_fs_block208
full_fs,fs,1.8,27,5,,216,0.790835960437048,0.07715124554899994,full_fs_block216
full_fs,fs,1.8,27,5,,217,0.793537052444624,0.0649791797482635,full_fs_block216
full_fs,fs,1.8,27,5,,218,0.79624935043782,0.056905302974143986,full_fs_block216
full_fs,fs,1.8,27,5,,219,0.79895052644036,0.04476395533166462,full_fs_block216
full_fs,fs,1.8,27,5,,220,0.8016852372166601,0.04488675352141465,full_fs_block216
full_fs,fs,1.8,27,5,,221,0.80438643306862,0.03275266509535056,full_fs_block216
full_fs,fs,1.8,27,5,,222,0.8070988622081701,0.024726750416529546,full_fs_block216
full_fs,fs,1.8,27,5,,223,0.80980018600514,0.012639453308338489,full_fs_block216
full_fs,fs,1.8,27,5,,224,0.812848540597011,0.12746627547828993,full_fs_block224
full_fs,fs,1.8,27,5,,225,0.815549585431144,0.11527695767552718,full_fs_block224
full_fs,fs,1.8,27,5,,226,0.81826179688156,0.1071714309705385,full_fs_block224
full_fs,fs,1.8,27,5,,227,0.82096287041108,0.09499260748071947,full_fs_block224
full_fs,fs,1.8,27,5,,228,0.82369745140934,0.09506794398719519,full_fs_block224
full_fs,fs,1.8,27,5,,229,0.8263985122053,0.08288446365258194,full_fs_block224
full_fs,fs,1.8,27,5,,230,0.82911079719868,0.07480583266012024,full_fs_block224
full_fs,fs,1.8,27,5,,231,0.8318119732111,0.06266448863089279,full_fs_block224
full_fs,fs,1.8,27,5,,232,0.834591328197516,0.07911431223448062,full_fs_block232
full_fs,fs,1.8,27,5,,233,0.837292412202643,0.06693931982372955,full_fs_block232
full_fs,fs,1.8,27,5,,234,0.840004691,0.0588584228571319,full_fs_block232
full_fs,fs,1.8,27,5,,235,0.84270585320084,0.046712027735793527,full_fs_block232
full_fs,fs,1.8,27,5,,236,0.84544055,0.046829714285731176,full_fs_block232
full_fs,fs,1.8,27,5,,237,0.84814173118904,0.03469026342039732,full_fs_block232
full_fs,fs,1.8,27,5,,238,0.85085413799982,0.026656182791303506,full_fs_block232
full_fs,fs,1.8,27,5,,239,0.853555443,0.01456201142856019,full_fs_block232
full_fs,fs,1.8,27,5,,240,0.8564244274537169,0.06379061164506895,full_fs_block240
full_fs,fs,1.8,27,5,,241,0.859125556,0.051631908571445305,full_fs_block240
full_fs,fs,1.8,27,5,,242,0.861837854,0.043558034285768245,full_fs_block240
full_fs,fs,1.8,27,5,,243,0.864539023,0.0314141257142556,full_fs_block240
full_fs,fs,1.8,27,5,,244,0.867273719,0.03153152000001975,full_fs_block240
full_fs,fs,1.8,27,5,,245,0.86997489481407,0.019390103431322,full_fs_block240
full_fs,fs,1.8,27,5,,246,0.8726873068051499,0.011357917312011523,full_fs_block240
full_fs,fs,1.8,27,5,,247,0.87538860480631,-0.0007388136923022363,full_fs_block240
full_fs,fs,1.8,27,5,,248,0.878168093806915,0.015760020814598517,full_fs_block248
full_fs,fs,1.8,27,5,,249,0.880869260894163,0.0036154127224514404,full_fs_block248
full_fs,fs,1.8,27,5,,250,0.88358170686465,-0.004404346642274959,full_fs_block248
full_fs,fs,1.8,27,5,,251,0.886283024,-0.016494079999956415,full_fs_block248
full_fs,fs,1.8,27,5,,252,0.889017844,-0.016331337142828164,full_fs_block248
full_fs,fs,1.8,27,5,,253,0.89171914384008,-0.028427395627902897,full_fs_block248
full_fs,fs,1.8,27,5,,254,0.89443170981828,-0.036403266457593224,full_fs_block248
full_fs,fs,1.8,27,5,,255,0.89713315981446,-0.048444410711770816,full_fs_block248
full_worst_inl,fs,1.62,85,20,,0,0.20139317596838802,0.5095043541533276,full_worst_inl_block000
full_worst_inl,fs,1.62,85,20,,1,0.204026556996708,0.4725694159389146,full_worst_inl_block000
full_worst_inl,fs,1.62,85,20,,2,0.2066736457416,0.44064758549942395,full_worst_inl_block000
full_worst_inl,fs,1.62,85,20,,3,0.2093129360632,0.40587376025599603,full_worst_inl_block000
full_worst_inl,fs,1.62,85,20,,4,0.21198771351299,0.38407808475063077,full_worst_inl_block000
full_worst_inl,fs,1.62,85,20,,5,0.21463279004698,0.3514203600383935,full_worst_inl_block000
full_worst_inl,fs,1.62,85,20,,6,0.2172912922156,0.32367258170513735,full_worst_inl_block000
full_worst_inl,fs,1.62,85,20,,7,0.219941524034,0.2929002181485682,full_worst_inl_block000
full_worst_inl,fs,1.62,85,20,,8,0.222670582086426,0.2909557344643637,full_worst_inl_block008
full_worst_inl,fs,1.62,85,20,,9,0.22532575892245202,0.26199183449673824,full_worst_inl_block008
full_worst_inl,fs,1.62,85,20,,10,0.22799377520087,0.237723502032452,full_worst_inl_block008
full_worst_inl,fs,1.62,85,20,,11,0.23065299022485,0.2102364250879926,full_worst_inl_block008
full_worst_inl,fs,1.62,85,20,,12,0.23334699843117,0.19547371197073665,full_worst_inl_block008
full_worst_inl,fs,1.62,85,20,,13,0.23601019027435,0.16944101461942093,full_worst_inl_block008
full_worst_inl,fs,1.62,85,20,,14,0.23868601522892,0.14802842657645549,full_worst_inl_block008
full_worst_inl,fs,1.62,85,20,,15,0.24135268209062,0.12326659314102326,full_worst_inl_block008
full_worst_inl,fs,1.62,85,20,,16,0.24418587120255,0.1594043255039931,full_worst_inl_block016
full_worst_inl,fs,1.62,85,20,,17,0.246856092478569,0.13594239216237117,full_worst_inl_block016
full_worst_inl,fs,1.62,85,20,,18,0.24953838948704,0.11689672668890491,full_worst_inl_block016
full_worst_inl,fs,1.62,85,20,,19,0.25221105331417,0.09432806918216638,full_worst_inl_block016
full_worst_inl,fs,1.62,85,20,,20,0.25491797721139997,0.08428880874055673,full_worst_inl_block016
full_worst_inl,fs,1.62,85,20,,21,0.25759326212451,0.06267871982079296,full_worst_inl_block016
full_worst_inl,fs,1.62,85,20,,22,0.26028064428619996,0.045492767524564215,full_worst_inl_block016
full_worst_inl,fs,1.62,85,20,,23,0.2629582463141,0.02473008058513772,full_worst_inl_block016
full_worst_inl,fs,1.62,85,20,,24,0.26571407936567004,0.03257759658790097,full_worst_inl_block024
full_worst_inl,fs,1.62,85,20,,25,0.26839401423699,0.012668063813480656,full_worst_inl_block024
full_worst_inl,fs,1.62,85,20,,26,0.27108568410283,-0.002949813822173805,full_worst_inl_block024
full_worst_inl,fs,1.62,85,20,,27,0.2737673073707,-0.022241875858282713,full_worst_inl_block024
full_worst_inl,fs,1.62,85,20,,28,0.27648290196499997,-0.029110138514291912,full_worst_inl_block024
full_worst_inl,fs,1.62,85,20,,29,0.27916637930221,-0.0477241409060574,full_worst_inl_block024
full_worst_inl,fs,1.62,85,20,,30,0.28186158704259,-0.06204816728137124,full_worst_inl_block024
full_worst_inl,fs,1.62,85,20,,31,0.2845466265746,-0.08009085271772116,full_worst_inl_block024
full_worst_inl,fs,1.62,85,20,,32,0.287575947494459,0.027775083687881112,full_worst_inl_block032
full_worst_inl,fs,1.62,85,20,,33,0.29026296544774,0.01045593517348818,full_worst_inl_block032
full_worst_inl,fs,1.62,85,20,,34,0.29296125742497003,-0.0027401417252446796,full_worst_inl_block032
full_worst_inl,fs,1.62,85,20,,35,0.29564903450084,-0.01978166826422775,full_worst_inl_block032
full_worst_inl,fs,1.62,85,20,,36,0.29837047059599997,-0.024513610605733253,full_worst_inl_block032
full_worst_inl,fs,1.62,85,20,,37,0.30105937555718,-0.04114265337416815,full_worst_inl_block032
full_worst_inl,fs,1.62,85,20,,38,0.30375973161307,-0.053583867220104206,full_worst_inl_block032
full_worst_inl,fs,1.62,85,20,,39,0.30644961456573,-0.06985524453302869,full_worst_inl_block032
full_worst_inl,fs,1.62,85,20,,40,0.309217461657117,-0.057614022540073105,full_worst_inl_block040
full_worst_inl,fs,1.62,85,20,,41,0.311908471539675,-0.07347326549029683,full_worst_inl_block040
full_worst_inl,fs,1.62,85,20,,42,0.3146107409253,-0.08521474731884789,full_worst_inl_block040
full_worst_inl,fs,1.62,85,20,,43,0.31730240648928,-0.10083419820617223,full_worst_inl_block040
full_worst_inl,fs,1.62,85,20,,44,0.32002768375167,-0.10416137081782446,full_worst_inl_block040
full_worst_inl,fs,1.62,85,20,,45,0.32272025371612,-0.11945006953325789,full_worst_inl_block040
full_worst_inl,fs,1.62,85,20,,46,0.32542417148744,-0.1305887131648019,full_worst_inl_block040
full_worst_inl,fs,1.62,85,20,,47,0.32811744949208,-0.14561847146788004,full_worst_inl_block040
full_worst_inl,fs,1.62,85,20,,48,0.330977516502616,-0.09965110761472472,full_worst_inl_block048
full_worst_inl,fs,1.62,85,20,,49,0.333671822595448,-0.1143048793790261,full_worst_inl_block048
full_worst_inl,fs,1.62,85,20,,50,0.33637712156224,-0.12493840009509785,full_worst_inl_block048
full_worst_inl,fs,1.62,85,20,,51,0.33907159837214,-0.13952973818880263,full_worst_inl_block048
full_worst_inl,fs,1.62,85,20,,52,0.3417995575432,-0.14187609848684296,full_worst_inl_block048
full_worst_inl,fs,1.62,85,20,,53,0.34449462744984,-0.15625053262994015,full_worst_inl_block048
full_worst_inl,fs,1.62,85,20,,54,0.34720093144921,-0.16651649857463116,full_worst_inl_block048
full_worst_inl,fs,1.62,85,20,,55,0.34989648986464,-0.1807122780745171,full_worst_inl_block048
full_worst_inl,fs,1.62,85,20,,56,0.352669909409086,-0.16643313039141716,full_worst_inl_block056
full_worst_inl,fs,1.62,85,20,,57,0.355366131453137,-0.18038621142417405,full_worst_inl_block056
full_worst_inl,fs,1.62,85,20,,58,0.35807338660161,-0.1903043285540613,full_worst_inl_block056
full_worst_inl,fs,1.62,85,20,,59,0.36076980743171,-0.20418471068891467,full_worst_inl_block056
full_worst_inl,fs,1.62,85,20,,60,0.36349968543864,-0.20582932529738482,full_worst_inl_block056
full_worst_inl,fs,1.62,85,20,,61,0.36619660940405996,-0.2195257036580805,full_worst_inl_block056
full_worst_inl,fs,1.62,85,20,,62,0.36890469852796,-0.22913882406034045,full_worst_inl_block056
full_worst_inl,fs,1.62,85,20,,63,0.37160197447637,-0.2427064772132529,full_worst_inl_block056
full_worst_inl,fs,1.62,85,20,,64,0.37500181041623304,0.0006620950795114108,full_worst_inl_block064
full_worst_inl,fs,1.62,85,20,,65,0.37770010044755803,-0.012534693464496222,full_worst_inl_block064
full_worst_inl,fs,1.62,85,20,,66,0.38040916545117004,-0.02179092071496517,full_worst_inl_block064
full_worst_inl,fs,1.62,85,20,,67,0.38310715329636,-0.0350982230454682,full_worst_inl_block064
full_worst_inl,fs,1.62,85,20,,68,0.38583844033104,-0.036227536076804005,full_worst_inl_block064
full_worst_inl,fs,1.62,85,20,,69,0.388536602287,-0.04947116361143296,full_worst_inl_block064
full_worst_inl,fs,1.62,85,20,,70,0.39124582243122,-0.05867065372525206,full_worst_inl_block064
full_worst_inl,fs,1.62,85,20,,71,0.39394411033158,-0.07186822159360824,full_worst_inl_block064
full_worst_inl,fs,1.62,85,20,,72,0.396720186306116,-0.05661757947757045,full_worst_inl_block072
full_worst_inl,fs,1.62,85,20,,73,0.399418843351152,-0.06968014586440015,full_worst_inl_block072
full_worst_inl,fs,1.62,85,20,,74,0.40212841235450003,-0.0787520532114172,full_worst_inl_block072
full_worst_inl,fs,1.62,85,20,,75,0.40482701330362,-0.0918351346761272,full_worst_inl_block072
full_worst_inl,fs,1.62,85,20,,76,0.40755898610409996,-0.092713653357736,full_worst_inl_block072
full_worst_inl,fs,1.62,85,20,,77,0.4102578723587,-0.10569239453256989,full_worst_inl_block072
full_worst_inl,fs,1.62,85,20,,78,0.41296783704738,-0.11461959410102704,full_worst_inl_block072
full_worst_inl,fs,1.62,85,20,,79,0.41566687921002,-0.12754131747840347,full_worst_inl_block072
full_worst_inl,fs,1.62,85,20,,80,0.41853277728143,-0.07944145136274221,full_worst_inl_block080
full_worst_inl,fs,1.62,85,20,,81,0.42123228239929,-0.09219386540252117,full_worst_inl_block080
full_worst_inl,fs,1.62,85,20,,82,0.4239426351546,-0.10097914346055908,full_worst_inl_block080
full_worst_inl,fs,1.62,85,20,,83,0.42664188316034996,-0.11382558707201237,full_worst_inl_block080
full_worst_inl,fs,1.62,85,20,,84,0.42937447608824997,-0.11447731629715464,full_worst_inl_block080
full_worst_inl,fs,1.62,85,20,,85,0.43207392808865003,-0.12724915615083077,full_worst_inl_block080
full_worst_inl,fs,1.62,85,20,,86,0.43478444216715,-0.13597543601371903,full_worst_inl_block080
full_worst_inl,fs,1.62,85,20,,87,0.43748401318015,-0.14870375125941646,full_worst_inl_block080
full_worst_inl,fs,1.62,85,20,,88,0.44026138491198397,-0.13297923218871688,full_worst_inl_block088
full_worst_inl,fs,1.62,85,20,,89,0.442961274891096,-0.14559089697060912,full_worst_inl_block088
full_worst_inl,fs,1.62,85,20,,90,0.4456720561408,-0.1542194685074045,full_worst_inl_block088
full_worst_inl,fs,1.62,85,20,,91,0.44837184892284004,-0.1668666796470778,full_worst_inl_block088
full_worst_inl,fs,1.62,85,20,,92,0.45110501091252,-0.1673102948498289,full_worst_inl_block088
full_worst_inl,fs,1.62,85,20,,93,0.45380502015929997,-0.17987834174172285,full_worst_inl_block088
full_worst_inl,fs,1.62,85,20,,94,0.4565160988898,-0.18839812030171696,full_worst_inl_block088
full_worst_inl,fs,1.62,85,20,,95,0.45921620796415996,-0.20092965882150388,full_worst_inl_block088
full_worst_inl,fs,1.62,85,20,,96,0.462261706961844,-0.08714716823990086,full_worst_inl_block096
full_worst_inl,fs,1.62,85,20,,97,0.464962429959016,-0.09945418641700193,full_worst_inl_block096
full_worst_inl,fs,1.62,85,20,,98,0.46767383953007996,-0.10785297185646772,full_worst_inl_block096
full_worst_inl,fs,1.62,85,20,,99,0.47037410073182,-0.12032887522011039,full_worst_inl_block096
full_worst_inl,fs,1.62,85,20,,100,0.47310761297104004,-0.12064439916250487,full_worst_inl_block096
full_worst_inl,fs,1.62,85,20,,101,0.47580791996456,-0.13310355581804093,full_worst_inl_block096
full_worst_inl,fs,1.62,85,20,,102,0.47851922294676,-0.14154132232775396,full_worst_inl_block096
full_worst_inl,fs,1.62,85,20,,103,0.48121953470737,-0.15399873559039587,full_worst_inl_block096
full_worst_inl,fs,1.62,85,20,,104,0.483997631710217,-0.13800897454921873,full_worst_inl_block104
full_worst_inl,fs,1.62,85,20,,105,0.48669817570029,-0.15038145817966,full_worst_inl_block104
full_worst_inl,fs,1.62,85,20,,106,0.48940960170938,-0.15877423199814952,full_worst_inl_block104
full_worst_inl,fs,1.62,85,20,,107,0.49210999474979,-0.17120192007679083,full_worst_inl_block104
full_worst_inl,fs,1.62,85,20,,108,0.49484373068166,-0.1714356364214861,full_worst_inl_block104
full_worst_inl,fs,1.62,85,20,,109,0.49754430168295,-0.1837982416640013,full_worst_inl_block104
full_worst_inl,fs,1.62,85,20,,110,0.50025591651333,-0.19212196083929356,full_worst_inl_block104
full_worst_inl,fs,1.62,85,20,,111,0.50295653171697,-0.2044684006509507,full_worst_inl_block104
full_worst_inl,fs,1.62,85,20,,112,0.5058240635014261,-0.15577106233560503,full_worst_inl_block112
full_worst_inl,fs,1.62,85,20,,113,0.508525091474,-0.16796654665142796,full_worst_inl_block112
full_worst_inl,fs,1.62,85,20,,114,0.5112368654653,-0.17623205840456943,full_worst_inl_block112
full_worst_inl,fs,1.62,85,20,,115,0.51393753047796,-0.188560282346048,full_worst_inl_block112
full_worst_inl,fs,1.62,85,20,,116,0.5166714864974,-0.18871350952224475,full_worst_inl_block112
full_worst_inl,fs,1.62,85,20,,117,0.51937224851814,-0.20100625622307333,full_worst_inl_block112
full_worst_inl,fs,1.62,85,20,,118,0.52208403051476,-0.2092688403163428,full_worst_inl_block112
full_worst_inl,fs,1.62,85,20,,119,0.5247848285373,-0.22154842064456456,full_worst_inl_block112
full_worst_inl,fs,1.62,85,20,,120,0.5275634235301581,-0.205376537542179,full_worst_inl_block120
full_worst_inl,fs,1.62,85,20,,121,0.530264470552394,-0.2175650551244449,full_worst_inl_block120
full_worst_inl,fs,1.62,85,20,,122,0.5329763832902601,-0.2257798252763012,full_worst_inl_block120
full_worst_inl,fs,1.62,85,20,,123,0.53567725433229,-0.23803270133397195,full_worst_inl_block120
full_worst_inl,fs,1.62,85,20,,124,0.5384114670517,-0.23809204966401662,full_worst_inl_block120
full_worst_inl,fs,1.62,85,20,,125,0.5411125028715,-0.2502846641371142,full_worst_inl_block120
full_worst_inl,fs,1.62,85,20,,126,0.54382456595754,-0.2584444498138997,full_worst_inl_block120
full_worst_inl,fs,1.62,85,20,,127,0.5465256420755,-0.27062232667426706,full_worst_inl_block120
full_worst_inl,fs,1.62,85,20,,128,0.550647255335508,0.2367105227000366,full_worst_inl_block128
full_worst_inl,fs,1.62,85,20,,129,0.553349227398312,0.22486030566840653,full_worst_inl_block128
full_worst_inl,fs,1.62,85,20,,130,0.55606181946094,0.21689397428665255,full_worst_inl_block128
full_worst_inl,fs,1.62,85,20,,131,0.55876319434486,0.2048253604059726,full_worst_inl_block128
full_worst_inl,fs,1.62,85,20,,132,0.56149775464526,0.20489312740936938,full_worst_inl_block128
full_worst_inl,fs,1.62,85,20,,133,0.56419903136329,0.1927886128603161,full_worst_inl_block128
full_worst_inl,fs,1.62,85,20,,134,0.5669112534506,0.18468697621943064,full_worst_inl_block128
full_worst_inl,fs,1.62,85,20,,135,0.56961239908434,0.1725345222729402,full_worst_inl_block128
full_worst_inl,fs,1.62,85,20,,136,0.572391307437938,0.18882100587449357,full_worst_inl_block136
full_worst_inl,fs,1.62,85,20,,137,0.575092591927735,0.17671933357166025,full_worst_inl_block136
full_worst_inl,fs,1.62,85,20,,138,0.577804703,0.1685770971428318,full_worst_inl_block136
full_worst_inl,fs,1.62,85,20,,139,0.580505735,0.15638308571429402,full_worst_inl_block136
full_worst_inl,fs,1.62,85,20,,140,0.5832400707657199,0.15636873717759112,full_worst_inl_block136
full_worst_inl,fs,1.62,85,20,,141,0.58594119472911,0.14420835807454427,full_worst_inl_block136
full_worst_inl,fs,1.62,85,20,,142,0.588653311,0.13606802285713523,full_worst_inl_block136
full_worst_inl,fs,1.62,85,20,,143,0.591354421,0.12390253714284785,full_worst_inl_block136
full_worst_inl,fs,1.62,85,20,,144,0.594222424,0.17277220571429552,full_worst_inl_block144
full_worst_inl,fs,1.62,85,20,,145,0.596923854,0.16072374857145633,full_worst_inl_block144
full_worst_inl,fs,1.62,85,20,,146,0.599636017,0.15260050285718307,full_worst_inl_block144
full_worst_inl,fs,1.62,85,20,,147,0.602337047,0.14040576000001337,full_worst_inl_block144
full_worst_inl,fs,1.62,85,20,,148,0.605071342,0.14037650285713102,full_worst_inl_block144
full_worst_inl,fs,1.62,85,20,,149,0.607772415,0.1281974857142895,full_worst_inl_block144
full_worst_inl,fs,1.62,85,20,,150,0.610484486,0.12004059428574823,full_worst_inl_block144
full_worst_inl,fs,1.62,85,20,,151,0.613185524,0.10784877714290328,full_worst_inl_block144
full_worst_inl,fs,1.62,85,20,,152,0.615964406,0.12412562285715825,full_worst_inl_block152
full_worst_inl,fs,1.62,85,20,,153,0.618665684151083,0.11202163239606275,full_worst_inl_block152
full_worst_inl,fs,1.62,85,20,,154,0.621377809,0.10388443428569515,full_worst_inl_block152
full_worst_inl,fs,1.62,85,20,,155,0.624078875,0.09170285714288542,full_worst_inl_block152
full_worst_inl,fs,1.62,85,20,,156,0.626813266697,0.09170896347431576,full_worst_inl_block152
full_worst_inl,fs,1.62,85,20,,157,0.62951446374058,0.07957531084067732,full_worst_inl_block152
full_worst_inl,fs,1.62,85,20,,158,0.63222667789456,0.07147077286763956,full_worst_inl_block152
full_worst_inl,fs,1.62,85,20,,159,0.6349278978388201,0.05934549533991783,full_worst_inl_block152
full_worst_inl,fs,1.62,85,20,,160,0.637974560896386,0.1735536992497698,full_worst_inl_block160
full_worst_inl,fs,1.62,85,20,,161,0.640676264214346,0.16160519838941972,full_worst_inl_block160
full_worst_inl,fs,1.62,85,20,,162,0.64338865232568,0.15356427910583242,full_worst_inl_block160
full_worst_inl,fs,1.62,85,20,,163,0.64608985639026,0.1414331941521953,full_worst_inl_block160
full_worst_inl,fs,1.62,85,20,,164,0.64882429140468,0.1414551422829748,full_worst_inl_block160
full_worst_inl,fs,1.62,85,20,,165,0.6515254764152,0.12931708898743668,full_worst_inl_block160
full_worst_inl,fs,1.62,85,20,,166,0.65423762642256,0.1211890916791195,full_worst_inl_block160
full_worst_inl,fs,1.62,85,20,,167,0.65693875446904,0.10903020582036659,full_worst_inl_block160
full_worst_inl,fs,1.62,85,20,,168,0.6597176664412779,0.12531801281020147,full_worst_inl_block168
full_worst_inl,fs,1.62,85,20,,169,0.662418963482736,0.11322093082916192,full_worst_inl_block168
full_worst_inl,fs,1.62,85,20,,170,0.665131126465,0.10509767862860794,full_worst_inl_block168
full_worst_inl,fs,1.62,85,20,,171,0.66783221264938,0.09292348320185187,full_worst_inl_block168
full_worst_inl,fs,1.62,85,20,,172,0.67056665218199,0.09294708369919494,full_worst_inl_block168
full_worst_inl,fs,1.62,85,20,,173,0.6732678784777599,0.08082412900932923,full_worst_inl_block168
full_worst_inl,fs,1.62,85,20,,174,0.67598012844904,0.0727326899346232,full_worst_inl_block168
full_worst_inl,fs,1.62,85,20,,175,0.67868135766232,0.060610802219887974,full_worst_inl_block168
full_worst_inl,fs,1.62,85,20,,176,0.681549508173767,0.1095344178348309,full_worst_inl_block176
full_worst_inl,fs,1.62,85,20,,177,0.684251100196735,0.09754521480593732,full_worst_inl_block176
full_worst_inl,fs,1.62,85,20,,178,0.6869634191834,0.08947901564340555,full_worst_inl_block176
full_worst_inl,fs,1.62,85,20,,179,0.68966459617437,0.07733802948389927,full_worst_inl_block176
full_worst_inl,fs,1.62,85,20,,180,0.6923990672299,0.0773731583634328,full_worst_inl_block176
full_worst_inl,fs,1.62,85,20,,181,0.6951003521923099,0.06527165890194705,full_worst_inl_block176
full_worst_inl,fs,1.62,85,20,,182,0.69781260219879,0.05718023270036708,full_worst_inl_block176
full_worst_inl,fs,1.62,85,20,,183,0.70051388819585,0.04507911162513827,full_worst_inl_block176
full_worst_inl,fs,1.62,85,20,,184,0.7032929289076241,0.06141400050251735,full_worst_inl_block184
full_worst_inl,fs,1.62,85,20,,185,0.705994400479696,0.04938074686025727,full_worst_inl_block184
full_worst_inl,fs,1.62,85,20,,186,0.70870671495568,0.04131289807730809,full_worst_inl_block184
full_worst_inl,fs,1.62,85,20,,187,0.7114079968442,0.02921027445024395,full_worst_inl_block184
full_worst_inl,fs,1.62,85,20,,188,0.7141425999052401,0.02929367963064676,full_worst_inl_block184
full_worst_inl,fs,1.62,85,20,,189,0.71684400088692,0.017234610073606813,full_worst_inl_block184
full_worst_inl,fs,1.62,85,20,,190,0.71955641634812,0.009203693026742192,full_worst_inl_block184
full_worst_inl,fs,1.62,85,20,,191,0.72225783633009,-0.002848427852768509,full_worst_inl_block184
full_worst_inl,fs,1.62,85,20,,192,0.7256626576163719,0.24234335684464475,full_worst_inl_block192
full_worst_inl,fs,1.62,85,20,,193,0.728364749555308,0.23053698022692973,full_worst_inl_block192
full_worst_inl,fs,1.62,85,20,,194,0.7310775339598,0.22264099101257834,full_worst_inl_block192
full_worst_inl,fs,1.62,85,20,,195,0.73377905403536,0.21062547578882881,full_worst_inl_block192
full_worst_inl,fs,1.62,85,20,,196,0.73651376960435,0.21075002673374651,full_worst_inl_block192
full_worst_inl,fs,1.62,85,20,,197,0.73921520409328,0.1987032112567379,full_worst_inl_block192
full_worst_inl,fs,1.62,85,20,,198,0.74192758324384,0.19065901489004286,full_worst_inl_block192
full_worst_inl,fs,1.62,85,20,,199,0.74462890594636,0.17857131752594213,full_worst_inl_block192
full_worst_inl,fs,1.62,85,20,,200,0.74740799541265,0.19492403662630817,full_worst_inl_block200
full_worst_inl,fs,1.62,85,20,,201,0.75010946512137,0.18289010152963264,full_worst_inl_block200
full_worst_inl,fs,1.62,85,20,,202,0.75282176653845,0.1748174769189096,full_worst_inl_block200
full_worst_inl,fs,1.62,85,20,,203,0.7555229855753,0.16269186753825288,full_worst_inl_block200
full_worst_inl,fs,1.62,85,20,,204,0.7582575164091,0.16274885818514156,full_worst_inl_block200
full_worst_inl,fs,1.62,85,20,,205,0.7609588465581,0.15066388410515077,full_worst_inl_block200
full_worst_inl,fs,1.62,85,20,,206,0.76367116937965,0.14259908741487543,full_worst_inl_block200
full_worst_inl,fs,1.62,85,20,,207,0.76637248940004,0.13051040915753123,full_worst_inl_block200
full_worst_inl,fs,1.62,85,20,,208,0.769240710279175,0.1794597592411102,full_worst_inl_block208
full_worst_inl,fs,1.62,85,20,,209,0.7719423286703859,0.16748019945542378,full_worst_inl_block208
full_worst_inl,fs,1.62,85,20,,210,0.77465471417995,0.15943832866745264,full_worst_inl_block208
full_worst_inl,fs,1.62,85,20,,211,0.77735596030115,0.14732262442058594,full_worst_inl_block208
full_worst_inl,fs,1.62,85,20,,212,0.78009047523012,0.14737379844392862,full_worst_inl_block208
full_worst_inl,fs,1.62,85,20,,213,0.7827917763992001,0.13527822599314732,full_worst_inl_block208
full_worst_inl,fs,1.62,85,20,,214,0.78550407402782,0.1272042158884444,full_worst_inl_block208
full_worst_inl,fs,1.62,85,20,,215,0.7882053733293,0.11510796042971704,full_worst_inl_block208
full_worst_inl,fs,1.62,85,20,,216,0.7909844584528399,0.13145909132435107,full_worst_inl_block216
full_worst_inl,fs,1.62,85,20,,217,0.79368595946011,0.11943660255456377,full_worst_inl_block216
full_worst_inl,fs,1.62,85,20,,218,0.79639830231058,0.11137913072636658,full_worst_inl_block216
full_worst_inl,fs,1.62,85,20,,219,0.79909960730554,0.09928495745461825,full_worst_inl_block216
full_worst_inl,fs,1.62,85,20,,220,0.80183424198547,0.09937992611477448,full_worst_inl_block216
full_worst_inl,fs,1.62,85,20,,221,0.80453566604259,0.08732929557579286,full_worst_inl_block216
full_worst_inl,fs,1.62,85,20,,222,0.80724811508655,0.07931066022406089,full_worst_inl_block216
full_worst_inl,fs,1.62,85,20,,223,0.80994955001725,0.06726400630855421,full_worst_inl_block216
full_worst_inl,fs,1.62,85,20,,224,0.812996493139452,0.18157463385672862,full_worst_inl_block224
full_worst_inl,fs,1.62,85,20,,225,0.815698453921098,0.16972029114441511,full_worst_inl_block224
full_worst_inl,fs,1.62,85,20,,226,0.8184110687516,0.16176228629944944,full_worst_inl_block224
full_worst_inl,fs,1.62,85,20,,227,0.8211124930008701,0.14971172603253535,full_worst_inl_block224
full_worst_inl,fs,1.62,85,20,,228,0.82384715063088,0.14981508786466488,full_worst_inl_block224
full_worst_inl,fs,1.62,85,20,,229,0.82654854897322,0.1377550530633341,full_worst_inl_block224
full_worst_inl,fs,1.62,85,20,,230,0.82926091671328,0.12970668371382643,full_worst_inl_block224
full_worst_inl,fs,1.62,85,20,,231,0.83196225967112,0.11762639400964353,full_worst_inl_block224
full_worst_inl,fs,1.62,85,20,,232,0.834741381651096,0.13399100382944848,full_worst_inl_block232
full_worst_inl,fs,1.62,85,20,,233,0.837442893939676,0.12197264079576696,full_worst_inl_block232
full_worst_inl,fs,1.62,85,20,,234,0.84015526744928,0.11392638145098642,full_worst_inl_block232
full_worst_inl,fs,1.62,85,20,,235,0.84285656959864,0.10183116750263416,full_worst_inl_block232
full_worst_inl,fs,1.62,85,20,,236,0.8455912036212,0.10192589575317308,full_worst_inl_block232
full_worst_inl,fs,1.62,85,20,,237,0.8482926326136,0.08987707011661834,full_worst_inl_block232
full_worst_inl,fs,1.62,85,20,,238,0.85100509332862,0.08186270303813867,full_worst_inl_block232
full_worst_inl,fs,1.62,85,20,,239,0.853706521558,0.06981359835427677,full_worst_inl_block232
full_worst_inl,fs,1.62,85,20,,240,0.85657489130513,0.11881739159040958,full_worst_inl_block240
full_worst_inl,fs,1.62,85,20,,241,0.859276687343443,0.1069027998877508,full_worst_inl_block240
full_worst_inl,fs,1.62,85,20,,242,0.86198921454176,0.09891274670085945,full_worst_inl_block240
full_worst_inl,fs,1.62,85,20,,243,0.864690606596,0.08685041225143258,full_worst_inl_block240
full_worst_inl,fs,1.62,85,20,,244,0.8674252775956,0.08695866353369704,full_worst_inl_block240
full_worst_inl,fs,1.62,85,20,,245,0.87012672522647,0.07491665425192195,full_worst_inl_block240
full_worst_inl,fs,1.62,85,20,,246,0.87283918028272,0.06690021768049194,full_worst_inl_block240
full_worst_inl,fs,1.62,85,20,,247,0.87554063632457,0.054861284414227746,full_worst_inl_block240
full_worst_inl,fs,1.62,85,20,,248,0.87831988434806,0.07127199014762807,full_worst_inl_block248
full_worst_inl,fs,1.62,85,20,,249,0.8810215551376319,0.05931159319110131,full_worst_inl_block248
full_worst_inl,fs,1.62,85,20,,250,0.8837340712757901,0.05131749514609803,full_worst_inl_block248
full_worst_inl,fs,1.62,85,20,,251,0.88643553120856,0.03927998484483299,full_worst_inl_block248
full_worst_inl,fs,1.62,85,20,,252,0.8891703239045,0.03943274221719711,full_worst_inl_block248
full_worst_inl,fs,1.62,85,20,,253,0.89187191929127,0.027444769378714033,full_worst_inl_block248
full_worst_inl,fs,1.62,85,20,,254,0.89458453432745,0.01948683975314225,full_worst_inl_block248
full_worst_inl,fs,1.62,85,20,,255,0.8972861470186,0.007505195373726435,full_worst_inl_block248
full_worst_dnl,fs,1.98,85,20,,0,0.20081049638644802,0.29641010704384235,full_worst_dnl_block000
full_worst_dnl,fs,1.98,85,20,,1,0.203471447506402,0.26955794519843884,full_worst_dnl_block000
full_worst_dnl,fs,1.98,85,20,,2,0.20614519454282001,0.24738543280274633,full_worst_dnl_block000
full_worst_dnl,fs,1.98,85,20,,3,0.20880960975056,0.22180013734765477,full_worst_dnl_block000
full_worst_dnl,fs,1.98,85,20,,4,0.21150901854251,0.2090124955465151,full_worst_dnl_block000
full_worst_dnl,fs,1.98,85,20,,5,0.21417673982000002,0.18463627702857366,full_worst_dnl_block000
full_worst_dnl,fs,1.98,85,20,,6,0.21685705716908998,0.1648666218386146,full_worst_dnl_block000
full_worst_dnl,fs,1.98,85,20,,7,0.21952773857726,0.14157296539793712,full_worst_dnl_block000
full_worst_dnl,fs,1.98,85,20,,8,0.222277810888311,0.14731369629658836,full_worst_dnl_block008
full_worst_dnl,fs,1.98,85,20,,9,0.224951206981811,0.12501283906231161,full_worst_dnl_block008
full_worst_dnl,fs,1.98,85,20,,10,0.22763693100403,0.10722048147382932,full_worst_dnl_block008
full_worst_dnl,fs,1.98,85,20,,11,0.23031266401117,0.08577426694216683,full_worst_dnl_block008
full_worst_dnl,fs,1.98,85,20,,12,0.23302302091522,0.076990506137601,full_worst_dnl_block008
full_worst_dnl,fs,1.98,85,20,,13,0.23570095134834,0.056347921678617956,full_worst_dnl_block008
full_worst_dnl,fs,1.98,85,20,,14,0.23839107908155,0.04016606410971235,full_worst_dnl_block008
full_worst_dnl,fs,1.98,85,20,,15,0.2410710207728,0.020259025481134278,full_worst_dnl_block008
full_worst_dnl,fs,1.98,85,20,,16,0.24391977622702402,0.06208959159734613,full_worst_dnl_block016
full_worst_dnl,fs,1.98,85,20,,17,0.24660161323112,0.04287569595245852,full_worst_dnl_block016
full_worst_dnl,fs,1.98,85,20,,18,0.24929528694176,0.027990652986511173,full_worst_dnl_block016
full_worst_dnl,fs,1.98,85,20,,19,0.2519785777368,0.009308429458282523,full_worst_dnl_block016
full_worst_dnl,fs,1.98,85,20,,20,0.25469612726512,0.0031551141010157024,full_worst_dnl_block016
full_worst_dnl,fs,1.98,85,20,,21,0.25738085234336,-0.015002571571207974,full_worst_dnl_block016
full_worst_dnl,fs,1.98,85,20,,22,0.26007741930559997,-0.028829511094861413,full_worst_dnl_block016
full_worst_dnl,fs,1.98,85,20,,23,0.26276351634976,-0.046485449230634204,full_worst_dnl_block016
full_worst_dnl,fs,1.98,85,20,,24,0.26552863838471996,-0.035240819302414045,full_worst_dnl_block024
full_worst_dnl,fs,1.98,85,20,,25,0.26821594734563203,-0.05245354216886053,full_worst_dnl_block024
full_worst_dnl,fs,1.98,85,20,,26,0.27091492349775,-0.06539940653715755,full_worst_dnl_block024
full_worst_dnl,fs,1.98,85,20,,27,0.27360327935039996,-0.08222926613943368,full_worst_dnl_block024
full_worst_dnl,fs,1.98,85,20,,28,0.27632576939504,-0.08657576409965324,full_worst_dnl_block024
full_worst_dnl,fs,1.98,85,20,,29,0.27901516829136,-0.10302416773119003,full_worst_dnl_block024
full_worst_dnl,fs,1.98,85,20,,30,0.28171617494835,-0.11522744746057714,full_worst_dnl_block024
full_worst_dnl,fs,1.98,85,20,,31,0.28440650471269996,-0.13133541935545168,full_worst_dnl_block024
full_worst_dnl,fs,1.98,85,20,,32,0.287446040228848,-0.01973385916414827,full_worst_dnl_block032
full_worst_dnl,fs,1.98,85,20,,33,0.29013737351325997,-0.035474829436351135,full_worst_dnl_block032
full_worst_dnl,fs,1.98,85,20,,34,0.29284006347808,-0.04706249944502718,full_worst_dnl_block032
full_worst_dnl,fs,1.98,85,20,,35,0.29553189525865,-0.0626211625508688,full_worst_dnl_block032
full_worst_dnl,fs,1.98,85,20,,36,0.2982576576448,-0.0657709184731508,full_worst_dnl_block032
full_worst_dnl,fs,1.98,85,20,,37,0.30095015964424,-0.08108447296365284,full_worst_dnl_block032
full_worst_dnl,fs,1.98,85,20,,38,0.3036541373551,-0.09220119584914041,full_worst_dnl_block032
full_worst_dnl,fs,1.98,85,20,,39,0.30634727095525,-0.10728376493714467,full_worst_dnl_block032
full_worst_dnl,fs,1.98,85,20,,40,0.30911929864536003,-0.09351363826833596,full_worst_dnl_block040
full_worst_dnl,fs,1.98,85,20,,41,0.311813006727428,-0.10838611111205004,full_worst_dnl_block040
full_worst_dnl,fs,1.98,85,20,,42,0.31451812019186,-0.11908747269119756,full_worst_dnl_block040
full_worst_dnl,fs,1.98,85,20,,43,0.3172122967141,-0.13378863027199372,full_worst_dnl_block040
full_worst_dnl,fs,1.98,85,20,,44,0.31994041343154,-0.13607737360822675,full_worst_dnl_block040
full_worst_dnl,fs,1.98,85,20,,45,0.32263512342196,-0.15058343425463608,full_worst_dnl_block040
full_worst_dnl,fs,1.98,85,20,,46,0.32534126379096,-0.16090924216320399,full_worst_dnl_block040
full_worst_dnl,fs,1.98,85,20,,47,0.32803648779236,-0.17522732165119237,full_worst_dnl_block040
full_worst_dnl,fs,1.98,85,20,,48,0.330900656690898,-0.12775983875729124,full_worst_dnl_block048
full_worst_dnl,fs,1.98,85,20,,49,0.333596333643694,-0.14191226744904792,full_worst_dnl_block048
full_worst_dnl,fs,1.98,85,20,,50,0.33630327778984004,-0.15194412257279008,full_worst_dnl_block048
full_worst_dnl,fs,1.98,85,20,,51,0.33899916579992,-0.16601936460069008,full_worst_dnl_block048
full_worst_dnl,fs,1.98,85,20,,52,0.34172892756212003,-0.16770649156752274,full_worst_dnl_block048
full_worst_dnl,fs,1.98,85,20,,53,0.34442519768074004,-0.18164199104363987,full_worst_dnl_block048
full_worst_dnl,fs,1.98,85,20,,54,0.34713283290124,-0.19142111040366672,full_worst_dnl_block048
full_worst_dnl,fs,1.98,85,20,,55,0.3498294589071,-0.20522645683200835,full_worst_dnl_block048
full_worst_dnl,fs,1.98,85,20,,56,0.35260490199738,-0.19020726952961453,full_worst_dnl_block056
full_worst_dnl,fs,1.98,85,20,,57,0.355301865925875,-0.2038890328228555,full_worst_dnl_block056
full_worst_dnl,fs,1.98,85,20,,58,0.35801012888929,-0.2134385776310767,full_worst_dnl_block056
full_worst_dnl,fs,1.98,85,20,,59,0.36070726467103,-0.22705749173760686,full_worst_dnl_block056
full_worst_dnl,fs,1.98,85,20,,60,0.3634382806558,-0.22828593159315705,full_worst_dnl_block056
full_worst_dnl,fs,1.98,85,20,,61,0.36613575195467,-0.24178214229211548,full_worst_dnl_block056
full_worst_dnl,fs,1.98,85,20,,62,0.36884456889722,-0.251129089016676,full_worst_dnl_block056
full_worst_dnl,fs,1.98,85,20,,63,0.37154233404216,-0.2645178360100431,full_worst_dnl_block056
full_worst_dnl,fs,1.98,85,20,,64,0.37495213000634503,-0.01750674053667467,full_worst_dnl_block064
full_worst_dnl,fs,1.98,85,20,,65,0.37765029599967603,-0.03074889154705472,full_worst_dnl_block064
full_worst_dnl,fs,1.98,85,20,,66,0.38035956928584,-0.03992894689279833,full_worst_dnl_block064
full_worst_dnl,fs,1.98,85,20,,67,0.38305765007588,-0.053202257963878966,full_worst_dnl_block064
full_worst_dnl,fs,1.98,85,20,,68,0.3857894930772,-0.05412824605256463,full_worst_dnl_block064
full_worst_dnl,fs,1.98,85,20,,69,0.38848771216983,-0.06735097789073409,full_worst_dnl_block064
full_worst_dnl,fs,1.98,85,20,,70,0.39119722709256,-0.0764426632923484,full_worst_dnl_block064
full_worst_dnl,fs,1.98,85,20,,71,0.39389558521152,-0.08961455121554504,full_worst_dnl_block064
full_worst_dnl,fs,1.98,85,20,,72,0.396672762194338,-0.07396125464209392,full_worst_dnl_block072
full_worst_dnl,fs,1.98,85,20,,73,0.399371313656515,-0.08706243418879062,full_worst_dnl_block072
full_worst_dnl,fs,1.98,85,20,,74,0.40208109017632,-0.09605844980297565,full_worst_dnl_block072
full_worst_dnl,fs,1.98,85,20,,75,0.40477970724243,-0.10913563705417216,full_worst_dnl_block072
full_worst_dnl,fs,1.98,85,20,,76,0.40751212811563,-0.10985028914104436,full_worst_dnl_block072
full_worst_dnl,fs,1.98,85,20,,77,0.41021092136313,-0.12286304434102899,full_worst_dnl_block072
full_worst_dnl,fs,1.98,85,20,,78,0.41292100653813,-0.13174618034101726,full_worst_dnl_block072
full_worst_dnl,fs,1.98,85,20,,79,0.41561995516983,-0.1447021093193054,full_worst_dnl_block072
full_worst_dnl,fs,1.98,85,20,,80,0.418488000285583,-0.095817038415374,full_worst_dnl_block080
full_worst_dnl,fs,1.98,85,20,,81,0.421187137294383,-0.10870407519707978,full_worst_dnl_block080
full_worst_dnl,fs,1.98,85,20,,82,0.4238974275535,-0.11751220900569999,full_worst_dnl_block080
full_worst_dnl,fs,1.98,85,20,,83,0.42659652926409997,-0.13041215484343688,full_worst_dnl_block080
full_worst_dnl,fs,1.98,85,20,,84,0.42932940727147,-0.13095962643382517,full_worst_dnl_block080
full_worst_dnl,fs,1.98,85,20,,85,0.4320286426995,-0.1438106698971353,full_worst_dnl_block080
full_worst_dnl,fs,1.98,85,20,,86,0.4347391124796,-0.15255315031771896,full_worst_dnl_block080
full_worst_dnl,fs,1.98,85,20,,87,0.4374384714351,-0.16535901802056077,full_worst_dnl_block080
full_worst_dnl,fs,1.98,85,20,,88,0.44021665057757003,-0.1493392173458119,full_worst_dnl_block088
full_worst_dnl,fs,1.98,85,20,,89,0.44291615055813,-0.1620935101696018,full_worst_dnl_block088
full_worst_dnl,fs,1.98,85,20,,90,0.4456268282931,-0.17075993852340537,full_worst_dnl_block088
full_worst_dnl,fs,1.98,85,20,,91,0.4483263644063,-0.1835010171245699,full_worst_dnl_block088
full_worst_dnl,fs,1.98,85,20,,92,0.4510596584145,-0.18389635126855605,full_worst_dnl_block088
full_worst_dnl,fs,1.98,85,20,,93,0.4537593344277,-0.19658626644113855,full_worst_dnl_block088
full_worst_dnl,fs,1.98,85,20,,94,0.4564702455044,-0.2051673583908504,full_worst_dnl_block088
full_worst_dnl,fs,1.98,85,20,,95,0.4591700174235,-0.21782219940571884,full_worst_dnl_block088
full_worst_dnl,fs,1.98,85,20,,96,0.46221976141508,-0.10248725391359619,full_worst_dnl_block096
full_worst_dnl,fs,1.98,85,20,,97,0.46491974240121,-0.1150656361289139,full_worst_dnl_block096
full_worst_dnl,fs,1.98,85,20,,98,0.46763077757542,-0.12360134384640073,full_worst_dnl_block096
full_worst_dnl,fs,1.98,85,20,,99,0.47033058946396,-0.13624156746605617,full_worst_dnl_block096
full_worst_dnl,fs,1.98,85,20,,100,0.47306414147584,-0.13654254597850826,full_worst_dnl_block096
full_worst_dnl,fs,1.98,85,20,,101,0.47576399848214,-0.14916626938878202,full_worst_dnl_block096
full_worst_dnl,fs,1.98,85,20,,102,0.47847508735501,-0.15768233873919665,full_worst_dnl_block096
full_worst_dnl,fs,1.98,85,20,,103,0.48117500951823,-0.17028223333302403,full_worst_dnl_block096
full_worst_dnl,fs,1.98,85,20,,104,0.483953757275075,-0.15405448225828472,full_worst_dnl_block104
full_worst_dnl,fs,1.98,85,20,,105,0.486653773941457,-0.16661981569573722,full_worst_dnl_block104
full_worst_dnl,fs,1.98,85,20,,106,0.48936496651049,-0.17509796187793217,full_worst_dnl_block104
full_worst_dnl,fs,1.98,85,20,,107,0.49206497950274997,-0.18766463899428995,full_worst_dnl_block104
full_worst_dnl,fs,1.98,85,20,,108,0.49479876010496,-0.18788201875748559,full_worst_dnl_block104
full_worst_dnl,fs,1.98,85,20,,109,0.49749887537919996,-0.20041128989258744,full_worst_dnl_block104
full_worst_dnl,fs,1.98,85,20,,110,0.50021023374088,-0.20882880333528778,full_worst_dnl_block104
full_worst_dnl,fs,1.98,85,20,,111,0.5029104269004699,-0.22132959068524577,full_worst_dnl_block104
full_worst_dnl,fs,1.98,85,20,,112,0.5057797275374081,-0.17198535774789597,full_worst_dnl_block112
full_worst_dnl,fs,1.98,85,20,,113,0.508480042009272,-0.1844417794662588,full_worst_dnl_block112
full_worst_dnl,fs,1.98,85,20,,114,0.5111914756008801,-0.19283178024957287,full_worst_dnl_block112
full_worst_dnl,fs,1.98,85,20,,115,0.51389168760728,-0.20532567505187316,full_worst_dnl_block112
full_worst_dnl,fs,1.98,85,20,,116,0.5166256555324,-0.20547454815081373,full_worst_dnl_block112
full_worst_dnl,fs,1.98,85,20,,117,0.51932591662528,-0.21795049132614558,full_worst_dnl_block112
full_worst_dnl,fs,1.98,85,20,,118,0.52203742527688,-0.226313041598181,full_worst_dnl_block112
full_worst_dnl,fs,1.98,85,20,,119,0.52473774961712,-0.2387658543103807,full_worst_dnl_block112
full_worst_dnl,fs,1.98,85,20,,120,0.527516930843229,-0.22237957733336447,full_worst_dnl_block120
full_worst_dnl,fs,1.98,85,20,,121,0.530217358610024,-0.2347945654769238,full_worst_dnl_block120
full_worst_dnl,fs,1.98,85,20,,122,0.5329289576401599,-0.24312406302722628,full_worst_dnl_block120
full_worst_dnl,fs,1.98,85,20,,123,0.53562936601648,-0.2555461425444605,full_worst_dnl_block120
full_worst_dnl,fs,1.98,85,20,,124,0.5383635487,-0.2556164754285614,full_worst_dnl_block120
full_worst_dnl,fs,1.98,85,20,,125,0.5410640491684,-0.26800487555655245,full_worst_dnl_block120
full_worst_dnl,fs,1.98,85,20,,126,0.5437757877655001,-0.27628333147423034,full_worst_dnl_block120
full_worst_dnl,fs,1.98,85,20,,127,0.54647636079938,-0.28864519336959155,full_worst_dnl_block120
full_worst_dnl,fs,1.98,85,20,,128,0.550616340127376,0.22540438944036267,full_worst_dnl_block128
full_worst_dnl,fs,1.98,85,20,,129,0.5533171890573481,0.21314342668728972,full_worst_dnl_block128
full_worst_dnl,fs,1.98,85,20,,130,0.5560290591776901,0.20491307069810158,full_worst_dnl_block128
full_worst_dnl,fs,1.98,85,20,,131,0.55872964520223,0.19255595967272096,full_worst_dnl_block128
full_worst_dnl,fs,1.98,85,20,,132,0.5614639180722,0.1925186092617131,full_worst_dnl_block128
full_worst_dnl,fs,1.98,85,20,,133,0.56416444799024,0.1801409792877605,full_worst_dnl_block128
full_worst_dnl,fs,1.98,85,20,,134,0.56687618066278,0.17186035667383034,full_worst_dnl_block128
full_worst_dnl,fs,1.98,85,20,,135,0.5695766928134199,0.15947622890787932,full_worst_dnl_block128
full_worst_dnl,fs,1.98,85,20,,136,0.572356009902691,0.17591219298416103,full_worst_dnl_block136
full_worst_dnl,fs,1.98,85,20,,137,0.5750565628794161,0.1635429959007492,full_worst_dnl_block136
full_worst_dnl,fs,1.98,85,20,,138,0.57776826766399,0.15525217425919535,full_worst_dnl_block136
full_worst_dnl,fs,1.98,85,20,,139,0.5804687380086,0.14285275743085485,full_worst_dnl_block136
full_worst_dnl,fs,1.98,85,20,,140,0.58320299583638,0.14280990587613882,full_worst_dnl_block136
full_worst_dnl,fs,1.98,85,20,,141,0.58590351606413,0.13042873202473565,full_worst_dnl_block136
full_worst_dnl,fs,1.98,85,20,,142,0.5886152878404,0.12216241020342165,full_worst_dnl_block136
full_worst_dnl,fs,1.98,85,20,,143,0.59131585908304,0.10979989322602739,full_worst_dnl_block136
full_worst_dnl,fs,1.98,85,20,,144,0.594185540739752,0.15928347053789238,full_worst_dnl_block144
full_worst_dnl,fs,1.98,85,20,,145,0.596886211210918,0.14695724285002956,full_worst_dnl_block144
full_worst_dnl,fs,1.98,85,20,,146,0.59959795658798,0.13868126646128434,full_worst_dnl_block144
full_worst_dnl,fs,1.98,85,20,,147,0.6022984732232199,0.12629877877758744,full_worst_dnl_block144
full_worst_dnl,fs,1.98,85,20,,148,0.60503274552905,0.12626122205253817,full_worst_dnl_block144
full_worst_dnl,fs,1.98,85,20,,149,0.60773328147365,0.1138857960777224,full_worst_dnl_block144
full_worst_dnl,fs,1.98,85,20,,150,0.6104450527868499,0.10561930490512493,full_worst_dnl_block144
full_worst_dnl,fs,1.98,85,20,,151,0.6131456377801,0.0932618167223203,full_worst_dnl_block144
full_worst_dnl,fs,1.98,85,20,,152,0.615925060731644,0.10973649614409657,full_worst_dnl_block152
full_worst_dnl,fs,1.98,85,20,,153,0.61862571382371,0.09740391267107336,full_worst_dnl_block152
full_worst_dnl,fs,1.98,85,20,,154,0.62133752034495,0.08915029758173075,full_worst_dnl_block152
full_worst_dnl,fs,1.98,85,20,,155,0.6240381315933501,0.07680241128233385,full_worst_dnl_block152
full_worst_dnl,fs,1.98,85,20,,156,0.62677250050596,0.07680018503683479,full_worst_dnl_block152
full_worst_dnl,fs,1.98,85,20,,157,0.62947317076225,0.06447387876570637,full_worst_dnl_block152
full_worst_dnl,fs,1.98,85,20,,158,0.63218507924876,0.05625755383221077,full_worst_dnl_block152
full_worst_dnl,fs,1.98,85,20,,159,0.63488581129785,0.04395384607087343,full_worst_dnl_block152
full_worst_dnl,fs,1.98,85,20,,160,0.63793660503451,0.15967269833510045,full_worst_dnl_block160
full_worst_dnl,fs,1.98,85,20,,161,0.64063746905793,0.14741725547155837,full_worst_dnl_block160
full_worst_dnl,fs,1.98,85,20,,162,0.64334938007175,0.1392018548114444,full_worst_dnl_block160
full_worst_dnl,fs,1.98,85,20,,163,0.64605003368964,0.1268694636397478,full_worst_dnl_block160
full_worst_dnl,fs,1.98,85,20,,164,0.6487843883344,0.12686201943771333,full_worst_dnl_block160
full_worst_dnl,fs,1.98,85,20,,165,0.65148504064,0.11452914834287803,full_worst_dnl_block160
full_worst_dnl,fs,1.98,85,20,,166,0.6541968984620801,0.10629429470360005,full_worst_dnl_block160
full_worst_dnl,fs,1.98,85,20,,167,0.6568975578834,0.09396402592914553,full_worst_dnl_block160
full_worst_dnl,fs,1.98,85,20,,168,0.659677053195504,0.11046516864143184,full_worst_dnl_block168
full_worst_dnl,fs,1.98,85,20,,169,0.6623777528492281,0.09814961343197735,full_worst_dnl_block168
full_worst_dnl,fs,1.98,85,20,,170,0.6650896253628,0.08992013268117002,full_worst_dnl_block168
full_worst_dnl,fs,1.98,85,20,,171,0.66779027523629,0.07758637212893811,full_worst_dnl_block168
full_worst_dnl,fs,1.98,85,20,,172,0.67052470607909,0.07760679463863036,full_worst_dnl_block168
full_worst_dnl,fs,1.98,85,20,,173,0.67322542501812,0.06529829234101012,full_worst_dnl_block168
full_worst_dnl,fs,1.98,85,20,,174,0.67593738097475,0.05709932790856394,full_worst_dnl_block168
full_worst_dnl,fs,1.98,85,20,,175,0.6786381651776701,0.04481469354792418,full_worst_dnl_block168
full_worst_dnl,fs,1.98,85,20,,176,0.681508045787796,0.09437103096542745,full_worst_dnl_block176
full_worst_dnl,fs,1.98,85,20,,177,0.684208906456362,0.08211436118382869,full_worst_dnl_block176
full_worst_dnl,fs,1.98,85,20,,178,0.68692086295587,0.07391559528956902,full_worst_dnl_block176
full_worst_dnl,fs,1.98,85,20,,179,0.68962157825578,0.061605762113816,full_worst_dnl_block176
full_worst_dnl,fs,1.98,85,20,,180,0.69235604732332,0.06164016395704916,full_worst_dnl_block176
full_worst_dnl,fs,1.98,85,20,,181,0.69505679791888,0.04934323890470946,full_worst_dnl_block176
full_worst_dnl,fs,1.98,85,20,,182,0.69776876793984,0.04114941799863508,full_worst_dnl_block176
full_worst_dnl,fs,1.98,85,20,,183,0.70046957162081,0.028871907039079558,full_worst_dnl_block176
full_worst_dnl,fs,1.98,85,20,,184,0.703249186866028,0.045416911004524864,full_worst_dnl_block184
full_worst_dnl,fs,1.98,85,20,,185,0.70595004393825,0.03315892598858942,full_worst_dnl_block184
full_worst_dnl,fs,1.98,85,20,,186,0.70866206805556,0.02498488889053923,full_worst_dnl_block184
full_worst_dnl,fs,1.98,85,20,,187,0.71136286694248,0.012705624678354916,full_worst_dnl_block184
full_worst_dnl,fs,1.98,85,20,,188,0.7140974449306401,0.012779860348359762,full_worst_dnl_block184
full_worst_dnl,fs,1.98,85,20,,189,0.71679831596851,0.0005269827693561119,full_worst_dnl_block184
full_worst_dnl,fs,1.98,85,20,,190,0.71951042611428,-0.007615592491885894,full_worst_dnl_block184
full_worst_dnl,fs,1.98,85,20,,191,0.72221135393802,-0.019847702666920344,full_worst_dnl_block184
full_worst_dnl,fs,1.98,85,20,,192,0.725625030970543,0.2285827549414827,full_worst_dnl_block192
full_worst_dnl,fs,1.98,85,20,,193,0.72832614995728,0.21642055580522473,full_worst_dnl_block192
full_worst_dnl,fs,1.98,85,20,,194,0.7310382864195,0.20828760484570402,full_worst_dnl_block192
full_worst_dnl,fs,1.98,85,20,,195,0.73373911496873,0.19601918856413444,full_worst_dnl_block192
full_worst_dnl,fs,1.98,85,20,,196,0.7364736827120301,0.19608967754245604,full_worst_dnl_block192
full_worst_dnl,fs,1.98,85,20,,197,0.73917449861891,0.1838166377728661,full_worst_dnl_block192
full_worst_dnl,fs,1.98,85,20,,198,0.74188650818624,0.17563727953919236,full_worst_dnl_block192
full_worst_dnl,fs,1.98,85,20,,199,0.744587313,0.16336018285715326,full_worst_dnl_block192
full_worst_dnl,fs,1.98,85,20,,200,0.7473669164412621,0.17990086994728927,full_worst_dnl_block200
full_worst_dnl,fs,1.98,85,20,,201,0.750067749,0.1676339200000143,full_worst_dnl_block200
full_worst_dnl,fs,1.98,85,20,,202,0.75277973563742,0.15944617597077534,full_worst_dnl_block200
full_worst_dnl,fs,1.98,85,20,,203,0.7554804894872199,0.1471504410404074,full_worst_dnl_block200
full_worst_dnl,fs,1.98,85,20,,204,0.75821501,0.1472036571428654,full_worst_dnl_block200
full_worst_dnl,fs,1.98,85,20,,205,0.760915823,0.1349295542857476,full_worst_dnl_block200
full_worst_dnl,fs,1.98,85,20,,206,0.763627859,0.12675986285716234,full_worst_dnl_block200
full_worst_dnl,fs,1.98,85,20,,207,0.766328706,0.11449819428577258,full_worst_dnl_block200
full_worst_dnl,fs,1.98,85,20,,208,0.76919868,0.1640886857142781,full_worst_dnl_block208
full_worst_dnl,fs,1.98,85,20,,209,0.771899608,0.15185664000000543,full_worst_dnl_block208
full_worst_dnl,fs,1.98,85,20,,210,0.774611623,0.14367926857143434,full_worst_dnl_block208
full_worst_dnl,fs,1.98,85,20,,211,0.777312406,0.1313941942857306,full_worst_dnl_block208
full_worst_dnl,fs,1.98,85,20,,212,0.780046931,0.13144905142861976,full_worst_dnl_block208
full_worst_dnl,fs,1.98,85,20,,213,0.7827477323496,0.1191706878537145,full_worst_dnl_block208
full_worst_dnl,fs,1.98,85,20,,214,0.785459758,0.11099721142857431,full_worst_dnl_block208
full_worst_dnl,fs,1.98,85,20,,215,0.788160597,0.09873261714285979,full_worst_dnl_block208
full_worst_dnl,fs,1.98,85,20,,216,0.790940264604554,0.11529676966550337,full_worst_dnl_block216
full_worst_dnl,fs,1.98,85,20,,217,0.7936411640257379,0.1030542722699173,full_worst_dnl_block216
full_worst_dnl,fs,1.98,85,20,,218,0.79635322158233,0.09489246439496161,full_worst_dnl_block216
full_worst_dnl,fs,1.98,85,20,,219,0.799054061,0.08262802285713633,full_worst_dnl_block216
full_worst_dnl,fs,1.98,85,20,,220,0.80178868142436,0.08271777805167144,full_worst_dnl_block216
full_worst_dnl,fs,1.98,85,20,,221,0.80448958802784,0.07047790732437015,full_worst_dnl_block216
full_worst_dnl,fs,1.98,85,20,,222,0.8072017298232299,0.06234690678127209,full_worst_dnl_block216
full_worst_dnl,fs,1.98,85,20,,223,0.80990268748274,0.05012570797345819,full_worst_dnl_block216
full_worst_dnl,fs,1.98,85,20,,224,0.812953735055846,0.1659373918522533,full_worst_dnl_block224
full_worst_dnl,fs,1.98,85,20,,225,0.815654823570373,0.15376404859357048,full_worst_dnl_block224
full_worst_dnl,fs,1.98,85,20,,226,0.8183669557971,0.14562954865372799,full_worst_dnl_block224
full_worst_dnl,fs,1.98,85,20,,227,0.82106782025278,0.13337426387388568,full_worst_dnl_block224
full_worst_dnl,fs,1.98,85,20,,228,0.82380240815942,0.13345212687357033,full_worst_dnl_block224
full_worst_dnl,fs,1.98,85,20,,229,0.82650326827768,0.12119525583723804,full_worst_dnl_block224
full_worst_dnl,fs,1.98,85,20,,230,0.82921533158635,0.1130355515794333,full_worst_dnl_block224
full_worst_dnl,fs,1.98,85,20,,231,0.83191620315766,0.10078286908712439,full_worst_dnl_block224
full_worst_dnl,fs,1.98,85,20,,232,0.83469589309112,0.11735518760965696,full_worst_dnl_block232
full_worst_dnl,fs,1.98,85,20,,233,0.837396809639108,0.10511895373091258,full_worst_dnl_block232
full_worst_dnl,fs,1.98,85,20,,234,0.8401088782069,0.09696117280912274,full_worst_dnl_block232
full_worst_dnl,fs,1.98,85,20,,235,0.84280973685094,0.08470376262948776,full_worst_dnl_block232
full_worst_dnl,fs,1.98,85,20,,236,0.8455443622266401,0.0847953285998366,full_worst_dnl_block232
full_worst_dnl,fs,1.98,85,20,,237,0.84824527742158,0.07255859989214741,full_worst_dnl_block232
full_worst_dnl,fs,1.98,85,20,,238,0.8509574206365099,0.06442811849504032,full_worst_dnl_block232
full_worst_dnl,fs,1.98,85,20,,239,0.85365837606711,0.05220610454309898,full_worst_dnl_block232
full_worst_dnl,fs,1.98,85,20,,240,0.856528471302567,0.10184093351024819,full_worst_dnl_block240
full_worst_dnl,fs,1.98,85,20,,241,0.859229514196401,0.08965090611241067,full_worst_dnl_block240
full_worst_dnl,fs,1.98,85,20,,242,0.86194165006024,0.08151773631640578,full_worst_dnl_block240
full_worst_dnl,fs,1.98,85,20,,243,0.8646425480726,0.06927472369369525,full_worst_dnl_block240
full_worst_dnl,fs,1.98,85,20,,244,0.8673771900594001,0.06937236458059358,full_worst_dnl_block240
full_worst_dnl,fs,1.98,85,20,,245,0.8700781197487301,0.05714093667843859,full_worst_dnl_block240
full_worst_dnl,fs,1.98,85,20,,246,0.8727902703068801,0.04901314080188156,full_worst_dnl_block240
full_worst_dnl,fs,1.98,85,20,,247,0.8754912318956799,0.03679337899155501,full_worst_dnl_block240
full_worst_dnl,fs,1.98,85,20,,248,0.878271025076336,0.053403456488589594,full_worst_dnl_block248
full_worst_dnl,fs,1.98,85,20,,249,0.880972050400667,0.04120700367248479,full_worst_dnl_block248
full_worst_dnl,fs,1.98,85,20,,250,0.8836842269731999,0.03308872162741799,full_worst_dnl_block248
full_worst_dnl,fs,1.98,85,20,,251,0.88638520017848,0.020873208129858413,full_worst_dnl_block248
full_worst_dnl,fs,1.98,85,20,,252,0.8891199390754799,0.021006290461278762,full_worst_dnl_block248
full_worst_dnl,fs,1.98,85,20,,253,0.89182097636566,0.008814213727086033,full_worst_dnl_block248
full_worst_dnl,fs,1.98,85,20,,254,0.89453323907448,0.0007274329526905734,full_worst_dnl_block248
full_worst_dnl,fs,1.98,85,20,,255,0.8972343023634001,-0.011455135670814798,full_worst_dnl_block248
full_mc_1027,tt,1.8,27,5,1027,0,0.204910396051468,1.7958019845368614,full_mc_1027_block000
full_mc_1027,tt,1.8,27,5,1027,1,0.207596389346036,1.778108103693157,full_mc_1027_block000
full_mc_1027,tt,1.8,27,5,1027,2,0.21029582242359998,1.7653293434879915,full_mc_1027_block000
full_mc_1027,tt,1.8,27,5,1027,3,0.2129823517082,1.7478314818559988,full_mc_1027_block000
full_mc_1027,tt,1.8,27,5,1027,4,0.215708580849,1.7448524247771402,full_mc_1027_block000
full_mc_1027,tt,1.8,27,5,1027,5,0.21839547292140002,1.7274872398262886,full_mc_1027_block000
full_mc_1027,tt,1.8,27,5,1027,6,0.2210957943532,1.7150333634559953,full_mc_1027_block000
full_mc_1027,tt,1.8,27,5,1027,7,0.2237831555942,1.6978397601645718,full_mc_1027_block000
full_mc_1027,tt,1.8,27,5,1027,8,0.22656278569758,1.7143901979721121,full_mc_1027_block008
full_mc_1027,tt,1.8,27,5,1027,9,0.22925033615287999,1.697265793053252,full_mc_1027_block008
full_mc_1027,tt,1.8,27,5,1027,10,0.231951288006,1.6850424707657146,full_mc_1027_block008
full_mc_1027,tt,1.8,27,5,1027,11,0.234639231503,1.6680618068114228,full_mc_1027_block008
full_mc_1027,tt,1.8,27,5,1027,12,0.23736686222501,1.6655953280036533,full_mc_1027_block008
full_mc_1027,tt,1.8,27,5,1027,13,0.24005510525286,1.6487242067602232,full_mc_1027_block008
full_mc_1027,tt,1.8,27,5,1027,14,0.2427567024682,1.6367369026559992,full_mc_1027_block008
full_mc_1027,tt,1.8,27,5,1027,15,0.2454453771472,1.6200236424045655,full_mc_1027_block008
full_mc_1027,tt,1.8,27,5,1027,16,0.24833172877132,1.675603664939881,full_mc_1027_block016
full_mc_1027,tt,1.8,27,5,1027,17,0.251020341093812,1.65886760002267,full_mc_1027_block016
full_mc_1027,tt,1.8,27,5,1027,18,0.25372224667733,1.6469930705663978,full_mc_1027_block016
full_mc_1027,tt,1.8,27,5,1027,19,0.2564111890625,1.6303777142857103,full_mc_1027_block016
full_mc_1027,tt,1.8,27,5,1027,20,0.25913972927276,1.6282438483236612,full_mc_1027_block016
full_mc_1027,tt,1.8,27,5,1027,21,0.26182885945247,1.6116971711890116,full_mc_1027_block016
full_mc_1027,tt,1.8,27,5,1027,22,0.26453130134235997,1.6000187766345115,full_mc_1027_block016
full_mc_1027,tt,1.8,27,5,1027,23,0.26722076366492004,1.5835935688850458,full_mc_1027_block016
full_mc_1027,tt,1.8,27,5,1027,24,0.270002468791994,1.6009028725006709,full_mc_1027_block024
full_mc_1027,tt,1.8,27,5,1027,25,0.272691946680226,1.584483357339792,full_mc_1027_block024
full_mc_1027,tt,1.8,27,5,1027,26,0.27539473657978,1.5729322348909542,full_mc_1027_block024
full_mc_1027,tt,1.8,27,5,1027,27,0.2780844901872,1.5566135541760064,full_mc_1027_block024
full_mc_1027,tt,1.8,27,5,1027,28,0.28081391391586,1.5548028035145276,full_mc_1027_block024
full_mc_1027,tt,1.8,27,5,1027,29,0.28350387186942,1.5385588551021712,full_mc_1027_block024
full_mc_1027,tt,1.8,27,5,1027,30,0.2862071131891,1.5271728234422914,full_mc_1027_block024
full_mc_1027,tt,1.8,27,5,1027,31,0.2888972981209,1.5110118842148423,full_mc_1027_block024
full_mc_1027,tt,1.8,27,5,1027,32,0.291996903425208,1.6445818240760803,full_mc_1027_block032
full_mc_1027,tt,1.8,27,5,1027,33,0.29468688591865,1.6283468502491467,full_mc_1027_block032
full_mc_1027,tt,1.8,27,5,1027,34,0.29739009584069004,1.6169493360237857,full_mc_1027_block032
full_mc_1027,tt,1.8,27,5,1027,35,0.30008027170297996,1.6007850799469534,full_mc_1027_block032
full_mc_1027,tt,1.8,27,5,1027,36,0.30281000302266,1.5990868197156416,full_mc_1027_block032
full_mc_1027,tt,1.8,27,5,1027,37,0.30550028722545,1.5829621853074272,full_mc_1027_block032
full_mc_1027,tt,1.8,27,5,1027,38,0.30820385326471,1.5716949082368055,full_mc_1027_block032
full_mc_1027,tt,1.8,27,5,1027,39,0.31089438033158,1.5556590926921186,full_mc_1027_block032
full_mc_1027,tt,1.8,27,5,1027,40,0.313677174655337,1.573366731094674,full_mc_1027_block040
full_mc_1027,tt,1.8,27,5,1027,41,0.316367646600181,1.5573107566376216,full_mc_1027_block040
full_mc_1027,tt,1.8,27,5,1027,42,0.31907141067308,1.5461159032978296,full_mc_1027_block040
full_mc_1027,tt,1.8,27,5,1027,43,0.32176213089368,1.5301507268315464,full_mc_1027_block040
full_mc_1027,tt,1.8,27,5,1027,44,0.32449239070288,1.5286457427675415,full_mc_1027_block040
full_mc_1027,tt,1.8,27,5,1027,45,0.32718320716550003,1.5127157633828656,full_mc_1027_block040
full_mc_1027,tt,1.8,27,5,1027,46,0.32988732380976,1.501649850426503,full_mc_1027_block040
full_mc_1027,tt,1.8,27,5,1027,47,0.33257837227024,1.4858047159734968,full_mc_1027_block040
full_mc_1027,tt,1.8,27,5,1027,48,0.335467224559792,1.542299267581078,full_mc_1027_block048
full_mc_1027,tt,1.8,27,5,1027,49,0.338158025437597,1.5263635886068982,full_mc_1027_block048
full_mc_1027,tt,1.8,27,5,1027,50,0.34086213272307003,1.5152942530084652,full_mc_1027_block048
full_mc_1027,tt,1.8,27,5,1027,51,0.34355311575565,1.4994251906377087,full_mc_1027_block048
full_mc_1027,tt,1.8,27,5,1027,52,0.34628374655552,1.4980558831616164,full_mc_1027_block048
full_mc_1027,tt,1.8,27,5,1027,53,0.34897484648608,1.482229572052124,full_mc_1027_block048
full_mc_1027,tt,1.8,27,5,1027,54,0.35167923308224,1.4712623843620471,full_mc_1027_block048
full_mc_1027,tt,1.8,27,5,1027,55,0.35437055840704,1.4555185031460587,full_mc_1027_block048
full_mc_1027,tt,1.8,27,5,1027,56,0.357154108390848,1.4735024972244,full_mc_1027_block056
full_mc_1027,tt,1.8,27,5,1027,57,0.359845343881904,1.4577257625248918,full_mc_1027_block056
full_mc_1027,tt,1.8,27,5,1027,58,0.3625498534636,1.4468035524022989,full_mc_1027_block056
full_mc_1027,tt,1.8,27,5,1027,59,0.36524126736355,1.4310920643840015,full_mc_1027_block056
full_mc_1027,tt,1.8,27,5,1027,60,0.36797225203968004,1.4298521745115522,full_mc_1027_block056
full_mc_1027,tt,1.8,27,5,1027,61,0.37066372486210003,1.4141622352822887,full_mc_1027_block056
full_mc_1027,tt,1.8,27,5,1027,62,0.3733685047697,1.4033388872045855,full_mc_1027_block056
full_mc_1027,tt,1.8,27,5,1027,63,0.37606021230288,1.3877347850532626,full_mc_1027_block056
full_mc_1027,tt,1.8,27,5,1027,64,0.37958586922846405,1.677117889266851,full_mc_1027_block064
full_mc_1027,tt,1.8,27,5,1027,65,0.38227702694022503,1.6613127095680065,full_mc_1027_block064
full_mc_1027,tt,1.8,27,5,1027,66,0.38498139920624,1.6503402811392018,full_mc_1027_block064
full_mc_1027,tt,1.8,27,5,1027,67,0.38767275274385,1.634606717750862,full_mc_1027_block064
full_mc_1027,tt,1.8,27,5,1027,68,0.3904036301701,1.6333276050651437,full_mc_1027_block064
full_mc_1027,tt,1.8,27,5,1027,69,0.3930949919965,1.6175970730057139,full_mc_1027_block064
full_mc_1027,tt,1.8,27,5,1027,70,0.3957996236924,1.6067195217920016,full_mc_1027_block064
full_mc_1027,tt,1.8,27,5,1027,71,0.39849113293744,1.5910429028351865,full_mc_1027_block064
full_mc_1027,tt,1.8,27,5,1027,72,0.40127488236733,1.6090998371949794,full_mc_1027_block072
full_mc_1027,tt,1.8,27,5,1027,73,0.403966316973064,1.5933959215776994,full_mc_1027_block072
full_mc_1027,tt,1.8,27,5,1027,74,0.406671052501,1.582556343222856,full_mc_1027_block072
full_mc_1027,tt,1.8,27,5,1027,75,0.40936265452514004,1.5669136549083518,full_mc_1027_block072
full_mc_1027,tt,1.8,27,5,1027,76,0.41209380978189997,1.5657361488091226,full_mc_1027_block072
full_mc_1027,tt,1.8,27,5,1027,77,0.41478540014804,1.5500891969974924,full_mc_1027_block072
full_mc_1027,tt,1.8,27,5,1027,78,0.41749032129036,1.5393175004745225,full_mc_1027_block072
full_mc_1027,tt,1.8,27,5,1027,79,0.42018215178128,1.5237583657252531,full_mc_1027_block072
full_mc_1027,tt,1.8,27,5,1027,80,0.423071849382964,1.5805620600553993,full_mc_1027_block080
full_mc_1027,tt,1.8,27,5,1027,81,0.42576340732695,1.564903250998851,full_mc_1027_block080
full_mc_1027,tt,1.8,27,5,1027,82,0.42846820999918,1.554088228271553,full_mc_1027_block080
full_mc_1027,tt,1.8,27,5,1027,83,0.43115993316703,1.5384898439424028,full_mc_1027_block080
full_mc_1027,tt,1.8,27,5,1027,84,0.43389115502354997,1.5373366943268456,full_mc_1027_block080
full_mc_1027,tt,1.8,27,5,1027,85,0.43658291834367996,1.521752994260116,full_mc_1027_block080
full_mc_1027,tt,1.8,27,5,1027,86,0.43928792493307,1.5110125469513087,full_mc_1027_block080
full_mc_1027,tt,1.8,27,5,1027,87,0.4419798284971,1.4954801360822907,full_mc_1027_block080
full_mc_1027,tt,1.8,27,5,1027,88,0.444764002317038,1.5136922759453293,full_mc_1027_block088
full_mc_1027,tt,1.8,27,5,1027,89,0.447455802519713,1.498122064352186,full_mc_1027_block088
full_mc_1027,tt,1.8,27,5,1027,90,0.45016086417154,1.4874017541632156,full_mc_1027_block088
full_mc_1027,tt,1.8,27,5,1027,91,0.45285280834332,1.4718841941284415,full_mc_1027_block088
full_mc_1027,tt,1.8,27,5,1027,92,0.45558433835372003,1.470843740789048,full_mc_1027_block088
full_mc_1027,tt,1.8,27,5,1027,93,0.45827633548623997,1.4553455492534795,full_mc_1027_block088
full_mc_1027,tt,1.8,27,5,1027,94,0.46098158004041,1.4446921290642325,full_mc_1027_block088
full_mc_1027,tt,1.8,27,5,1027,95,0.4636737552645,1.4292590681599955,full_mc_1027_block088
full_mc_1027,tt,1.8,27,5,1027,96,0.4667754975208,1.5636105218925829,full_mc_1027_block096
full_mc_1027,tt,1.8,27,5,1027,97,0.469467247410496,1.5480219101242605,full_mc_1027_block096
full_mc_1027,tt,1.8,27,5,1027,98,0.47217218936948,1.537257826552698,full_mc_1027_block096
full_mc_1027,tt,1.8,27,5,1027,99,0.47486407654984003,1.521719423941497,full_mc_1027_block096
full_mc_1027,tt,1.8,27,5,1027,100,0.47759551062448,1.520643885524119,full_mc_1027_block096
full_mc_1027,tt,1.8,27,5,1027,101,0.48028740835112,1.5051093398381812,full_mc_1027_block096
full_mc_1027,tt,1.8,27,5,1027,102,0.48299255822523,1.4944212937984147,full_mc_1027_block096
full_mc_1027,tt,1.8,27,5,1027,103,0.48568462642542,1.4789490927250273,full_mc_1027_block096
full_mc_1027,tt,1.8,27,5,1027,104,0.488468938015417,1.497211617066796,full_mc_1027_block104
full_mc_1027,tt,1.8,27,5,1027,105,0.491160857114001,1.4816848874060693,full_mc_1027_block104
full_mc_1027,tt,1.8,27,5,1027,106,0.49386604506919995,1.4710107681645672,full_mc_1027_block104
full_mc_1027,tt,1.8,27,5,1027,107,0.49655814817458,1.4555513324178346,full_mc_1027_block104
full_mc_1027,tt,1.8,27,5,1027,108,0.49928976831916,1.454543842435661,full_mc_1027_block104
full_mc_1027,tt,1.8,27,5,1027,109,0.50198187684123,1.439086387649817,full_mc_1027_block104
full_mc_1027,tt,1.8,27,5,1027,110,0.50468724505288,1.4284781907675537,full_mc_1027_block104
full_mc_1027,tt,1.8,27,5,1027,111,0.5073795094682,1.4130777483703127,full_mc_1027_block104
full_mc_1027,tt,1.8,27,5,1027,112,0.510269626511458,1.4700348384760837,full_mc_1027_block112
full_mc_1027,tt,1.8,27,5,1027,113,0.512961612382002,1.454532528275,full_mc_1027_block112
full_mc_1027,tt,1.8,27,5,1027,114,0.5156668563262,1.4438788850102924,full_mc_1027_block112
full_mc_1027,tt,1.8,27,5,1027,115,0.51835899633118,1.4284329439744121,full_mc_1027_block112
full_mc_1027,tt,1.8,27,5,1027,116,0.5210906672998,1.4274440410697562,full_mc_1027_block112
full_mc_1027,tt,1.8,27,5,1027,117,0.5237828086017,1.4119985743360126,full_mc_1027_block112
full_mc_1027,tt,1.8,27,5,1027,118,0.52648818007975,1.4013915720228252,full_mc_1027_block112
full_mc_1027,tt,1.8,27,5,1027,119,0.52918047011308,1.38600049849783,full_mc_1027_block112
full_mc_1027,tt,1.8,27,5,1027,120,0.53196503252118,1.404354750602985,full_mc_1027_block120
full_mc_1027,tt,1.8,27,5,1027,121,0.53465718668404,1.3889139873061092,full_mc_1027_block120
full_mc_1027,tt,1.8,27,5,1027,122,0.5373626318841,1.3783339461851696,full_mc_1027_block120
full_mc_1027,tt,1.8,27,5,1027,123,0.5400549522055,1.3629539494399978,full_mc_1027_block120
full_mc_1027,tt,1.8,27,5,1027,124,0.54278681678638,1.3620358533046735,full_mc_1027_block120
full_mc_1027,tt,1.8,27,5,1027,125,0.5454791855027,1.3466735552731686,full_mc_1027_block120
full_mc_1027,tt,1.8,27,5,1027,126,0.54818477980258,1.3361480420864171,full_mc_1027_block120
full_mc_1027,tt,1.8,27,5,1027,127,0.55087729790625,1.3208403771428479,full_mc_1027_block120
full_mc_1027,tt,1.8,27,5,1027,128,0.555255061067196,1.9218509045745287,full_mc_1027_block128
full_mc_1027,tt,1.8,27,5,1027,129,0.55794681651444,1.9062643252809155,full_mc_1027_block128
full_mc_1027,tt,1.8,27,5,1027,130,0.56065183437596,1.8955280003511024,full_mc_1027_block128
full_mc_1027,tt,1.8,27,5,1027,131,0.56334373948153,1.8799961532453073,full_mc_1027_block128
full_mc_1027,tt,1.8,27,5,1027,132,0.56607515679498,1.8789144850212633,full_mc_1027_block128
full_mc_1027,tt,1.8,27,5,1027,133,0.56876705809829,1.863381247374605,full_mc_1027_block128
full_mc_1027,tt,1.8,27,5,1027,134,0.57147220308107,1.8526914125056189,full_mc_1027_block128
full_mc_1027,tt,1.8,27,5,1027,135,0.5741642360714,1.8372063346834417,full_mc_1027_block128
full_mc_1027,tt,1.8,27,5,1027,136,0.576948508581862,1.8554545670809832,full_mc_1027_block136
full_mc_1027,tt,1.8,27,5,1027,137,0.5796403901300711,1.839914104711714,full_mc_1027_block136
full_mc_1027,tt,1.8,27,5,1027,138,0.5823455678504,1.8292362424319972,full_mc_1027_block136
full_mc_1027,tt,1.8,27,5,1027,139,0.58503759735158,1.8137498885778316,full_mc_1027_block136
full_mc_1027,tt,1.8,27,5,1027,140,0.5877691856349,1.8127307464777282,full_mc_1027_block136
full_mc_1027,tt,1.8,27,5,1027,141,0.59046122036115,1.797246303506321,full_mc_1027_block136
full_mc_1027,tt,1.8,27,5,1027,142,0.5931665299998,1.7866166856411578,full_mc_1027_block136
full_mc_1027,tt,1.8,27,5,1027,143,0.5958587349907,1.7711945108845435,full_mc_1027_block136
full_mc_1027,tt,1.8,27,5,1027,144,0.59874876570197,1.828120028149028,full_mc_1027_block144
full_mc_1027,tt,1.8,27,5,1027,145,0.60144069695559,1.8125977437586422,full_mc_1027_block144
full_mc_1027,tt,1.8,27,5,1027,146,0.6041458382581,1.8019065629623097,full_mc_1027_block144
full_mc_1027,tt,1.8,27,5,1027,147,0.6068378836820599,1.7864260322962116,full_mc_1027_block144
full_mc_1027,tt,1.8,27,5,1027,148,0.60956947493336,1.785407975628784,full_mc_1027_block144
full_mc_1027,tt,1.8,27,5,1027,149,0.61226151857704,1.7699267938889258,full_mc_1027_block144
full_mc_1027,tt,1.8,27,5,1027,150,0.61496680173089,1.7592874901540818,full_mc_1027_block144
full_mc_1027,tt,1.8,27,5,1027,151,0.61765901895718,1.7438697900544349,full_mc_1027_block144
full_mc_1027,tt,1.8,27,5,1027,152,0.6204434414878389,1.762172886981099,full_mc_1027_block152
full_mc_1027,tt,1.8,27,5,1027,153,0.623135491551912,1.7466940532706385,full_mc_1027_block152
full_mc_1027,tt,1.8,27,5,1027,154,0.62584078089591,1.7360570133613709,full_mc_1027_block152
full_mc_1027,tt,1.8,27,5,1027,155,0.6285329952761599,1.7206382724242126,full_mc_1027_block152
full_mc_1027,tt,1.8,27,5,1027,156,0.6312647480666199,1.719679292935317,full_mc_1027_block152
full_mc_1027,tt,1.8,27,5,1027,157,0.63395696069189,1.7042599101769238,full_mc_1027_block152
full_mc_1027,tt,1.8,27,5,1027,158,0.63666240428535,1.6936792814994257,full_mc_1027_block152
full_mc_1027,tt,1.8,27,5,1027,159,0.63935476317604,1.6783133900946319,full_mc_1027_block152
full_mc_1027,tt,1.8,27,5,1027,160,0.64245675588923,1.8127564394898499,full_mc_1027_block160
full_mc_1027,tt,1.8,27,5,1027,161,0.645148675002503,1.7972297152011103,full_mc_1027_block160
full_mc_1027,tt,1.8,27,5,1027,162,0.64785383640207,1.7865458841855897,full_mc_1027_block160
full_mc_1027,tt,1.8,27,5,1027,163,0.65054588500972,1.7710665178404386,full_mc_1027_block160
full_mc_1027,tt,1.8,27,5,1027,164,0.65327746281156,1.7700435425133574,full_mc_1027_block160
full_mc_1027,tt,1.8,27,5,1027,165,0.6559695146907,1.7545653725988637,full_mc_1027_block160
full_mc_1027,tt,1.8,27,5,1027,166,0.65867480679468,1.7439293420544493,full_mc_1027_block160
full_mc_1027,tt,1.8,27,5,1027,167,0.66136698797297,1.7284984586861796,full_mc_1027_block160
full_mc_1027,tt,1.8,27,5,1027,168,0.664151426515523,1.746807411391233,full_mc_1027_block168
full_mc_1027,tt,1.8,27,5,1027,169,0.666843467822868,1.731325375220284,full_mc_1027_block168
full_mc_1027,tt,1.8,27,5,1027,170,0.66954875959764,1.720689224279803,full_mc_1027_block168
full_mc_1027,tt,1.8,27,5,1027,171,0.67224093515714,1.7052562860398066,full_mc_1027_block168
full_mc_1027,tt,1.8,27,5,1027,172,0.6749726695058701,1.7042905621467852,full_mc_1027_block168
full_mc_1027,tt,1.8,27,5,1027,173,0.6776648696376,1.6888666103222607,full_mc_1027_block168
full_mc_1027,tt,1.8,27,5,1027,174,0.68037031609522,1.6782870291090393,full_mc_1027_block168
full_mc_1027,tt,1.8,27,5,1027,175,0.6830626633494,1.6629168820663105,full_mc_1027_block168
full_mc_1027,tt,1.8,27,5,1027,176,0.68595286089782,1.7199034140599323,full_mc_1027_block176
full_mc_1027,tt,1.8,27,5,1027,177,0.6886449146628421,1.7044259338393886,full_mc_1027_block176
full_mc_1027,tt,1.8,27,5,1027,178,0.6913502119593,1.6937918022582772,full_mc_1027_block176
full_mc_1027,tt,1.8,27,5,1027,179,0.69404237095855,1.6783528076982992,full_mc_1027_block176
full_mc_1027,tt,1.8,27,5,1027,180,0.696774109503,1.6773886182400184,full_mc_1027_block176
full_mc_1027,tt,1.8,27,5,1027,181,0.69946629455664,1.6619591521426613,full_mc_1027_block176
full_mc_1027,tt,1.8,27,5,1027,182,0.70217172487335,1.6513736679680084,full_mc_1027_block176
full_mc_1027,tt,1.8,27,5,1027,183,0.7048640648516,1.6360008600137073,full_mc_1027_block176
full_mc_1027,tt,1.8,27,5,1027,184,0.7076486366092399,1.654358531379176,full_mc_1027_block184
full_mc_1027,tt,1.8,27,5,1027,185,0.71034082457112,1.6389301288667673,full_mc_1027_block184
full_mc_1027,tt,1.8,27,5,1027,186,0.71304626859555,1.6283496578011687,full_mc_1027_block184
full_mc_1027,tt,1.8,27,5,1027,187,0.7157385852328,1.6129683137096762,full_mc_1027_block184
full_mc_1027,tt,1.8,27,5,1027,188,0.71847046593376,1.6120561129179123,full_mc_1027_block184
full_mc_1027,tt,1.8,27,5,1027,189,0.72116281256015,1.5966857362834375,full_mc_1027_block184
full_mc_1027,tt,1.8,27,5,1027,190,0.72386841265225,1.5861623413942993,full_mc_1027_block184
full_mc_1027,tt,1.8,27,5,1027,191,0.7265609126446799,1.5708480529115476,full_mc_1027_block184
full_mc_1027,tt,1.8,27,5,1027,192,0.73008756006582,1.860593395499929,full_mc_1027_block192
full_mc_1027,tt,1.8,27,5,1027,193,0.7327794574293041,1.8450587170026114,full_mc_1027_block192
full_mc_1027,tt,1.8,27,5,1027,194,0.73548460406052,1.8343694849901584,full_mc_1027_block192
full_mc_1027,tt,1.8,27,5,1027,195,0.7381766283162,1.818881212781735,full_mc_1027_block192
full_mc_1027,tt,1.8,27,5,1027,196,0.7409081772262399,1.8178476713106309,full_mc_1027_block192
full_mc_1027,tt,1.8,27,5,1027,197,0.74360019769684,1.8023580148444094,full_mc_1027_block192
full_mc_1027,tt,1.8,27,5,1027,198,0.7463054613969999,1.7917115966171033,full_mc_1027_block192
full_mc_1027,tt,1.8,27,5,1027,199,0.74899761543544,1.7762707878180453,full_mc_1027_block192
full_mc_1027,tt,1.8,27,5,1027,200,0.751781991406872,1.7945568573703343,full_mc_1027_block200
full_mc_1027,tt,1.8,27,5,1027,201,0.754474005483056,1.7790648623747936,full_mc_1027_block200
full_mc_1027,tt,1.8,27,5,1027,202,0.75717926127892,1.7684155534336454,full_mc_1027_block200
full_mc_1027,tt,1.8,27,5,1027,203,0.7598713971338,1.7529680946468522,full_mc_1027_block200
full_mc_1027,tt,1.8,27,5,1027,204,0.76260308774309,1.7519863746157887,full_mc_1027_block200
full_mc_1027,tt,1.8,27,5,1027,205,0.7652952251039999,1.73653946660571,full_mc_1027_block200
full_mc_1027,tt,1.8,27,5,1027,206,0.7680006357333999,1.7259467825005816,full_mc_1027_block200
full_mc_1027,tt,1.8,27,5,1027,207,0.7706929299362,1.7105572338103263,full_mc_1027_block200
full_mc_1027,tt,1.8,27,5,1027,208,0.773583080381152,1.767526539392707,full_mc_1027_block208
full_mc_1027,tt,1.8,27,5,1027,209,0.776275079281776,1.7520289944780694,full_mc_1027_block208
full_mc_1027,tt,1.8,27,5,1027,210,0.7789803107979,1.7413708060891508,full_mc_1027_block208
full_mc_1027,tt,1.8,27,5,1027,211,0.7816724472190401,1.7259235543918245,full_mc_1027_block208
full_mc_1027,tt,1.8,27,5,1027,212,0.78440411641426,1.7249340029294202,full_mc_1027_block208
full_mc_1027,tt,1.8,27,5,1027,213,0.7870962387152199,1.7094815872804199,full_mc_1027_block208
full_mc_1027,tt,1.8,27,5,1027,214,0.78980161572212,1.6988766069467587,full_mc_1027_block208
full_mc_1027,tt,1.8,27,5,1027,215,0.79249389721325,1.6834824094171708,full_mc_1027_block208
full_mc_1027,tt,1.8,27,5,1027,216,0.7952783991514221,1.7018145468058168,full_mc_1027_block216
full_mc_1027,tt,1.8,27,5,1027,217,0.797970519996678,1.6863615987851486,full_mc_1027_block216
full_mc_1027,tt,1.8,27,5,1027,218,0.8006759032127699,1.67575888924156,full_mc_1027_block216
full_mc_1027,tt,1.8,27,5,1027,219,0.80336816814302,1.6603586351616124,full_mc_1027_block216
full_mc_1027,tt,1.8,27,5,1027,220,0.80609998414786,1.6594227740745282,full_mc_1027_block216
full_mc_1027,tt,1.8,27,5,1027,221,0.80879225914796,1.6440262026825638,full_mc_1027_block216
full_mc_1027,tt,1.8,27,5,1027,222,0.8114977866038801,1.633476243704755,full_mc_1027_block216
full_mc_1027,tt,1.8,27,5,1027,223,0.81419021344496,1.6181352027282159,full_mc_1027_block216
full_mc_1027,tt,1.8,27,5,1027,224,0.817292260154505,1.752597999361813,full_mc_1027_block224
full_mc_1027,tt,1.8,27,5,1027,225,0.819984240156558,1.7370935429698064,full_mc_1027_block224
full_mc_1027,tt,1.8,27,5,1027,226,0.82268946219954,1.7264318901175102,full_mc_1027_block224
full_mc_1027,tt,1.8,27,5,1027,227,0.8253815711999299,1.710974610260142,full_mc_1027_block224
full_mc_1027,tt,1.8,27,5,1027,228,0.8281132036948999,1.7099716369919602,full_mc_1027_block224
full_mc_1027,tt,1.8,27,5,1027,229,0.83080531249802,1.6945142849901833,full_mc_1027_block224
full_mc_1027,tt,1.8,27,5,1027,230,0.83351066256179,1.6838994511689165,full_mc_1027_block224
full_mc_1027,tt,1.8,27,5,1027,231,0.83620290656818,1.668491544934422,full_mc_1027_block224
full_mc_1027,tt,1.8,27,5,1027,232,0.838987381563674,1.6868138290008363,full_mc_1027_block232
full_mc_1027,tt,1.8,27,5,1027,233,0.841679471564625,1.6713496007771158,full_mc_1027_block232
full_mc_1027,tt,1.8,27,5,1027,234,0.84438482555671,1.6607362035968063,full_mc_1027_block232
full_mc_1027,tt,1.8,27,5,1027,235,0.84707702178802,1.6453108253330535,full_mc_1027_block232
full_mc_1027,tt,1.8,27,5,1027,236,0.849808805,1.644362971428604,full_mc_1027_block232
full_mc_1027,tt,1.8,27,5,1027,237,0.85250106897516,1.6289623680585563,full_mc_1027_block232
full_mc_1027,tt,1.8,27,5,1027,238,0.85520656675893,1.6184015575515383,full_mc_1027_block232
full_mc_1027,tt,1.8,27,5,1027,239,0.857898958,1.6030474971428736,full_mc_1027_block232
full_mc_1027,tt,1.8,27,5,1027,240,0.860789207726675,1.6600531114697301,full_mc_1027_block240
full_mc_1027,tt,1.8,27,5,1027,241,0.8634813067249321,1.6445921736894726,full_mc_1027_block240
full_mc_1027,tt,1.8,27,5,1027,242,0.866186613,1.6339613257143324,full_mc_1027_block240
full_mc_1027,tt,1.8,27,5,1027,243,0.8688788427413799,1.6185482025617912,full_mc_1027_block240
full_mc_1027,tt,1.8,27,5,1027,244,0.871610639,1.6176051200000074,full_mc_1027_block240
full_mc_1027,tt,1.8,27,5,1027,245,0.874302869,1.6021920914285814,full_mc_1027_block240
full_mc_1027,tt,1.8,27,5,1027,246,0.87700833363046,1.591619156282564,full_mc_1027_block240
full_mc_1027,tt,1.8,27,5,1027,247,0.879700688,1.5762516114286234,full_mc_1027_block240
full_mc_1027,tt,1.8,27,5,1027,248,0.882485339,1.5946382628571396,full_mc_1027_block248
full_mc_1027,tt,1.8,27,5,1027,249,0.885177541,1.5792149942857188,full_mc_1027_block248
full_mc_1027,tt,1.8,27,5,1027,250,0.88788305572102,1.5686603779730441,full_mc_1027_block248
full_mc_1027,tt,1.8,27,5,1027,251,0.89057542471162,1.5532981802496288,full_mc_1027_block248
full_mc_1027,tt,1.8,27,5,1027,252,0.89330735668116,1.552404729109997,full_mc_1027_block248
full_mc_1027,tt,1.8,27,5,1027,253,0.89599973872398,1.5370473047698041,full_mc_1027_block248
full_mc_1027,tt,1.8,27,5,1027,254,0.89870536983271,1.5265352531053673,full_mc_1027_block248
full_mc_1027,tt,1.8,27,5,1027,255,0.901397878,1.5112239542857457,full_mc_1027_block248
full_mc_1026,tt,1.8,27,5,1026,0,0.17105777402008,-10.584585501227895,full_mc_1026_block000
full_mc_1026,tt,1.8,27,5,1026,1,0.17376754884264,-10.593582137548806,full_mc_1026_block000
full_mc_1026,tt,1.8,27,5,1026,2,0.1764881076576,-10.598634913792,full_mc_1026_block000
full_mc_1026,tt,1.8,27,5,1026,3,0.179198424531,-10.607433314377154,full_mc_1026_block000
full_mc_1026,tt,1.8,27,5,1026,4,0.181940468527,-10.60462865298286,full_mc_1026_block000
full_mc_1026,tt,1.8,27,5,1026,5,0.18465123033818,-10.613264333465601,full_mc_1026_block000
full_mc_1026,tt,1.8,27,5,1026,6,0.18737267390579998,-10.617993543021731,full_mc_1026_block000
full_mc_1026,tt,1.8,27,5,1026,7,0.1900839537036,-10.626439788397713,full_mc_1026_block000
full_mc_1026,tt,1.8,27,5,1026,8,0.19286870568882,-10.608016205231548,full_mc_1026_block008
full_mc_1026,tt,1.8,27,5,1026,9,0.195580158591639,-10.61639914362917,full_mc_1026_block008
full_mc_1026,tt,1.8,27,5,1026,10,0.19830232002860002,-10.620865818112,full_mc_1026_block008
full_mc_1026,tt,1.8,27,5,1026,11,0.20101415011662,-10.629110814493268,full_mc_1026_block008
full_mc_1026,tt,1.8,27,5,1026,12,0.20375766195208,-10.625769343239316,full_mc_1026_block008
full_mc_1026,tt,1.8,27,5,1026,13,0.206469794524,-10.633903716937152,full_mc_1026_block008
full_mc_1026,tt,1.8,27,5,1026,14,0.20919264072997001,-10.638119961610967,full_mc_1026_block008
full_mc_1026,tt,1.8,27,5,1026,15,0.21190520372997002,-10.64609692161097,full_mc_1026_block008
full_mc_1026,tt,1.8,27,5,1026,16,0.214775185633469,-10.596503539759915,full_mc_1026_block016
full_mc_1026,tt,1.8,27,5,1026,17,0.217487638649695,-10.60452072239726,full_mc_1026_block016
full_mc_1026,tt,1.8,27,5,1026,18,0.22021083273414999,-10.608609742939441,full_mc_1026_block016
full_mc_1026,tt,1.8,27,5,1026,19,0.22292366269125,-10.616489072914288,full_mc_1026_block016
full_mc_1026,tt,1.8,27,5,1026,20,0.22566809456790002,-10.612811129453712,full_mc_1026_block016
full_mc_1026,tt,1.8,27,5,1026,21,0.2283810975128,-10.620627195318866,full_mc_1026_block016
full_mc_1026,tt,1.8,27,5,1026,22,0.23110476679242,-10.624542430200675,full_mc_1026_block016
full_mc_1026,tt,1.8,27,5,1026,23,0.23381815083379,-10.632219123642507,full_mc_1026_block016
full_mc_1026,tt,1.8,27,5,1026,24,0.236604979390763,-10.613036108520962,full_mc_1026_block024
full_mc_1026,tt,1.8,27,5,1026,25,0.239318352676554,-10.620716735431689,full_mc_1026_block024
full_mc_1026,tt,1.8,27,5,1026,26,0.24204235502229998,-10.624510163273158,full_mc_1026_block024
full_mc_1026,tt,1.8,27,5,1026,27,0.24475606638424,-10.632067150906508,full_mc_1026_block024
full_mc_1026,tt,1.8,27,5,1026,28,0.24750133543980002,-10.628083039158847,full_mc_1026_block024
full_mc_1026,tt,1.8,27,5,1026,29,0.25021514145708,-10.635605409982167,full_mc_1026_block024
full_mc_1026,tt,1.8,27,5,1026,30,0.2529396189191,-10.639225081014864,full_mc_1026_block024
full_mc_1026,tt,1.8,27,5,1026,31,0.25565369338832,-10.646649275128693,full_mc_1026_block024
full_mc_1026,tt,1.8,27,5,1026,32,0.258693584285846,-10.534917746890603,full_mc_1026_block032
full_mc_1026,tt,1.8,27,5,1026,33,0.261407421562108,-10.542428685857642,full_mc_1026_block032
full_mc_1026,tt,1.8,27,5,1026,34,0.26413186655745,-10.546060230418277,full_mc_1026_block032
full_mc_1026,tt,1.8,27,5,1026,35,0.26684589823748,-10.553500073150174,full_mc_1026_block032
full_mc_1026,tt,1.8,27,5,1026,36,0.26959152968563,-10.549383429255325,full_mc_1026_block032
full_mc_1026,tt,1.8,27,5,1026,37,0.27230565376677995,-10.55678947957761,full_mc_1026_block032
full_mc_1026,tt,1.8,27,5,1026,38,0.27503046846038004,-10.560285820203868,full_mc_1026_block032
full_mc_1026,tt,1.8,27,5,1026,39,0.27774490307926,-10.567578302442067,full_mc_1026_block032
full_mc_1026,tt,1.8,27,5,1026,40,0.280532792368954,-10.54800736221111,full_mc_1026_block040
full_mc_1026,tt,1.8,27,5,1026,41,0.283247158353576,-10.55532494497793,full_mc_1026_block040
full_mc_1026,tt,1.8,27,5,1026,42,0.28597214138048,-10.558759723710166,full_mc_1026_block040
full_mc_1026,tt,1.8,27,5,1026,43,0.28868669249999,-10.566009600003648,full_mc_1026_block040
full_mc_1026,tt,1.8,27,5,1026,44,0.29143287361583997,-10.561691934778526,full_mc_1026_block040
full_mc_1026,tt,1.8,27,5,1026,45,0.2941475746232,-10.568886994944,full_mc_1026_block040
full_mc_1026,tt,1.8,27,5,1026,46,0.29687291021456,-10.572192835818056,full_mc_1026_block040
full_mc_1026,tt,1.8,27,5,1026,47,0.29958783852976,-10.57930476625919,full_mc_1026_block040
full_mc_1026,tt,1.8,27,5,1026,48,0.302460225515024,-10.528831811648365,full_mc_1026_block048
full_mc_1026,tt,1.8,27,5,1026,49,0.305174957521824,-10.536015534875796,full_mc_1026_block048
full_mc_1026,tt,1.8,27,5,1026,50,0.30790025646464,-10.539334778645957,full_mc_1026_block048
full_mc_1026,tt,1.8,27,5,1026,51,0.31061517746768,-10.546449383248456,full_mc_1026_block048
full_mc_1026,tt,1.8,27,5,1026,52,0.3133616728616,-10.542016782043424,full_mc_1026_block048
full_mc_1026,tt,1.8,27,5,1026,53,0.3160766835808,-10.549098576164573,full_mc_1026_block048
full_mc_1026,tt,1.8,27,5,1026,54,0.3188023056843,-10.552299635455995,full_mc_1026_block048
full_mc_1026,tt,1.8,27,5,1026,55,0.32151752852608,-10.559303853319316,full_mc_1026_block048
full_mc_1026,tt,1.8,27,5,1026,56,0.32430622424536,-10.539437990268357,full_mc_1026_block056
full_mc_1026,tt,1.8,27,5,1026,57,0.32702137034224,-10.546470274837938,full_mc_1026_block056
full_mc_1026,tt,1.8,27,5,1026,58,0.3297470985991,-10.549632512329136,full_mc_1026_block056
full_mc_1026,tt,1.8,27,5,1026,59,0.3324624082152,-10.556604995583996,full_mc_1026_block056
full_mc_1026,tt,1.8,27,5,1026,60,0.3352093206888,-10.552019862381721,full_mc_1026_block056
full_mc_1026,tt,1.8,27,5,1026,61,0.33792473623824,-10.558953604300815,full_mc_1026_block056
full_mc_1026,tt,1.8,27,5,1026,62,0.3406507765793,-10.562001708141713,full_mc_1026_block056
full_mc_1026,tt,1.8,27,5,1026,63,0.34336640560165,-10.568857379968,full_mc_1026_block056
full_mc_1026,tt,1.8,27,5,1026,64,0.346745282668715,-10.333153766869938,full_mc_1026_block064
full_mc_1026,tt,1.8,27,5,1026,65,0.34946040259682,-10.34019562173441,full_mc_1026_block064
full_mc_1026,tt,1.8,27,5,1026,66,0.35218610360345004,-10.343367825023995,full_mc_1026_block064
full_mc_1026,tt,1.8,27,5,1026,67,0.35490138160645,-10.350351869641129,full_mc_1026_block064
full_mc_1026,tt,1.8,27,5,1026,68,0.35764819569255,-10.345802718153132,full_mc_1026_block064
full_mc_1026,tt,1.8,27,5,1026,69,0.3603635175928,-10.35277070891886,full_mc_1026_block064
full_mc_1026,tt,1.8,27,5,1026,70,0.36308939599387996,-10.355878036523904,full_mc_1026_block064
full_mc_1026,tt,1.8,27,5,1026,71,0.36580492558995,-10.362770069961158,full_mc_1026_block064
full_mc_1026,tt,1.8,27,5,1026,72,0.36859392993949,-10.342791336415088,full_mc_1026_block072
full_mc_1026,tt,1.8,27,5,1026,73,0.371309310601185,-10.349737837280912,full_mc_1026_block072
full_mc_1026,tt,1.8,27,5,1026,74,0.3740353649425,-10.35278082102857,full_mc_1026_block072
full_mc_1026,tt,1.8,27,5,1026,75,0.37675090595706,-10.359668678560915,full_mc_1026_block072
full_mc_1026,tt,1.8,27,5,1026,76,0.37949807764356,-10.354988747498076,full_mc_1026_block072
full_mc_1026,tt,1.8,27,5,1026,77,0.38221371896322,-10.361839922022398,full_mc_1026_block072
full_mc_1026,tt,1.8,27,5,1026,78,0.38493997905114,-10.364807661297359,full_mc_1026_block072
full_mc_1026,tt,1.8,27,5,1026,79,0.38765579996224003,-10.371593156666503,full_mc_1026_block072
full_mc_1026,tt,1.8,27,5,1026,80,0.390529158961484,-10.320764722657287,full_mc_1026_block080
full_mc_1026,tt,1.8,27,5,1026,81,0.393244750950172,-10.32763393822283,full_mc_1026_block080
full_mc_1026,tt,1.8,27,5,1026,82,0.39597092409178,-10.330633475006174,full_mc_1026_block080
full_mc_1026,tt,1.8,27,5,1026,83,0.39868666133482,-10.33744956898011,full_mc_1026_block080
full_mc_1026,tt,1.8,27,5,1026,84,0.40143396097609996,-10.332722843026302,full_mc_1026_block080
full_mc_1026,tt,1.8,27,5,1026,85,0.40414976630999,-10.339514035203642,full_mc_1026_block080
full_mc_1026,tt,1.8,27,5,1026,86,0.40687614631220004,-10.34243792010971,full_mc_1026_block080
full_mc_1026,tt,1.8,27,5,1026,87,0.4095921343005,-10.349162312959988,full_mc_1026_block080
full_mc_1026,tt,1.8,27,5,1026,88,0.41238159891798004,-10.32901525285301,full_mc_1026_block088
full_mc_1026,tt,1.8,27,5,1026,89,0.41509747375181,-10.335781027909487,full_mc_1026_block088
full_mc_1026,tt,1.8,27,5,1026,90,0.41782395230713004,-10.338668870535283,full_mc_1026_block088
full_mc_1026,tt,1.8,27,5,1026,91,0.42054000633716,-10.3453691109815,full_mc_1026_block088
full_mc_1026,tt,1.8,27,5,1026,92,0.42328760027463,-10.340534756706726,full_mc_1026_block088
full_mc_1026,tt,1.8,27,5,1026,93,0.42600367881688,-10.347226032683881,full_mc_1026_block088
full_mc_1026,tt,1.8,27,5,1026,94,0.42873038929296003,-10.350029058574616,full_mc_1026_block088
full_mc_1026,tt,1.8,27,5,1026,95,0.43144666829595,-10.356647023195427,full_mc_1026_block088
full_mc_1026,tt,1.8,27,5,1026,96,0.43448885964946,-10.244074185340335,full_mc_1026_block096
full_mc_1026,tt,1.8,27,5,1026,97,0.437204784717992,-10.250821588848629,full_mc_1026_block096
full_mc_1026,tt,1.8,27,5,1026,98,0.43993122548668,-10.253723250585592,full_mc_1026_block096
full_mc_1026,tt,1.8,27,5,1026,99,0.44264724762516,-10.260435154227201,full_mc_1026_block096
full_mc_1026,tt,1.8,27,5,1026,100,0.44539483763608,-10.255602235947887,full_mc_1026_block096
full_mc_1026,tt,1.8,27,5,1026,101,0.44811090762059996,-10.262296641609145,full_mc_1026_block096
full_mc_1026,tt,1.8,27,5,1026,102,0.45083757243115,-10.265116368036555,full_mc_1026_block096
full_mc_1026,tt,1.8,27,5,1026,103,0.4535538196158,-10.271745969078857,full_mc_1026_block096
full_mc_1026,tt,1.8,27,5,1026,104,0.456343546610736,-10.251502953787975,full_mc_1026_block104
full_mc_1026,tt,1.8,27,5,1026,105,0.459059688624404,-10.25817101736083,full_mc_1026_block104
full_mc_1026,tt,1.8,27,5,1026,106,0.46178641764267997,-10.2609672621056,full_mc_1026_block104
full_mc_1026,tt,1.8,27,5,1026,107,0.46450269268476,-10.267586675287756,full_mc_1026_block104
full_mc_1026,tt,1.8,27,5,1026,108,0.46725054597895,-10.262657470555428,full_mc_1026_block104
full_mc_1026,tt,1.8,27,5,1026,109,0.46996687685772,-10.269256463462407,full_mc_1026_block104
full_mc_1026,tt,1.8,27,5,1026,110,0.47269381899039,-10.271974769228791,full_mc_1026_block104
full_mc_1026,tt,1.8,27,5,1026,111,0.47541033098698,-10.278507524761572,full_mc_1026_block104
full_mc_1026,tt,1.8,27,5,1026,112,0.478284392962208,-10.227422002392501,full_mc_1026_block112
full_mc_1026,tt,1.8,27,5,1026,113,0.481000645959931,-10.234049477510975,full_mc_1026_block112
full_mc_1026,tt,1.8,27,5,1026,114,0.48372749296608,-10.236802572405038,full_mc_1026_block112
full_mc_1026,tt,1.8,27,5,1026,115,0.48644387902031,-10.243381386858042,full_mc_1026_block112
full_mc_1026,tt,1.8,27,5,1026,116,0.48919182093847,-10.238419771073788,full_mc_1026_block112
full_mc_1026,tt,1.8,27,5,1026,117,0.49190827001723,-10.244975536555888,full_mc_1026_block112
full_mc_1026,tt,1.8,27,5,1026,118,0.49463530993462,-10.247658081053268,full_mc_1026_block112
full_mc_1026,tt,1.8,27,5,1026,119,0.49735194893363,-10.254144389986745,full_mc_1026_block112
full_mc_1026,tt,1.8,27,5,1026,120,0.50014207030476,-10.23375714568776,full_mc_1026_block120
full_mc_1026,tt,1.8,27,5,1026,121,0.5028585703592,-10.240294268635393,full_mc_1026_block120
full_mc_1026,tt,1.8,27,5,1026,122,0.50558568807,-10.242948362971408,full_mc_1026_block120
full_mc_1026,tt,1.8,27,5,1026,123,0.5083023493014001,-10.249426541202281,full_mc_1026_block120
full_mc_1026,tt,1.8,27,5,1026,124,0.5110505652802,-10.244364697526862,full_mc_1026_block120
full_mc_1026,tt,1.8,27,5,1026,125,0.51376729666335,-10.250817220260567,full_mc_1026_block120
full_mc_1026,tt,1.8,27,5,1026,126,0.5164946053636,-10.253401467026242,full_mc_1026_block120
full_mc_1026,tt,1.8,27,5,1026,127,0.5192115024084,-10.259793404928002,full_mc_1026_block120
full_mc_1026,tt,1.8,27,5,1026,128,0.523268237903595,-9.776187280970987,full_mc_1026_block128
full_mc_1026,tt,1.8,27,5,1026,129,0.52598443763847,-9.78283423507382,full_mc_1026_block128
full_mc_1026,tt,1.8,27,5,1026,130,0.5287112247865,-9.785609220937124,full_mc_1026_block128
full_mc_1026,tt,1.8,27,5,1026,131,0.5314275518724,-9.792209600950832,full_mc_1026_block128
full_mc_1026,tt,1.8,27,5,1026,132,0.53417544026211,-9.787267561285498,full_mc_1026_block128
full_mc_1026,tt,1.8,27,5,1026,133,0.53689180025581,-9.79385590644666,full_mc_1026_block128
full_mc_1026,tt,1.8,27,5,1026,134,0.53961875232781,-9.796570577258064,full_mc_1026_block128
full_mc_1026,tt,1.8,27,5,1026,135,0.5423352598193,-9.803104980370279,full_mc_1026_block128
full_mc_1026,tt,1.8,27,5,1026,136,0.5451252882680669,-9.782751719106914,full_mc_1026_block136
full_mc_1026,tt,1.8,27,5,1026,137,0.547841683765119,-9.789327080185046,full_mc_1026_block136
full_mc_1026,tt,1.8,27,5,1026,138,0.5505686810980199,-9.792025198438443,full_mc_1026_block136
full_mc_1026,tt,1.8,27,5,1026,139,0.55328521157592,-9.798551195092102,full_mc_1026_block136
full_mc_1026,tt,1.8,27,5,1026,140,0.5560333242589001,-9.793527128173675,full_mc_1026_block136
full_mc_1026,tt,1.8,27,5,1026,141,0.55874988453786,-9.800042226154021,full_mc_1026_block136
full_mc_1026,tt,1.8,27,5,1026,142,0.5614770951981299,-9.802662327541043,full_mc_1026_block136
full_mc_1026,tt,1.8,27,5,1026,143,0.5641938446677001,-9.809108235812566,full_mc_1026_block136
full_mc_1026,tt,1.8,27,5,1026,144,0.567068152786741,-9.7579326951347,full_mc_1026_block144
full_mc_1026,tt,1.8,27,5,1026,145,0.569784659459128,-9.764467397804587,full_mc_1026_block144
full_mc_1026,tt,1.8,27,5,1026,146,0.5725117395059,-9.7671352664137,full_mc_1026_block144
full_mc_1026,tt,1.8,27,5,1026,147,0.5752283659299,-9.773626174207989,full_mc_1026_block144
full_mc_1026,tt,1.8,27,5,1026,148,0.57797656221704,-9.76857153205397,full_mc_1026_block144
full_mc_1026,tt,1.8,27,5,1026,149,0.58069322146216,-9.775050436695787,full_mc_1026_block144
full_mc_1026,tt,1.8,27,5,1026,150,0.58342047545046,-9.777654692403166,full_mc_1026_block144
full_mc_1026,tt,1.8,27,5,1026,151,0.58613732094338,-9.784065483563852,full_mc_1026_block144
full_mc_1026,tt,1.8,27,5,1026,152,0.5889276453906049,-9.7636039714359,full_mc_1026_block152
full_mc_1026,tt,1.8,27,5,1026,153,0.5916443503757011,-9.770066148315054,full_mc_1026_block152
full_mc_1026,tt,1.8,27,5,1026,154,0.59437167135951,-9.772645902807783,full_mc_1026_block152
full_mc_1026,tt,1.8,27,5,1026,155,0.59708855295469,-9.779043490856218,full_mc_1026_block152
full_mc_1026,tt,1.8,27,5,1026,156,0.59983698335618,-9.773903229739867,full_mc_1026_block152
full_mc_1026,tt,1.8,27,5,1026,157,0.6025538788347999,-9.780295740416015,full_mc_1026_block152
full_mc_1026,tt,1.8,27,5,1026,158,0.6052813857838399,-9.782807484767124,full_mc_1026_block152
full_mc_1026,tt,1.8,27,5,1026,159,0.60799847336792,-9.789129739732111,full_mc_1026_block152
full_mc_1026,tt,1.8,27,5,1026,160,0.611041598332408,-9.676215467005056,full_mc_1026_block160
full_mc_1026,tt,1.8,27,5,1026,161,0.6137582822056481,-9.68268536479152,full_mc_1026_block160
full_mc_1026,tt,1.8,27,5,1026,162,0.6164855417100801,-9.685287603170707,full_mc_1026_block160
full_mc_1026,tt,1.8,27,5,1026,163,0.6192023328824,-9.691718260150871,full_mc_1026_block160
full_mc_1026,tt,1.8,27,5,1026,164,0.6219507126376,-9.686596521106269,full_mc_1026_block160
full_mc_1026,tt,1.8,27,5,1026,165,0.62466754907078,-9.693010625543286,full_mc_1026_block160
full_mc_1026,tt,1.8,27,5,1026,166,0.62739497934855,-9.695550409673096,full_mc_1026_block160
full_mc_1026,tt,1.8,27,5,1026,167,0.6301119856796,-9.701902380031981,full_mc_1026_block160
full_mc_1026,tt,1.8,27,5,1026,168,0.632902493169768,-9.681373926484866,full_mc_1026_block168
full_mc_1026,tt,1.8,27,5,1026,169,0.635619373724294,-9.687771895115338,full_mc_1026_block168
full_mc_1026,tt,1.8,27,5,1026,170,0.63834684363742,-9.690297184029241,full_mc_1026_block168
full_mc_1026,tt,1.8,27,5,1026,171,0.64106387857604,-9.696638692191065,full_mc_1026_block168
full_mc_1026,tt,1.8,27,5,1026,172,0.64381247580474,-9.691437419980796,full_mc_1026_block168
full_mc_1026,tt,1.8,27,5,1026,173,0.6465295465408599,-9.69776583648553,full_mc_1026_block168
full_mc_1026,tt,1.8,27,5,1026,174,0.64925722246435,-9.700215784466277,full_mc_1026_block168
full_mc_1026,tt,1.8,27,5,1026,175,0.65197446404358,-9.706481721205032,full_mc_1026_block168
full_mc_1026,tt,1.8,27,5,1026,176,0.654849276320055,-9.655121802951296,full_mc_1026_block176
full_mc_1026,tt,1.8,27,5,1026,177,0.65756626327894,-9.661480857987662,full_mc_1026_block176
full_mc_1026,tt,1.8,27,5,1026,178,0.6602938340333,-9.663969267821733,full_mc_1026_block176
full_mc_1026,tt,1.8,27,5,1026,179,0.66301096417395,-9.670275959241144,full_mc_1026_block176
full_mc_1026,tt,1.8,27,5,1026,180,0.66575964275402,-9.66504493567267,full_mc_1026_block176
full_mc_1026,tt,1.8,27,5,1026,181,0.66847680007735,-9.671341685997684,full_mc_1026_block176
full_mc_1026,tt,1.8,27,5,1026,182,0.6712045570252,-9.673762002212568,full_mc_1026_block176
full_mc_1026,tt,1.8,27,5,1026,183,0.67392188099415,-9.679997807853747,full_mc_1026_block176
full_mc_1026,tt,1.8,27,5,1026,184,0.6767127210010649,-9.659347748181965,full_mc_1026_block184
full_mc_1026,tt,1.8,27,5,1026,185,0.679429930989095,-9.665625238273817,full_mc_1026_block184
full_mc_1026,tt,1.8,27,5,1026,186,0.68215771699475,-9.668034927634244,full_mc_1026_block184
full_mc_1026,tt,1.8,27,5,1026,187,0.6848750864144,-9.674254111305183,full_mc_1026_block184
full_mc_1026,tt,1.8,27,5,1026,188,0.6876240218040001,-9.668929168822851,full_mc_1026_block184
full_mc_1026,tt,1.8,27,5,1026,189,0.6903414269889999,-9.675135272594316,full_mc_1026_block184
full_mc_1026,tt,1.8,27,5,1026,190,0.6930694210169,-9.677468885248004,full_mc_1026_block184
full_mc_1026,tt,1.8,27,5,1026,191,0.69578700700975,-9.683608865005665,full_mc_1026_block184
full_mc_1026,tt,1.8,27,5,1026,192,0.699168284378204,-9.447027427399632,full_mc_1026_block192
full_mc_1026,tt,1.8,27,5,1026,193,0.701885316389376,-9.453370006171076,full_mc_1026_block192
full_mc_1026,tt,1.8,27,5,1026,194,0.70461292795415,-9.455843491053722,full_mc_1026_block192
full_mc_1026,tt,1.8,27,5,1026,195,0.70733009336732,-9.46213728280867,full_mc_1026_block192
full_mc_1026,tt,1.8,27,5,1026,196,0.710078807362,-9.45689330761139,full_mc_1026_block192
full_mc_1026,tt,1.8,27,5,1026,197,0.71279598435456,-9.463182864617993,full_mc_1026_block192
full_mc_1026,tt,1.8,27,5,1026,198,0.71552375935608,-9.46559657834789,full_mc_1026_block192
full_mc_1026,tt,1.8,27,5,1026,199,0.71824110381435,-9.471824890751991,full_mc_1026_block192
full_mc_1026,tt,1.8,27,5,1026,200,0.721031955782075,-9.45117045684112,full_mc_1026_block200
full_mc_1026,tt,1.8,27,5,1026,201,0.723749181373644,-9.457442240495888,full_mc_1026_block200
full_mc_1026,tt,1.8,27,5,1026,202,0.72647700438492,-9.459838396372058,full_mc_1026_block200
full_mc_1026,tt,1.8,27,5,1026,203,0.72919437375578,-9.466057597886188,full_mc_1026_block200
full_mc_1026,tt,1.8,27,5,1026,204,0.73194330533592,-9.460734048577828,full_mc_1026_block200
full_mc_1026,tt,1.8,27,5,1026,205,0.73466070976274,-9.466940429626497,full_mc_1026_block200
full_mc_1026,tt,1.8,27,5,1026,206,0.73738872543844,-9.469266125370472,full_mc_1026_block200
full_mc_1026,tt,1.8,27,5,1026,207,0.7401062937596801,-9.475412567888384,full_mc_1026_block200
full_mc_1026,tt,1.8,27,5,1026,208,0.742981486743384,-9.423913419562423,full_mc_1026_block208
full_mc_1026,tt,1.8,27,5,1026,209,0.74569880516825,-9.43015125275427,full_mc_1026_block208
full_mc_1026,tt,1.8,27,5,1026,210,0.74842670837876,-9.432518078624891,full_mc_1026_block208
full_mc_1026,tt,1.8,27,5,1026,211,0.7511441663517,-9.438704877092539,full_mc_1026_block208
full_mc_1026,tt,1.8,27,5,1026,212,0.75389318683984,-9.433348812858478,full_mc_1026_block208
full_mc_1026,tt,1.8,27,5,1026,213,0.75661066373151,-9.439528692476367,full_mc_1026_block208
full_mc_1026,tt,1.8,27,5,1026,214,0.7593387567709,-9.44182609521371,full_mc_1026_block208
full_mc_1026,tt,1.8,27,5,1026,215,0.76205641012986,-9.447941438222601,full_mc_1026_block208
full_mc_1026,tt,1.8,27,5,1026,216,0.764847585151898,-9.427168858734417,full_mc_1026_block216
full_mc_1026,tt,1.8,27,5,1026,217,0.767565129166676,-9.433324190472742,full_mc_1026_block216
full_mc_1026,tt,1.8,27,5,1026,218,0.7702932732358,-9.435602930907448,full_mc_1026_block216
full_mc_1026,tt,1.8,27,5,1026,219,0.77301097315678,-9.441701245520449,full_mc_1026_block216
full_mc_1026,tt,1.8,27,5,1026,220,0.77576023357515,-9.436257435373697,full_mc_1026_block216
full_mc_1026,tt,1.8,27,5,1026,221,0.77847795415286,-9.442348195525442,full_mc_1026_block216
full_mc_1026,tt,1.8,27,5,1026,222,0.78120630314944,-9.444551991061912,full_mc_1026_block216
full_mc_1026,tt,1.8,27,5,1026,223,0.78392420715554,-9.4505756688311,full_mc_1026_block216
full_mc_1026,tt,1.8,27,5,1026,224,0.786968255147414,-9.33732383180289,full_mc_1026_block224
full_mc_1026,tt,1.8,27,5,1026,225,0.789685762576672,-9.343492543388509,full_mc_1026_block224
full_mc_1026,tt,1.8,27,5,1026,226,0.7924138555,-9.345789988571402,full_mc_1026_block224
full_mc_1026,tt,1.8,27,5,1026,227,0.79513149957233,-9.351908727833559,full_mc_1026_block224
full_mc_1026,tt,1.8,27,5,1026,228,0.79788069756696,-9.346487746940356,full_mc_1026_block224
full_mc_1026,tt,1.8,27,5,1026,229,0.800598366,-9.352597577142856,full_mc_1026_block224
full_mc_1026,tt,1.8,27,5,1026,230,0.803326634,-9.354830994285685,full_mc_1026_block224
full_mc_1026,tt,1.8,27,5,1026,231,0.80604446957588,-9.360879697963835,full_mc_1026_block224
full_mc_1026,tt,1.8,27,5,1026,232,0.808835831575775,-9.340038738002242,full_mc_1026_block232
full_mc_1026,tt,1.8,27,5,1026,233,0.811553553,-9.346129188571451,full_mc_1026_block232
full_mc_1026,tt,1.8,27,5,1026,234,0.8142818405730801,-9.348355447559292,full_mc_1026_block232
full_mc_1026,tt,1.8,27,5,1026,235,0.81699971555535,-9.354389739757698,full_mc_1026_block232
full_mc_1026,tt,1.8,27,5,1026,236,0.8197491485663899,-9.348882810005941,full_mc_1026_block232
full_mc_1026,tt,1.8,27,5,1026,237,0.822467087,-9.354893897142794,full_mc_1026_block232
full_mc_1026,tt,1.8,27,5,1026,238,0.825195607,-9.357035154285711,full_mc_1026_block232
full_mc_1026,tt,1.8,27,5,1026,239,0.827913688,-9.36299410285715,full_mc_1026_block232
full_mc_1026,tt,1.8,27,5,1026,240,0.830789413,-9.311300388571421,full_mc_1026_block240
full_mc_1026,tt,1.8,27,5,1026,241,0.83350724,-9.317352228571403,full_mc_1026_block240
full_mc_1026,tt,1.8,27,5,1026,242,0.83623563,-9.319541028571377,full_mc_1026_block240
full_mc_1026,tt,1.8,27,5,1026,243,0.838953608,-9.325537645714316,full_mc_1026_block240
full_mc_1026,tt,1.8,27,5,1026,244,0.841703174,-9.319982079999981,full_mc_1026_block240
full_mc_1026,tt,1.8,27,5,1026,245,0.844421163,-9.325974674285687,full_mc_1026_block240
full_mc_1026,tt,1.8,27,5,1026,246,0.84714977549135,-9.328082106020556,full_mc_1026_block240
full_mc_1026,tt,1.8,27,5,1026,247,0.84986796948489,-9.333999731240194,full_mc_1026_block240
full_mc_1026,tt,1.8,27,5,1026,248,0.8526596624378,-9.313037737033158,full_mc_1026_block248
full_mc_1026,tt,1.8,27,5,1026,249,0.855377724,-9.319003794285713,full_mc_1026_block248
full_mc_1026,tt,1.8,27,5,1026,250,0.85810642956199,-9.321077188757922,full_mc_1026_block248
full_mc_1026,tt,1.8,27,5,1026,251,0.86082464946091,-9.326985340010035,full_mc_1026_block248
full_mc_1026,tt,1.8,27,5,1026,252,0.8635744484390301,-9.32134457086895,full_mc_1026_block248
full_mc_1026,tt,1.8,27,5,1026,253,0.866292731,-9.327229805714289,full_mc_1026_block248
full_mc_1026,tt,1.8,27,5,1026,254,0.86902159445075,-9.329245458011428,full_mc_1026_block248
full_mc_1026,tt,1.8,27,5,1026,255,0.87174000250566,-9.335084797930051,full_mc_1026_block248
