 time            v(XDUT.HOLD)    v(out)          v(pad)          i(VDD)          i(VHI)          i(VLO)         
 0.00000000e+00  7.01867023e-01  7.02010857e-01  7.01975759e-01 -1.55871866e-05 -3.95975787e-13  1.05530824e-12 
 1.00000000e-09  7.01867023e-01  7.02010857e-01  7.01975759e-01 -1.55871866e-05 -3.96051898e-13  1.05525929e-12 
 2.00000000e-09  7.01867023e-01  7.02010857e-01  7.01975758e-01 -1.55871866e-05 -3.96059704e-13  1.05525370e-12 
 4.00000000e-09  7.01867023e-01  7.02010857e-01  7.01975758e-01 -1.55871866e-05 -3.96057753e-13  1.05525403e-12 
 8.00000000e-09  7.01867023e-01  7.02010857e-01  7.01975758e-01 -1.55871866e-05 -3.96060138e-13  1.05525300e-12 
 1.60000000e-08  7.01867023e-01  7.02010857e-01  7.01975758e-01 -1.55871866e-05 -3.96045176e-13  1.05525582e-12 
 3.20000000e-08  7.01867023e-01  7.02010857e-01  7.01975758e-01 -1.55871866e-05 -3.95954537e-13  1.05531811e-12 
 6.40000000e-08  7.01867023e-01  7.02010857e-01  7.01975758e-01 -1.55871866e-05 -3.95925914e-13  1.05535193e-12 
 1.00000000e-07  7.01867023e-01  7.02010857e-01  7.01975759e-01 -1.55871866e-05 -3.95959090e-13  1.05532054e-12 
 1.00017697e-07  7.01881063e-01  7.02039557e-01  7.01975960e-01 -1.24792998e-05  3.76294920e-09  5.10263275e-09 
 1.00053092e-07  7.01891385e-01  7.02086113e-01  7.01976688e-01 -1.05930713e-05  1.06350274e-08  1.52021706e-08 
 1.00115067e-07  7.01896017e-01  7.02141396e-01  7.01979185e-01 -9.09411800e-06  1.99005571e-08  3.21368878e-08 
 1.00179065e-07  7.01906357e-01  7.02178847e-01  7.01982871e-01 -8.00336280e-06  2.71249270e-08  4.88688030e-08 
 1.00301353e-07  7.01919876e-01  7.02208831e-01  7.01991268e-01 -7.43713087e-06  3.78957369e-08  7.93512595e-08 
 1.00491704e-07  7.01945206e-01  7.02206235e-01  7.02004557e-01 -7.06801221e-06  5.12684685e-08  1.23689927e-07 
 1.00812231e-07  7.01983859e-01  7.02159165e-01  7.02021791e-01 -7.21109691e-06  7.06008718e-08  1.91401160e-07 
 1.01279267e-07  7.02046392e-01  7.02069804e-01  7.02031631e-01 -7.67023219e-06  9.23106908e-08  2.76874245e-07 
 1.01464358e-07  7.02075779e-01  7.02030151e-01  7.02030435e-01 -8.90447047e-06  9.48922920e-08  3.06888554e-07 
 1.01636159e-07  7.02117645e-01  7.01989900e-01  7.02026747e-01 -1.17097117e-05  8.42126565e-08  3.32661157e-07 
 1.01760329e-07  7.02160318e-01  7.01956903e-01  7.02022460e-01 -1.60413509e-05  6.03372486e-08  3.49978139e-07 
 1.01877145e-07  7.02218026e-01  7.01921875e-01  7.02017065e-01 -2.23623473e-05  1.55700697e-08  3.65533563e-07 
 1.02000925e-07  7.02296971e-01  7.01879048e-01  7.02009735e-01 -3.24380922e-05 -6.68140478e-08  3.82947791e-07 
 1.02131033e-07  7.02400976e-01  7.01827463e-01  7.02000017e-01 -4.61149287e-05 -2.05462825e-07  4.07852228e-07 
 1.02274759e-07  7.02529858e-01  7.01761824e-01  7.01986579e-01 -6.37446653e-05 -4.37402391e-07  4.60757769e-07 
 1.02407900e-07  7.02651662e-01  7.01691506e-01  7.01971275e-01 -7.92158610e-05 -7.42774813e-07  5.65858959e-07 
 1.02521864e-07  7.02745724e-01  7.01620772e-01  7.01955665e-01 -8.91191660e-05 -1.08982048e-06  7.39277497e-07 
 1.02625210e-07  7.02816339e-01  7.01544983e-01  7.01939145e-01 -9.31058929e-05 -1.48838538e-06  1.00654914e-06 
 1.02740740e-07  7.02871394e-01  7.01447558e-01  7.01917556e-01 -9.31314241e-05 -2.04012918e-06  1.48987886e-06 
 1.02861285e-07  7.02900145e-01  7.01341282e-01  7.01891273e-01 -9.20322427e-05 -2.72902194e-06  2.27491130e-06 
 1.02942932e-07  7.02902295e-01  7.01273747e-01  7.01871387e-01 -9.14222167e-05 -3.25090677e-06  3.00559779e-06 
 1.03032048e-07  7.02889458e-01  7.01208448e-01  7.01848083e-01 -9.05514723e-05 -3.85919473e-06  4.01645276e-06 
 1.03131092e-07  7.02855092e-01  7.01148459e-01  7.01820706e-01 -8.95275902e-05 -4.56852020e-06  5.42419854e-06 
 1.03213260e-07  7.02804919e-01  7.01110872e-01  7.01797226e-01 -8.81630719e-05 -5.17026734e-06  6.83197027e-06 
 1.03265114e-07  7.02752961e-01  7.01094703e-01  7.01782250e-01 -8.68924661e-05 -5.54759685e-06  7.83798607e-06 
 1.03298111e-07  7.02704136e-01  7.01088737e-01  7.01772736e-01 -8.56618952e-05 -5.78184320e-06  8.52966680e-06 
 1.03325984e-07  7.02646463e-01  7.01087571e-01  7.01764756e-01 -8.43054415e-05 -5.97212677e-06  9.14940338e-06 
 1.03351678e-07  7.02573195e-01  7.01091006e-01  7.01757491e-01 -8.25678324e-05 -6.13704618e-06  9.75344065e-06 
 1.03378306e-07  7.02472177e-01  7.01101354e-01  7.01750113e-01 -8.01928834e-05 -6.29152189e-06  1.04169264e-05 
 1.03412117e-07  7.02314825e-01  7.01128165e-01  7.01741106e-01 -7.62897676e-05 -6.45477184e-06  1.13201411e-05 
 1.03443758e-07  7.02156799e-01  7.01168564e-01  7.01733210e-01 -7.20041039e-05 -6.56964473e-06  1.22299606e-05 
 1.03490274e-07  7.01936478e-01  7.01249373e-01  7.01722899e-01 -6.50953457e-05 -6.67285233e-06  1.36789584e-05 
 1.03525298e-07  7.01792401e-01  7.01320719e-01  7.01716319e-01 -5.98225624e-05 -6.70449757e-06  1.48524149e-05 
 1.03558951e-07  7.01675059e-01  7.01391380e-01  7.01711033e-01 -5.49049168e-05 -6.70495696e-06  1.60397624e-05 
 1.03597358e-07  7.01564079e-01  7.01469068e-01  7.01706217e-01 -4.96839039e-05 -6.67782387e-06  1.74587599e-05 
 1.03638319e-07  7.01468797e-01  7.01544392e-01  7.01702405e-01 -4.46410487e-05 -6.62501777e-06  1.90394115e-05 
 1.03681888e-07  7.01386995e-01  7.01613287e-01  7.01699664e-01 -3.99231611e-05 -6.55034399e-06  2.07889901e-05 
 1.03729479e-07  7.01313969e-01  7.01674523e-01  7.01697951e-01 -3.54778961e-05 -6.45492274e-06  2.27729694e-05 
 1.03782487e-07  7.01245208e-01  7.01726664e-01  7.01697270e-01 -3.13010399e-05 -6.33871146e-06  2.50651030e-05 
 1.03843712e-07  7.01175342e-01  7.01769145e-01  7.01697646e-01 -2.73276675e-05 -6.19794422e-06  2.78129754e-05 
 1.03915594e-07  7.01098936e-01  7.01800427e-01  7.01699122e-01 -2.35626377e-05 -6.02938491e-06  3.11677935e-05 
 1.04003987e-07  7.01005761e-01  7.01819940e-01  7.01701762e-01 -1.99878116e-05 -5.82222247e-06  3.54716496e-05 
 1.04115335e-07  7.00879178e-01  7.01826435e-01  7.01705523e-01 -1.67063432e-05 -5.56548150e-06  4.11538291e-05 
 1.04264498e-07  7.00674657e-01  7.01818738e-01  7.01710273e-01 -1.38720989e-05 -5.23227625e-06  4.91800589e-05 
 1.04465764e-07  7.00293461e-01  7.01795082e-01  7.01715036e-01 -1.18959729e-05 -4.80498275e-06  6.06628180e-05 
 1.04724656e-07  6.99550447e-01  7.01755163e-01  7.01717498e-01 -1.09802364e-05 -4.29555264e-06  7.63014136e-05 
 1.05000000e-07  6.98371191e-01  7.01706788e-01  7.01715242e-01 -1.07266817e-05 -3.80391741e-06  9.36164696e-05 
 1.05005433e-07  6.98334874e-01  7.01695302e-01  7.01715123e-01 -1.28084003e-05 -3.79588683e-06  9.39605169e-05 
 1.05016300e-07  6.98270635e-01  7.01674868e-01  7.01714840e-01 -1.35973676e-05 -3.77976002e-06  9.46466375e-05 
 1.05038032e-07  6.98161607e-01  7.01642617e-01  7.01714051e-01 -1.38472494e-05 -3.74709143e-06  9.60062648e-05 
 1.05073720e-07  6.97982175e-01  7.01598503e-01  7.01712229e-01 -1.45539010e-05 -3.69289760e-06  9.82019276e-05 
 1.05108867e-07  6.97803520e-01  7.01562182e-01  7.01709898e-01 -1.48550580e-05 -3.63945177e-06  1.00319688e-04 
 1.05179160e-07  6.97438240e-01  7.01508678e-01  7.01704087e-01 -1.54506526e-05 -3.53378368e-06  1.04424807e-04 
 1.05297924e-07  6.96791470e-01  7.01456696e-01  7.01692186e-01 -1.57868819e-05 -3.36120223e-06  1.10979235e-04 
 1.05462431e-07  6.95833769e-01  7.01426256e-01  7.01673979e-01 -1.60199648e-05 -3.13601191e-06  1.19310926e-04 
 1.05755413e-07  6.93958848e-01  7.01409099e-01  7.01641721e-01 -1.60147818e-05 -2.77303581e-06  1.32209924e-04 
 1.06168604e-07  6.90979796e-01  7.01402661e-01  7.01600362e-01 -1.60833380e-05 -2.33450635e-06  1.46748705e-04 
 1.06753150e-07  6.86181709e-01  7.01396779e-01  7.01551015e-01 -1.60553450e-05 -1.83524637e-06  1.61477567e-04 
 1.07397810e-07  6.80222958e-01  7.01389967e-01  7.01506995e-01 -1.61395062e-05 -1.41481807e-06  1.71714489e-04 
 1.08107074e-07  6.73015833e-01  7.01374879e-01  7.01467329e-01 -1.61225801e-05 -1.07036841e-06  1.77878857e-04 
 1.08871426e-07  6.64652109e-01  7.01341337e-01  7.01429063e-01 -1.62141165e-05 -8.00337076e-07  1.80518725e-04 
 1.09748913e-07  6.54479078e-01  7.01267879e-01  7.01381430e-01 -1.62090419e-05 -5.81590362e-07  1.80341913e-04 
 1.10740853e-07  6.42461586e-01  7.01122454e-01  7.01308149e-01 -1.63109022e-05 -4.14520951e-07  1.77740675e-04 
 1.11919760e-07  6.27734916e-01  7.00833671e-01  7.01168812e-01 -1.63202730e-05 -2.87378301e-07  1.72978412e-04 
 1.13317658e-07  6.09980688e-01  7.00279133e-01  7.00885880e-01 -1.64356171e-05 -1.97680014e-07  1.66398998e-04 
 1.15083753e-07  5.87548915e-01  6.99156815e-01  7.00257897e-01 -1.64627234e-05 -1.36618247e-07  1.57864360e-04 
 1.17394501e-07  5.58830525e-01  6.96789342e-01  6.98791436e-01 -1.65971838e-05 -9.98168102e-08  1.47193824e-04 
 1.20345679e-07  5.23964229e-01  6.91949070e-01  6.95482830e-01 -1.66371804e-05 -8.26326145e-08  1.34679321e-04 
 1.23426948e-07  4.90255882e-01  6.84429259e-01  6.89894484e-01 -1.67539059e-05 -7.78746688e-08  1.22757532e-04 
 1.26640856e-07  4.58235446e-01  6.73846402e-01  6.81450008e-01 -1.67551819e-05 -7.73907010e-08  1.11291282e-04 
 1.30165267e-07  4.26727980e-01  6.59392060e-01  6.69158541e-01 -1.68340012e-05 -7.80107071e-08  9.96669763e-05 
 1.34156862e-07  3.95283315e-01  6.40374774e-01  6.52015791e-01 -1.67972227e-05 -7.79905883e-08  8.76065187e-05 
 1.38495702e-07  3.65710654e-01  6.18012276e-01  6.30779471e-01 -1.68315353e-05 -7.59685229e-08  7.57802736e-05 
 1.43674970e-07  3.35897408e-01  5.91197764e-01  6.04112643e-01 -1.67426225e-05 -7.07605540e-08  6.33540125e-05 
 1.49199776e-07  3.09732364e-01  5.64506874e-01  5.76511893e-01 -1.67227384e-05 -6.27900408e-08  5.20132804e-05 
 1.54784523e-07  2.88228805e-01  5.40846522e-01  5.51330186e-01 -1.65936656e-05 -5.36656463e-08  4.23863068e-05 
 1.60301029e-07  2.71021225e-01  5.21152177e-01  5.29972464e-01 -1.65525650e-05 -4.47971059e-08  3.44820370e-05 
 1.66316494e-07  2.55971841e-01  5.03567154e-01  5.10707607e-01 -1.64089402e-05 -3.61804834e-08  2.74249404e-05 
 1.72364750e-07  2.44003588e-01  4.89321839e-01  4.95063686e-01 -1.63619049e-05 -2.89735000e-08  2.17150758e-05 
 1.79004515e-07  2.33746658e-01  4.76708447e-01  4.81289943e-01 -1.62208215e-05 -2.27961159e-08  1.67547909e-05 
 1.86276090e-07  2.25203733e-01  4.65447271e-01  4.69159354e-01 -1.61760718e-05 -1.78309952e-08  1.25754123e-05 
 1.94674661e-07  2.17960276e-01  4.54501328e-01  4.57615448e-01 -1.60417246e-05 -1.39677223e-08  8.99859267e-06 
 2.03361753e-07  2.12638575e-01  4.44410082e-01  4.47228881e-01 -1.60157436e-05 -1.14953508e-08  6.35059322e-06 
 2.11251399e-07  2.09185773e-01  4.35657881e-01  4.38393899e-01 -1.59188031e-05 -1.01972732e-08  4.62398164e-06 
 2.18027995e-07  2.06986132e-01  4.28150649e-01  4.30900240e-01 -1.59309265e-05 -9.54565531e-09  3.52016968e-06 
 2.24842652e-07  2.05303189e-01  4.20468776e-01  4.23272815e-01 -1.58581338e-05 -9.18209648e-09  2.67400392e-06 
 2.32358008e-07  2.03910485e-01  4.11787135e-01  4.14666812e-01 -1.58813154e-05 -8.95719516e-09  1.97233790e-06 
 2.44867799e-07  2.02335238e-01  3.96929160e-01  3.99907756e-01 -1.58087516e-05 -8.75343103e-09  1.17765073e-06 
 2.61473784e-07  2.01159401e-01  3.76991726e-01  3.79975625e-01 -1.58319479e-05 -8.39318254e-09  5.83448916e-07 
 2.79684702e-07  2.00528059e-01  3.55990329e-01  3.58787041e-01 -1.57692058e-05 -7.66848406e-09  2.64619976e-07 
 3.01012120e-07  2.00199372e-01  3.34165847e-01  3.36548072e-01 -1.57996867e-05 -6.40406118e-09  9.87534912e-08 
 3.20939871e-07  2.00074345e-01  3.17414195e-01  3.19321447e-01 -1.57444011e-05 -5.08332180e-09  3.61338067e-08 
 3.40129043e-07  2.00024188e-01  3.04708587e-01  3.06191298e-01 -1.57858779e-05 -3.93280189e-09  1.10280564e-08 
 3.58525491e-07  2.00004354e-01  2.95038001e-01  2.96232017e-01 -1.57397897e-05 -3.16694774e-09  1.30593201e-09 
 3.80529292e-07  1.99996434e-01  2.85313991e-01  2.86338895e-01 -1.57868952e-05 -2.71200909e-09 -2.71258965e-09 
 4.01272875e-07  1.99994297e-01  2.76977569e-01  2.77947178e-01 -1.57433227e-05 -2.58282045e-09 -3.66216855e-09 
 4.25408368e-07  1.99993737e-01  2.67834787e-01  2.68744339e-01 -1.57909787e-05 -2.43799628e-09 -3.97662180e-09 
 4.52448647e-07  1.99993144e-01  2.58596779e-01  2.59390443e-01 -1.57468895e-05 -2.14961069e-09 -4.05978032e-09 
 4.86917300e-07  1.99993815e-01  2.48750576e-01  2.49383128e-01 -1.57926631e-05 -1.71462896e-09 -3.68030001e-09 
 5.37380639e-07  1.99995163e-01  2.37513435e-01  2.37985785e-01 -1.57465125e-05 -1.29098380e-09 -2.77723873e-09 
 5.86394072e-07  1.99996510e-01  2.29114777e-01  2.29486129e-01 -1.57915250e-05 -1.01882025e-09 -2.10914448e-09 
 6.34919251e-07  1.99996985e-01  2.22637663e-01  2.22920237e-01 -1.57457340e-05 -7.89113308e-10 -1.70103318e-09 
 6.93950844e-07  1.99997986e-01  2.16749350e-01  2.16950429e-01 -1.57905959e-05 -5.63787889e-10 -1.22829663e-09 
 7.57450931e-07  1.99998398e-01  2.12169235e-01  2.12311929e-01 -1.57447031e-05 -4.14030229e-10 -8.78755313e-10 
 8.29002444e-07  1.99999058e-01  2.08537931e-01  2.08631385e-01 -1.57897700e-05 -2.75990925e-10 -6.01965947e-10 
 9.07107656e-07  1.99999215e-01  2.05887073e-01  2.05944871e-01 -1.57440265e-05 -1.85924932e-10 -4.00438415e-10 
 9.98632053e-07  1.99999695e-01  2.03898583e-01  2.03930346e-01 -1.57891998e-05 -1.10084848e-10 -2.32829786e-10 
 1.09863205e-06  1.99999652e-01  2.02596442e-01  2.02610352e-01 -1.57436442e-05 -6.79848213e-11 -1.45634938e-10 
 1.19863205e-06  1.99999975e-01  2.01842950e-01  2.01846985e-01 -1.57889332e-05 -3.53540463e-11 -6.99011483e-11 
 1.29863205e-06  1.99999817e-01  2.01402683e-01  2.01400794e-01 -1.57434982e-05 -2.54803973e-11 -5.05980163e-11 
 1.39863205e-06  2.00000068e-01  2.01148971e-01  2.01143593e-01 -1.57888397e-05 -9.98106979e-12 -1.57909021e-11 
 1.49863205e-06  1.99999873e-01  2.01000931e-01  2.00993697e-01 -1.57434502e-05 -1.10686826e-11 -1.78440879e-11 
 1.59863205e-06  2.00000098e-01  2.00915061e-01  2.00906556e-01 -1.57888049e-05 -1.57692869e-12  2.27161904e-12 
 1.69863205e-06  1.99999892e-01  2.00865528e-01  2.00856450e-01 -1.57434380e-05 -6.08165428e-12 -6.93705293e-12 
 1.79863205e-06  2.00000109e-01  2.00836434e-01  2.00826906e-01 -1.57887887e-05  1.17293415e-12  8.59849751e-12 
 1.89863205e-06  1.99999898e-01  2.00819787e-01  2.00810076e-01 -1.57434386e-05 -4.37152745e-12 -3.48952838e-12 
 1.99863205e-06  2.00000113e-01  2.00810040e-01  2.00800166e-01 -1.57887786e-05  2.10273205e-12  1.08824283e-11 
 2.09863205e-06  1.99999900e-01  2.00804350e-01  2.00794431e-01 -1.57434432e-05 -3.81433210e-12 -2.40459286e-12 
 2.19863205e-06  2.00000114e-01  2.00801148e-01  2.00791152e-01 -1.57887709e-05  2.43587008e-12  1.16737185e-11 
 2.29863205e-06  1.99999901e-01  2.00799170e-01  2.00789186e-01 -1.57434490e-05 -3.64104883e-12 -2.03520089e-12 
 2.39863205e-06  2.00000115e-01  2.00798133e-01  2.00788094e-01 -1.57887642e-05  2.55545021e-12  1.19312529e-11 
 2.49863205e-06  1.99999901e-01  2.00797440e-01  2.00787433e-01 -1.57434550e-05 -3.58479934e-12 -1.90803417e-12 
 2.59863205e-06  2.00000115e-01  2.00797112e-01  2.00787058e-01 -1.57887578e-05  2.59510252e-12  1.20238970e-11 
 2.69863205e-06  1.99999901e-01  2.00796857e-01  2.00786843e-01 -1.57434612e-05 -3.56461453e-12 -1.87776091e-12 
 2.79863205e-06  2.00000115e-01  2.00796771e-01  2.00786713e-01 -1.57887515e-05  2.60777836e-12  1.20709047e-11 
 2.89863205e-06  1.99999901e-01  2.00796658e-01  2.00786641e-01 -1.57434675e-05 -3.55806443e-12 -1.88346631e-12 
 2.99863205e-06  2.00000115e-01  2.00796658e-01  2.00786599e-01 -1.57887451e-05  2.61307078e-12  1.21008440e-11 
 3.09863205e-06  1.99999901e-01  2.00796589e-01  2.00786571e-01 -1.57434738e-05 -3.55731742e-12 -1.89730626e-12 
 3.19863205e-06  2.00000115e-01  2.00796621e-01  2.00786560e-01 -1.57887388e-05  2.61642964e-12  1.21209321e-11 
 3.29863205e-06  1.99999901e-01  2.00796566e-01  2.00786549e-01 -1.57434802e-05 -3.55855536e-12 -1.91045579e-12 
 3.39863205e-06  2.00000115e-01  2.00796608e-01  2.00786547e-01 -1.57887324e-05  2.61888167e-12  1.21352485e-11 
 3.49863205e-06  1.99999901e-01  2.00796559e-01  2.00786541e-01 -1.57434865e-05 -3.56012962e-12 -1.92198357e-12 
 3.59863205e-06  2.00000115e-01  2.00796603e-01  2.00786542e-01 -1.57887261e-05  2.62074347e-12  1.21467485e-11 
 3.69863205e-06  1.99999901e-01  2.00796556e-01  2.00786539e-01 -1.57434928e-05 -3.56162365e-12 -1.93215138e-12 
 3.79863205e-06  2.00000115e-01  2.00796602e-01  2.00786541e-01 -1.57887198e-05  2.62229908e-12  1.21566422e-11 
 3.89863205e-06  1.99999901e-01  2.00796555e-01  2.00786538e-01 -1.57434992e-05 -3.56303767e-12 -1.94131272e-12 
 3.99863205e-06  2.00000115e-01  2.00796602e-01  2.00786540e-01 -1.57887135e-05  2.62371808e-12  1.21652275e-11 
 4.09863205e-06  1.99999901e-01  2.00796555e-01  2.00786538e-01 -1.57435055e-05 -3.56439336e-12 -1.94926090e-12 
 4.19863205e-06  2.00000115e-01  2.00796602e-01  2.00786540e-01 -1.57887071e-05  2.62505404e-12  1.21726713e-11 
 4.29863205e-06  1.99999901e-01  2.00796554e-01  2.00786538e-01 -1.57435118e-05 -3.56568334e-12 -1.95608650e-12 
 4.39863205e-06  2.00000115e-01  2.00796602e-01  2.00786540e-01 -1.57887008e-05  2.62631366e-12  1.21789686e-11 
 4.49863205e-06  1.99999901e-01  2.00796554e-01  2.00786538e-01 -1.57435182e-05 -3.56690437e-12 -1.96195566e-12 
 4.59863205e-06  2.00000115e-01  2.00796602e-01  2.00786540e-01 -1.57886945e-05  2.62750347e-12  1.21844272e-11 
 4.69863205e-06  1.99999901e-01  2.00796554e-01  2.00786538e-01 -1.57435245e-05 -3.56806230e-12 -1.96699650e-12 
 4.79863205e-06  2.00000115e-01  2.00796602e-01  2.00786540e-01 -1.57886881e-05  2.62863342e-12  1.21890819e-11 
 4.89863205e-06  1.99999901e-01  2.00796554e-01  2.00786538e-01 -1.57435308e-05 -3.56916645e-12 -1.97136117e-12 
 4.99863205e-06  2.00000115e-01  2.00796603e-01  2.00786540e-01 -1.57886818e-05  2.62971372e-12  1.21930666e-11 
 5.09863205e-06  1.99999901e-01  2.00796553e-01  2.00786538e-01 -1.57435371e-05 -3.57022484e-12 -1.97500480e-12 
 5.19863205e-06  2.00000115e-01  2.00796603e-01  2.00786540e-01 -1.57886755e-05  2.63075347e-12  1.21964192e-11 
 5.29863205e-06  1.99999901e-01  2.00796553e-01  2.00786538e-01 -1.57435435e-05 -3.57124595e-12 -1.97810317e-12 
 5.39863205e-06  2.00000115e-01  2.00796603e-01  2.00786540e-01 -1.57886691e-05  2.63175766e-12  1.21992310e-11 
 5.49863205e-06  1.99999901e-01  2.00796553e-01  2.00786538e-01 -1.57435498e-05 -3.57223279e-12 -1.98066628e-12 
 5.59863205e-06  2.00000115e-01  2.00796603e-01  2.00786540e-01 -1.57886628e-05  2.63272975e-12  1.22015422e-11 
 5.69863205e-06  1.99999901e-01  2.00796553e-01  2.00786538e-01 -1.57435561e-05 -3.57319252e-12 -1.98281804e-12 
 5.79863205e-06  2.00000115e-01  2.00796603e-01  2.00786540e-01 -1.57886565e-05  2.63367626e-12  1.22034653e-11 
 5.89863205e-06  1.99999901e-01  2.00796553e-01  2.00786538e-01 -1.57435625e-05 -3.57412645e-12 -1.98451168e-12 
 5.99863205e-06  2.00000115e-01  2.00796603e-01  2.00786540e-01 -1.57886502e-05  2.63459870e-12  1.22049961e-11 
 6.09863205e-06  1.99999901e-01  2.00796553e-01  2.00786538e-01 -1.57435688e-05 -3.57503784e-12 -1.98582654e-12 
 6.19863205e-06  2.00000115e-01  2.00796604e-01  2.00786540e-01 -1.57886438e-05  2.63550141e-12  1.22061337e-11 
 6.29863205e-06  1.99999901e-01  2.00796552e-01  2.00786538e-01 -1.57435751e-05 -3.57592927e-12 -1.98684797e-12 
 6.39863205e-06  2.00000115e-01  2.00796604e-01  2.00786540e-01 -1.57886375e-05  2.63638395e-12  1.22070209e-11 
 6.49863205e-06  1.99999902e-01  2.00796552e-01  2.00786538e-01 -1.57435814e-05 -3.57680443e-12 -1.98756815e-12 
 6.59863205e-06  2.00000115e-01  2.00796604e-01  2.00786540e-01 -1.57886312e-05  2.63724979e-12  1.22075992e-11 
 6.69863205e-06  1.99999902e-01  2.00796552e-01  2.00786538e-01 -1.57435878e-05 -3.57766139e-12 -1.98803279e-12 
 6.79863205e-06  2.00000115e-01  2.00796604e-01  2.00786540e-01 -1.57886249e-05  2.63809916e-12  1.22079151e-11 
 6.89863205e-06  1.99999902e-01  2.00796552e-01  2.00786538e-01 -1.57435941e-05 -3.57850360e-12 -1.98826518e-12 
 6.99863205e-06  2.00000115e-01  2.00796604e-01  2.00786540e-01 -1.57886185e-05  2.63893551e-12  1.22080236e-11 
 7.09863205e-06  1.99999902e-01  2.00796552e-01  2.00786538e-01 -1.57436004e-05 -3.57933301e-12 -1.98828378e-12 
 7.19863205e-06  2.00000115e-01  2.00796604e-01  2.00786540e-01 -1.57886122e-05  2.63975799e-12  1.22079338e-11 
 7.29863205e-06  1.99999902e-01  2.00796552e-01  2.00786538e-01 -1.57436067e-05 -3.58014898e-12 -1.98810440e-12 
 7.39863205e-06  2.00000115e-01  2.00796605e-01  2.00786540e-01 -1.57886059e-05  2.64056724e-12  1.22076540e-11 
 7.49863205e-06  1.99999902e-01  2.00796551e-01  2.00786538e-01 -1.57436130e-05 -3.58095216e-12 -1.98778580e-12 
 7.59863205e-06  2.00000115e-01  2.00796605e-01  2.00786540e-01 -1.57885996e-05  2.64136629e-12  1.22072219e-11 
 7.69863205e-06  1.99999902e-01  2.00796551e-01  2.00786538e-01 -1.57436194e-05 -3.58174449e-12 -1.98726777e-12 
 7.79863205e-06  2.00000115e-01  2.00796605e-01  2.00786540e-01 -1.57885933e-05  2.64215212e-12  1.22066696e-11 
 7.89863205e-06  1.99999902e-01  2.00796551e-01  2.00786538e-01 -1.57436257e-05 -3.58252729e-12 -1.98666062e-12 
 7.94931603e-06  2.00000115e-01  2.00796605e-01  2.00786540e-01 -1.57885839e-05  2.64327210e-12  1.22093758e-11 
 8.00000000e-06  1.99999902e-01  2.00796551e-01  2.00786538e-01 -1.57436381e-05 -3.58399226e-12 -1.99197245e-12 
 8.00004912e-06  1.99971946e-01  2.00734160e-01  2.00785335e-01 -1.89938853e-05 -7.81214564e-09 -1.66373304e-08 
 8.00014736e-06  1.99947452e-01  2.00647231e-01  2.00781301e-01 -2.04325278e-05 -1.96649523e-08 -4.95261140e-08 
 8.00028080e-06  1.99929883e-01  2.00599639e-01  2.00772572e-01 -2.10861557e-05 -2.97462115e-08 -9.20211686e-08 
 8.00043272e-06  1.99905491e-01  2.00592245e-01  2.00761563e-01 -2.17744839e-05 -3.96239108e-08 -1.38161619e-07 
 8.00059180e-06  1.99884569e-01  2.00608581e-01  2.00751006e-01 -2.25344407e-05 -4.83936884e-08 -1.84178334e-07 
 8.00090998e-06  1.99846614e-01  2.00659627e-01  2.00735817e-01 -2.70059876e-05 -5.80780750e-08 -2.68470474e-07 
 8.00120565e-06  1.99833859e-01  2.00722973e-01  2.00729725e-01 -3.66640601e-05 -5.08557586e-08 -3.36425645e-07 
 8.00146523e-06  1.99842107e-01  2.00786751e-01  2.00731216e-01 -5.12771186e-05 -2.35481522e-08 -3.86342942e-07 
 8.00169585e-06  1.99869883e-01  2.00852706e-01  2.00738135e-01 -6.91221170e-05  2.45089038e-08 -4.22178465e-07 
 8.00187364e-06  1.99899182e-01  2.00908925e-01  2.00747245e-01 -8.62022729e-05  8.39176876e-08 -4.43716634e-07 
 8.00201115e-06  1.99927589e-01  2.00958052e-01  2.00756677e-01 -1.01064584e-04  1.49813283e-07 -4.56344332e-07 
 8.00212372e-06  1.99949496e-01  2.01001966e-01  2.00766070e-01 -1.14353079e-04  2.22725612e-07 -4.63575814e-07 
 8.00221936e-06  1.99967127e-01  2.01043857e-01  2.00775334e-01 -1.26090671e-04  3.03944285e-07 -4.67120877e-07 
 8.00230228e-06  1.99976785e-01  2.01084207e-01  2.00784427e-01 -1.36599098e-04  3.94613618e-07 -4.67704254e-07 
 8.00237549e-06  1.99979570e-01  2.01124654e-01  2.00793372e-01 -1.45795082e-04  4.96442863e-07 -4.65800370e-07 
 8.00244227e-06  1.99972960e-01  2.01166722e-01  2.00802395e-01 -1.54047639e-04  6.13769867e-07 -4.61432806e-07 
 8.00250847e-06  1.99957174e-01  2.01214994e-01  2.00812285e-01 -1.61786325e-04  7.60318562e-07 -4.53987913e-07 
 8.00258513e-06  1.99930423e-01  2.01279981e-01  2.00825124e-01 -1.70222968e-04  9.75318940e-07 -4.40693565e-07 
 8.00266158e-06  1.99902953e-01  2.01352860e-01  2.00839620e-01 -1.78025844e-04  1.24105749e-06 -4.22171713e-07 
 8.00277963e-06  1.99867787e-01  2.01471569e-01  2.00865571e-01 -1.89190426e-04  1.74617538e-06 -3.83748996e-07 
 8.00287847e-06  1.99847933e-01  2.01569409e-01  2.00890573e-01 -1.97606853e-04  2.24776538e-06 -3.43370831e-07 
 8.00298815e-06  1.99835987e-01  2.01669366e-01  2.00921429e-01 -2.05853611e-04  2.87220893e-06 -2.91338917e-07 
 8.00311295e-06  1.99833976e-01  2.01766813e-01  2.00959741e-01 -2.13076375e-04  3.64715752e-06 -2.25115887e-07 
 8.00323003e-06  1.99841512e-01  2.01837468e-01  2.00997830e-01 -2.16208585e-04  4.40993801e-06 -1.58829088e-07 
 8.00331311e-06  1.99850781e-01  2.01869995e-01  2.01025480e-01 -2.13191484e-04  4.95063095e-06 -1.11526745e-07 
 8.00337042e-06  1.99857472e-01  2.01878296e-01  2.01044485e-01 -2.05048253e-04  5.30660570e-06 -8.04326622e-08 
 8.00342031e-06  1.99862296e-01  2.01870471e-01  2.01060685e-01 -1.92547406e-04  5.59055963e-06 -5.58492852e-08 
 8.00347677e-06  1.99866008e-01  2.01840711e-01  2.01078212e-01 -1.73618267e-04  5.86819894e-06 -3.22368442e-08 
 8.00353853e-06  1.99867768e-01  2.01783619e-01  2.01095876e-01 -1.49510607e-04  6.10787723e-06 -1.25644020e-08 
 8.00361229e-06  1.99866860e-01  2.01689857e-01  2.01114219e-01 -1.19970431e-04  6.30075730e-06  2.01719446e-09 
 8.00371089e-06  1.99861449e-01  2.01544296e-01  2.01133279e-01 -8.52243013e-05  6.41104434e-06  7.57638649e-09 
 8.00377864e-06  1.99855723e-01  2.01444594e-01  2.01142666e-01 -6.69157500e-05  6.40400676e-06  3.67715058e-09 
 8.00384495e-06  1.99849113e-01  2.01357190e-01  2.01149163e-01 -5.34089162e-05  6.34912783e-06 -4.51692398e-09 
 8.00392166e-06  1.99840687e-01  2.01273431e-01  2.01153880e-01 -4.23988055e-05  6.24383987e-06 -1.77146407e-08 
 8.00400291e-06  1.99831190e-01  2.01205996e-01  2.01156303e-01 -3.48833239e-05  6.10027775e-06 -3.44531655e-08 
 8.00409045e-06  1.99820617e-01  2.01155722e-01  2.01156802e-01 -3.00419049e-05  5.92464807e-06 -5.41815203e-08 
 8.00418593e-06  1.99808860e-01  2.01122174e-01  2.01155756e-01 -2.71155850e-05  5.72174801e-06 -7.64820539e-08 
 8.00429572e-06  1.99795244e-01  2.01103357e-01  2.01153476e-01 -2.54762753e-05  5.48507895e-06 -1.02135933e-07 
 8.00442531e-06  1.99779113e-01  2.01098543e-01  2.01150314e-01 -2.46519999e-05  5.21033937e-06 -1.31642032e-07 
 8.00458539e-06  1.99759225e-01  2.01106992e-01  2.01146740e-01 -2.43359207e-05  4.88482700e-06 -1.66374056e-07 
 8.00479182e-06  1.99733630e-01  2.01128805e-01  2.01143656e-01 -2.42367349e-05  4.49158878e-06 -2.08121062e-07 
 8.00500000e-06  1.99707921e-01  2.01156168e-01  2.01142758e-01 -2.42378428e-05  4.12523456e-06 -2.46853000e-07 
 8.00500204e-06  1.99711913e-01  2.01160749e-01  2.01142765e-01 -2.24658103e-05  4.12224745e-06 -2.46642794e-07 
 8.00500611e-06  1.99718067e-01  2.01169430e-01  2.01142784e-01 -2.16461436e-05  4.11630372e-06 -2.46194079e-07 
 8.00501425e-06  1.99722747e-01  2.01184527e-01  2.01142863e-01 -2.09931258e-05  4.10445225e-06 -2.45239575e-07 
 8.00502484e-06  1.99723481e-01  2.01200998e-01  2.01143031e-01 -2.05240168e-05  4.08893147e-06 -2.44038024e-07 
 8.00504438e-06  1.99723809e-01  2.01227723e-01  2.01143509e-01 -1.95924571e-05  4.06010054e-06 -2.41909594e-07 
 8.00508003e-06  1.99723947e-01  2.01269797e-01  2.01144856e-01 -1.84535189e-05  4.00715768e-06 -2.38209759e-07 
 8.00515132e-06  1.99724237e-01  2.01332759e-01  2.01148972e-01 -1.69494649e-05  3.90106618e-06 -2.31327360e-07 
 8.00529234e-06  1.99724485e-01  2.01399875e-01  2.01160343e-01 -1.59407696e-05  3.69513143e-06 -2.18914043e-07 
 8.00551347e-06  1.99725078e-01  2.01433324e-01  2.01181198e-01 -1.56506702e-05  3.39017543e-06 -2.01258245e-07 
 8.00580311e-06  1.99725685e-01  2.01440736e-01  2.01208113e-01 -1.57184332e-05  3.02732493e-06 -1.80350756e-07 
 8.00628573e-06  1.99726774e-01  2.01439470e-01  2.01247185e-01 -1.56563815e-05  2.50591207e-06 -1.50150333e-07 
 8.00709111e-06  1.99728194e-01  2.01424315e-01  2.01295641e-01 -1.57144541e-05  1.82487828e-06 -1.10373625e-07 
 8.00870186e-06  1.99730531e-01  2.01355016e-01  2.01336555e-01 -1.56538886e-05  9.51629968e-07 -5.86536875e-08 
 8.01192337e-06  1.99733068e-01  2.01111616e-01  2.01247762e-01 -1.57084429e-05  2.16556306e-07 -1.40616615e-08 
 8.01711523e-06  1.99734234e-01  2.00600930e-01  2.00838662e-01 -1.56453146e-05 -1.95699678e-09 -2.47964055e-10 
 8.02297119e-06  1.99733417e-01  2.00056912e-01  2.00277911e-01 -1.56995372e-05 -5.02425561e-10 -3.90375376e-10 
 8.02930452e-06  1.99732092e-01  1.99643687e-01  1.99788814e-01 -1.56391156e-05 -4.75339230e-10 -3.86546435e-10 
 8.03656912e-06  1.99730620e-01  1.99420302e-01  1.99472750e-01 -1.56953543e-05 -2.19291659e-10 -2.28707226e-10 
 8.04642004e-06  1.99729535e-01  1.99447104e-01  1.99407719e-01 -1.56356243e-05  4.96723450e-11 -2.38303154e-11 
 8.06117150e-06  1.99729146e-01  1.99840900e-01  1.99745751e-01 -1.56909856e-05  2.31177233e-10  1.42097568e-10 
 8.08037562e-06  1.99730004e-01  2.00405610e-01  2.00328921e-01 -1.56309182e-05  1.96613997e-10  1.46698819e-10 
 8.10016386e-06  1.99730843e-01  2.00694099e-01  2.00665655e-01 -1.56881022e-05  6.02168983e-11  5.82262098e-11 
 8.12467223e-06  1.99731310e-01  2.00685661e-01  2.00689228e-01 -1.56307939e-05 -3.58246234e-11 -1.90098447e-11 
 8.15454145e-06  1.99731075e-01  2.00542865e-01  2.00543612e-01 -1.56892281e-05 -3.33426427e-11 -2.36675435e-11 
 8.17727072e-06  1.99730972e-01  2.00501358e-01  2.00491929e-01 -1.56315010e-05 -3.10592220e-12 -4.02525458e-12 
 8.20000000e-06  1.99730880e-01  2.00515918e-01  2.00502887e-01 -1.56891455e-05  7.40250309e-12  6.77212339e-12 
 8.20001033e-06  1.99734923e-01  2.00532814e-01  2.00502969e-01 -1.07064472e-05  2.44308026e-09  5.36024542e-10 
 8.20003099e-06  1.99738115e-01  2.00559753e-01  2.00503242e-01 -1.01925382e-05  7.40418952e-09  1.53836802e-09 
 8.20006533e-06  1.99737925e-01  2.00590359e-01  2.00504086e-01 -9.93996797e-06  1.54891005e-08  3.08363111e-09 
 8.20010138e-06  1.99739227e-01  2.00616838e-01  2.00505367e-01 -9.58413872e-06  2.36377789e-08  4.64622677e-09 
 8.20017348e-06  1.99740458e-01  2.00655600e-01  2.00508802e-01 -9.33210339e-06  3.93609496e-08  7.61170657e-09 
 8.20031767e-06  1.99743795e-01  2.00697200e-01  2.00517635e-01 -9.04693100e-06  6.89256843e-08  1.31393623e-08 
 8.20055355e-06  1.99748642e-01  2.00719031e-01  2.00533894e-01 -9.05309649e-06  1.13466995e-07  2.13911282e-08 
 8.20092145e-06  1.99756822e-01  2.00724095e-01  2.00558244e-01 -9.02371784e-06  1.75279772e-07  3.27805783e-08 
 8.20146868e-06  1.99774073e-01  2.00721744e-01  2.00588756e-01 -1.01197866e-05  2.51983336e-07  4.67499713e-08 
 8.20159963e-06  1.99783941e-01  2.00719920e-01  2.00594985e-01 -1.09671108e-05  2.67227263e-07  4.95085752e-08 
 8.20176244e-06  1.99805628e-01  2.00715328e-01  2.00602088e-01 -1.36547663e-05  2.82017439e-07  5.23272895e-08 
 8.20189443e-06  1.99834980e-01  2.00709302e-01  2.00607242e-01 -1.74658090e-05  2.87678980e-07  5.39261049e-08 
 8.20201887e-06  1.99874620e-01  2.00701144e-01  2.00611513e-01 -2.29148862e-05  2.82402745e-07  5.46366804e-08 
 8.20214946e-06  1.99928780e-01  2.00689567e-01  2.00615271e-01 -3.02791890e-05  2.54429875e-07  5.43257562e-08 
 8.20229473e-06  2.00002248e-01  2.00672997e-01  2.00618432e-01 -3.97641790e-05  1.67505946e-07  5.24613683e-08 
 8.20243126e-06  2.00081204e-01  2.00653069e-01  2.00620269e-01 -4.82628879e-05 -1.81697556e-08  4.89879840e-08 
 8.20254933e-06  2.00155595e-01  2.00631112e-01  2.00620813e-01 -5.38598919e-05 -3.21606663e-07  4.43574193e-08 
 8.20265880e-06  2.00228264e-01  2.00605420e-01  2.00620274e-01 -5.64954672e-05 -7.87269437e-07  3.84439638e-08 
 8.20277883e-06  2.00310983e-01  2.00572435e-01  2.00618334e-01 -5.75238194e-05 -1.58393988e-06  3.00828703e-08 
 8.20291463e-06  2.00406537e-01  2.00535086e-01  2.00614389e-01 -5.82989252e-05 -2.95051133e-06  1.86554767e-08 
 8.20300541e-06  2.00470327e-01  2.00513687e-01  2.00610821e-01 -5.87707856e-05 -4.18577186e-06  1.01814657e-08 
 8.20310372e-06  2.00537749e-01  2.00495570e-01  2.00606339e-01 -5.90454400e-05 -5.85219134e-06  5.59227418e-10 
 8.20319378e-06  2.00598576e-01  2.00484717e-01  2.00601872e-01 -5.90037742e-05 -7.71443373e-06 -8.41198682e-09 
 8.20326315e-06  2.00648026e-01  2.00481256e-01  2.00598344e-01 -5.85905372e-05 -9.41692380e-06 -1.52028030e-08 
 8.20332051e-06  2.00692356e-01  2.00482424e-01  2.00595474e-01 -5.79792600e-05 -1.10522970e-05 -2.05533716e-08 
 8.20335856e-06  2.00719646e-01  2.00485534e-01  2.00593638e-01 -5.72717139e-05 -1.22721965e-05 -2.38699145e-08 
 8.20338435e-06  2.00732883e-01  2.00489075e-01  2.00592444e-01 -5.65522910e-05 -1.31666259e-05 -2.59368030e-08 
 8.20340703e-06  2.00737449e-01  2.00493621e-01  2.00591440e-01 -5.56296977e-05 -1.40002410e-05 -2.75594542e-08 
 8.20343201e-06  2.00733198e-01  2.00500995e-01  2.00590405e-01 -5.42372840e-05 -1.49692940e-05 -2.90327981e-08 
 8.20346303e-06  2.00717231e-01  2.00514824e-01  2.00589264e-01 -5.19613734e-05 -1.62445910e-05 -3.02655141e-08 
 8.20349450e-06  2.00694991e-01  2.00534686e-01  2.00588332e-01 -4.91565986e-05 -1.76157520e-05 -3.07627901e-08 
 8.20354057e-06  2.00662026e-01  2.00572451e-01  2.00587514e-01 -4.45416532e-05 -1.97501577e-05 -3.02046638e-08 
 8.20356731e-06  2.00645859e-01  2.00597691e-01  2.00587381e-01 -4.17545880e-05 -2.10518498e-05 -2.92719980e-08 
 8.20359775e-06  2.00631831e-01  2.00627512e-01  2.00587565e-01 -3.86371415e-05 -2.25823775e-05 -2.78096741e-08 
 8.20363360e-06  2.00621234e-01  2.00662290e-01  2.00588238e-01 -3.51604274e-05 -2.44434884e-05 -2.56956633e-08 
 8.20367258e-06  2.00616770e-01  2.00697984e-01  2.00589505e-01 -3.17203235e-05 -2.65306107e-05 -2.30890297e-08 
 8.20371179e-06  2.00618512e-01  2.00730410e-01  2.00591290e-01 -2.86623657e-05 -2.86891524e-05 -2.02940173e-08 
 8.20375428e-06  2.00625949e-01  2.00760931e-01  2.00593722e-01 -2.58146182e-05 -3.10866285e-05 -1.71927927e-08 
 8.20379995e-06  2.00638645e-01  2.00788369e-01  2.00596816e-01 -2.32433084e-05 -3.37249755e-05 -1.38575101e-08 
 8.20385217e-06  2.00657319e-01  2.00813573e-01  2.00600829e-01 -2.08472747e-05 -3.68123905e-05 -1.00923393e-08 
 8.20391105e-06  2.00681833e-01  2.00835424e-01  2.00605801e-01 -1.87018724e-05 -4.03762953e-05 -5.92186461e-09 
 8.20398119e-06  2.00714003e-01  2.00854578e-01  2.00612143e-01 -1.67446005e-05 -4.47287822e-05 -1.02705411e-09 
 8.20406461e-06  2.00754709e-01  2.00870634e-01  2.00620034e-01 -1.50240001e-05 -5.00443485e-05  4.76147842e-09 
 8.20416987e-06  2.00808232e-01  2.00884548e-01  2.00630241e-01 -1.35173001e-05 -5.69509875e-05  1.21363528e-08 
 8.20430343e-06  2.00878026e-01  2.00896783e-01  2.00643270e-01 -1.23003609e-05 -6.60067884e-05  2.17641937e-08 
 8.20447969e-06  2.00971554e-01  2.00908756e-01  2.00660259e-01 -1.14427346e-05 -7.84016303e-05  3.51034143e-08 
 8.20469983e-06  2.01088119e-01  2.00920975e-01  2.00680887e-01 -1.09795195e-05 -9.44854811e-05  5.29016872e-08 
 8.20484992e-06  2.01166172e-01  2.00928466e-01  2.00694514e-01 -1.08496700e-05 -1.05773208e-04  6.57856479e-08 
 8.20500000e-06  2.01242198e-01  2.00935602e-01  2.00707772e-01 -1.07726906e-05 -1.17264996e-04  7.92860306e-08 
 8.20500193e-06  2.01241374e-01  2.00931696e-01  2.00707938e-01 -1.53583642e-05 -1.17414615e-04  7.93565824e-08 
 8.20500580e-06  2.01239754e-01  2.00924494e-01  2.00708262e-01 -1.56338688e-05 -1.17713810e-04  7.94981773e-08 
 8.20501353e-06  2.01237354e-01  2.00912721e-01  2.00708881e-01 -1.57567700e-05 -1.18311095e-04  7.97954496e-08 
 8.20502900e-06  2.01234419e-01  2.00894763e-01  2.00710021e-01 -1.57534259e-05 -1.19498151e-04  8.04394263e-08 
 8.20505505e-06  2.01230191e-01  2.00871106e-01  2.00711709e-01 -1.58288394e-05 -1.21473395e-04  8.15976631e-08 
 8.20510715e-06  2.01222804e-01  2.00834563e-01  2.00714413e-01 -1.58171573e-05 -1.25334519e-04  8.41135404e-08 
 8.20521134e-06  2.01209935e-01  2.00790143e-01  2.00718002e-01 -1.58389840e-05 -1.32709082e-04  8.97347204e-08 
 8.20532616e-06  2.01197005e-01  2.00769395e-01  2.00720324e-01 -1.57647829e-05 -1.40318521e-04  9.66328384e-08 
 8.20551357e-06  2.01176939e-01  2.00762161e-01  2.00722883e-01 -1.57481443e-05 -1.51651739e-04  1.09085241e-07 
 8.20579773e-06  2.01148719e-01  2.00771116e-01  2.00726510e-01 -1.56472264e-05 -1.66490679e-04  1.30049599e-07 
 8.20636604e-06  2.01098828e-01  2.00796717e-01  2.00736179e-01 -1.55784049e-05 -1.89035119e-04  1.75867942e-07 
 8.20729867e-06  2.01032132e-01  2.00832462e-01  2.00757676e-01 -1.54262030e-05 -2.10352685e-04  2.51283887e-07 
 8.20814474e-06  2.00984223e-01  2.00858491e-01  2.00780184e-01 -1.53975422e-05 -2.17674872e-04  3.11341979e-07 
 8.20921071e-06  2.00935947e-01  2.00884517e-01  2.00808751e-01 -1.53179524e-05 -2.17119146e-04  3.68616122e-07 
 8.21026068e-06  2.00898088e-01  2.00904061e-01  2.00834956e-01 -1.53343977e-05 -2.10170275e-04  4.04466359e-07 
 8.21165159e-06  2.00858145e-01  2.00922796e-01  2.00864742e-01 -1.52959998e-05 -1.96294288e-04  4.25469367e-07 
 8.21313471e-06  2.00824515e-01  2.00935878e-01  2.00889701e-01 -1.53413889e-05 -1.79261549e-04  4.23373026e-07 
 8.21515407e-06  2.00788556e-01  2.00945570e-01  2.00913278e-01 -1.53297355e-05 -1.56288761e-04  3.97005503e-07 
 8.21754361e-06  2.00755998e-01  2.00948792e-01  2.00928707e-01 -1.53958369e-05 -1.31865027e-04  3.50432608e-07 
 8.22053761e-06  2.00725678e-01  2.00944965e-01  2.00934793e-01 -1.53992371e-05 -1.06513316e-04  2.89483961e-07 
 8.22366310e-06  2.00702851e-01  2.00935417e-01  2.00931217e-01 -1.54705730e-05 -8.56774821e-05  2.33618193e-07 
 8.22734261e-06  2.00684088e-01  2.00920173e-01  2.00919798e-01 -1.54730355e-05 -6.69182300e-05  1.81393241e-07 
 8.23115757e-06  2.00671060e-01  2.00902005e-01  2.00903565e-01 -1.55409332e-05 -5.23864440e-05  1.40651961e-07 
 8.23560505e-06  2.00661299e-01  2.00879725e-01  2.00882150e-01 -1.55380880e-05 -3.99073445e-05  1.05929990e-07 
 8.24034674e-06  2.00654993e-01  2.00856485e-01  2.00858700e-01 -1.56010509e-05 -3.03024510e-05  7.95516263e-08 
 8.24590676e-06  2.00650768e-01  2.00832084e-01  2.00832945e-01 -1.55926075e-05 -2.22911727e-05  5.78846349e-08 
 8.25198702e-06  2.00648383e-01  2.00811331e-01  2.00809592e-01 -1.56502407e-05 -1.61979673e-05  4.16665391e-08 
 8.25916037e-06  2.00647067e-01  2.00797207e-01  2.00791486e-01 -1.56358349e-05 -1.12935039e-05  2.88121814e-08 
 8.26718172e-06  2.00646551e-01  2.00795958e-01  2.00785396e-01 -1.56875356e-05 -7.66414832e-06  1.94297684e-08 
 8.27672013e-06  2.00646424e-01  2.00812771e-01  2.00797113e-01 -1.56666932e-05 -4.89799139e-06  1.23625162e-08 
 8.28762465e-06  2.00646553e-01  2.00849987e-01  2.00830332e-01 -1.57121146e-05 -2.97018077e-06  7.48025529e-09 
 8.30076937e-06  2.00646741e-01  2.00907222e-01  2.00885722e-01 -1.56850406e-05 -1.63550480e-06  4.12153121e-09 
 8.31624633e-06  2.00646983e-01  2.00974580e-01  2.00953947e-01 -1.57249536e-05 -8.11940161e-07  2.05321645e-09 
 8.33546876e-06  2.00647162e-01  2.01041846e-01  2.01024126e-01 -1.56931934e-05 -3.35821500e-07  8.56386185e-10 
 8.35931051e-06  2.00647321e-01  2.01097862e-01  2.01083108e-01 -1.57296113e-05 -1.08470116e-07  2.81144112e-10 
 8.39097458e-06  2.00647385e-01  2.01147284e-01  2.01133906e-01 -1.56954501e-05 -2.06941653e-08  5.87416609e-11 
 8.43463881e-06  2.00647464e-01  2.01204260e-01  2.01190985e-01 -1.57304541e-05 -7.27373706e-10  8.37506312e-12 
 8.50242312e-06  2.00647528e-01  2.01278104e-01  2.01265741e-01 -1.56956250e-05  1.70318811e-10  5.02629091e-12 
 8.60242312e-06  2.00647635e-01  2.01345544e-01  2.01334346e-01 -1.57304685e-05 -7.47914413e-11  3.11520243e-12 
 8.70242312e-06  2.00647667e-01  2.01384344e-01  2.01373451e-01 -1.56956442e-05  4.54673731e-11  2.56010458e-12 
 8.80242312e-06  2.00647729e-01  2.01408116e-01  2.01397660e-01 -1.57304737e-05 -3.04670115e-11  1.76886896e-12 
 8.90242312e-06  2.00647738e-01  2.01420660e-01  2.01410342e-01 -1.56956501e-05  2.25898467e-11  1.52301842e-12 
 9.00242312e-06  2.00647782e-01  2.01428804e-01  2.01418569e-01 -1.57304765e-05 -2.05392153e-11  1.37208349e-12 
 9.10242312e-06  2.00647784e-01  2.01433150e-01  2.01423020e-01 -1.56956514e-05  1.48763786e-11  1.19379799e-12 
 9.20242312e-06  2.00647823e-01  2.01435724e-01  2.01425584e-01 -1.57304775e-05 -1.54647579e-11  1.19430664e-12 
 9.30242312e-06  2.00647821e-01  2.01437352e-01  2.01427265e-01 -1.56956522e-05  1.00329415e-11  1.12052609e-12 
 9.40242312e-06  2.00647858e-01  2.01438144e-01  2.01428048e-01 -1.57304772e-05 -1.14416269e-11  1.11451191e-12 
 9.50242312e-06  2.00647856e-01  2.01438727e-01  2.01428649e-01 -1.56956532e-05  6.18629388e-12  1.09890970e-12 
 9.60242312e-06  2.00647893e-01  2.01439020e-01  2.01428940e-01 -1.57304765e-05 -8.02671167e-12  1.09525128e-12 
 9.70242312e-06  2.00647890e-01  2.01439196e-01  2.01429124e-01 -1.56956541e-05  2.99870437e-12  1.07982579e-12 
 9.80242312e-06  2.00647926e-01  2.01439337e-01  2.01429259e-01 -1.57304757e-05 -5.14551271e-12  1.10023812e-12 
 9.90242312e-06  2.00647923e-01  2.01439385e-01  2.01429316e-01 -1.56956549e-05  3.41868894e-13  1.06431189e-12 
 1.00024231e-05  2.00647960e-01  2.01439457e-01  2.01429379e-01 -1.57304749e-05 -2.72534968e-12  1.10837918e-12 
 1.01024231e-05  2.00647957e-01  2.01439476e-01  2.01429410e-01 -1.56956556e-05 -1.88212401e-12  1.05454225e-12 
 1.02000000e-05  2.00647993e-01  2.01439515e-01  2.01429437e-01 -1.57304742e-05 -6.69982516e-13  1.11474203e-12 
 1.02000632e-05  2.00638323e-01  2.01376126e-01  2.01427875e-01 -2.07192584e-05 -1.78789233e-08 -2.87835885e-09 
 1.02001896e-05  2.00631936e-01  2.01294615e-01  2.01422816e-01 -2.09119350e-05 -5.20836991e-08 -8.19037069e-09 
 1.02003840e-05  2.00629055e-01  2.01248994e-01  2.01410762e-01 -2.10251959e-05 -9.87144022e-08 -1.54664396e-08 
 1.02006129e-05  2.00625127e-01  2.01234740e-01  2.01395088e-01 -2.16236143e-05 -1.47210316e-07 -2.32706841e-08 
 1.02008242e-05  2.00625183e-01  2.01234458e-01  2.01381262e-01 -2.28228583e-05 -1.85808161e-07 -2.97560955e-08 
 1.02010453e-05  2.00628542e-01  2.01235025e-01  2.01367997e-01 -2.54795960e-05 -2.19534974e-07 -3.58487388e-08 
 1.02012776e-05  2.00640128e-01  2.01240686e-01  2.01355548e-01 -3.01636200e-05 -2.47470971e-07 -4.14367505e-08 
 1.02015087e-05  2.00658685e-01  2.01247504e-01  2.01344812e-01 -3.71730132e-05 -2.67127854e-07 -4.61668120e-08 
 1.02017093e-05  2.00681839e-01  2.01257422e-01  2.01336909e-01 -4.51157078e-05 -2.76948535e-07 -4.95335212e-08 
 1.02018705e-05  2.00703097e-01  2.01266404e-01  2.01331597e-01 -5.28026883e-05 -2.78809166e-07 -5.16762028e-08 
 1.02020008e-05  2.00722140e-01  2.01276235e-01  2.01328023e-01 -5.97336260e-05 -2.75332711e-07 -5.29503198e-08 
 1.02021103e-05  2.00737410e-01  2.01285425e-01  2.01325568e-01 -6.60539400e-05 -2.67776161e-07 -5.36289168e-08 
 1.02022048e-05  2.00749739e-01  2.01295326e-01  2.01323889e-01 -7.17256784e-05 -2.56805610e-07 -5.38332650e-08 
 1.02022876e-05  2.00757968e-01  2.01305284e-01  2.01322793e-01 -7.68405335e-05 -2.42603639e-07 -5.36388324e-08 
 1.02023612e-05  2.00762457e-01  2.01315986e-01  2.01322149e-01 -8.13495307e-05 -2.25294753e-07 -5.30759857e-08 
 1.02024277e-05  2.00762423e-01  2.01327400e-01  2.01321872e-01 -8.53555860e-05 -2.04572544e-07 -5.21550162e-08 
 1.02024910e-05  2.00757974e-01  2.01340458e-01  2.01321922e-01 -8.89627399e-05 -1.79192844e-07 -5.08073137e-08 
 1.02025579e-05  2.00748568e-01  2.01356905e-01  2.01322363e-01 -9.25182273e-05 -1.45180433e-07 -4.87772674e-08 
 1.02026289e-05  2.00735949e-01  2.01377285e-01  2.01323333e-01 -9.59691412e-05 -1.00558045e-07 -4.58765358e-08 
 1.02027134e-05  2.00720507e-01  2.01404042e-01  2.01325236e-01 -9.97451317e-05 -3.74037747e-08 -4.14627145e-08 
 1.02028106e-05  2.00704112e-01  2.01435757e-01  2.01328465e-01 -1.03657790e-04  4.29686201e-08 -3.52567718e-08 
 1.02028930e-05  2.00691352e-01  2.01461934e-01  2.01332041e-01 -1.06549648e-04  1.08991291e-07 -2.92051942e-08 
 1.02029799e-05  2.00679480e-01  2.01487735e-01  2.01336574e-01 -1.09130940e-04  1.66181034e-07 -2.21915883e-08 
 1.02030736e-05  2.00669577e-01  2.01512143e-01  2.01342214e-01 -1.11436904e-04  2.09907377e-07 -1.40912041e-08 
 1.02031648e-05  2.00663834e-01  2.01530892e-01  2.01348279e-01 -1.13236654e-04  2.41188099e-07 -5.88800300e-09 
 1.02032802e-05  2.00660133e-01  2.01545484e-01  2.01356396e-01 -1.14130843e-04  2.75606484e-07  4.54972470e-09 
 1.02033658e-05  2.00659418e-01  2.01547613e-01  2.01362456e-01 -1.12214479e-04  2.99460697e-07  1.19662891e-08 
 1.02034271e-05  2.00659013e-01  2.01541930e-01  2.01366630e-01 -1.07570441e-04  3.14965874e-07  1.67437751e-08 
 1.02034814e-05  2.00658608e-01  2.01529161e-01  2.01370042e-01 -1.00723026e-04  3.26279883e-07  2.02614318e-08 
 1.02035432e-05  2.00657703e-01  2.01504282e-01  2.01373377e-01 -9.06251099e-05  3.35485961e-07  2.31693090e-08 
 1.02036091e-05  2.00656471e-01  2.01466886e-01  2.01376033e-01 -7.85509992e-05  3.40284804e-07  2.48723383e-08 
 1.02036896e-05  2.00654538e-01  2.01410895e-01  2.01377706e-01 -6.39222433e-05  3.39211047e-07  2.50999796e-08 
 1.02038012e-05  2.00651582e-01  2.01327875e-01  2.01376903e-01 -4.70493915e-05  3.26710266e-07  2.27651255e-08 
 1.02038737e-05  2.00649622e-01  2.01277086e-01  2.01374487e-01 -3.91575705e-05  3.13205037e-07  2.00901268e-08 
 1.02039429e-05  2.00647829e-01  2.01234939e-01  2.01370979e-01 -3.36989916e-05  2.97648341e-07  1.71012238e-08 
 1.02040318e-05  2.00645605e-01  2.01190945e-01  2.01365103e-01 -2.89247841e-05  2.75178657e-07  1.29777111e-08 
 1.02041140e-05  2.00643636e-01  2.01159974e-01  2.01358650e-01 -2.62453017e-05  2.52871769e-07  9.10089756e-09 
 1.02042132e-05  2.00641337e-01  2.01132827e-01  2.01349997e-01 -2.43303166e-05  2.25016148e-07  4.51118356e-09 
 1.02043128e-05  2.00639075e-01  2.01114158e-01  2.01340757e-01 -2.33409062e-05  1.96772642e-07  8.96265626e-11 
 1.02044393e-05  2.00636261e-01  2.01098633e-01  2.01328694e-01 -2.27208167e-05  1.61327686e-07 -5.22497480e-09 
 1.02045782e-05  2.00633188e-01  2.01088012e-01  2.01315420e-01 -2.24724224e-05  1.23508780e-07 -1.06972033e-08 
 1.02047648e-05  2.00629114e-01  2.01079120e-01  2.01298020e-01 -2.23520673e-05  7.52334479e-08 -1.75143578e-08 
 1.02048824e-05  2.00626544e-01  2.01075236e-01  2.01287406e-01 -2.23467441e-05  4.63617524e-08 -2.15356403e-08 
 1.02050000e-05  2.00624004e-01  2.01072021e-01  2.01277117e-01 -2.23300343e-05  1.87372418e-08 -2.53649379e-08 
 1.02050014e-05  2.00625081e-01  2.01074895e-01  2.01277000e-01 -1.77823076e-05  1.87234718e-08 -2.53331452e-08 
 1.02050041e-05  2.00626940e-01  2.01080284e-01  2.01276770e-01 -1.75143798e-05  1.87154638e-08 -2.52710574e-08 
 1.02050096e-05  2.00628958e-01  2.01089481e-01  2.01276325e-01 -1.72267709e-05  1.87777569e-08 -2.51590113e-08 
 1.02050178e-05  2.00629717e-01  2.01100454e-01  2.01275702e-01 -1.71238911e-05  1.89075757e-08 -2.50183765e-08 
 1.02050294e-05  2.00629895e-01  2.01113229e-01  2.01274873e-01 -1.69304515e-05  1.90592566e-08 -2.48377337e-08 
 1.02050526e-05  2.00629926e-01  2.01134717e-01  2.01273384e-01 -1.66796341e-05  1.92838094e-08 -2.45041140e-08 
 1.02050991e-05  2.00629964e-01  2.01169164e-01  2.01270962e-01 -1.62709598e-05  1.95035320e-08 -2.39092430e-08 
 1.02051920e-05  2.00629962e-01  2.01215134e-01  2.01267719e-01 -1.58904477e-05  1.94204693e-08 -2.28947591e-08 
 1.02053779e-05  2.00630001e-01  2.01254893e-01  2.01264654e-01 -1.56565243e-05  1.84618240e-08 -2.11959085e-08 
 1.02056619e-05  2.00630071e-01  2.01266132e-01  2.01263127e-01 -1.56663251e-05  1.66289630e-08 -1.89512759e-08 
 1.02060329e-05  2.00630175e-01  2.01265007e-01  2.01262074e-01 -1.56490090e-05  1.44126298e-08 -1.63798320e-08 
 1.02066507e-05  2.00630303e-01  2.01261896e-01  2.01260164e-01 -1.56673412e-05  1.13228091e-08 -1.28370525e-08 
 1.02078864e-05  2.00630518e-01  2.01255100e-01  2.01255515e-01 -1.56504639e-05  6.93993958e-09 -7.82397590e-09 
 1.02103578e-05  2.00630737e-01  2.01240288e-01  2.01243684e-01 -1.56694093e-05  2.43179109e-09 -2.70946594e-09 
 1.02153006e-05  2.00630844e-01  2.01214471e-01  2.01217470e-01 -1.56524863e-05  3.13723234e-11 -4.63278692e-11 
 1.02251862e-05  2.00630672e-01  2.01202290e-01  2.01192035e-01 -1.56702662e-05 -1.94588518e-11  2.32662273e-12 
 1.02397898e-05  2.00630531e-01  2.01269127e-01  2.01242114e-01 -1.56517970e-05  5.05968063e-11  1.63780839e-11 
 1.02599073e-05  2.00630664e-01  2.01403906e-01  2.01377210e-01 -1.56689791e-05  4.42293673e-11  4.12609146e-11 
 1.02961849e-05  2.00630996e-01  2.01502096e-01  2.01492727e-01 -1.56509494e-05  2.48687225e-12  5.15819646e-13 
 1.03379972e-05  2.00630999e-01  2.01451271e-01  2.01446072e-01 -1.56690191e-05 -1.70645833e-11 -6.70834693e-12 
 1.04000000e-05  2.00630902e-01  2.01420606e-01  2.01408677e-01 -1.56512483e-05  6.62834761e-12  1.64341815e-12 
 1.04000329e-05  2.00642183e-01  2.01448185e-01  2.01409060e-01 -1.33997639e-05  4.45179796e-09  1.65987616e-09 
 1.04000988e-05  2.00651279e-01  2.01489834e-01  2.01410357e-01 -1.16947319e-05  1.19025887e-08  4.66462660e-09 
 1.04002306e-05  2.00662852e-01  2.01529812e-01  2.01414947e-01 -1.04779845e-05  2.10243940e-08  9.81762262e-09 
 1.04003540e-05  2.00676721e-01  2.01537746e-01  2.01420190e-01 -1.01456992e-05  2.63231056e-08  1.41759945e-08 
 1.04006010e-05  2.00700360e-01  2.01521731e-01  2.01429554e-01 -1.01123281e-05  3.45431804e-08  2.21795123e-08 
 1.04008632e-05  2.00728043e-01  2.01491269e-01  2.01436218e-01 -1.00639940e-05  4.18426634e-08  2.98740100e-08 
 1.04013875e-05  2.00783740e-01  2.01418000e-01  2.01437802e-01 -1.07282660e-05  4.91454714e-08  4.29452671e-08 
 1.04015250e-05  2.00803589e-01  2.01397228e-01  2.01435647e-01 -1.12606929e-05  4.59283173e-08  4.58356020e-08 
 1.04017149e-05  2.00838538e-01  2.01364679e-01  2.01430907e-01 -1.35687038e-05  2.28765366e-08  4.91356624e-08 
 1.04018536e-05  2.00877634e-01  2.01338651e-01  2.01426088e-01 -1.67821061e-05 -1.89641097e-08  5.08307781e-08 
 1.04019776e-05  2.00924210e-01  2.01311969e-01  2.01420722e-01 -2.14029655e-05 -8.74891415e-08  5.15343483e-08 
 1.04021076e-05  2.00990328e-01  2.01280882e-01  2.01413912e-01 -2.78878802e-05 -2.03768710e-07  5.11914209e-08 
 1.04022580e-05  2.01093254e-01  2.01240008e-01  2.01404360e-01 -3.70561699e-05 -4.11139911e-07  4.90409776e-08 
 1.04023967e-05  2.01227891e-01  2.01197505e-01  2.01393798e-01 -4.55875749e-05 -6.86410259e-07  4.50300937e-08 
 1.04025216e-05  2.01401837e-01  2.01153694e-01  2.01382670e-01 -5.19362387e-05 -1.01826611e-06  3.93153527e-08 
 1.04026351e-05  2.01629832e-01  2.01107856e-01  2.01371044e-01 -5.52450489e-05 -1.40328987e-06  3.19604005e-08 
 1.04027620e-05  2.02001669e-01  2.01049468e-01  2.01356062e-01 -5.63512671e-05 -1.94160853e-06  2.08557943e-08 
 1.04028880e-05  2.02536180e-01  2.00988784e-01  2.01339012e-01 -5.66938857e-05 -2.58407618e-06  6.85254453e-09 
 1.04029805e-05  2.03058108e-01  2.00946440e-01  2.01325147e-01 -5.69965776e-05 -3.11481214e-06 -5.13587590e-09 
 1.04030764e-05  2.03733251e-01  2.00906889e-01  2.01309775e-01 -5.71295440e-05 -3.70492877e-06 -1.88479911e-08 
 1.04031803e-05  2.04633569e-01  2.00870071e-01  2.01292216e-01 -5.71489089e-05 -4.37706218e-06 -3.49734653e-08 
 1.04032629e-05  2.05487032e-01  2.00846497e-01  2.01277781e-01 -5.67780889e-05 -4.92371595e-06 -4.85751171e-08 
 1.04033314e-05  2.06305487e-01  2.00832105e-01  2.01265664e-01 -5.62368926e-05 -5.37349561e-06 -6.02537733e-08 
 1.04033834e-05  2.07011719e-01  2.00825119e-01  2.01256456e-01 -5.54903626e-05 -5.70543168e-06 -6.92935205e-08 
 1.04034174e-05  2.07517130e-01  2.00822924e-01  2.01250471e-01 -5.47648221e-05 -5.91277043e-06 -7.52123626e-08 
 1.04034448e-05  2.07946655e-01  2.00823179e-01  2.01245712e-01 -5.38355836e-05 -6.06858605e-06 -7.98714012e-08 
 1.04034728e-05  2.08408300e-01  2.00826487e-01  2.01240902e-01 -5.24985519e-05 -6.21266831e-06 -8.44234103e-08 
 1.04035109e-05  2.09073392e-01  2.00838247e-01  2.01234582e-01 -4.99482554e-05 -6.37357460e-06 -8.99672695e-08 
 1.04035451e-05  2.09719570e-01  2.00857033e-01  2.01229179e-01 -4.71074151e-05 -6.48063815e-06 -9.42072194e-08 
 1.04035986e-05  2.10826848e-01  2.00898580e-01  2.01221531e-01 -4.20856786e-05 -6.57787728e-06 -9.94569820e-08 
 1.04036300e-05  2.11534943e-01  2.00927516e-01  2.01217550e-01 -3.90443928e-05 -6.59925196e-06 -1.01886709e-07 
 1.04036657e-05  2.12386058e-01  2.00961173e-01  2.01213539e-01 -3.56954191e-05 -6.59794351e-06 -1.04252108e-07 
 1.04037083e-05  2.13464871e-01  2.00999698e-01  2.01209426e-01 -3.20016454e-05 -6.56834839e-06 -1.06754509e-07 
 1.04037542e-05  2.14691461e-01  2.01036655e-01  2.01205767e-01 -2.84860069e-05 -6.51147748e-06 -1.09275739e-07 
 1.04038017e-05  2.16025990e-01  2.01068523e-01  2.01202696e-01 -2.53964044e-05 -6.43396404e-06 -1.11901335e-07 
 1.04038533e-05  2.17543711e-01  2.01095434e-01  2.01200022e-01 -2.26176044e-05 -6.33609411e-06 -1.14920836e-07 
 1.04039107e-05  2.19304852e-01  2.01116683e-01  2.01197660e-01 -2.01564989e-05 -6.21762267e-06 -1.18570559e-07 
 1.04039773e-05  2.21436242e-01  2.01131902e-01  2.01195467e-01 -1.79536837e-05 -6.07394648e-06 -1.23223698e-07 
 1.04040555e-05  2.24051455e-01  2.01140170e-01  2.01193328e-01 -1.60507133e-05 -5.90242419e-06 -1.29235057e-07 
 1.04041512e-05  2.27415689e-01  2.01140972e-01  2.01190967e-01 -1.44140502e-05 -5.69303155e-06 -1.37316795e-07 
 1.04042712e-05  2.31869294e-01  2.01133681e-01  2.01187983e-01 -1.30895668e-05 -5.43615634e-06 -1.48382823e-07 
 1.04044288e-05  2.38115651e-01  2.01117532e-01  2.01183554e-01 -1.20913022e-05 -5.11119593e-06 -1.64261136e-07 
 1.04046367e-05  2.47005497e-01  2.01092396e-01  2.01176476e-01 -1.14728964e-05 -4.70757287e-06 -1.87132858e-07 
 1.04048184e-05  2.55357168e-01  2.01069945e-01  2.01169089e-01 -1.12279200e-05 -4.37880180e-06 -2.08658904e-07 
 1.04050000e-05  2.64228488e-01  2.01048414e-01  2.01160679e-01 -1.10951495e-05 -4.07181383e-06 -2.31386063e-07 
 1.04050031e-05  2.64379993e-01  2.01044330e-01  2.01160523e-01 -1.21352159e-05 -4.06722089e-06 -2.31968004e-07 
 1.04050093e-05  2.64684981e-01  2.01036735e-01  2.01160201e-01 -1.26094746e-05 -4.05803973e-06 -2.33114195e-07 
 1.04050217e-05  2.65301582e-01  2.01023991e-01  2.01159510e-01 -1.28976038e-05 -4.03958498e-06 -2.35325232e-07 
 1.04050454e-05  2.66486905e-01  2.01003666e-01  2.01158037e-01 -1.34127739e-05 -4.00386992e-06 -2.39436674e-07 
 1.04050805e-05  2.68231323e-01  2.00978034e-01  2.01155565e-01 -1.39500017e-05 -3.95086915e-06 -2.45318899e-07 
 1.04051507e-05  2.71697743e-01  2.00939399e-01  2.01149835e-01 -1.45851573e-05 -3.84534874e-06 -2.56526834e-07 
 1.04052909e-05  2.78523438e-01  2.00897355e-01  2.01136662e-01 -1.50304266e-05 -3.64069584e-06 -2.77238437e-07 
 1.04054470e-05  2.85973354e-01  2.00881278e-01  2.01121078e-01 -1.50781564e-05 -3.42469362e-06 -2.98136653e-07 
 1.04057334e-05  2.99236814e-01  2.00881322e-01  2.01094012e-01 -1.50475660e-05 -3.06073167e-06 -3.31406453e-07 
 1.04060491e-05  3.13271006e-01  2.00902113e-01  2.01068789e-01 -1.49993677e-05 -2.70382749e-06 -3.61216370e-07 
 1.04066804e-05  3.39569432e-01  2.00983553e-01  2.01038291e-01 -1.49363331e-05 -2.10762611e-06 -4.03014870e-07 
 1.04078787e-05  3.83332930e-01  2.01268535e-01  2.01068333e-01 -1.48382882e-05 -1.30401701e-06 -4.33911445e-07 
 1.04096681e-05  4.34727432e-01  2.01980268e-01  2.01356137e-01 -1.47749527e-05 -6.23442128e-07 -4.06898770e-07 
 1.04113358e-05  4.69429291e-01  2.02926201e-01  2.01899905e-01 -1.47562315e-05 -3.12741721e-07 -3.43037442e-07 
 1.04128400e-05  4.92098797e-01  2.03991713e-01  2.02616335e-01 -1.47748463e-05 -1.67053145e-07 -2.78357128e-07 
 1.04145238e-05  5.10297441e-01  2.05394464e-01  2.03657588e-01 -1.48036299e-05 -8.06084648e-08 -2.11686893e-07 
 1.04161431e-05  5.22529127e-01  2.06924606e-01  2.04876695e-01 -1.48539269e-05 -3.83469634e-08 -1.58015958e-07 
 1.04180667e-05  5.32419995e-01  2.08933983e-01  2.06567224e-01 -1.49101299e-05 -1.34025557e-08 -1.08530019e-07 
 1.04200650e-05  5.39048414e-01  2.11202307e-01  2.08560561e-01 -1.49826506e-05 -1.69776022e-09 -7.14963372e-08 
 1.04224778e-05  5.43948656e-01  2.14134262e-01  2.11227801e-01 -1.50561562e-05  4.34825996e-09 -4.15850814e-08 
 1.04251063e-05  5.46953247e-01  2.17514412e-01  2.14388065e-01 -1.51415886e-05  6.89875429e-09 -2.17220952e-08 
 1.04283695e-05  5.48871260e-01  2.21909374e-01  2.18584348e-01 -1.52232711e-05  8.18871803e-09 -8.09187674e-09 
 1.04321557e-05  5.49854319e-01  2.27206378e-01  2.23723116e-01 -1.53134203e-05  8.88547704e-09 -4.93304397e-10 
 1.04371281e-05  5.50326944e-01  2.34377544e-01  2.30761115e-01 -1.53939704e-05  9.45419659e-09  3.64218947e-09 
 1.04432668e-05  5.50478841e-01  2.43441490e-01  2.39729507e-01 -1.54749135e-05  9.90125216e-09  5.39999292e-09 
 1.04492387e-05  5.50508457e-01  2.52394172e-01  2.48629894e-01 -1.55176181e-05  1.01905777e-08  6.04448989e-09 
 1.04561573e-05  5.50518228e-01  2.62855661e-01  2.59058133e-01 -1.55588493e-05  1.03939162e-08  6.44292908e-09 
 1.04634893e-05  5.50524291e-01  2.73997354e-01  2.70182382e-01 -1.55747638e-05  1.05340039e-08  6.70573366e-09 
 1.04721887e-05  5.50531050e-01  2.87245298e-01  2.83422692e-01 -1.55935335e-05  1.06198672e-08  6.90249310e-09 
 1.04817226e-05  5.50539162e-01  3.01765335e-01  2.97943485e-01 -1.55929942e-05  1.06733183e-08  7.03732544e-09 
 1.04932532e-05  5.50549266e-01  3.19293132e-01  3.15479995e-01 -1.55990445e-05  1.06842329e-08  7.13033503e-09 
 1.05067260e-05  5.50561995e-01  3.39686031e-01  3.35891518e-01 -1.55899340e-05  1.06708951e-08  7.19171691e-09 
 1.05247012e-05  5.50579734e-01  3.66650607e-01  3.62898008e-01 -1.55896021e-05  1.05876457e-08  7.22421588e-09 
 1.05475832e-05  5.50604316e-01  4.00249068e-01  3.96599515e-01 -1.55759176e-05  1.03579764e-08  7.18675681e-09 
 1.05699734e-05  5.50629873e-01  4.31599360e-01  4.28159874e-01 -1.55761660e-05  9.81938983e-09  6.95066272e-09 
 1.05908667e-05  5.50654920e-01  4.58195591e-01  4.55135376e-01 -1.55699589e-05  8.79723866e-09  6.35275269e-09 
 1.06075749e-05  5.50674478e-01  4.76381366e-01  4.73807417e-01 -1.55815183e-05  7.42776805e-09  5.45796299e-09 
 1.06204208e-05  5.50688657e-01  4.87771873e-01  4.85677618e-01 -1.55846472e-05  6.05894264e-09  4.50933166e-09 
 1.06335668e-05  5.50700942e-01  4.96734035e-01  4.95169197e-01 -1.56034403e-05  4.51372509e-09  3.40393094e-09 
 1.06485203e-05  5.50711767e-01  5.03780710e-01  5.02758142e-01 -1.56145995e-05  2.91454709e-09  2.21453374e-09 
 1.06648599e-05  5.50718890e-01  5.08572795e-01  5.07954664e-01 -1.56381443e-05  1.68487258e-09  1.26125756e-09 
 1.06798802e-05  5.50722347e-01  5.11444922e-01  5.10998775e-01 -1.56448245e-05  1.14701902e-09  8.05780992e-10 
 1.06963990e-05  5.50723936e-01  5.14058060e-01  5.13650371e-01 -1.56593365e-05  1.00276323e-09  6.56313220e-10 
 1.07119226e-05  5.50725110e-01  5.16522560e-01  5.16092257e-01 -1.56572406e-05  1.06821290e-09  6.85571996e-10 
 1.07300275e-05  5.50726451e-01  5.19549518e-01  5.19097977e-01 -1.56644089e-05  1.13453123e-09  7.41569677e-10 
 1.07506209e-05  5.50728698e-01  5.22983433e-01  5.22545780e-01 -1.56582927e-05  1.11575664e-09  7.43708016e-10 
 1.07833724e-05  5.50732140e-01  5.27826517e-01  5.27461249e-01 -1.56640424e-05  9.19712025e-10  6.25366134e-10 
 1.08180452e-05  5.50735386e-01  5.31911510e-01  5.31623592e-01 -1.56589220e-05  7.09159127e-10  4.78227413e-10 
 1.08443787e-05  5.50737057e-01  5.34429319e-01  5.34178787e-01 -1.56655906e-05  6.00017944e-10  4.03313121e-10 
 1.08692588e-05  5.50738596e-01  5.36505076e-01  5.36279847e-01 -1.56600853e-05  5.36414340e-10  3.58330994e-10 
 1.08989511e-05  5.50739971e-01  5.38669355e-01  5.38471744e-01 -1.56663217e-05  4.57413342e-10  3.08232067e-10 
 1.09283027e-05  5.50741377e-01  5.40495506e-01  5.40323701e-01 -1.56606186e-05  3.92494424e-10  2.63208083e-10 
 1.09613391e-05  5.50742471e-01  5.42219788e-01  5.42072757e-01 -1.56668271e-05  3.20221184e-10  2.16521224e-10 
 1.09917340e-05  5.50743516e-01  5.43547195e-01  5.43418564e-01 -1.56610865e-05  2.75139677e-10  1.84216095e-10 
 1.10231116e-05  5.50744199e-01  5.44706071e-01  5.44593134e-01 -1.56672044e-05  2.27833137e-10  1.54490707e-10 
 1.10528167e-05  5.50744965e-01  5.45635649e-01  5.45535465e-01 -1.56613743e-05  1.98244611e-10  1.32833443e-10 
 1.10842030e-05  5.50745422e-01  5.46467231e-01  5.46378517e-01 -1.56674451e-05  1.62359921e-10  1.10748610e-10 
 1.11146422e-05  5.50746016e-01  5.47147909e-01  5.47068597e-01 -1.56615749e-05  1.41794704e-10  9.50777168e-11 
 1.11460423e-05  5.50746307e-01  5.47741284e-01  5.47670081e-01 -1.56676199e-05  1.15023355e-10  7.90768759e-11 
 1.11765406e-05  5.50746765e-01  5.48228232e-01  5.48163715e-01 -1.56617140e-05  1.01820516e-10  6.83612550e-11 
 1.12103930e-05  5.50746960e-01  5.48682345e-01  5.48624034e-01 -1.56677454e-05  8.02146461e-11  5.58194189e-11 
 1.12449425e-05  5.50747349e-01  5.49067097e-01  5.49014079e-01 -1.56618187e-05  7.07635602e-11  4.76157167e-11 
 1.12830361e-05  5.50747471e-01  5.49415575e-01  5.49367310e-01 -1.56678422e-05  5.30935389e-11  3.76981074e-11 
 1.13222693e-05  5.50747795e-01  5.49706452e-01  5.49662186e-01 -1.56618971e-05  4.71365332e-11  3.18367716e-11 
 1.13654592e-05  5.50747854e-01  5.49962668e-01  5.49921890e-01 -1.56679138e-05  3.28913142e-11  2.42048434e-11 
 1.14106530e-05  5.50748124e-01  5.50173538e-01  5.50135662e-01 -1.56619531e-05  2.98858813e-11  2.03195768e-11 
 1.14605811e-05  5.50748131e-01  5.50353650e-01  5.50318220e-01 -1.56679649e-05  1.84622382e-11  1.45685346e-11 
 1.15136404e-05  5.50748356e-01  5.50498351e-01  5.50464917e-01 -1.56619913e-05  1.78986366e-11  1.23180613e-11 
 1.15726831e-05  5.50748322e-01  5.50617256e-01  5.50585432e-01 -1.56679996e-05  8.73979426e-12  8.07620138e-12 
 1.16365661e-05  5.50748512e-01  5.50709376e-01  5.50678828e-01 -1.56620156e-05  1.01130506e-11  7.12199879e-12 
 1.17085439e-05  5.50748447e-01  5.50781247e-01  5.50751664e-01 -1.56680214e-05  2.69422787e-12  4.03917817e-12 
 1.17881640e-05  5.50748611e-01  5.50833882e-01  5.50805035e-01 -1.56620294e-05  5.52063495e-12  4.05759622e-12 
 1.18796787e-05  5.50748525e-01  5.50871947e-01  5.50843604e-01 -1.56680338e-05 -6.48144949e-13  1.80705277e-12 
 1.19796787e-05  5.50748671e-01  5.50896550e-01  5.50868560e-01 -1.56620360e-05  3.20933471e-12  2.51571219e-12 
 1.20796787e-05  5.50748569e-01  5.50910699e-01  5.50882885e-01 -1.56680397e-05 -2.07494590e-12  8.53788123e-13 
 1.21796787e-05  5.50748705e-01  5.50918799e-01  5.50891113e-01 -1.56620376e-05  2.38842843e-12  1.96863738e-12 
 1.22796787e-05  5.50748596e-01  5.50923476e-01  5.50895837e-01 -1.56680424e-05 -2.54408235e-12  5.39768263e-13 
 1.23398394e-05  5.50748724e-01  5.50925223e-01  5.50897623e-01 -1.56620369e-05  2.15044410e-12  1.81095590e-12 
 1.24000000e-05  5.50748609e-01  5.50926506e-01  5.50898909e-01 -1.56680446e-05 -2.65326454e-12  4.65431730e-13 
 1.24000581e-05  5.50729378e-01  5.50885503e-01  5.50897979e-01 -1.79764374e-05 -5.75820100e-09 -2.74833650e-09 
 1.24001743e-05  5.50710231e-01  5.50831699e-01  5.50894940e-01 -1.94205520e-05 -1.38289247e-08 -7.63534496e-09 
 1.24003709e-05  5.50687262e-01  5.50810744e-01  5.50887275e-01 -1.99742406e-05 -2.05297654e-08 -1.46561297e-08 
 1.24005773e-05  5.50661571e-01  5.50826003e-01  5.50879629e-01 -2.04663936e-05 -2.54967218e-08 -2.13485451e-08 
 1.24008310e-05  5.50636066e-01  5.50857272e-01  5.50873301e-01 -2.18456868e-05 -2.74337800e-08 -2.87604658e-08 
 1.24011075e-05  5.50614337e-01  5.50897009e-01  5.50870816e-01 -2.55041090e-05 -1.93755423e-08 -3.58066714e-08 
 1.24013736e-05  5.50607373e-01  5.50941710e-01  5.50872938e-01 -3.17524674e-05  4.98554498e-09 -4.14691379e-08 
 1.24016205e-05  5.50611344e-01  5.50987725e-01  5.50878985e-01 -4.03919293e-05  4.91692949e-08 -4.56999906e-08 
 1.24018228e-05  5.50624623e-01  5.51030383e-01  5.50886956e-01 -4.94009727e-05  1.07892739e-07 -4.82993187e-08 
 1.24019790e-05  5.50637944e-01  5.51066133e-01  5.50895060e-01 -5.75797720e-05  1.73937541e-07 -4.96651106e-08 
 1.24021043e-05  5.50651458e-01  5.51098003e-01  5.50902858e-01 -6.47256487e-05  2.46238595e-07 -5.02145216e-08 
 1.24022098e-05  5.50661703e-01  5.51127053e-01  5.50910382e-01 -7.11280332e-05  3.26376724e-07 -5.01890695e-08 
 1.24023011e-05  5.50669854e-01  5.51155053e-01  5.50917668e-01 -7.67644317e-05  4.16009239e-07 -4.96668184e-08 
 1.24023816e-05  5.50673512e-01  5.51182364e-01  5.50924754e-01 -8.17613339e-05  5.16914824e-07 -4.86952544e-08 
 1.24024549e-05  5.50673242e-01  5.51210438e-01  5.50931809e-01 -8.61275117e-05  6.33213965e-07 -4.72413007e-08 
 1.24025268e-05  5.50667564e-01  5.51241626e-01  5.50939363e-01 -9.01714610e-05  7.77150517e-07 -4.51347493e-08 
 1.24026108e-05  5.50656697e-01  5.51283252e-01  5.50949134e-01 -9.44605540e-05  9.91251040e-07 -4.16391660e-08 
 1.24026925e-05  5.50644904e-01  5.51327785e-01  5.50959711e-01 -9.82839727e-05  1.24969663e-06 -3.71493812e-08 
 1.24028172e-05  5.50630533e-01  5.51398063e-01  5.50977987e-01 -1.03641715e-04  1.73330822e-06 -2.85029033e-08 
 1.24029178e-05  5.50623611e-01  5.51453377e-01  5.50994559e-01 -1.07670120e-04  2.19303338e-06 -2.02293965e-08 
 1.24030315e-05  5.50621678e-01  5.51511361e-01  5.51015031e-01 -1.11848750e-04  2.77248012e-06 -9.86199460e-09 
 1.24031616e-05  5.50626231e-01  5.51569759e-01  5.51040283e-01 -1.15849869e-04  3.49265734e-06  2.87378194e-09 
 1.24032885e-05  5.50636737e-01  5.51616520e-01  5.51066302e-01 -1.18147976e-04  4.22992873e-06  1.56887083e-08 
 1.24033826e-05  5.50647034e-01  5.51642026e-01  5.51086078e-01 -1.17370562e-04  4.77682598e-06  2.49618429e-08 
 1.24034478e-05  5.50654428e-01  5.51652160e-01  5.51099809e-01 -1.13726003e-04  5.13946315e-06  3.08878884e-08 
 1.24035032e-05  5.50659948e-01  5.51652870e-01  5.51111327e-01 -1.07788085e-04  5.42284378e-06  3.52545044e-08 
 1.24035643e-05  5.50664751e-01  5.51642975e-01  5.51123613e-01 -9.87134795e-05  5.69415724e-06  3.90255141e-08 
 1.24036324e-05  5.50668182e-01  5.51619162e-01  5.51136500e-01 -8.67046933e-05  5.93453253e-06  4.17418781e-08 
 1.24037102e-05  5.50669591e-01  5.51579278e-01  5.51149833e-01 -7.23266896e-05  6.12289913e-06  4.29132729e-08 
 1.24038095e-05  5.50667861e-01  5.51518863e-01  5.51164310e-01 -5.56635634e-05  6.23570508e-06  4.18010866e-08 
 1.24038866e-05  5.50664330e-01  5.51471911e-01  5.51173536e-01 -4.53591812e-05  6.23807265e-06  3.93697396e-08 
 1.24039605e-05  5.50659656e-01  5.51432300e-01  5.51180846e-01 -3.78512053e-05  6.18702902e-06  3.62130525e-08 
 1.24040436e-05  5.50653341e-01  5.51396740e-01  5.51187584e-01 -3.18094534e-05  6.08495798e-06  3.21016509e-08 
 1.24041333e-05  5.50645690e-01  5.51369671e-01  5.51193508e-01 -2.75319537e-05  5.93948039e-06  2.73491018e-08 
 1.24042264e-05  5.50637177e-01  5.51352943e-01  5.51198634e-01 -2.48160818e-05  5.76582672e-06  2.23454730e-08 
 1.24043287e-05  5.50627432e-01  5.51345262e-01  5.51203566e-01 -2.31109948e-05  5.56203326e-06  1.69453067e-08 
 1.24044431e-05  5.50616282e-01  5.51346270e-01  5.51208693e-01 -2.21207589e-05  5.32983266e-06  1.11494619e-08 
 1.24045780e-05  5.50602972e-01  5.51355835e-01  5.51214726e-01 -2.15905140e-05  5.05937248e-06  4.68345160e-09 
 1.24047397e-05  5.50586936e-01  5.51374101e-01  5.51222409e-01 -2.13532529e-05  4.74763728e-06 -2.54306668e-09 
 1.24048698e-05  5.50574010e-01  5.51391794e-01  5.51229157e-01 -2.12922506e-05  4.50857326e-06 -7.97964598e-09 
 1.24050000e-05  5.50561083e-01  5.51410869e-01  5.51236495e-01 -2.12678619e-05  4.28074989e-06 -1.31038803e-08 
 1.24050016e-05  5.50563098e-01  5.51413133e-01  5.51236592e-01 -2.03489772e-05  4.27822962e-06 -1.30672758e-08 
 1.24050048e-05  5.50566347e-01  5.51417454e-01  5.51236787e-01 -1.99318177e-05  4.27321115e-06 -1.29986658e-08 
 1.24050113e-05  5.50569334e-01  5.51425218e-01  5.51237193e-01 -1.95312724e-05  4.26322769e-06 -1.28872257e-08 
 1.24050211e-05  5.50570260e-01  5.51435375e-01  5.51237841e-01 -1.92064499e-05  4.24804546e-06 -1.27591942e-08 
 1.24050379e-05  5.50570494e-01  5.51450669e-01  5.51239025e-01 -1.86259133e-05  4.22206769e-06 -1.25790690e-08 
 1.24050713e-05  5.50570619e-01  5.51477439e-01  5.51241651e-01 -1.78070446e-05  4.16998030e-06 -1.22982354e-08 
 1.24051382e-05  5.50570814e-01  5.51518640e-01  5.51247694e-01 -1.67088101e-05  4.06600800e-06 -1.19390269e-08 
 1.24052721e-05  5.50570973e-01  5.51566798e-01  5.51261639e-01 -1.58807130e-05  3.86219825e-06 -1.15882055e-08 
 1.24054899e-05  5.50571320e-01  5.51599343e-01  5.51286178e-01 -1.56107992e-05  3.54833069e-06 -1.12779448e-08 
 1.24057343e-05  5.50571633e-01  5.51615688e-01  5.51313561e-01 -1.56412814e-05  3.22520090e-06 -1.09177269e-08 
 1.24061013e-05  5.50572142e-01  5.51633985e-01  5.51352363e-01 -1.56064804e-05  2.79382494e-06 -1.03000810e-08 
 1.24066771e-05  5.50572799e-01  5.51657238e-01  5.51407230e-01 -1.56367661e-05  2.22907987e-06 -9.25868837e-09 
 1.24078286e-05  5.50573991e-01  5.51688213e-01  5.51496301e-01 -1.56040066e-05  1.41065900e-06 -7.17599279e-09 
 1.24101315e-05  5.50575628e-01  5.51699344e-01  5.51603455e-01 -1.56325646e-05  5.35495287e-07 -3.81187547e-09 
 1.24147374e-05  5.50577328e-01  5.51591356e-01  5.51617182e-01 -1.55992185e-05  2.83158560e-08 -6.01806685e-10 
 1.24190253e-05  5.50577702e-01  5.51408037e-01  5.51483240e-01 -1.56287874e-05  2.31955151e-09 -1.17370219e-10 
 1.24246736e-05  5.50577593e-01  5.51145961e-01  5.51235197e-01 -1.55973357e-05 -4.20664004e-10 -1.72391003e-10 
 1.24302814e-05  5.50577127e-01  5.50913929e-01  5.50989050e-01 -1.56280089e-05 -2.84908083e-10 -2.06793177e-10 
 1.24384293e-05  5.50576458e-01  5.50672665e-01  5.50712294e-01 -1.55975773e-05 -2.06728689e-10 -1.65669976e-10 
 1.24477711e-05  5.50575788e-01  5.50537457e-01  5.50536732e-01 -1.56284825e-05 -9.06145890e-11 -8.75385793e-11 
 1.24638765e-05  5.50575294e-01  5.50547211e-01  5.50503272e-01 -1.55975381e-05  3.80245336e-11  1.35689020e-11 
 1.24754737e-05  5.50575259e-01  5.50654646e-01  5.50601276e-01 -1.56277580e-05  7.11679830e-11  4.50479535e-11 
 1.24883250e-05  5.50575457e-01  5.50774839e-01  5.50725004e-01 -1.55966865e-05  6.40903029e-11  4.74964706e-11 
 1.25040132e-05  5.50575667e-01  5.50866097e-01  5.50828022e-01 -1.56271200e-05  3.28893985e-11  2.83940010e-11 
 1.25217739e-05  5.50575863e-01  5.50889100e-01  5.50862410e-01 -1.55965159e-05 -1.00330204e-12  4.53213091e-12 
 1.25493424e-05  5.50575856e-01  5.50845586e-01  5.50824134e-01 -1.56273833e-05 -1.71501327e-11 -1.05285263e-11 
 1.25746712e-05  5.50575805e-01  5.50803825e-01  5.50779089e-01 -1.55968523e-05 -9.23690096e-12 -5.74950320e-12 
 1.26000000e-05  5.50575731e-01  5.50793204e-01  5.50765538e-01 -1.56274621e-05  1.71852550e-13  6.64088196e-13 
 1.26000115e-05  5.50579922e-01  5.50811605e-01  5.50765623e-01 -1.06294561e-05  2.71107228e-09  5.86315256e-10 
 1.26000345e-05  5.50583060e-01  5.50840766e-01  5.50765925e-01 -1.01009775e-05  8.21426100e-09  1.69318614e-09 
 1.26000722e-05  5.50582846e-01  5.50873519e-01  5.50766879e-01 -9.83105885e-06  1.70416519e-08  3.38001465e-09 
 1.26001119e-05  5.50584317e-01  5.50901601e-01  5.50768348e-01 -9.47193593e-06  2.59476965e-08  5.08710662e-09 
 1.26001914e-05  5.50585634e-01  5.50940809e-01  5.50772268e-01 -9.23605799e-06  4.30899726e-08  8.31761701e-09 
 1.26003503e-05  5.50589355e-01  5.50979853e-01  5.50782156e-01 -8.97868784e-06  7.52135372e-08  1.43253692e-08 
 1.26006175e-05  5.50594815e-01  5.50997508e-01  5.50800318e-01 -9.00589758e-06  1.24554219e-07  2.34847108e-08 
 1.26009984e-05  5.50603414e-01  5.50999414e-01  5.50824470e-01 -8.99138829e-06  1.86416021e-07  3.49458114e-08 
 1.26013882e-05  5.50614722e-01  5.50996933e-01  5.50845612e-01 -9.59881094e-06  2.40488808e-07  4.49068739e-08 
 1.26015044e-05  5.50621114e-01  5.50995383e-01  5.50851197e-01 -1.00543842e-05  2.54695663e-07  4.75097282e-08 
 1.26017062e-05  5.50641129e-01  5.50990282e-01  5.50860049e-01 -1.24770473e-05  2.76243769e-07  5.13727755e-08 
 1.26018555e-05  5.50669258e-01  5.50983767e-01  5.50865817e-01 -1.60996487e-05  2.88530459e-07  5.34640211e-08 
 1.26019809e-05  5.50704659e-01  5.50975459e-01  5.50870039e-01 -2.10344701e-05  2.95277418e-07  5.44377816e-08 
 1.26021085e-05  5.50752094e-01  5.50964048e-01  5.50873629e-01 -2.77519172e-05  2.97742322e-07  5.44606609e-08 
 1.26022558e-05  5.50818132e-01  5.50947184e-01  5.50876746e-01 -3.71419572e-05  2.93995095e-07  5.30099360e-08 
 1.26023912e-05  5.50884566e-01  5.50927857e-01  5.50878498e-01 -4.58605521e-05  2.83270870e-07  5.00294985e-08 
 1.26025118e-05  5.50943866e-01  5.50906570e-01  5.50879024e-01 -5.23090147e-05  2.66799743e-07  4.57741919e-08 
 1.26026210e-05  5.50994538e-01  5.50882585e-01  5.50878511e-01 -5.58142908e-05  2.45121827e-07  4.03404899e-08 
 1.26027436e-05  5.51045245e-01  5.50850386e-01  5.50876617e-01 -5.72520483e-05  2.12151725e-07  3.22510986e-08 
 1.26028638e-05  5.51087106e-01  5.50817144e-01  5.50873313e-01 -5.79565429e-05  1.71012780e-07  2.24650682e-08 
 1.26029673e-05  5.51116482e-01  5.50791823e-01  5.50869404e-01 -5.85540441e-05  1.28812051e-07  1.29292463e-08 
 1.26030734e-05  5.51139781e-01  5.50771699e-01  5.50864618e-01 -5.89150277e-05  7.69643100e-08  2.44913303e-09 
 1.26031710e-05  5.51155405e-01  5.50759692e-01  5.50859776e-01 -5.89848937e-05  6.77957919e-09 -7.53790581e-09 
 1.26032414e-05  5.51165779e-01  5.50756069e-01  5.50856179e-01 -5.86342747e-05 -9.07744460e-08 -1.47421571e-08 
 1.26033038e-05  5.51177691e-01  5.50757329e-01  5.50853048e-01 -5.80784201e-05 -2.60794228e-07 -2.09246297e-08 
 1.26033480e-05  5.51184748e-01  5.50761213e-01  5.50850921e-01 -5.73564287e-05 -4.55735131e-07 -2.50803068e-08 
 1.26033764e-05  5.51184143e-01  5.50765483e-01  5.50849619e-01 -5.66661268e-05 -6.21540762e-07 -2.75766050e-08 
 1.26033997e-05  5.51176642e-01  5.50770570e-01  5.50848607e-01 -5.58070238e-05 -7.82868971e-07 -2.94466248e-08 
 1.26034235e-05  5.51160099e-01  5.50778014e-01  5.50847644e-01 -5.46083404e-05 -9.71208171e-07 -3.11010340e-08 
 1.26034523e-05  5.51129175e-01  5.50791175e-01  5.50846604e-01 -5.26479784e-05 -1.23043552e-06 -3.26338893e-08 
 1.26034829e-05  5.51088976e-01  5.50810611e-01  5.50845716e-01 -5.00806755e-05 -1.53823521e-06 -3.35867243e-08 
 1.26035224e-05  5.51034628e-01  5.50843164e-01  5.50844987e-01 -4.62359611e-05 -1.98221661e-06 -3.37939325e-08 
 1.26035546e-05  5.50993719e-01  5.50873836e-01  5.50844808e-01 -4.29184306e-05 -2.37408481e-06 -3.32030816e-08 
 1.26035840e-05  5.50961088e-01  5.50903504e-01  5.50844999e-01 -3.98670652e-05 -2.75442875e-06 -3.21903838e-08 
 1.26036171e-05  5.50930630e-01  5.50936853e-01  5.50845627e-01 -3.65670774e-05 -3.20263086e-06 -3.06601279e-08 
 1.26036572e-05  5.50902619e-01  5.50975202e-01  5.50846944e-01 -3.28767648e-05 -3.76917695e-06 -2.84500625e-08 
 1.26036946e-05  5.50884321e-01  5.51007753e-01  5.50848682e-01 -2.98020278e-05 -4.31943917e-06 -2.61878880e-08 
 1.26037371e-05  5.50871089e-01  5.51040059e-01  5.50851170e-01 -2.67636704e-05 -4.96750640e-06 -2.35363777e-08 
 1.26037798e-05  5.50864186e-01  5.51067424e-01  5.50854136e-01 -2.41719660e-05 -5.64387124e-06 -2.08753052e-08 
 1.26038307e-05  5.50862321e-01  5.51093780e-01  5.50858140e-01 -2.16254472e-05 -6.48135958e-06 -1.77918940e-08 
 1.26038851e-05  5.50866057e-01  5.51115620e-01  5.50862855e-01 -1.94374317e-05 -7.42062372e-06 -1.46210247e-08 
 1.26039517e-05  5.50876576e-01  5.51135397e-01  5.50869041e-01 -1.73520687e-05 -8.63834399e-06 -1.09147251e-08 
 1.26040274e-05  5.50894428e-01  5.51151129e-01  5.50876396e-01 -1.55748719e-05 -1.01217090e-05 -6.89909097e-09 
 1.26041245e-05  5.50924132e-01  5.51164618e-01  5.50886068e-01 -1.39467094e-05 -1.22020424e-05 -1.95154160e-09 
 1.26042428e-05  5.50967853e-01  5.51175167e-01  5.50897917e-01 -1.26330120e-05 -1.50363489e-05  3.89874598e-09 
 1.26044023e-05  5.51035391e-01  5.51184335e-01  5.50913643e-01 -1.16107817e-05 -1.94160980e-05  1.16512283e-08 
 1.26046011e-05  5.51126554e-01  5.51192070e-01  5.50932530e-01 -1.10178217e-05 -2.57814126e-05  2.12804613e-08 
 1.26048005e-05  5.51219233e-01  5.51197988e-01  5.50950556e-01 -1.07864855e-05 -3.31281295e-05  3.10682967e-08 
 1.26050000e-05  5.51307547e-01  5.51203081e-01  5.50967622e-01 -1.06946237e-05 -4.13044168e-05  4.11283697e-08 
 1.26050023e-05  5.51306459e-01  5.51198439e-01  5.50967810e-01 -1.53043257e-05 -4.14039732e-05  4.11190545e-08 
 1.26050069e-05  5.51304499e-01  5.51189976e-01  5.50968177e-01 -1.55925433e-05 -4.16031431e-05  4.11025561e-08 
 1.26050162e-05  5.51302188e-01  5.51176482e-01  5.50968868e-01 -1.56812658e-05 -4.20008098e-05  4.10919781e-08 
 1.26050346e-05  5.51299858e-01  5.51155987e-01  5.50970118e-01 -1.56926443e-05 -4.27901911e-05  4.11285688e-08 
 1.26050660e-05  5.51296511e-01  5.51128481e-01  5.50971923e-01 -1.57621145e-05 -4.41128536e-05  4.12709960e-08 
 1.26051288e-05  5.51291216e-01  5.51087299e-01  5.50974613e-01 -1.57557491e-05 -4.66873189e-05  4.17727074e-08 
 1.26052429e-05  5.51283323e-01  5.51044591e-01  5.50977458e-01 -1.57721828e-05 -5.11284092e-05  4.31990558e-08 
 1.26053668e-05  5.51275708e-01  5.51025894e-01  5.50978920e-01 -1.57157051e-05 -5.56273191e-05  4.53143692e-08 
 1.26055779e-05  5.51263390e-01  5.51018768e-01  5.50980205e-01 -1.57128260e-05 -6.25637588e-05  4.99357238e-08 
 1.26059264e-05  5.51244983e-01  5.51025288e-01  5.50982065e-01 -1.56403835e-05 -7.22218244e-05  5.96498914e-08 
 1.26066234e-05  5.51213896e-01  5.51042997e-01  5.50988067e-01 -1.56062526e-05 -8.61042041e-05  8.32532056e-08 
 1.26077924e-05  5.51175434e-01  5.51067347e-01  5.51003058e-01 -1.55092281e-05 -9.78841229e-05  1.24429570e-07 
 1.26088618e-05  5.51151037e-01  5.51085531e-01  5.51019208e-01 -1.55084308e-05 -1.00517588e-04  1.55995368e-07 
 1.26102518e-05  5.51128719e-01  5.51104324e-01  5.51040163e-01 -1.54607963e-05 -9.81236689e-05  1.83020901e-07 
 1.26116732e-05  5.51112626e-01  5.51119265e-01  5.51059677e-01 -1.54879606e-05 -9.23913784e-05  1.95672619e-07 
 1.26136928e-05  5.51096334e-01  5.51134610e-01  5.51082525e-01 -1.54638683e-05 -8.25949796e-05  1.95687644e-07 
 1.26160108e-05  5.51083069e-01  5.51145655e-01  5.51101564e-01 -1.55070499e-05 -7.15030057e-05  1.81361635e-07 
 1.26195969e-05  5.51068935e-01  5.51152227e-01  5.51118121e-01 -1.54978480e-05 -5.69056313e-05  1.50544019e-07 
 1.26237147e-05  5.51058450e-01  5.51147816e-01  5.51122045e-01 -1.55502453e-05 -4.40697010e-05  1.17176840e-07 
 1.26285402e-05  5.51050916e-01  5.51130753e-01  5.51111911e-01 -1.55415989e-05 -3.31255033e-05  8.72882144e-08 
 1.26336779e-05  5.51046277e-01  5.51102931e-01  5.51088980e-01 -1.55911307e-05 -2.48312473e-05  6.47320365e-08 
 1.26397055e-05  5.51043360e-01  5.51063299e-01  5.51052448e-01 -1.55789932e-05 -1.79955466e-05  4.64272235e-08 
 1.26463471e-05  5.51041815e-01  5.51017710e-01  5.51007384e-01 -1.56253056e-05 -1.28304532e-05  3.28085074e-08 
 1.26542129e-05  5.51041056e-01  5.50969485e-01  5.50956841e-01 -1.56093858e-05 -8.72868673e-06  2.21507264e-08 
 1.26630662e-05  5.51040806e-01  5.50930347e-01  5.50912781e-01 -1.56516865e-05 -5.74178614e-06  1.44859564e-08 
 1.26736357e-05  5.51040787e-01  5.50908890e-01  5.50884666e-01 -1.56311715e-05 -3.52266392e-06  8.85388532e-09 
 1.26858158e-05  5.51040896e-01  5.50914385e-01  5.50883854e-01 -1.56688316e-05 -2.02525064e-06  5.08305505e-09 
 1.27006127e-05  5.51041036e-01  5.50947766e-01  5.50913268e-01 -1.56436440e-05 -1.03599303e-06  2.60712179e-09 
 1.27182728e-05  5.51041208e-01  5.50997779e-01  5.50963080e-01 -1.56772033e-05 -4.63690708e-07  1.17426483e-09 
 1.27405808e-05  5.51041345e-01  5.51046257e-01  5.51014363e-01 -1.56486454e-05 -1.62931478e-07  4.18116102e-10 
 1.27689995e-05  5.51041448e-01  5.51076884e-01  5.51047793e-01 -1.56798471e-05 -3.96424467e-08  1.02973927e-10 
 1.28081945e-05  5.51041468e-01  5.51097308e-01  5.51068634e-01 -1.56497914e-05 -3.38771552e-09  1.15325684e-11 
 1.28655518e-05  5.51041503e-01  5.51129480e-01  5.51100286e-01 -1.56801771e-05  3.05718091e-10  2.95843612e-12 
 1.29285993e-05  5.51041531e-01  5.51159808e-01  5.51131421e-01 -1.56498083e-05 -7.86079470e-12  3.00755064e-12 
 1.30285993e-05  5.51041573e-01  5.51184819e-01  5.51156821e-01 -1.56801809e-05 -1.86625600e-11  1.52260024e-12 
 1.31285993e-05  5.51041581e-01  5.51201454e-01  5.51173501e-01 -1.56498191e-05  2.58952278e-11  2.06009878e-12 
 1.32285993e-05  5.51041609e-01  5.51210699e-01  5.51183057e-01 -1.56801791e-05 -2.76296479e-11  1.01448868e-12 
 1.33285993e-05  5.51041605e-01  5.51215236e-01  5.51187536e-01 -1.56498239e-05  2.31333913e-11  1.51269920e-12 
 1.34285993e-05  5.51041625e-01  5.51218888e-01  5.51191282e-01 -1.56801788e-05 -2.30665558e-11  1.00440354e-12 
 1.35285993e-05  5.51041620e-01  5.51220154e-01  5.51192577e-01 -1.56498245e-05  1.72470300e-11  1.26879632e-12 
 1.36285993e-05  5.51041637e-01  5.51221334e-01  5.51193735e-01 -1.56801796e-05 -1.76705176e-11  9.97703059e-13 
 1.37285993e-05  5.51041632e-01  5.51221897e-01  5.51194347e-01 -1.56498242e-05  1.19407967e-11  1.22183687e-12 
 1.38285993e-05  5.51041647e-01  5.51222140e-01  5.51194560e-01 -1.56801800e-05 -1.28448710e-11  9.60722712e-13 
 1.39285993e-05  5.51041641e-01  5.51222428e-01  5.51194873e-01 -1.56498243e-05  7.39221249e-12  1.22784210e-12 
 1.40285993e-05  5.51041657e-01  5.51222472e-01  5.51194906e-01 -1.56801797e-05 -8.67884302e-12  9.43082147e-13 
 1.41285993e-05  5.51041651e-01  5.51222564e-01  5.51195006e-01 -1.56498247e-05  3.53162530e-12  1.22336088e-12 
 1.42285993e-05  5.51041666e-01  5.51222610e-01  5.51195047e-01 -1.56801794e-05 -5.14660732e-12  9.49545726e-13 
 1.43285993e-05  5.51041660e-01  5.51222611e-01  5.51195055e-01 -1.56498251e-05  2.87018456e-13  1.20882048e-12 
 1.44285993e-05  5.51041676e-01  5.51222655e-01  5.51195090e-01 -1.56801791e-05 -2.18039692e-12  9.62717590e-13 
 1.45142997e-05  5.51041669e-01  5.51222642e-01  5.51195087e-01 -1.56498254e-05 -2.63851701e-12  1.19493207e-12 
 1.46000000e-05  5.51041684e-01  5.51222665e-01  5.51195100e-01 -1.56801788e-05  6.81954710e-13  9.74435322e-13 
 1.46000555e-05  5.51032435e-01  5.51164129e-01  5.51193827e-01 -2.06612154e-05 -1.57882066e-08 -2.55508487e-09 
 1.46001666e-05  5.51026255e-01  5.51086649e-01  5.51189654e-01 -2.08512519e-05 -4.62101553e-08 -7.28125759e-09 
 1.46003564e-05  5.51023232e-01  5.51035006e-01  5.51178215e-01 -2.09414328e-05 -9.24834215e-08 -1.44836047e-08 
 1.46005668e-05  5.51019287e-01  5.51019342e-01  5.51163792e-01 -2.14180159e-05 -1.38021266e-07 -2.17693276e-08 
 1.46007663e-05  5.51018706e-01  5.51018205e-01  5.51150550e-01 -2.23331107e-05 -1.75879413e-07 -2.80469679e-08 
 1.46010007e-05  5.51020961e-01  5.51018148e-01  5.51136227e-01 -2.47718632e-05 -2.13304498e-07 -3.46846249e-08 
 1.46012400e-05  5.51031504e-01  5.51023345e-01  5.51123160e-01 -2.91993629e-05 -2.43523308e-07 -4.05930179e-08 
 1.46014735e-05  5.51048919e-01  5.51029555e-01  5.51112074e-01 -3.59111830e-05 -2.64703230e-07 -4.55080818e-08 
 1.46016809e-05  5.51071978e-01  5.51039139e-01  5.51103688e-01 -4.38269565e-05 -2.76048335e-07 -4.91052407e-08 
 1.46018481e-05  5.51093591e-01  5.51047901e-01  5.51098010e-01 -5.16269524e-05 -2.78942806e-07 -5.14188641e-08 
 1.46019824e-05  5.51113130e-01  5.51057584e-01  5.51094201e-01 -5.86611598e-05 -2.76178085e-07 -5.28035652e-08 
 1.46020946e-05  5.51128862e-01  5.51066606e-01  5.51091581e-01 -6.50793282e-05 -2.69188424e-07 -5.35637329e-08 
 1.46021911e-05  5.51141750e-01  5.51076408e-01  5.51089777e-01 -7.08395086e-05 -2.58729531e-07 -5.38345307e-08 
 1.46022756e-05  5.51150544e-01  5.51086277e-01  5.51088582e-01 -7.60464473e-05 -2.45007121e-07 -5.36989771e-08 
 1.46023504e-05  5.51155681e-01  5.51096959e-01  5.51087859e-01 -8.06402734e-05 -2.28185796e-07 -5.31907590e-08 
 1.46024178e-05  5.51156307e-01  5.51108353e-01  5.51087519e-01 -8.47225110e-05 -2.08027253e-07 -5.23265157e-08 
 1.46024813e-05  5.51152579e-01  5.51121328e-01  5.51087514e-01 -8.83710429e-05 -1.83525475e-07 -5.10534565e-08 
 1.46025470e-05  5.51143934e-01  5.51137371e-01  5.51087884e-01 -9.19088706e-05 -1.51293720e-07 -4.91595729e-08 
 1.46026180e-05  5.51131543e-01  5.51157701e-01  5.51088783e-01 -9.54096133e-05 -1.07936562e-07 -4.63728896e-08 
 1.46026983e-05  5.51116783e-01  5.51183087e-01  5.51090491e-01 -9.90470698e-05 -4.93293918e-08 -4.23246959e-08 
 1.46028099e-05  5.51097873e-01  5.51219415e-01  5.51094126e-01 -1.03591779e-04  4.22996719e-08 -3.53156880e-08 
 1.46028954e-05  5.51084551e-01  5.51246423e-01  5.51097866e-01 -1.06577583e-04  1.10750302e-07 -2.90293326e-08 
 1.46029823e-05  5.51072785e-01  5.51271910e-01  5.51102436e-01 -1.09151707e-04  1.67505495e-07 -2.19944017e-08 
 1.46030762e-05  5.51062934e-01  5.51295821e-01  5.51108105e-01 -1.11443756e-04  2.10882816e-07 -1.38706669e-08 
 1.46031673e-05  5.51057327e-01  5.51313894e-01  5.51114161e-01 -1.13229704e-04  2.41926459e-07 -5.67259064e-09 
 1.46032819e-05  5.51053695e-01  5.51327495e-01  5.51122183e-01 -1.14073431e-04  2.76065732e-07  4.68955879e-09 
 1.46033669e-05  5.51053030e-01  5.51328976e-01  5.51128150e-01 -1.12116909e-04  2.99720304e-07  1.20470914e-08 
 1.46034280e-05  5.51052622e-01  5.51322906e-01  5.51132258e-01 -1.07438239e-04  3.15139011e-07  1.67951276e-08 
 1.46034823e-05  5.51052233e-01  5.51309793e-01  5.51135622e-01 -1.00557252e-04  3.26410775e-07  2.03025321e-08 
 1.46035443e-05  5.51051330e-01  5.51284433e-01  5.51138903e-01 -9.03959427e-05  3.35586381e-07  2.32012575e-08 
 1.46036101e-05  5.51050112e-01  5.51246623e-01  5.51141480e-01 -7.83112529e-05  3.40299001e-07  2.48823935e-08 
 1.46036911e-05  5.51048180e-01  5.51189968e-01  5.51143048e-01 -6.36272940e-05  3.39108337e-07  2.50821993e-08 
 1.46038036e-05  5.51045215e-01  5.51106039e-01  5.51142053e-01 -4.67046457e-05  3.26312296e-07  2.26864606e-08 
 1.46038773e-05  5.51043232e-01  5.51054609e-01  5.51139461e-01 -3.87820206e-05  3.12464771e-07  1.99453650e-08 
 1.46039470e-05  5.51041431e-01  5.51012491e-01  5.51135789e-01 -3.33821816e-05  2.96661539e-07  1.69155933e-08 
 1.46040356e-05  5.51039224e-01  5.50969272e-01  5.51129784e-01 -2.87239327e-05  2.74182167e-07  1.28000607e-08 
 1.46041181e-05  5.51037246e-01  5.50938712e-01  5.51123180e-01 -2.60948583e-05  2.51707767e-07  8.90439520e-09 
 1.46042175e-05  5.51034949e-01  5.50912170e-01  5.51114399e-01 -2.42237748e-05  2.23789839e-07  4.31544576e-09 
 1.46043180e-05  5.51032666e-01  5.50893883e-01  5.51104985e-01 -2.32589369e-05  1.95298725e-07 -1.34917736e-10 
 1.46044451e-05  5.51029842e-01  5.50878822e-01  5.51092780e-01 -2.26554275e-05  1.59720801e-07 -5.45983522e-09 
 1.46045856e-05  5.51026732e-01  5.50868487e-01  5.51079292e-01 -2.24188984e-05  1.21544233e-07 -1.09762790e-08 
 1.46047738e-05  5.51022624e-01  5.50859858e-01  5.51061690e-01 -2.23011991e-05  7.29791168e-08 -1.78284580e-08 
 1.46050000e-05  5.51017694e-01  5.50853133e-01  5.51041538e-01 -2.22925037e-05  1.87141465e-08 -2.53696122e-08 
 1.46050025e-05  5.51019425e-01  5.50858039e-01  5.51041331e-01 -1.76433859e-05  1.87027749e-08 -2.53140133e-08 
 1.46050074e-05  5.51021967e-01  5.50866932e-01  5.51040926e-01 -1.72752841e-05  1.87254431e-08 -2.52088231e-08 
 1.46050172e-05  5.51023518e-01  5.50880924e-01  5.51040162e-01 -1.70471797e-05  1.88761030e-08 -2.50312916e-08 
 1.46050284e-05  5.51023541e-01  5.50893513e-01  5.51039353e-01 -1.69203641e-05  1.90294873e-08 -2.48569644e-08 
 1.46050503e-05  5.51023637e-01  5.50914239e-01  5.51037933e-01 -1.66294377e-05  1.92439088e-08 -2.45400997e-08 
 1.46050909e-05  5.51023626e-01  5.50945626e-01  5.51035751e-01 -1.63018912e-05  1.94620927e-08 -2.40124936e-08 
 1.46051602e-05  5.51023677e-01  5.50984219e-01  5.51033059e-01 -1.59204654e-05  1.94747680e-08 -2.32265551e-08 
 1.46052990e-05  5.51023659e-01  5.51025083e-01  5.51030037e-01 -1.56801758e-05  1.89003000e-08 -2.18883315e-08 
 1.46055636e-05  5.51023763e-01  5.51046415e-01  5.51027842e-01 -1.55894032e-05  1.72392835e-08 -1.96994384e-08 
 1.46058914e-05  5.51023816e-01  5.51046390e-01  5.51026735e-01 -1.56247094e-05  1.52021596e-08 -1.73223216e-08 
 1.46064233e-05  5.51023976e-01  5.51043488e-01  5.51024938e-01 -1.55962051e-05  1.23569332e-08 -1.40470883e-08 
 1.46073886e-05  5.51024122e-01  5.51037817e-01  5.51021107e-01 -1.56245517e-05  8.45319629e-09 -9.57248918e-09 
 1.46093193e-05  5.51024387e-01  5.51025289e-01  5.51011577e-01 -1.55985877e-05  3.83721472e-09 -4.30866991e-09 
 1.46130844e-05  5.51024516e-01  5.51001199e-01  5.50989341e-01 -1.56265147e-05  5.78017802e-10 -6.49734304e-10 
 1.46203107e-05  5.51024479e-01  5.50973592e-01  5.50954476e-01 -1.56000786e-05 -1.19983876e-10  9.67009726e-11 
 1.46329483e-05  5.51024219e-01  5.50999522e-01  5.50960971e-01 -1.56263131e-05  6.56860618e-11 -4.29923057e-11 
 1.46498844e-05  5.51024256e-01  5.51116925e-01  5.51068599e-01 -1.55989002e-05  3.56709798e-11  6.55654605e-11 
 1.46652040e-05  5.51024402e-01  5.51219107e-01  5.51176956e-01 -1.56252437e-05  5.40025264e-11  2.04715878e-11 
 1.46845339e-05  5.51024637e-01  5.51276623e-01  5.51245836e-01 -1.55984600e-05  4.45195096e-12  2.02113649e-11 
 1.47043860e-05  5.51024679e-01  5.51269228e-01  5.51245081e-01 -1.56252262e-05 -5.39470443e-12 -8.10066619e-12 
 1.47345362e-05  5.51024673e-01  5.51228572e-01  5.51204352e-01 -1.55987451e-05 -1.29649483e-11 -2.93037415e-12 
 1.47672681e-05  5.51024579e-01  5.51211513e-01  5.51183759e-01 -1.56253892e-05  1.84386404e-12 -1.89818311e-12 
 1.48000000e-05  5.51024616e-01  5.51218384e-01  5.51190056e-01 -1.55987194e-05  4.47453923e-13  4.75599540e-12 
 1.48000175e-05  5.51033382e-01  5.51235126e-01  5.51190178e-01 -1.38170643e-05  2.55759519e-09  9.36308742e-10 
 1.48000525e-05  5.51040409e-01  5.51262425e-01  5.51190610e-01 -1.25668949e-05  7.21763874e-09  2.64724243e-09 
 1.48001226e-05  5.51045609e-01  5.51298425e-01  5.51192330e-01 -1.13424736e-05  1.40634555e-08  5.65781639e-09 
 1.48001901e-05  5.51053832e-01  5.51319126e-01  5.51194699e-01 -1.06248607e-05  1.86361619e-08  8.30903704e-09 
 1.48003252e-05  5.51066280e-01  5.51332658e-01  5.51200150e-01 -1.02113826e-05  2.51849469e-08  1.31772282e-08 
 1.48005584e-05  5.51090687e-01  5.51320417e-01  5.51208960e-01 -9.99419728e-06  3.32447689e-08  2.08654580e-08 
 1.48008423e-05  5.51118287e-01  5.51286139e-01  5.51216133e-01 -1.00816218e-05  4.12885097e-08  2.92850830e-08 
 1.48012713e-05  5.51163520e-01  5.51225861e-01  5.51218078e-01 -1.02715709e-05  4.98444374e-08  4.03206426e-08 
 1.48014371e-05  5.51182325e-01  5.51200022e-01  5.51215979e-01 -1.07635258e-05  4.94554697e-08  4.40123167e-08 
 1.48016390e-05  5.51213941e-01  5.51166121e-01  5.51211284e-01 -1.23063420e-05  3.54501899e-08  4.79033180e-08 
 1.48017772e-05  5.51243363e-01  5.51140120e-01  5.51206673e-01 -1.47528789e-05  7.81985831e-09  4.99757704e-08 
 1.48018982e-05  5.51279222e-01  5.51114797e-01  5.51201628e-01 -1.81640239e-05 -3.95394652e-08  5.11732267e-08 
 1.48020244e-05  5.51325816e-01  5.51084955e-01  5.51195259e-01 -2.35118801e-05 -1.23617369e-07  5.15582109e-08 
 1.48021593e-05  5.51386852e-01  5.51049265e-01  5.51187078e-01 -3.08387712e-05 -2.65624051e-07  5.07522587e-08 
 1.48023070e-05  5.51460772e-01  5.51005301e-01  5.51176329e-01 -4.01086634e-05 -4.98538409e-07  4.81190911e-08 
 1.48024474e-05  5.51533087e-01  5.50958147e-01  5.51164189e-01 -4.83622588e-05 -8.11076940e-07  4.36182272e-08 
 1.48025694e-05  5.51591496e-01  5.50911223e-01  5.51151951e-01 -5.36373004e-05 -1.17022471e-06  3.77994132e-08 
 1.48026837e-05  5.51639844e-01  5.50860661e-01  5.51138826e-01 -5.58469056e-05 -1.59620381e-06  3.04287462e-08 
 1.48028076e-05  5.51682037e-01  5.50800085e-01  5.51122577e-01 -5.64749663e-05 -2.16265780e-06  2.02633525e-08 
 1.48029552e-05  5.51718541e-01  5.50728216e-01  5.51100439e-01 -5.68808395e-05 -2.96453851e-06  5.72097952e-09 
 1.48030557e-05  5.51734329e-01  5.50683909e-01  5.51083818e-01 -5.71403871e-05 -3.57359539e-06 -5.27471460e-09 
 1.48031543e-05  5.51743043e-01  5.50646012e-01  5.51066542e-01 -5.71683186e-05 -4.20631417e-06 -1.66023375e-08 
 1.48032440e-05  5.51746581e-01  5.50617657e-01  5.51050252e-01 -5.69407193e-05 -4.79800313e-06 -2.71361579e-08 
 1.48033134e-05  5.51755687e-01  5.50601046e-01  5.51037433e-01 -5.64162599e-05 -5.25555306e-06 -3.53039343e-08 
 1.48033729e-05  5.51785252e-01  5.50591706e-01  5.51026402e-01 -5.57146025e-05 -5.63881968e-06 -4.22247643e-08 
 1.48034110e-05  5.51819569e-01  5.50588837e-01  5.51019398e-01 -5.49443240e-05 -5.87325260e-06 -4.65228094e-08 
 1.48034393e-05  5.51851434e-01  5.50589157e-01  5.51014238e-01 -5.40900635e-05 -6.03726456e-06 -4.95625291e-08 
 1.48034667e-05  5.51885633e-01  5.50592638e-01  5.51009320e-01 -5.28568188e-05 -6.18176357e-06 -5.22428175e-08 
 1.48034990e-05  5.51932535e-01  5.50602505e-01  5.51003677e-01 -5.08631258e-05 -6.32716485e-06 -5.48769762e-08 
 1.48035348e-05  5.52000998e-01  5.50621630e-01  5.50997722e-01 -4.80490241e-05 -6.45141361e-06 -5.69613635e-08 
 1.48035798e-05  5.52122219e-01  5.50655940e-01  5.50990829e-01 -4.39477140e-05 -6.55210777e-06 -5.83192396e-08 
 1.48036173e-05  5.52257052e-01  5.50690052e-01  5.50985685e-01 -4.03300615e-05 -6.59272624e-06 -5.85112051e-08 
 1.48036524e-05  5.52410721e-01  5.50723334e-01  5.50981415e-01 -3.69998391e-05 -6.60087805e-06 -5.81083157e-08 
 1.48036921e-05  5.52614196e-01  5.50759756e-01  5.50977203e-01 -3.34561819e-05 -6.58259368e-06 -5.71984912e-08 
 1.48037387e-05  5.52889206e-01  5.50798275e-01  5.50973029e-01 -2.97211319e-05 -6.53321711e-06 -5.57813864e-08 
 1.48037840e-05  5.53189159e-01  5.50829738e-01  5.50969676e-01 -2.65998440e-05 -6.46484523e-06 -5.42657575e-08 
 1.48038353e-05  5.53562436e-01  5.50857682e-01  5.50966561e-01 -2.36519118e-05 -6.37207173e-06 -5.25871724e-08 
 1.48038891e-05  5.53990389e-01  5.50878918e-01  5.50963881e-01 -2.11561860e-05 -6.26384023e-06 -5.09924749e-08 
 1.48039535e-05  5.54548637e-01  5.50895212e-01  5.50961226e-01 -1.88211625e-05 -6.12677318e-06 -4.94038656e-08 
 1.48040258e-05  5.55234988e-01  5.50904477e-01  5.50958693e-01 -1.68658111e-05 -5.96892882e-06 -4.80754228e-08 
 1.48041161e-05  5.56186476e-01  5.50907000e-01  5.50955837e-01 -1.51150765e-05 -5.77103282e-06 -4.70827885e-08 
 1.48042246e-05  5.57476999e-01  5.50901968e-01  5.50952485e-01 -1.37179836e-05 -5.53663848e-06 -4.68236499e-08 
 1.48043691e-05  5.59462024e-01  5.50888287e-01  5.50947715e-01 -1.25978714e-05 -5.23436805e-06 -4.79709957e-08 
 1.48045552e-05  5.62489396e-01  5.50865427e-01  5.50940654e-01 -1.18793476e-05 -4.86473188e-06 -5.18270369e-08 
 1.48047776e-05  5.66817914e-01  5.50834860e-01  5.50930598e-01 -1.15129952e-05 -4.45327535e-06 -5.97162773e-08 
 1.48050000e-05  5.71898741e-01  5.50802677e-01  5.50918726e-01 -1.13607793e-05 -4.07462300e-06 -7.07961274e-08 
 1.48050041e-05  5.71993501e-01  5.50797311e-01  5.50918484e-01 -1.24648525e-05 -4.06859340e-06 -7.12664573e-08 
 1.48050122e-05  5.72186031e-01  5.50787492e-01  5.50917985e-01 -1.29801391e-05 -4.05652721e-06 -7.21800441e-08 
 1.48050285e-05  5.72579470e-01  5.50771302e-01  5.50916908e-01 -1.33026101e-05 -4.03223606e-06 -7.39021170e-08 
 1.48050576e-05  5.73284504e-01  5.50746850e-01  5.50914761e-01 -1.39077978e-05 -3.98841240e-06 -7.68519679e-08 
 1.48050981e-05  5.74260690e-01  5.50718198e-01  5.50911390e-01 -1.44129676e-05 -3.92731135e-06 -8.07741348e-08 
 1.48051791e-05  5.76198665e-01  5.50676855e-01  5.50903693e-01 -1.50232295e-05 -3.80626220e-06 -8.81500133e-08 
 1.48053248e-05  5.79630825e-01  5.50636381e-01  5.50888140e-01 -1.53332290e-05 -3.59595150e-06 -1.00343826e-07 
 1.48055057e-05  5.83794890e-01  5.50615861e-01  5.50867917e-01 -1.53877223e-05 -3.35022135e-06 -1.13991991e-07 
 1.48057973e-05  5.90282706e-01  5.50605270e-01  5.50836519e-01 -1.53441265e-05 -2.98864221e-06 -1.33043563e-07 
 1.48061642e-05  5.98066215e-01  5.50608991e-01  5.50801389e-01 -1.53340405e-05 -2.58819057e-06 -1.52395024e-07 
 1.48068980e-05  6.12427030e-01  5.50655521e-01  5.50751049e-01 -1.52737434e-05 -1.93790298e-06 -1.78588630e-07 
 1.48083657e-05  6.36795061e-01  5.50896892e-01  5.50749969e-01 -1.52307271e-05 -1.07195911e-06 -1.96462276e-07 
 1.48104691e-05  6.63254138e-01  5.51567496e-01  5.51019246e-01 -1.51761209e-05 -4.44471974e-07 -1.78874810e-07 
 1.48126356e-05  6.82455363e-01  5.52632184e-01  5.51655930e-01 -1.51892318e-05 -1.76881055e-07 -1.42204473e-07 
 1.48149210e-05  6.96423392e-01  5.54130495e-01  5.52721118e-01 -1.51905856e-05 -6.41838318e-08 -1.04102259e-07 
 1.48173194e-05  7.06288547e-01  5.56066400e-01  5.54244517e-01 -1.52377078e-05 -1.93760060e-08 -7.18138410e-08 
 1.48200697e-05  7.13609281e-01  5.58667158e-01  5.56440776e-01 -1.52627494e-05 -1.30114189e-09 -4.51447174e-08 
 1.48231434e-05  7.18584282e-01  5.61954092e-01  5.59366087e-01 -1.53261945e-05  4.94664971e-09 -2.56251036e-08 
 1.48262656e-05  7.21532661e-01  5.65604022e-01  5.62737242e-01 -1.53548105e-05  6.93331566e-09 -1.33928870e-08 
 1.48297037e-05  7.23375700e-01  5.69884410e-01  5.66794403e-01 -1.54141952e-05  7.86667477e-09 -5.34118438e-09 
 1.48330772e-05  7.24368399e-01  5.74273806e-01  5.71029624e-01 -1.54336519e-05  8.40581920e-09 -7.31864406e-10 
 1.48369383e-05  7.24978080e-01  5.79452724e-01  5.76088466e-01 -1.54820854e-05  8.86196041e-09  2.33280626e-09 
 1.48410202e-05  7.25299760e-01  5.85044873e-01  5.81600031e-01 -1.54920018e-05  9.20798783e-09  4.14655739e-09 
 1.48457661e-05  7.25475542e-01  5.91631986e-01  5.88134259e-01 -1.55289603e-05  9.49568646e-09  5.31586509e-09 
 1.48509480e-05  7.25557424e-01  5.98866195e-01  5.95346092e-01 -1.55277274e-05  9.67995714e-09  6.00161827e-09 
 1.48569999e-05  7.25596834e-01  6.07298579e-01  6.03785905e-01 -1.55527650e-05  9.78136864e-09  6.42831992e-09 
 1.48637651e-05  7.25615454e-01  6.16620922e-01  6.13151139e-01 -1.55411202e-05  9.75661128e-09  6.64933814e-09 
 1.48717248e-05  7.25628249e-01  6.27330540e-01  6.23953074e-01 -1.55572277e-05  9.58686341e-09  6.70980020e-09 
 1.48808211e-05  7.25639909e-01  6.39046971e-01  6.35831953e-01 -1.55400426e-05  9.19061947e-09  6.57339933e-09 
 1.48916624e-05  7.25653662e-01  6.51965313e-01  6.49029410e-01 -1.55548579e-05  8.45298455e-09  6.16373924e-09 
 1.49030093e-05  7.25667450e-01  6.63847242e-01  6.61307367e-01 -1.55419282e-05  7.34528627e-09  5.45199930e-09 
 1.49152392e-05  7.25681531e-01  6.74300424e-01  6.72285402e-01 -1.55656045e-05  5.84957675e-09  4.41947590e-09 
 1.49274296e-05  7.25693225e-01  6.82026555e-01  6.80574224e-01 -1.55627414e-05  4.20673001e-09  3.23978383e-09 
 1.49406216e-05  7.25702929e-01  6.87526807e-01  6.86619505e-01 -1.55949056e-05  2.59529610e-09  2.03553031e-09 
 1.49556287e-05  7.25709275e-01  6.91077251e-01  6.90592113e-01 -1.55977232e-05  1.30645511e-09  1.02747447e-09 
 1.49714172e-05  7.25712258e-01  6.93143921e-01  6.92846086e-01 -1.56282106e-05  7.08529759e-10  5.07402084e-10 
 1.49865637e-05  7.25712820e-01  6.94703031e-01  6.94413943e-01 -1.56214595e-05  6.44703971e-10  4.06447075e-10 
 1.50028435e-05  7.25713294e-01  6.96598841e-01  6.96253433e-01 -1.56411381e-05  8.03830924e-10  4.97324197e-10 
 1.50183231e-05  7.25713860e-01  6.98701960e-01  6.98312539e-01 -1.56264616e-05  9.35484230e-10  5.99255242e-10 
 1.50386463e-05  7.25715635e-01  7.01617079e-01  7.01220976e-01 -1.56412803e-05  9.77311588e-10  6.47793634e-10 
 1.50668224e-05  7.25718229e-01  7.05332122e-01  7.04989219e-01 -1.56250667e-05  8.36647592e-10  5.69834163e-10 
 1.50983812e-05  7.25721029e-01  7.08694221e-01  7.08422502e-01 -1.56409283e-05  6.42929569e-10  4.35904122e-10 
 1.51345817e-05  7.25723066e-01  7.11715209e-01  7.11491977e-01 -1.56264065e-05  5.01958427e-10  3.36773060e-10 
 1.51876401e-05  7.25725579e-01  7.15231214e-01  7.15048013e-01 -1.56424207e-05  3.99108050e-10  2.66644523e-10 
 1.52377165e-05  7.25727236e-01  7.17794078e-01  7.17646219e-01 -1.56271761e-05  2.99731524e-10  2.03282198e-10 
 1.53047708e-05  7.25729123e-01  7.20268676e-01  7.20157395e-01 -1.56429631e-05  2.04275287e-10  1.36901406e-10 
 1.53727400e-05  7.25730155e-01  7.21994899e-01  7.21905483e-01 -1.56277667e-05  1.40786875e-10  9.59527990e-11 
 1.54541345e-05  7.25731268e-01  7.23394763e-01  7.23324734e-01 -1.56433120e-05  9.31299423e-11  6.29708061e-11 
 1.55391318e-05  7.25731760e-01  7.24313949e-01  7.24256771e-01 -1.56280224e-05  5.35889046e-11  3.77161067e-11 
 1.56391318e-05  7.25732350e-01  7.24974359e-01  7.24925635e-01 -1.56434976e-05  3.55241891e-11  2.43540179e-11 
 1.57391318e-05  7.25732473e-01  7.25355810e-01  7.25312671e-01 -1.56281298e-05  1.57701003e-11  1.25868313e-11 
 1.58391318e-05  7.25732759e-01  7.25573296e-01  7.25532882e-01 -1.56435639e-05  1.30188234e-11  9.25214538e-12 
 1.59391318e-05  7.25732704e-01  7.25700828e-01  7.25662216e-01 -1.56281688e-05  3.58809944e-12  4.48194980e-12 
 1.60391318e-05  7.25732894e-01  7.25772985e-01  7.25735370e-01 -1.56435814e-05  5.45747735e-12  4.21086137e-12 
 1.61391318e-05  7.25732779e-01  7.25815042e-01  7.25777952e-01 -1.56281854e-05 -5.32067879e-13  1.71126882e-12 
 1.62391318e-05  7.25732936e-01  7.25839426e-01  7.25802699e-01 -1.56435845e-05  3.07495717e-12  2.64088084e-12 
 1.63391318e-05  7.25732801e-01  7.25853073e-01  7.25816527e-01 -1.56281927e-05 -2.01348053e-12  7.09085189e-13 
 1.64391318e-05  7.25732947e-01  7.25861354e-01  7.25824899e-01 -1.56435842e-05  2.34957583e-12  2.16193746e-12 
 1.65391318e-05  7.25732806e-01  7.25865832e-01  7.25829475e-01 -1.56281964e-05 -2.52689406e-12  3.66999454e-13 
 1.66391318e-05  7.25732948e-01  7.25868564e-01  7.25832201e-01 -1.56435827e-05  2.10076661e-12  1.99244592e-12 
 1.67195659e-05  7.25732806e-01  7.25869846e-01  7.25833542e-01 -1.56281994e-05 -2.66792491e-12  2.76949199e-13 
 1.68000000e-05  7.25732946e-01  7.25870667e-01  7.25834338e-01 -1.56435800e-05  2.00857234e-12  1.92775803e-12 
 1.68000775e-05  7.25710595e-01  7.25821596e-01  7.25832864e-01 -1.81587975e-05 -6.99277665e-09 -3.54717329e-09 
 1.68002325e-05  7.25687283e-01  7.25764078e-01  7.25828275e-01 -1.96892443e-05 -1.63456971e-08 -9.81131020e-09 
 1.68004803e-05  7.25659257e-01  7.25759603e-01  7.25818571e-01 -2.01535814e-05 -2.33173831e-08 -1.82503375e-08 
 1.68007442e-05  7.25629724e-01  7.25789427e-01  7.25810516e-01 -2.12133769e-05 -2.75296905e-08 -2.63121569e-08 
 1.68010323e-05  7.25607946e-01  7.25829463e-01  7.25806445e-01 -2.41875909e-05 -2.30195757e-08 -3.39700636e-08 
 1.68013101e-05  7.25597912e-01  7.25873695e-01  7.25807376e-01 -2.99897456e-05 -2.82580901e-09 -4.01910057e-08 
 1.68015638e-05  7.25603770e-01  7.25920067e-01  7.25812516e-01 -3.81238694e-05  3.64824573e-08 -4.47727255e-08 
 1.68017792e-05  7.25617428e-01  7.25963482e-01  7.25820196e-01 -4.73241990e-05  9.26170559e-08 -4.77641145e-08 
 1.68019458e-05  7.25634974e-01  7.26001119e-01  7.25828309e-01 -5.57435462e-05  1.57257134e-07 -4.93688935e-08 
 1.68020779e-05  7.25650519e-01  7.26033358e-01  7.25836162e-01 -6.32104049e-05  2.28027383e-07 -5.00889496e-08 
 1.68021880e-05  7.25665355e-01  7.26063210e-01  7.25843740e-01 -6.98073442e-05  3.06281960e-07 -5.01770237e-08 
 1.68022829e-05  7.25676896e-01  7.26091263e-01  7.25851090e-01 -7.57248468e-05  3.93749166e-07 -4.97622009e-08 
 1.68023664e-05  7.25686065e-01  7.26118866e-01  7.25858240e-01 -8.09279156e-05  4.92145173e-07 -4.88775251e-08 
 1.68024417e-05  7.25691094e-01  7.26146662e-01  7.25865310e-01 -8.55476185e-05  6.04675260e-07 -4.75256033e-08 
 1.68025140e-05  7.25692779e-01  7.26177002e-01  7.25872726e-01 -8.97331519e-05  7.41091549e-07 -4.55683329e-08 
 1.68026008e-05  7.25691078e-01  7.26218636e-01  7.25882579e-01 -9.43790421e-05  9.50777730e-07 -4.21748701e-08 
 1.68026796e-05  7.25689094e-01  7.26260746e-01  7.25892538e-01 -9.81941720e-05  1.18881643e-06 -3.80411564e-08 
 1.68027921e-05  7.25686532e-01  7.26323990e-01  7.25908533e-01 -1.03148112e-04  1.60545989e-06 -3.05689183e-08 
 1.68029068e-05  7.25683073e-01  7.26388336e-01  7.25926989e-01 -1.07631931e-04  2.11545669e-06 -2.13444368e-08 
 1.68030311e-05  7.25682661e-01  7.26453278e-01  7.25949179e-01 -1.12095065e-04  2.74618057e-06 -1.00091696e-08 
 1.68031585e-05  7.25687730e-01  7.26511601e-01  7.25973880e-01 -1.15948899e-04  3.45393340e-06  2.53362907e-09 
 1.68032809e-05  7.25697981e-01  7.26557728e-01  7.25998939e-01 -1.18285648e-04  4.16701076e-06  1.49454999e-08 
 1.68033767e-05  7.25708525e-01  7.26584787e-01  7.26019101e-01 -1.17792376e-04  4.72767405e-06  2.44726542e-08 
 1.68034438e-05  7.25716305e-01  7.26596203e-01  7.26033279e-01 -1.14422017e-04  5.10508311e-06  3.06641985e-08 
 1.68034996e-05  7.25722038e-01  7.26597916e-01  7.26044918e-01 -1.08695644e-04  5.39446999e-06  3.51535314e-08 
 1.68035596e-05  7.25726983e-01  7.26589471e-01  7.26057060e-01 -1.00000370e-04  5.66670768e-06  3.89876346e-08 
 1.68036277e-05  7.25730691e-01  7.26566953e-01  7.26070093e-01 -8.80675406e-05  5.91520277e-06  4.18755434e-08 
 1.68037033e-05  7.25732377e-01  7.26529219e-01  7.26083257e-01 -7.40359358e-05  6.10823455e-06  4.32127396e-08 
 1.68038000e-05  7.25731100e-01  7.26470770e-01  7.26097692e-01 -5.74514364e-05  6.23218818e-06  4.23869173e-08 
 1.68038801e-05  7.25727684e-01  7.26421486e-01  7.26107534e-01 -4.63893290e-05  6.24398841e-06  4.00113067e-08 
 1.68039545e-05  7.25723115e-01  7.26380654e-01  7.26115081e-01 -3.85422872e-05  6.19782428e-06  3.68952148e-08 
 1.68040366e-05  7.25716979e-01  7.26344310e-01  7.26121900e-01 -3.23372603e-05  6.10100490e-06  3.28661723e-08 
 1.68041264e-05  7.25709402e-01  7.26315875e-01  7.26127965e-01 -2.78380304e-05  5.95825277e-06  2.81160838e-08 
 1.68042182e-05  7.25701053e-01  7.26298163e-01  7.26133112e-01 -2.50226011e-05  5.78858541e-06  2.31675680e-08 
 1.68043199e-05  7.25691413e-01  7.26289410e-01  7.26138070e-01 -2.32112890e-05  5.58689683e-06  1.77746222e-08 
 1.68044321e-05  7.25680489e-01  7.26289462e-01  7.26143121e-01 -2.21745617e-05  5.35898772e-06  1.20465965e-08 
 1.68045651e-05  7.25667387e-01  7.26298099e-01  7.26149048e-01 -2.15948548e-05  5.09152681e-06  5.61745952e-09 
 1.68047228e-05  7.25651746e-01  7.26315325e-01  7.26156466e-01 -2.13434475e-05  4.78574162e-06 -1.50152406e-09 
 1.68048614e-05  7.25637987e-01  7.26333904e-01  7.26163579e-01 -2.12624825e-05  4.52968507e-06 -7.34314253e-09 
 1.68050000e-05  7.25624214e-01  7.26354146e-01  7.26171355e-01 -2.12420347e-05  4.28636679e-06 -1.28273498e-08 
 1.68050016e-05  7.25626230e-01  7.26356407e-01  7.26171451e-01 -2.03214903e-05  4.28384552e-06 -1.27909756e-08 
 1.68050048e-05  7.25629478e-01  7.26360721e-01  7.26171646e-01 -1.99030662e-05  4.27882568e-06 -1.27228244e-08 
 1.68050113e-05  7.25632465e-01  7.26368475e-01  7.26172050e-01 -1.95027552e-05  4.26884011e-06 -1.26122204e-08 
 1.68050211e-05  7.25633392e-01  7.26378596e-01  7.26172694e-01 -1.91783626e-05  4.25370053e-06 -1.24857683e-08 
 1.68050377e-05  7.25633626e-01  7.26393843e-01  7.26173871e-01 -1.86000958e-05  4.22779703e-06 -1.23081219e-08 
 1.68050710e-05  7.25633752e-01  7.26420539e-01  7.26176479e-01 -1.77827482e-05  4.17585893e-06 -1.20317007e-08 
 1.68051377e-05  7.25633948e-01  7.26461665e-01  7.26182485e-01 -1.66855107e-05  4.07218159e-06 -1.16801344e-08 
 1.68052709e-05  7.25634109e-01  7.26509840e-01  7.26196346e-01 -1.58542450e-05  3.86891964e-06 -1.13432046e-08 
 1.68054889e-05  7.25634458e-01  7.26542640e-01  7.26220870e-01 -1.55811943e-05  3.55439735e-06 -1.10536570e-08 
 1.68057327e-05  7.25634772e-01  7.26559081e-01  7.26248175e-01 -1.56114199e-05  3.23153525e-06 -1.07164464e-08 
 1.68060993e-05  7.25635282e-01  7.26577572e-01  7.26286954e-01 -1.55770316e-05  2.79977173e-06 -1.01285136e-08 
 1.68066722e-05  7.25635940e-01  7.26601089e-01  7.26341657e-01 -1.56069231e-05  2.23632617e-06 -9.12948173e-09 
 1.68078180e-05  7.25637133e-01  7.26632879e-01  7.26430777e-01 -1.55746526e-05  1.41854316e-06 -7.10845315e-09 
 1.68101096e-05  7.25638775e-01  7.26646482e-01  7.26539254e-01 -1.56028767e-05  5.41479346e-07 -3.80508630e-09 
 1.68146928e-05  7.25640479e-01  7.26545294e-01  7.26558677e-01 -1.55700789e-05  2.99715824e-08 -6.11588494e-10 
 1.68210554e-05  7.25640903e-01  7.26278396e-01  7.26353559e-01 -1.55989073e-05 -3.47530492e-09 -2.71829105e-11 
 1.68288420e-05  7.25640465e-01  7.25943858e-01  7.26014072e-01 -1.55681402e-05  3.68281859e-10 -2.20260963e-10 
 1.68371825e-05  7.25639709e-01  7.25683429e-01  7.25718074e-01 -1.55987624e-05 -3.75679616e-10 -1.71472413e-10 
 1.68485607e-05  7.25638963e-01  7.25519598e-01  7.25505711e-01 -1.55687699e-05 -1.82319830e-11 -7.89716436e-11 
 1.68647175e-05  7.25638459e-01  7.25547523e-01  7.25492842e-01 -1.55987956e-05  1.35064555e-11  1.89883759e-11 
 1.68931356e-05  7.25638673e-01  7.25794748e-01  7.25734372e-01 -1.55676104e-05  9.22250280e-11  5.34715398e-11 
 1.69248540e-05  7.25639080e-01  7.25916705e-01  7.25881334e-01 -1.55977099e-05 -1.56238820e-11  6.37090305e-12 
 1.69640486e-05  7.25639119e-01  7.25838619e-01  7.25810449e-01 -1.55678363e-05 -1.21149622e-11 -1.61202994e-11 
 1.70000000e-05  7.25638939e-01  7.25788036e-01  7.25751787e-01 -1.55981904e-05 -1.01189328e-11 -9.58768872e-13 
 1.70000162e-05  7.25643658e-01  7.25812120e-01  7.25751942e-01 -1.05040975e-05  3.82822584e-09  8.09557470e-10 
 1.70000486e-05  7.25646650e-01  7.25849217e-01  7.25752489e-01 -9.91766013e-06  1.15358229e-08  2.33613360e-09 
 1.70001003e-05  7.25646567e-01  7.25888321e-01  7.25754125e-01 -9.59673588e-06  2.33667927e-08  4.58708965e-09 
 1.70001550e-05  7.25648561e-01  7.25920103e-01  7.25756589e-01 -9.24680331e-06  3.53194170e-08  6.86226679e-09 
 1.70002644e-05  7.25650310e-01  7.25957951e-01  7.25762849e-01 -9.08392225e-06  5.81478280e-08  1.11372763e-08 
 1.70004833e-05  7.25655530e-01  7.25987614e-01  7.25777413e-01 -8.91534889e-06  1.00410965e-07  1.90123278e-08 
 1.70008365e-05  7.25662674e-01  7.25994664e-01  7.25800830e-01 -8.99284833e-06  1.61230323e-07  3.02851253e-08 
 1.70013095e-05  7.25675206e-01  7.25993090e-01  7.25827925e-01 -9.29033389e-06  2.30285955e-07  4.30548518e-08 
 1.70014207e-05  7.25679341e-01  7.25991846e-01  7.25833502e-01 -9.63749762e-06  2.44525305e-07  4.56689962e-08 
 1.70016429e-05  7.25696548e-01  7.25987686e-01  7.25843715e-01 -1.14121074e-05  2.69819822e-07  5.02699071e-08 
 1.70017933e-05  7.25718885e-01  7.25982241e-01  7.25849845e-01 -1.43206821e-05  2.83694131e-07  5.27056056e-08 
 1.70019159e-05  7.25748238e-01  7.25975481e-01  7.25854281e-01 -1.81836389e-05  2.91947194e-07  5.40448468e-08 
 1.70020401e-05  7.25788445e-01  7.25965746e-01  7.25858163e-01 -2.39318562e-05  2.96601516e-07  5.45843591e-08 
 1.70021728e-05  7.25843041e-01  7.25952345e-01  7.25861502e-01 -3.16636900e-05  2.96447038e-07  5.40394226e-08 
 1.70023170e-05  7.25910950e-01  7.25933972e-01  7.25864045e-01 -4.11526711e-05  2.89251123e-07  5.18734680e-08 
 1.70024540e-05  7.25978927e-01  7.25912345e-01  7.25865262e-01 -4.94361239e-05  2.74459278e-07  4.80163800e-08 
 1.70025708e-05  7.26034879e-01  7.25889183e-01  7.25865226e-01 -5.45123321e-05  2.54550435e-07  4.30300972e-08 
 1.70026817e-05  7.26083719e-01  7.25862175e-01  7.25864105e-01 -5.66942916e-05  2.28353186e-07  3.65880141e-08 
 1.70028007e-05  7.26129145e-01  7.25829358e-01  7.25861564e-01 -5.75785163e-05  1.92036110e-07  2.77880975e-08 
 1.70029522e-05  7.26175503e-01  7.25790302e-01  7.25856389e-01 -5.84195529e-05  1.35032206e-07  1.43854652e-08 
 1.70030648e-05  7.26200616e-01  7.25767975e-01  7.25851388e-01 -5.88824217e-05  8.46883873e-08  3.32161916e-09 
 1.70031601e-05  7.26215304e-01  7.25755448e-01  7.25846672e-01 -5.89534620e-05  2.84686089e-08 -6.43766121e-09 
 1.70032314e-05  7.26223203e-01  7.25751007e-01  7.25843024e-01 -5.86780481e-05 -4.44290645e-08 -1.37635812e-08 
 1.70032948e-05  7.26229709e-01  7.25751528e-01  7.25839820e-01 -5.81102751e-05 -1.67163361e-07 -2.01110761e-08 
 1.70033420e-05  7.26230796e-01  7.25755188e-01  7.25837525e-01 -5.73739267e-05 -3.13322994e-07 -2.46271359e-08 
 1.70033724e-05  7.26224979e-01  7.25759497e-01  7.25836117e-01 -5.66120446e-05 -4.36427399e-07 -2.73643618e-08 
 1.70033959e-05  7.26213051e-01  7.25764450e-01  7.25835084e-01 -5.57461332e-05 -5.47036758e-07 -2.93112305e-08 
 1.70034191e-05  7.26192342e-01  7.25771451e-01  7.25834127e-01 -5.45739077e-05 -6.68953161e-07 -3.10098743e-08 
 1.70034469e-05  7.26156779e-01  7.25783603e-01  7.25833100e-01 -5.27091122e-05 -8.28904161e-07 -3.26165730e-08 
 1.70034773e-05  7.26109637e-01  7.25802333e-01  7.25832175e-01 -5.01994727e-05 -1.01897274e-06 -3.37352887e-08 
 1.70035147e-05  7.26049128e-01  7.25832364e-01  7.25831417e-01 -4.66420468e-05 -1.26856230e-06 -3.41556951e-08 
 1.70035550e-05  7.25988488e-01  7.25870663e-01  7.25831158e-01 -4.25641772e-05 -1.55149570e-06 -3.35640494e-08 
 1.70035874e-05  7.25946332e-01  7.25903653e-01  7.25831412e-01 -3.92544340e-05 -1.78671131e-06 -3.24593892e-08 
 1.70036207e-05  7.25910164e-01  7.25937281e-01  7.25832109e-01 -3.60203094e-05 -2.03168988e-06 -3.09223474e-08 
 1.70036609e-05  7.25875417e-01  7.25975709e-01  7.25833514e-01 -3.23995363e-05 -2.33085190e-06 -2.87184700e-08 
 1.70036984e-05  7.25850737e-01  7.26008176e-01  7.25835332e-01 -2.93967585e-05 -2.61125851e-06 -2.64743276e-08 
 1.70037414e-05  7.25829663e-01  7.26040645e-01  7.25837941e-01 -2.63842617e-05 -2.93332309e-06 -2.38237120e-08 
 1.70037846e-05  7.25814439e-01  7.26067960e-01  7.25841025e-01 -2.38364022e-05 -3.25519012e-06 -2.11828404e-08 
 1.70038362e-05  7.25801760e-01  7.26094310e-01  7.25845188e-01 -2.13114301e-05 -3.63764448e-06 -1.81229970e-08 
 1.70038913e-05  7.25792815e-01  7.26116048e-01  7.25850063e-01 -1.91610274e-05 -4.04313843e-06 -1.50030709e-08 
 1.70039590e-05  7.25786189e-01  7.26135823e-01  7.25856467e-01 -1.70946468e-05 -4.53893044e-06 -1.13675400e-08 
 1.70040358e-05  7.25782790e-01  7.26151624e-01  7.25864059e-01 -1.53500027e-05 -5.10072762e-06 -7.46860710e-09 
 1.70041347e-05  7.25783529e-01  7.26165435e-01  7.25874069e-01 -1.37407335e-05 -5.83511578e-06 -2.70177661e-09 
 1.70042550e-05  7.25791848e-01  7.26176582e-01  7.25886325e-01 -1.24607613e-05 -6.77830909e-06  2.84747308e-09 
 1.70044177e-05  7.25816711e-01  7.26186691e-01  7.25902649e-01 -1.14625779e-05 -8.23642089e-06  1.00565640e-08 
 1.70046199e-05  7.25866851e-01  7.26195223e-01  7.25922239e-01 -1.09017055e-05 -1.05409074e-05  1.86606058e-08 
 1.70048100e-05  7.25923925e-01  7.26200851e-01  7.25939778e-01 -1.06896320e-05 -1.33430595e-05  2.64228162e-08 
 1.70050000e-05  7.25980417e-01  7.26205166e-01  7.25956397e-01 -1.06109758e-05 -1.67680066e-05  3.39307272e-08 
 1.70050021e-05  7.25979183e-01  7.26200860e-01  7.25956574e-01 -1.52049810e-05 -1.68101123e-05  3.38963275e-08 
 1.70050064e-05  7.25977041e-01  7.26192973e-01  7.25956921e-01 -1.54838591e-05 -1.68944451e-05  3.38300198e-08 
 1.70050149e-05  7.25974789e-01  7.26180268e-01  7.25957577e-01 -1.55911863e-05 -1.70631837e-05  3.37195460e-08 
 1.70050319e-05  7.25973126e-01  7.26160898e-01  7.25958774e-01 -1.55982385e-05 -1.73985441e-05  3.35512130e-08 
 1.70050605e-05  7.25971038e-01  7.26135070e-01  7.25960514e-01 -1.56734423e-05 -1.79557834e-05  3.33271207e-08 
 1.70051177e-05  7.25968140e-01  7.26095320e-01  7.25963194e-01 -1.56719203e-05 -1.90433745e-05  3.30226196e-08 
 1.70052320e-05  7.25964230e-01  7.26048074e-01  7.25966420e-01 -1.57015549e-05 -2.11111840e-05  3.27689464e-08 
 1.70053485e-05  7.25961164e-01  7.26027163e-01  7.25968010e-01 -1.56522923e-05 -2.30850864e-05  3.28388135e-08 
 1.70055510e-05  7.25956126e-01  7.26015874e-01  7.25969350e-01 -1.56663960e-05 -2.62124330e-05  3.35056632e-08 
 1.70058572e-05  7.25949341e-01  7.26017077e-01  7.25970599e-01 -1.56172896e-05 -3.02835940e-05  3.55301957e-08 
 1.70064696e-05  7.25937899e-01  7.26026373e-01  7.25973835e-01 -1.56229555e-05 -3.64654598e-05  4.18861148e-08 
 1.70076943e-05  7.25921692e-01  7.26043133e-01  7.25983522e-01 -1.55581815e-05 -4.32773786e-05  5.78064402e-08 
 1.70091998e-05  7.25909540e-01  7.26061046e-01  7.25998457e-01 -1.55710492e-05 -4.54516258e-05  7.52673767e-08 
 1.70109460e-05  7.25901289e-01  7.26078600e-01  7.26016610e-01 -1.55323486e-05 -4.39905437e-05  8.72336871e-08 
 1.70129912e-05  7.25895393e-01  7.26095279e-01  7.26036366e-01 -1.55642694e-05 -4.03381251e-05  9.10475703e-08 
 1.70157382e-05  7.25890512e-01  7.26111486e-01  7.26058148e-01 -1.55377469e-05 -3.49193678e-05  8.61938735e-08 
 1.70195810e-05  7.25886270e-01  7.26123157e-01  7.26078025e-01 -1.55783383e-05 -2.82109141e-05  7.28277105e-08 
 1.70259046e-05  7.25882521e-01  7.26118237e-01  7.26085137e-01 -1.55604008e-05 -1.99861042e-05  5.18739727e-08 
 1.70320275e-05  7.25880765e-01  7.26091039e-01  7.26066638e-01 -1.56031746e-05 -1.45668243e-05  3.73790015e-08 
 1.70400201e-05  7.25879841e-01  7.26036322e-01  7.26018335e-01 -1.55834019e-05 -9.79233861e-06  2.49092670e-08 
 1.70479992e-05  7.25879519e-01  7.25974428e-01  7.25957769e-01 -1.56242561e-05 -6.69419679e-06  1.69130203e-08 
 1.70585065e-05  7.25879461e-01  7.25902716e-01  7.25882568e-01 -1.56016349e-05 -4.10022749e-06  1.02984402e-08 
 1.70695835e-05  7.25879471e-01  7.25852918e-01  7.25826010e-01 -1.56397366e-05 -2.47670275e-06  6.19687423e-09 
 1.70840824e-05  7.25879543e-01  7.25831412e-01  7.25796065e-01 -1.56134223e-05 -1.28118666e-06  3.20551011e-09 
 1.71000995e-05  7.25879609e-01  7.25848356e-01  7.25807540e-01 -1.56482231e-05 -6.21361530e-07  1.56119705e-09 
 1.71214677e-05  7.25879737e-01  7.25892138e-01  7.25850353e-01 -1.56186264e-05 -2.29471279e-07  5.86410124e-10 
 1.71468318e-05  7.25879835e-01  7.25930624e-01  7.25891676e-01 -1.56511546e-05 -6.79416328e-08  1.76304329e-10 
 1.71829986e-05  7.25879906e-01  7.25947920e-01  7.25911533e-01 -1.56199774e-05 -8.47374787e-09  2.31284624e-11 
 1.72319036e-05  7.25879895e-01  7.25955749e-01  7.25918801e-01 -1.56516859e-05  9.67057216e-11  1.04488163e-12 
 1.73152436e-05  7.25879926e-01  7.25981598e-01  7.25944415e-01 -1.56200576e-05  3.56895340e-11  3.36519338e-12 
 1.74152436e-05  7.25879939e-01  7.25998239e-01  7.25961950e-01 -1.56516711e-05 -6.23349376e-11  6.06650906e-13 
 1.75152436e-05  7.25879951e-01  7.26005300e-01  7.25968658e-01 -1.56200711e-05  6.57577885e-11  2.01670706e-12 
 1.76152436e-05  7.25879949e-01  7.26012965e-01  7.25976612e-01 -1.56516682e-05 -6.56333759e-11  9.23184760e-13 
 1.77152436e-05  7.25879961e-01  7.26014489e-01  7.25978167e-01 -1.56200719e-05  5.81737208e-11  1.36380100e-12 
 1.78152436e-05  7.25879951e-01  7.26016938e-01  7.25980544e-01 -1.56516708e-05 -5.61271435e-11  1.00358854e-12 
 1.79152436e-05  7.25879964e-01  7.26017956e-01  7.25981694e-01 -1.56200699e-05  4.78691234e-11  1.27602459e-12 
 1.80152436e-05  7.25879951e-01  7.26018233e-01  7.25981887e-01 -1.56516724e-05 -4.63589813e-11  8.96548244e-13 
 1.81152436e-05  7.25879963e-01  7.26018934e-01  7.25982644e-01 -1.56200696e-05  3.85059224e-11  1.33356504e-12 
 1.82152436e-05  7.25879951e-01  7.26018872e-01  7.25982568e-01 -1.56516722e-05 -3.76903665e-11  8.30786449e-13 
 1.83152436e-05  7.25879961e-01  7.26019101e-01  7.25982796e-01 -1.56200704e-05  3.04410819e-11  1.34090943e-12 
 1.84152436e-05  7.25879949e-01  7.26019161e-01  7.25982865e-01 -1.56516714e-05 -3.02959433e-11  8.41237236e-13 
 1.85152436e-05  7.25879960e-01  7.26019144e-01  7.25982843e-01 -1.56200710e-05  2.36522455e-11  1.30806287e-12 
 1.86152436e-05  7.25879948e-01  7.26019233e-01  7.25982931e-01 -1.56516709e-05 -2.40938723e-11  8.73289125e-13 
 1.87152436e-05  7.25879958e-01  7.26019190e-01  7.25982895e-01 -1.56200714e-05  1.79749219e-11  1.27784328e-12 
 1.88152436e-05  7.25879946e-01  7.26019229e-01  7.25982924e-01 -1.56516706e-05 -1.88986379e-11  8.95744145e-13 
 1.89076218e-05  7.25879957e-01  7.26019219e-01  7.25982925e-01 -1.56200717e-05  1.30214123e-11  1.25965384e-12 
 1.90000000e-05  7.25879945e-01  7.26019223e-01  7.25982918e-01 -1.56516703e-05 -1.41918643e-11  9.10489837e-13 
 1.90000599e-05  7.25870471e-01  7.25957750e-01  7.25981481e-01 -2.06394269e-05 -1.69778022e-08 -2.73749322e-09 
 1.90001796e-05  7.25864174e-01  7.25877650e-01  7.25976801e-01 -2.08308058e-05 -4.95352040e-08 -7.79435432e-09 
 1.90003716e-05  7.25861225e-01  7.25829660e-01  7.25965004e-01 -2.09319201e-05 -9.59455373e-08 -1.50275664e-08 
 1.90005926e-05  7.25857273e-01  7.25815063e-01  7.25949856e-01 -2.14739309e-05 -1.43203648e-07 -2.26122716e-08 
 1.90007983e-05  7.25857012e-01  7.25814439e-01  7.25936312e-01 -2.25375650e-05 -1.81432551e-07 -2.89973698e-08 
 1.90010254e-05  7.25859877e-01  7.25814685e-01  7.25922581e-01 -2.50985380e-05 -2.16790250e-07 -3.53314744e-08 
 1.90012606e-05  7.25870979e-01  7.25819929e-01  7.25909856e-01 -2.96655062e-05 -2.45723225e-07 -4.10591825e-08 
 1.90014930e-05  7.25889032e-01  7.25826224e-01  7.25898927e-01 -3.65467244e-05 -2.66077192e-07 -4.58760708e-08 
 1.90016967e-05  7.25912143e-01  7.25835708e-01  7.25890764e-01 -4.44817432e-05 -2.76575313e-07 -4.93464840e-08 
 1.90018605e-05  7.25933556e-01  7.25844362e-01  7.25885242e-01 -5.22201945e-05 -2.78891474e-07 -5.15650233e-08 
 1.90019926e-05  7.25952809e-01  7.25853936e-01  7.25881516e-01 -5.91970789e-05 -2.75730790e-07 -5.28884233e-08 
 1.90021033e-05  7.25968280e-01  7.25862914e-01  7.25878943e-01 -6.55609471e-05 -2.68427117e-07 -5.36035221e-08 
 1.90021987e-05  7.25980851e-01  7.25872683e-01  7.25877167e-01 -7.12722197e-05 -2.57685559e-07 -5.38377196e-08 
 1.90022822e-05  7.25989328e-01  7.25882565e-01  7.25875989e-01 -7.64281894e-05 -2.43698518e-07 -5.36697245e-08 
 1.90023563e-05  7.25994102e-01  7.25893282e-01  7.25875278e-01 -8.09751029e-05 -2.26608787e-07 -5.31314046e-08 
 1.90024233e-05  7.25994359e-01  7.25904770e-01  7.25874946e-01 -8.50148079e-05 -2.06142338e-07 -5.22359872e-08 
 1.90024867e-05  7.25990229e-01  7.25917941e-01  7.25874949e-01 -8.86396777e-05 -1.81166063e-07 -5.09222712e-08 
 1.90025530e-05  7.25981163e-01  7.25934413e-01  7.25875340e-01 -9.21855260e-05 -1.47979900e-07 -4.89550748e-08 
 1.90026239e-05  7.25968641e-01  7.25954987e-01  7.25876265e-01 -9.56573903e-05 -1.03947393e-07 -4.61070601e-08 
 1.90027064e-05  7.25953517e-01  7.25981268e-01  7.25878069e-01 -9.93676940e-05 -4.29231659e-08 -4.18650917e-08 
 1.90028101e-05  7.25936002e-01  7.26015103e-01  7.25881475e-01 -1.03561774e-04  4.24904142e-08 -3.52999015e-08 
 1.90028939e-05  7.25922984e-01  7.26041623e-01  7.25885122e-01 -1.06498385e-04  1.09650458e-07 -2.91420772e-08 
 1.90029808e-05  7.25911164e-01  7.26067170e-01  7.25889662e-01 -1.09076268e-04  1.66654290e-07 -2.21238644e-08 
 1.90030745e-05  7.25901283e-01  7.26091193e-01  7.25895302e-01 -1.11376771e-04  2.10253279e-07 -1.40158111e-08 
 1.90031657e-05  7.25895598e-01  7.26109443e-01  7.25901346e-01 -1.13172182e-04  2.41448456e-07 -5.81422475e-09 
 1.90032808e-05  7.25891931e-01  7.26123332e-01  7.25909393e-01 -1.14048447e-04  2.75763355e-07  4.59500849e-09 
 1.90033662e-05  7.25891247e-01  7.26125024e-01  7.25915385e-01 -1.12119718e-04  2.99543657e-07  1.19899499e-08 
 1.90034274e-05  7.25890854e-01  7.26119141e-01  7.25919508e-01 -1.07465638e-04  3.15018399e-07  1.67570361e-08 
 1.90034817e-05  7.25890470e-01  7.26106262e-01  7.25922878e-01 -1.00608701e-04  3.26317335e-07  2.02715122e-08 
 1.90035436e-05  7.25889583e-01  7.26081243e-01  7.25926168e-01 -9.04900078e-05  3.35513742e-07  2.31767931e-08 
 1.90036094e-05  7.25888375e-01  7.26043717e-01  7.25928769e-01 -7.84135443e-05  3.40282574e-07  2.48728291e-08 
 1.90036901e-05  7.25886462e-01  7.25987465e-01  7.25930373e-01 -6.37653144e-05  3.39168955e-07  2.50915282e-08 
 1.90038020e-05  7.25883522e-01  7.25904032e-01  7.25929457e-01 -4.68749412e-05  3.26566541e-07  2.27364746e-08 
 1.90038750e-05  7.25881561e-01  7.25852936e-01  7.25926948e-01 -3.89702071e-05  3.12942252e-07  2.00387716e-08 
 1.90039443e-05  7.25879769e-01  7.25810744e-01  7.25923352e-01 -3.35313735e-05  2.97299225e-07  1.70358410e-08 
 1.90040331e-05  7.25877552e-01  7.25767004e-01  7.25917391e-01 -2.87968243e-05  2.74827150e-07  1.29155861e-08 
 1.90041154e-05  7.25875580e-01  7.25736196e-01  7.25910849e-01 -2.61345900e-05  2.52461979e-07  9.03248986e-09 
 1.90042147e-05  7.25873281e-01  7.25709318e-01  7.25902112e-01 -2.42343191e-05  2.24586222e-07  4.44355237e-09 
 1.90043146e-05  7.25871009e-01  7.25690852e-01  7.25892774e-01 -2.32533965e-05  1.96256445e-07  1.21751175e-11 
 1.90044413e-05  7.25868190e-01  7.25675573e-01  7.25880623e-01 -2.26386877e-05  1.60767087e-07 -5.30555198e-09 
 1.90045808e-05  7.25865099e-01  7.25665122e-01  7.25867236e-01 -2.23945214e-05  1.22823292e-07 -1.07931066e-08 
 1.90047679e-05  7.25861009e-01  7.25656376e-01  7.25849723e-01 -2.22747790e-05  7.44499247e-08 -1.76220207e-08 
 1.90048839e-05  7.25858468e-01  7.25652599e-01  7.25839219e-01 -2.22712063e-05  4.59849199e-08 -2.15861021e-08 
 1.90050000e-05  7.25855959e-01  7.25649455e-01  7.25829034e-01 -2.22534004e-05  1.87349737e-08 -2.53634882e-08 
 1.90050014e-05  7.25857037e-01  7.25652330e-01  7.25828917e-01 -1.77060057e-05  1.87212001e-08 -2.53316826e-08 
 1.90050041e-05  7.25858897e-01  7.25657718e-01  7.25828685e-01 -1.74383755e-05  1.87131399e-08 -2.52695684e-08 
 1.90050096e-05  7.25860915e-01  7.25666913e-01  7.25828239e-01 -1.71500652e-05  1.87754142e-08 -2.51575026e-08 
 1.90050178e-05  7.25861665e-01  7.25677922e-01  7.25827613e-01 -1.70455925e-05  1.89053420e-08 -2.50168850e-08 
 1.90050294e-05  7.25861834e-01  7.25690826e-01  7.25826781e-01 -1.68515229e-05  1.90573728e-08 -2.48360725e-08 
 1.90050527e-05  7.25861864e-01  7.25712606e-01  7.25825288e-01 -1.66009647e-05  1.92827341e-08 -2.45019741e-08 
 1.90050991e-05  7.25861908e-01  7.25747448e-01  7.25822865e-01 -1.61924516e-05  1.95033677e-08 -2.39064947e-08 
 1.90051921e-05  7.25861911e-01  7.25793558e-01  7.25819629e-01 -1.58126749e-05  1.94201600e-08 -2.28919761e-08 
 1.90053780e-05  7.25861954e-01  7.25832809e-01  7.25816565e-01 -1.55790829e-05  1.84592635e-08 -2.11940480e-08 
 1.90056621e-05  7.25862025e-01  7.25843357e-01  7.25814976e-01 -1.55891891e-05  1.66245232e-08 -1.89508180e-08 
 1.90060331e-05  7.25862130e-01  7.25841899e-01  7.25813783e-01 -1.55716754e-05  1.44072399e-08 -1.63793525e-08 
 1.90066512e-05  7.25862260e-01  7.25838458e-01  7.25811606e-01 -1.55901944e-05  1.13169006e-08 -1.28363006e-08 
 1.90078872e-05  7.25862478e-01  7.25830960e-01  7.25806378e-01 -1.55731597e-05  6.93373893e-09 -7.82325030e-09 
 1.90103593e-05  7.25862705e-01  7.25814658e-01  7.25793238e-01 -1.55923127e-05  2.42620694e-09 -2.70959392e-09 
 1.90153035e-05  7.25862816e-01  7.25785674e-01  7.25764042e-01 -1.55752436e-05  2.68726480e-11 -4.82630146e-11 
 1.90251918e-05  7.25862629e-01  7.25768638e-01  7.25733260e-01 -1.55931838e-05 -2.25404446e-11 -3.78309471e-13 
 1.90398377e-05  7.25862470e-01  7.25835702e-01  7.25781899e-01 -1.55745075e-05  5.17852052e-11  1.64118370e-11 
 1.90599192e-05  7.25862604e-01  7.25980079e-01  7.25925534e-01 -1.55918468e-05  4.88201725e-11  4.42171596e-11 
 1.90963042e-05  7.25862957e-01  7.26090388e-01  7.26054599e-01 -1.55736436e-05  3.20410191e-12  1.50475563e-12 
 1.91377339e-05  7.25862956e-01  7.26032850e-01  7.26002344e-01 -1.55919198e-05 -1.96350846e-11 -8.49303554e-12 
 1.91688670e-05  7.25862862e-01  7.26000915e-01  7.25964845e-01 -1.55739969e-05 -2.41642643e-14 -2.98250026e-12 
 1.92000000e-05  7.25862843e-01  7.26010417e-01  7.25972638e-01 -1.55918913e-05  2.73949179e-12  5.59291497e-12 
 1.92000167e-05  7.25871458e-01  7.26026499e-01  7.25972754e-01 -1.38191928e-05  2.44640453e-09  8.95961004e-10 
 1.92000500e-05  7.25878399e-01  7.26052854e-01  7.25973160e-01 -1.25993220e-05  6.92567700e-09  2.53259921e-09 
 1.92001167e-05  7.25883273e-01  7.26088152e-01  7.25974766e-01 -1.13943721e-05  1.35869888e-08  5.41740063e-09 
 1.92001812e-05  7.25891169e-01  7.26109235e-01  7.25976997e-01 -1.06564625e-05  1.80985818e-08  7.96956104e-09 
 1.92003101e-05  7.25903037e-01  7.26124523e-01  7.25982205e-01 -1.02103293e-05  2.45664459e-08  1.26540495e-08 
 1.92005431e-05  7.25927391e-01  7.26114386e-01  7.25991196e-01 -9.96255196e-06  3.27861079e-08  2.03861781e-08 
 1.92008166e-05  7.25953964e-01  7.26082094e-01  7.25998533e-01 -1.00510852e-05  4.06057655e-08  2.85610210e-08 
 1.92012360e-05  7.25997873e-01  7.26024096e-01  7.26001360e-01 -1.01823171e-05  4.95669605e-08  3.94928403e-08 
 1.92014281e-05  7.26019386e-01  7.25994562e-01  7.25999264e-01 -1.07005716e-05  4.96101969e-08  4.38211071e-08 
 1.92016152e-05  7.26047776e-01  7.25963580e-01  7.25995189e-01 -1.19776661e-05  3.85156883e-08  4.74923451e-08 
 1.92017447e-05  7.26073534e-01  7.25939756e-01  7.25991157e-01 -1.40122398e-05  1.66401951e-08  4.95497875e-08 
 1.92018639e-05  7.26106309e-01  7.25915537e-01  7.25986508e-01 -1.69845189e-05 -2.31523213e-08  5.09080058e-08 
 1.92019898e-05  7.26149875e-01  7.25886711e-01  7.25980532e-01 -2.18578670e-05 -9.63344108e-08  5.15505395e-08 
 1.92021234e-05  7.26207671e-01  7.25852367e-01  7.25972865e-01 -2.86982312e-05 -2.21838693e-07  5.11024314e-08 
 1.92022728e-05  7.26280867e-01  7.25809063e-01  7.25962511e-01 -3.79194724e-05 -4.36671331e-07  4.89025072e-08 
 1.92024122e-05  7.26352677e-01  7.25763629e-01  7.25950984e-01 -4.64006508e-05 -7.23361443e-07  4.49479614e-08 
 1.92025365e-05  7.26413445e-01  7.25717574e-01  7.25939017e-01 -5.24630924e-05 -1.06440637e-06  3.95590592e-08 
 1.92026499e-05  7.26463224e-01  7.25669332e-01  7.25926516e-01 -5.54180189e-05 -1.46065364e-06  3.28081372e-08 
 1.92027757e-05  7.26508335e-01  7.25609095e-01  7.25910631e-01 -5.63508241e-05 -2.00678553e-06  2.30782805e-08 
 1.92029065e-05  7.26543240e-01  7.25544299e-01  7.25891754e-01 -5.67060921e-05 -2.68701589e-06  1.07466403e-08 
 1.92029944e-05  7.26559157e-01  7.25503288e-01  7.25877792e-01 -5.70013437e-05 -3.19809342e-06  1.48962602e-09 
 1.92030902e-05  7.26569527e-01  7.25462970e-01  7.25861585e-01 -5.71237379e-05 -3.79299374e-06 -9.20709817e-09 
 1.92031932e-05  7.26570636e-01  7.25425914e-01  7.25843279e-01 -5.71129939e-05 -4.46265516e-06 -2.11400927e-08 
 1.92032696e-05  7.26564467e-01  7.25403889e-01  7.25829302e-01 -5.67187839e-05 -4.96802987e-06 -3.00926608e-08 
 1.92033373e-05  7.26562133e-01  7.25389621e-01  7.25816761e-01 -5.61406437e-05 -5.41204127e-06 -3.79579742e-08 
 1.92033877e-05  7.26568428e-01  7.25383136e-01  7.25807452e-01 -5.53329221e-05 -5.73171126e-06 -4.36384950e-08 
 1.92034209e-05  7.26574923e-01  7.25381568e-01  7.25801368e-01 -5.45362889e-05 -5.93206406e-06 -4.72039925e-08 
 1.92034482e-05  7.26578011e-01  7.25382820e-01  7.25796424e-01 -5.35038692e-05 -6.08552626e-06 -4.99197237e-08 
 1.92034768e-05  7.26577327e-01  7.25388007e-01  7.25791340e-01 -5.20186390e-05 -6.22927390e-06 -5.24002788e-08 
 1.92035141e-05  7.26576016e-01  7.25402675e-01  7.25784922e-01 -4.93847755e-05 -6.38298542e-06 -5.48402538e-08 
 1.92035498e-05  7.26583579e-01  7.25425165e-01  7.25779152e-01 -4.63774168e-05 -6.48966599e-06 -5.61939138e-08 
 1.92036060e-05  7.26626612e-01  7.25472010e-01  7.25770997e-01 -4.11267153e-05 -6.58243550e-06 -5.65461298e-08 
 1.92036395e-05  7.26673148e-01  7.25503415e-01  7.25766750e-01 -3.79814241e-05 -6.59891844e-06 -5.58889711e-08 
 1.92036741e-05  7.26737000e-01  7.25535642e-01  7.25762846e-01 -3.48280460e-05 -6.59215508e-06 -5.47437123e-08 
 1.92037168e-05  7.26834067e-01  7.25572475e-01  7.25758694e-01 -3.12823982e-05 -6.55794179e-06 -5.29093085e-08 
 1.92037630e-05  7.26957909e-01  7.25606931e-01  7.25754940e-01 -2.78993346e-05 -6.49742779e-06 -5.06326102e-08 
 1.92038117e-05  7.27104516e-01  7.25636282e-01  7.25751669e-01 -2.48906583e-05 -6.41568851e-06 -4.81094542e-08 
 1.92038644e-05  7.27276916e-01  7.25660101e-01  7.25748754e-01 -2.22072274e-05 -6.31425281e-06 -4.53930271e-08 
 1.92039235e-05  7.27482581e-01  7.25678208e-01  7.25746042e-01 -1.98232904e-05 -6.19122969e-06 -4.24656694e-08 
 1.92039920e-05  7.27732923e-01  7.25690104e-01  7.25743389e-01 -1.77077082e-05 -6.04308304e-06 -3.92913791e-08 
 1.92040731e-05  7.28043862e-01  7.25695164e-01  7.25740611e-01 -1.58825671e-05 -5.86538289e-06 -3.58346055e-08 
 1.92041725e-05  7.28449272e-01  7.25692850e-01  7.25737378e-01 -1.43348586e-05 -5.64885006e-06 -3.19994502e-08 
 1.92042980e-05  7.29012023e-01  7.25682540e-01  7.25733169e-01 -1.31040103e-05 -5.38202543e-06 -2.77565452e-08 
 1.92044633e-05  7.29885286e-01  7.25663248e-01  7.25726991e-01 -1.22159934e-05 -5.04513448e-06 -2.32488820e-08 
 1.92046808e-05  7.31367251e-01  7.25634149e-01  7.25717437e-01 -1.17043750e-05 -4.62905743e-06 -1.94893271e-08 
 1.92048404e-05  7.32742750e-01  7.25611608e-01  7.25709342e-01 -1.15432581e-05 -4.34407128e-06 -1.84364572e-08 
 1.92050000e-05  7.34374543e-01  7.25588324e-01  7.25700331e-01 -1.14565279e-05 -4.07583697e-06 -1.87880719e-08 
 1.92050031e-05  7.34404748e-01  7.25584139e-01  7.25700141e-01 -1.24944586e-05 -4.07123535e-06 -1.89946303e-08 
 1.92050093e-05  7.34467207e-01  7.25576367e-01  7.25699754e-01 -1.29653303e-05 -4.06203523e-06 -1.93913079e-08 
 1.92050217e-05  7.34599441e-01  7.25563276e-01  7.25698930e-01 -1.32586175e-05 -4.04353961e-06 -2.01109742e-08 
 1.92050456e-05  7.34857430e-01  7.25542126e-01  7.25697197e-01 -1.37806535e-05 -4.00773185e-06 -2.13912224e-08 
 1.92050805e-05  7.35233985e-01  7.25515519e-01  7.25694357e-01 -1.43208859e-05 -3.95505580e-06 -2.31518652e-08 
 1.92051504e-05  7.35983824e-01  7.25475091e-01  7.25687870e-01 -1.49649975e-05 -3.85018845e-06 -2.63841875e-08 
 1.92052902e-05  7.37463576e-01  7.25428757e-01  7.25673066e-01 -1.54280401e-05 -3.64643339e-06 -3.22053282e-08 
 1.92054475e-05  7.39096550e-01  7.25405867e-01  7.25655249e-01 -1.54949925e-05 -3.42901459e-06 -3.81151812e-08 
 1.92057330e-05  7.41971376e-01  7.25387930e-01  7.25623411e-01 -1.54934004e-05 -3.06655045e-06 -4.75916113e-08 
 1.92060494e-05  7.45026639e-01  7.25380456e-01  7.25590624e-01 -1.54755545e-05 -2.70938804e-06 -5.63847649e-08 
 1.92066821e-05  7.50751938e-01  7.25383180e-01  7.25535566e-01 -1.54615498e-05 -2.11290866e-06 -6.95119384e-08 
 1.92078824e-05  7.60337634e-01  7.25450175e-01  7.25475491e-01 -1.54308567e-05 -1.30947395e-06 -8.23417488e-08 
 1.92102829e-05  7.75392660e-01  7.25818877e-01  7.25555131e-01 -1.54071679e-05 -4.71842235e-07 -8.20794378e-08 
 1.92131040e-05  7.87706598e-01  7.26635946e-01  7.26013935e-01 -1.53961161e-05 -1.34457810e-07 -6.44821289e-08 
 1.92163245e-05  7.96933906e-01  7.28041802e-01  7.27023608e-01 -1.54098007e-05 -2.78813377e-08 -4.34459094e-08 
 1.92196930e-05  8.03002714e-01  7.29994365e-01  7.28599949e-01 -1.54243275e-05 -2.43475599e-09 -2.69113667e-08 
 1.92237282e-05  8.07354389e-01  7.32869151e-01  7.31096760e-01 -1.54541974e-05  3.99320695e-09 -1.40949472e-08 
 1.92283001e-05  8.10052260e-01  7.36663263e-01  7.34567124e-01 -1.54775154e-05  5.47349326e-09 -5.67863637e-09 
 1.92339915e-05  8.11700464e-01  7.41907878e-01  7.39551466e-01 -1.55094838e-05  6.24077137e-09 -1.83532168e-10 
 1.92407940e-05  8.12515818e-01  7.48564256e-01  7.46061393e-01 -1.55278682e-05  6.76446568e-09  2.83323581e-09 
 1.92497891e-05  8.12873242e-01  7.57427523e-01  7.54927227e-01 -1.55481353e-05  6.92421847e-09  4.30567064e-09 
 1.92588972e-05  8.12964339e-01  7.65927902e-01  7.63594345e-01 -1.55506538e-05  6.58654727e-09  4.55434112e-09 
 1.92671941e-05  8.12990169e-01  7.72859361e-01  7.70783644e-01 -1.55581179e-05  5.92271575e-09  4.28340843e-09 
 1.92761117e-05  8.13004015e-01  7.79141947e-01  7.77419585e-01 -1.55577575e-05  4.95854370e-09  3.70298857e-09 
 1.92854672e-05  8.13013317e-01  7.84260550e-01  7.82949458e-01 -1.55681833e-05  3.78620308e-09  2.91263500e-09 
 1.92961636e-05  8.13021301e-01  7.88281452e-01  7.87422922e-01 -1.55735095e-05  2.47212602e-09  1.96751194e-09 
 1.93081386e-05  8.13026902e-01  7.90841253e-01  7.90384377e-01 -1.55900737e-05  1.26813216e-09  1.05842840e-09 
 1.93239811e-05  8.13030516e-01  7.92276150e-01  7.92109455e-01 -1.56005974e-05  3.69056848e-10  3.22232953e-10 
 1.93399242e-05  8.13030848e-01  7.92862446e-01  7.92749249e-01 -1.56151996e-05  1.60003541e-10  9.64837703e-11 
 1.93542855e-05  8.13030538e-01  7.93502391e-01  7.93333035e-01 -1.56156861e-05  3.06704452e-10  1.63716762e-10 
 1.93708047e-05  8.13030198e-01  7.94686770e-01  7.94441290e-01 -1.56216134e-05  5.23485233e-10  3.14487152e-10 
 1.93875069e-05  8.13030838e-01  7.96230414e-01  7.95945940e-01 -1.56168199e-05  6.53153440e-10  4.19603431e-10 
 1.94128065e-05  8.13032277e-01  7.98626378e-01  7.98355025e-01 -1.56198692e-05  6.29057957e-10  4.26702582e-10 
 1.94432329e-05  8.13034405e-01  8.01035231e-01  8.00821335e-01 -1.56152382e-05  4.76380922e-10  3.26718907e-10 
 1.94774322e-05  8.13035835e-01  8.03066274e-01  8.02896580e-01 -1.56202192e-05  3.45836351e-10  2.33603323e-10 
 1.95179071e-05  8.13037224e-01  8.04979982e-01  8.04830398e-01 -1.56164116e-05  2.94846764e-10  1.95704817e-10 
 1.95811887e-05  8.13038700e-01  8.07372136e-01  8.07249944e-01 -1.56208246e-05  2.18794872e-10  1.48976996e-10 
 1.96488967e-05  8.13040124e-01  8.09168120e-01  8.09074741e-01 -1.56166930e-05  1.44114140e-10  9.70990054e-11 
 1.97488967e-05  8.13041112e-01  8.10842886e-01  8.10770485e-01 -1.56212530e-05  8.30527602e-11  5.70920035e-11 
 1.98465868e-05  8.13041917e-01  8.11816562e-01  8.11757328e-01 -1.56169681e-05  5.21361259e-11  3.58032376e-11 
 1.99465868e-05  8.13042168e-01  8.12383120e-01  8.12332396e-01 -1.56213818e-05  2.44787643e-11  1.81461215e-11 
 2.00465868e-05  8.13042516e-01  8.12713758e-01  8.12666526e-01 -1.56170767e-05  1.95749510e-11  1.37874667e-11 
 2.01465868e-05  8.13042512e-01  8.12907619e-01  8.12863716e-01 -1.56214170e-05  6.23658547e-12  6.20203834e-12 
 2.02465868e-05  8.13042712e-01  8.13014798e-01  8.12971995e-01 -1.56171111e-05  7.48528518e-12  5.58363555e-12 
 2.03465868e-05  8.13042613e-01  8.13080886e-01  8.13039036e-01 -1.56214343e-05  7.53298032e-13  2.58103554e-12 
 2.04465868e-05  8.13042769e-01  8.13116694e-01  8.13075419e-01 -1.56171165e-05  3.35412622e-12  2.84626982e-12 
 2.05465868e-05  8.13042637e-01  8.13138073e-01  8.13096962e-01 -1.56214444e-05 -1.26453210e-12  1.19219364e-12 
 2.06465868e-05  8.13042777e-01  8.13150810e-01  8.13109961e-01 -1.56171161e-05  2.23442705e-12  2.13690280e-12 
 2.07465868e-05  8.13042636e-01  8.13157379e-01  8.13116586e-01 -1.56214484e-05 -2.14501182e-12  5.81656197e-13 
 2.08465868e-05  8.13042770e-01  8.13161901e-01  8.13121154e-01 -1.56171161e-05  1.97040106e-12  1.96802969e-12 
 2.09465868e-05  8.13042626e-01  8.13164048e-01  8.13123372e-01 -1.56214495e-05 -2.46442970e-12  3.71429016e-13 
 2.10465868e-05  8.13042757e-01  8.13165475e-01  8.13124769e-01 -1.56171161e-05  1.85784461e-12  1.88561189e-12 
 2.11232934e-05  8.13042614e-01  8.13166143e-01  8.13125490e-01 -1.56214504e-05 -2.52152270e-12  3.41236154e-13 
 2.12000000e-05  8.13042747e-01  8.13166507e-01  8.13125826e-01 -1.56171152e-05  1.78675933e-12  1.83252485e-12 
 2.12000739e-05  8.13021068e-01  8.13118794e-01  8.13124456e-01 -1.81067784e-05 -6.77207455e-09 -3.40159214e-09 
 2.12002218e-05  8.12998802e-01  8.13061644e-01  8.13120154e-01 -1.96258706e-05 -1.59050872e-08 -9.41574259e-09 
 2.12004604e-05  8.12972270e-01  8.13054007e-01  8.13110773e-01 -2.00963821e-05 -2.28530695e-08 -1.76020905e-08 
 2.12007138e-05  8.12944249e-01  8.13081239e-01  8.13102688e-01 -2.10148126e-05 -2.73460425e-08 -2.54258580e-08 
 2.12009983e-05  8.12922742e-01  8.13119965e-01  8.13098086e-01 -2.36740670e-05 -2.42697052e-08 -3.31162148e-08 
 2.12012734e-05  8.12912212e-01  8.13162819e-01  8.13098362e-01 -2.90258871e-05 -6.69980466e-09 -3.94204690e-08 
 2.12015291e-05  8.12917310e-01  8.13208658e-01  8.13102909e-01 -3.68209149e-05  2.95931099e-08 -4.41877832e-08 
 2.12017515e-05  8.12930867e-01  8.13252647e-01  8.13110326e-01 -4.60148304e-05  8.38164152e-08 -4.74088276e-08 
 2.12019244e-05  8.12948977e-01  8.13291076e-01  8.13118409e-01 -5.45830706e-05  1.47493264e-07 -4.91783514e-08 
 2.12020607e-05  8.12965276e-01  8.13323818e-01  8.13126280e-01 -6.21980247e-05  2.17359717e-07 -5.00059883e-08 
 2.12021736e-05  8.12981036e-01  8.13353959e-01  8.13133876e-01 -6.89198681e-05  2.94494060e-07 -5.01738294e-08 
 2.12022706e-05  8.12993666e-01  8.13382166e-01  8.13141246e-01 -7.49587713e-05  3.80651018e-07 -4.98266406e-08 
 2.12023558e-05  8.13004209e-01  8.13409843e-01  8.13148419e-01 -8.02806925e-05  4.77532151e-07 -4.90035426e-08 
 2.12024324e-05  8.13010911e-01  8.13437561e-01  8.13155493e-01 -8.50142196e-05  5.88016143e-07 -4.77152371e-08 
 2.12025051e-05  8.13014736e-01  8.13467479e-01  8.13162844e-01 -8.92861630e-05  7.20658261e-07 -4.58452862e-08 
 2.12025831e-05  8.13016199e-01  8.13503924e-01  8.13171511e-01 -9.35727288e-05  9.00458893e-07 -4.29790050e-08 
 2.12026661e-05  8.13018677e-01  8.13547227e-01  8.13181754e-01 -9.77521692e-05  1.13963221e-06 -3.88586675e-08 
 2.12027692e-05  8.13024424e-01  8.13604369e-01  8.13196034e-01 -1.02509856e-04  1.50463362e-06 -3.23174135e-08 
 2.12028588e-05  8.13029260e-01  8.13654762e-01  8.13209865e-01 -1.06201466e-04  1.87980369e-06 -2.55077164e-08 
 2.12029706e-05  8.13032539e-01  8.13715721e-01  8.13228873e-01 -1.10335632e-04  2.41445657e-06 -1.58276173e-08 
 2.12030745e-05  8.13035375e-01  8.13768210e-01  8.13248109e-01 -1.13724415e-04  2.96598481e-06 -5.93581558e-09 
 2.12031797e-05  8.13041504e-01  8.13815120e-01  8.13268831e-01 -1.16651848e-04  3.56176996e-06  4.60577642e-09 
 2.12032855e-05  8.13050853e-01  8.13854549e-01  8.13290610e-01 -1.18448350e-04  4.18242933e-06  1.53981875e-08 
 2.12033754e-05  8.13061028e-01  8.13880124e-01  8.13309541e-01 -1.18007211e-04  4.70996067e-06  2.43652828e-08 
 2.12034417e-05  8.13068691e-01  8.13891847e-01  8.13323565e-01 -1.14800494e-04  5.08476258e-06  3.05243064e-08 
 2.12034977e-05  8.13074629e-01  8.13894139e-01  8.13335291e-01 -1.09222592e-04  5.37806215e-06  3.50918480e-08 
 2.12035574e-05  8.13079628e-01  8.13886391e-01  8.13347428e-01 -1.00644715e-04  5.65236969e-06  3.89805022e-08 
 2.12036255e-05  8.13083506e-01  8.13864575e-01  8.13360525e-01 -8.87896848e-05  5.90488958e-06  4.19550112e-08 
 2.12037002e-05  8.13085312e-01  8.13827843e-01  8.13373626e-01 -7.48800949e-05  6.10053379e-06  4.33751801e-08 
 2.12037954e-05  8.13084271e-01  8.13770529e-01  8.13388009e-01 -5.84010540e-05  6.22973831e-06  4.26927590e-08 
 2.12038774e-05  8.13080900e-01  8.13719834e-01  8.13398219e-01 -4.68679331e-05  6.24667781e-06  4.03387293e-08 
 2.12039522e-05  8.13076372e-01  8.13678357e-01  8.13405891e-01 -3.88699642e-05  6.20278908e-06  3.72369854e-08 
 2.12040338e-05  8.13070322e-01  8.13641637e-01  8.13412747e-01 -3.25695917e-05  6.10836988e-06  3.32446023e-08 
 2.12041237e-05  8.13062767e-01  8.13612546e-01  8.13418880e-01 -2.79856651e-05  5.96684424e-06  2.84933596e-08 
 2.12042148e-05  8.13054509e-01  8.13594376e-01  8.13424032e-01 -2.51079854e-05  5.79912386e-06  2.35727594e-08 
 2.12043163e-05  8.13044894e-01  8.13585106e-01  8.13429006e-01 -2.32635420e-05  5.59823200e-06  1.81774429e-08 
 2.12044275e-05  8.13034096e-01  8.13584703e-01  8.13434018e-01 -2.21892525e-05  5.37248820e-06  1.24846036e-08 
 2.12045598e-05  8.13021053e-01  8.13592913e-01  8.13439902e-01 -2.16021685e-05  5.10603810e-06  6.06243041e-09 
 2.12047154e-05  8.13005627e-01  8.13609629e-01  8.13447190e-01 -2.13284586e-05  4.80334282e-06 -9.99866038e-10 
 2.12048577e-05  8.12991487e-01  8.13628563e-01  8.13454452e-01 -2.12533099e-05  4.53980561e-06 -7.02219071e-09 
 2.12050000e-05  8.12977364e-01  8.13649293e-01  8.13462410e-01 -2.12195800e-05  4.28967882e-06 -1.26663966e-08 
 2.12050016e-05  8.12979370e-01  8.13651553e-01  8.13462506e-01 -2.03027510e-05  4.28715804e-06 -1.26301698e-08 
 2.12050048e-05  8.12982616e-01  8.13655864e-01  8.13462700e-01 -1.98876330e-05  4.28213809e-06 -1.25622503e-08 
 2.12050113e-05  8.12985608e-01  8.13663613e-01  8.13463103e-01 -1.94858659e-05  4.27215141e-06 -1.24521236e-08 
 2.12050211e-05  8.12986535e-01  8.13673758e-01  8.13463748e-01 -1.91612961e-05  4.25696290e-06 -1.23260295e-08 
 2.12050378e-05  8.12986770e-01  8.13689027e-01  8.13464925e-01 -1.85816173e-05  4.23100009e-06 -1.21492848e-08 
 2.12050711e-05  8.12986894e-01  8.13715756e-01  8.13467534e-01 -1.77641802e-05  4.17894403e-06 -1.18748294e-08 
 2.12051379e-05  8.12987093e-01  8.13756916e-01  8.13473543e-01 -1.66661189e-05  4.07503426e-06 -1.15274414e-08 
 2.12052713e-05  8.12987253e-01  8.13805102e-01  8.13487415e-01 -1.58363934e-05  3.87133198e-06 -1.11988221e-08 
 2.12054892e-05  8.12987605e-01  8.13837880e-01  8.13511921e-01 -1.55640325e-05  3.55665254e-06 -1.09219371e-08 
 2.12057332e-05  8.12987918e-01  8.13854389e-01  8.13539235e-01 -1.55947944e-05  3.23331738e-06 -1.05969518e-08 
 2.12060999e-05  8.12988432e-01  8.13872985e-01  8.13578018e-01 -1.55598567e-05  2.80116671e-06 -1.00254341e-08 
 2.12066738e-05  8.12989090e-01  8.13896721e-01  8.13632821e-01 -1.55903271e-05  2.23661261e-06 -9.04626747e-09 
 2.12078215e-05  8.12990290e-01  8.13928989e-01  8.13722187e-01 -1.55575151e-05  1.41763402e-06 -7.05276429e-09 
 2.12101168e-05  8.12991935e-01  8.13943684e-01  8.13831340e-01 -1.55863514e-05  5.40145690e-07 -3.77800351e-09 
 2.12147076e-05  8.12993642e-01  8.13845123e-01  8.13852757e-01 -1.55530537e-05  2.94621513e-08 -6.03558623e-10 
 2.12210697e-05  8.12994059e-01  8.13583053e-01  8.13651899e-01 -1.55824935e-05 -3.41335382e-09 -2.42743001e-11 
 2.12288708e-05  8.12993622e-01  8.13254246e-01  8.13318035e-01 -1.55511852e-05  3.65033276e-10 -2.16764628e-10 
 2.12372129e-05  8.12992870e-01  8.12999891e-01  8.13028390e-01 -1.55823844e-05 -3.68498308e-10 -1.67904138e-10 
 2.12486081e-05  8.12992139e-01  8.12841804e-01  8.12822398e-01 -1.55518354e-05 -1.55313919e-11 -7.63265579e-11 
 2.12648003e-05  8.12991645e-01  8.12873707e-01  8.12814325e-01 -1.55824326e-05  1.49604057e-11  2.00494888e-11 
 2.12934949e-05  8.12991872e-01  8.13123128e-01  8.13058645e-01 -1.55506961e-05  9.13253633e-11  5.30629322e-11 
 2.13249949e-05  8.12992270e-01  8.13243538e-01  8.13203686e-01 -1.55813778e-05 -1.51996445e-11  6.43964363e-12 
 2.13624975e-05  8.12992313e-01  8.13171255e-01  8.13138483e-01 -1.55509291e-05 -1.16704465e-11 -1.54509446e-11 
 2.14000000e-05  8.12992131e-01  8.13120162e-01  8.13079489e-01 -1.55818553e-05 -9.82541761e-12 -8.05791089e-13 
 2.14000169e-05  8.12996914e-01  8.13145031e-01  8.13079656e-01 -1.04749457e-05  3.99232893e-09  8.42141980e-10 
 2.14000507e-05  8.12999890e-01  8.13183204e-01  8.13080244e-01 -9.88015562e-06  1.20181103e-08  2.42917341e-09 
 2.14001044e-05  8.12999843e-01  8.13223100e-01  8.13081992e-01 -9.55407895e-06  2.42798009e-08  4.76084222e-09 
 2.14001613e-05  8.13001903e-01  8.13255198e-01  8.13084614e-01 -9.20810247e-06  3.66668784e-08  7.11655558e-09 
 2.14002751e-05  8.13003726e-01  8.13292577e-01  8.13091229e-01 -9.05550208e-06  6.03009397e-08  1.15394448e-08 
 2.14005027e-05  8.13009159e-01  8.13320933e-01  8.13106456e-01 -8.89706664e-06  1.03974804e-07  1.96745622e-08 
 2.14008605e-05  8.13016393e-01  8.13326920e-01  8.13130071e-01 -8.97885160e-06  1.65047297e-07  3.09929037e-08 
 2.14013529e-05  8.13030048e-01  8.13325123e-01  8.13157916e-01 -9.40084808e-06  2.35910428e-07  4.40929095e-08 
 2.14014533e-05  8.13034223e-01  8.13323862e-01  8.13162876e-01 -9.77841242e-06  2.48524419e-07  4.64065562e-08 
 2.14016542e-05  8.13051062e-01  8.13319832e-01  8.13172015e-01 -1.15363379e-05  2.70976461e-07  5.04849280e-08 
 2.14018004e-05  8.13073481e-01  8.13314313e-01  8.13177945e-01 -1.44780677e-05  2.84232643e-07  5.28050616e-08 
 2.14019237e-05  8.13103678e-01  8.13307343e-01  8.13182386e-01 -1.84740453e-05  2.92322869e-07  5.41088270e-08 
 2.14020491e-05  8.13144977e-01  8.13297298e-01  8.13186263e-01 -2.43876051e-05  2.96706885e-07  5.45892540e-08 
 2.14021822e-05  8.13200452e-01  8.13283588e-01  8.13189558e-01 -3.22452086e-05  2.96122791e-07  5.39537271e-08 
 2.14023261e-05  8.13268589e-01  8.13264945e-01  8.13192022e-01 -4.17232656e-05  2.88395045e-07  5.16790670e-08 
 2.14024629e-05  8.13336522e-01  8.13242970e-01  8.13193156e-01 -4.98933763e-05  2.72995122e-07  4.76954545e-08 
 2.14025793e-05  8.13391956e-01  8.13219509e-01  8.13193039e-01 -5.47515330e-05  2.52556964e-07  4.26015524e-08 
 2.14026910e-05  8.13440725e-01  8.13191911e-01  8.13191815e-01 -5.67737058e-05  2.25475606e-07  3.59689572e-08 
 2.14028099e-05  8.13485479e-01  8.13159001e-01  8.13189167e-01 -5.76145225e-05  1.88467995e-07  2.70407952e-08 
 2.14029699e-05  8.13533193e-01  8.13118496e-01  8.13183517e-01 -5.84926482e-05  1.27000530e-07  1.26988141e-08 
 2.14030902e-05  8.13558260e-01  8.13096092e-01  8.13178024e-01 -5.89179216e-05  7.10899706e-08  7.46244628e-10 
 2.14031822e-05  8.13570447e-01  8.13085584e-01  8.13173406e-01 -5.88778741e-05  1.18268105e-08 -8.70781763e-09 
 2.14032478e-05  8.13575228e-01  8.13082696e-01  8.13170039e-01 -5.84896989e-05 -5.95141140e-08 -1.54390720e-08 
 2.14033078e-05  8.13575573e-01  8.13084266e-01  8.13167023e-01 -5.77412825e-05 -1.68808538e-07 -2.14199541e-08 
 2.14033505e-05  8.13568753e-01  8.13088420e-01  8.13164970e-01 -5.67733847e-05 -2.79374567e-07 -2.54771901e-08 
 2.14033792e-05  8.13556819e-01  8.13093152e-01  8.13163659e-01 -5.58784233e-05 -3.69450093e-07 -2.80316610e-08 
 2.14034027e-05  8.13539131e-01  8.13098795e-01  8.13162646e-01 -5.48770125e-05 -4.51424138e-07 -2.99392743e-08 
 2.14034271e-05  8.13511278e-01  8.13107171e-01  8.13161669e-01 -5.35520984e-05 -5.43001049e-07 -3.16511901e-08 
 2.14034595e-05  8.13462670e-01  8.13123418e-01  8.13160550e-01 -5.12716849e-05 -6.70711193e-07 -3.33218000e-08 
 2.14034895e-05  8.13411581e-01  8.13144168e-01  8.13159744e-01 -4.87428821e-05 -7.93415347e-07 -3.41775330e-08 
 2.14035342e-05  8.13336722e-01  8.13183043e-01  8.13159092e-01 -4.44705670e-05 -9.78364742e-07 -3.42401198e-08 
 2.14035628e-05  8.13293365e-01  8.13211313e-01  8.13159063e-01 -4.16156366e-05 -1.09692360e-06 -3.36127864e-08 
 2.14035934e-05  8.13252973e-01  8.13242546e-01  8.13159394e-01 -3.85600137e-05 -1.22319075e-06 -3.25052394e-08 
 2.14036287e-05  8.13213982e-01  8.13278023e-01  8.13160239e-01 -3.52106889e-05 -1.36761946e-06 -3.08266342e-08 
 2.14036685e-05  8.13179497e-01  8.13315519e-01  8.13161752e-01 -3.17254274e-05 -1.52846937e-06 -2.86087550e-08 
 2.14037073e-05  8.13153911e-01  8.13348366e-01  8.13163748e-01 -2.87138656e-05 -1.68329369e-06 -2.62745462e-08 
 2.14037501e-05  8.13133010e-01  8.13379684e-01  8.13166457e-01 -2.58235285e-05 -1.85165673e-06 -2.36449971e-08 
 2.14037949e-05  8.13117126e-01  8.13406975e-01  8.13169762e-01 -2.32800753e-05 -2.02507432e-06 -2.09282822e-08 
 2.14038468e-05  8.13104132e-01  8.13432345e-01  8.13174066e-01 -2.08442214e-05 -2.22300991e-06 -1.78842415e-08 
 2.14039041e-05  8.13094256e-01  8.13453773e-01  8.13179237e-01 -1.87095250e-05 -2.43700875e-06 -1.46944115e-08 
 2.14039731e-05  8.13086369e-01  8.13472675e-01  8.13185858e-01 -1.67157174e-05 -2.68927879e-06 -1.10706250e-08 
 2.14040533e-05  8.13080595e-01  8.13488045e-01  8.13193879e-01 -1.49972797e-05 -2.97617253e-06 -7.10126092e-09 
 2.14041552e-05  8.13076829e-01  8.13501200e-01  8.13204269e-01 -1.34552471e-05 -3.33297445e-06 -2.34457420e-09 
 2.14042820e-05  8.13076452e-01  8.13512075e-01  8.13217211e-01 -1.22236350e-05 -3.77495859e-06  3.26078751e-09 
 2.14044511e-05  8.13083666e-01  8.13522012e-01  8.13234166e-01 -1.13091741e-05 -4.40250478e-06  1.03561822e-08 
 2.14046621e-05  8.13106287e-01  8.13530858e-01  8.13254539e-01 -1.08114791e-05 -5.37293480e-06  1.87213016e-08 
 2.14048310e-05  8.13132734e-01  8.13536166e-01  8.13270120e-01 -1.06492790e-05 -6.40002095e-06  2.50549402e-08 
 2.14050000e-05  8.13161424e-01  8.13540386e-01  8.13284993e-01 -1.05797729e-05 -7.70018048e-06  3.10793336e-08 
 2.14050019e-05  8.13160111e-01  8.13536443e-01  8.13285156e-01 -1.51611849e-05 -7.71711439e-06  3.10401514e-08 
 2.14050058e-05  8.13157837e-01  8.13529185e-01  8.13285476e-01 -1.54308096e-05 -7.75109404e-06  3.09642516e-08 
 2.14050135e-05  8.13155480e-01  8.13517355e-01  8.13286085e-01 -1.55560330e-05 -7.81933351e-06  3.08334388e-08 
 2.14050290e-05  8.13154026e-01  8.13499244e-01  8.13287205e-01 -1.55571954e-05 -7.95521412e-06  3.06215040e-08 
 2.14050549e-05  8.13152487e-01  8.13475204e-01  8.13288850e-01 -1.56354543e-05 -8.18038016e-06  3.03151099e-08 
 2.14051068e-05  8.13150543e-01  8.13437436e-01  8.13291454e-01 -1.56350272e-05 -8.62090059e-06  2.98085660e-08 
 2.14052106e-05  8.13148516e-01  8.13389850e-01  8.13294770e-01 -1.56733672e-05 -9.46443316e-06  2.90384342e-08 
 2.14053242e-05  8.13147283e-01  8.13365159e-01  8.13296638e-01 -1.56254051e-05 -1.03331097e-05  2.84149775e-08 
 2.14055085e-05  8.13145455e-01  8.13350781e-01  8.13298108e-01 -1.56469148e-05 -1.16306443e-05  2.77004615e-08 
 2.14057837e-05  8.13143069e-01  8.13348612e-01  8.13299248e-01 -1.56054267e-05 -1.33313314e-05  2.71583552e-08 
 2.14063341e-05  8.13138973e-01  8.13353977e-01  8.13301505e-01 -1.56275560e-05 -1.60171904e-05  2.73814011e-08 
 2.14074348e-05  8.13133166e-01  8.13365212e-01  8.13307793e-01 -1.55795776e-05 -1.92832313e-05  3.05624556e-08 
 2.14096364e-05  8.13126852e-01  8.13386029e-01  8.13324400e-01 -1.55989424e-05 -2.11080280e-05  3.84384200e-08 
 2.14117609e-05  8.13124313e-01  8.13403931e-01  8.13342240e-01 -1.55629963e-05 -2.00937232e-05  4.26314985e-08 
 2.14148812e-05  8.13122532e-01  8.13424647e-01  8.13366357e-01 -1.55966856e-05 -1.75879749e-05  4.21399256e-08 
 2.14184982e-05  8.13121629e-01  8.13439345e-01  8.13387320e-01 -1.55667622e-05 -1.47116289e-05  3.71136555e-08 
 2.14256223e-05  8.13120843e-01  8.13439051e-01  8.13400492e-01 -1.56060344e-05 -1.03302718e-05  2.64561366e-08 
 2.14342178e-05  8.13120665e-01  8.13397816e-01  8.13371753e-01 -1.55800600e-05 -6.83762192e-06  1.72791599e-08 
 2.14447063e-05  8.13120678e-01  8.13316484e-01  8.13296898e-01 -1.56197664e-05 -4.19121413e-06  1.05356634e-08 
 2.14559034e-05  8.13120750e-01  8.13227850e-01  8.13206485e-01 -1.55922793e-05 -2.51513391e-06  6.27812763e-09 
 2.14699222e-05  8.13120733e-01  8.13150495e-01  8.13121025e-01 -1.56296389e-05 -1.33199417e-06  3.31324624e-09 
 2.14860449e-05  8.13120738e-01  8.13118872e-01  8.13079813e-01 -1.55997208e-05 -6.41937891e-07  1.59921671e-09 
 2.15069103e-05  8.13120746e-01  8.13137565e-01  8.13092319e-01 -1.56343937e-05 -2.43918308e-07  6.18355081e-10 
 2.15323285e-05  8.13120855e-01  8.13181169e-01  8.13136428e-01 -1.56023488e-05 -7.17277328e-08  1.88999153e-10 
 2.15675116e-05  8.13120921e-01  8.13208287e-01  8.13167323e-01 -1.56355783e-05 -1.00747664e-08  2.76580606e-11 
 2.16160379e-05  8.13120947e-01  8.13207281e-01  8.13166966e-01 -1.56028584e-05  2.01181829e-10 -5.94947160e-13 
 2.16963158e-05  8.13120918e-01  8.13218571e-01  8.13176948e-01 -1.56357038e-05 -5.97415574e-11  3.10607638e-12 
 2.17963158e-05  8.13120963e-01  8.13234481e-01  8.13193936e-01 -1.56028365e-05  2.55190211e-11  8.67189404e-13 
 2.18963158e-05  8.13120936e-01  8.13235428e-01  8.13194620e-01 -1.56357105e-05 -1.48041282e-11  1.24678870e-12 
 2.19963158e-05  8.13120958e-01  8.13241818e-01  8.13200989e-01 -1.56028410e-05  6.44284409e-12  1.49166009e-12 
 2.20963158e-05  8.13120939e-01  8.13242830e-01  8.13202275e-01 -1.56357042e-05 -6.53824217e-12  8.25849100e-13 
 2.21963158e-05  8.13120953e-01  8.13243646e-01  8.13202852e-01 -1.56028475e-05  1.69883183e-12  1.34608763e-12 
 2.22963158e-05  8.13120933e-01  8.13245147e-01  8.13204536e-01 -1.56357004e-05 -3.84558401e-12  9.95020852e-13 
 2.23963158e-05  8.13120949e-01  8.13244727e-01  8.13204042e-01 -1.56028493e-05 -2.20402906e-13  1.11559503e-12 
 2.24963158e-05  8.13120926e-01  8.13245447e-01  8.13204775e-01 -1.56357003e-05 -2.51157298e-12  1.10773473e-12 
 2.25963158e-05  8.13120943e-01  8.13245389e-01  8.13204742e-01 -1.56028490e-05 -1.34547126e-12  1.06403699e-12 
 2.26963158e-05  8.13120919e-01  8.13245421e-01  8.13204747e-01 -1.56357006e-05 -1.53705759e-12  1.08775071e-12 
 2.27963158e-05  8.13120936e-01  8.13245596e-01  8.13204940e-01 -1.56028490e-05 -2.27934663e-12  1.10147639e-12 
 2.28963158e-05  8.13120912e-01  8.13245478e-01  8.13204820e-01 -1.56357003e-05 -6.51292822e-13  1.04558376e-12 
 2.29963158e-05  8.13120929e-01  8.13245585e-01  8.13204918e-01 -1.56028495e-05 -3.12722374e-12  1.12886691e-12 
 2.30963158e-05  8.13120905e-01  8.13245544e-01  8.13204892e-01 -1.56356996e-05  1.39045893e-13  1.03097739e-12 
 2.31963158e-05  8.13120922e-01  8.13245554e-01  8.13204886e-01 -1.56028502e-05 -3.85683781e-12  1.13202042e-12 
 2.32963158e-05  8.13120898e-01  8.13245563e-01  8.13204910e-01 -1.56356990e-05  8.02723990e-13  1.03266180e-12 
 2.33481579e-05  8.13120917e-01  8.13245553e-01  8.13204888e-01 -1.56028511e-05 -4.75808932e-12  1.12851736e-12 
 2.34000000e-05  8.13120895e-01  8.13245549e-01  8.13204893e-01 -1.56356979e-05  1.78873756e-12  1.03342432e-12 
 2.34000337e-05  8.13113122e-01  8.13204100e-01  8.13204341e-01 -2.05715974e-05 -9.67226685e-09 -1.60781396e-09 
 2.34001012e-05  8.13107593e-01  8.13144645e-01  8.13202461e-01 -2.07661558e-05 -2.88653159e-08 -4.60345627e-09 
 2.34002361e-05  8.13104838e-01  8.13083316e-01  8.13195675e-01 -2.07819855e-05 -6.38807553e-08 -1.00089241e-08 
 2.34003853e-05  8.13101115e-01  8.13053874e-01  8.13185951e-01 -2.09902788e-05 -9.90850806e-08 -1.55422392e-08 
 2.34005401e-05  8.13099546e-01  8.13045043e-01  8.13175315e-01 -2.12408184e-05 -1.32647325e-07 -2.08824398e-08 
 2.34008496e-05  8.13097692e-01  8.13039209e-01  8.13155048e-01 -2.30038756e-05 -1.90092074e-07 -3.05180481e-08 
 2.34011149e-05  8.13104537e-01  8.13042961e-01  8.13139465e-01 -2.65289817e-05 -2.28896131e-07 -3.76275077e-08 
 2.34013487e-05  8.13117407e-01  8.13047461e-01  8.13127415e-01 -3.20071450e-05 -2.54500846e-07 -4.30066473e-08 
 2.34015748e-05  8.13138903e-01  8.13056068e-01  8.13117350e-01 -3.94697464e-05 -2.71313303e-07 -4.73705329e-08 
 2.34017638e-05  8.13161229e-01  8.13064518e-01  8.13110230e-01 -4.75239756e-05 -2.78327668e-07 -5.03418710e-08 
 2.34019137e-05  8.13182414e-01  8.13074073e-01  8.13105481e-01 -5.49111629e-05 -2.78348545e-07 -5.21648155e-08 
 2.34020367e-05  8.13199748e-01  8.13082865e-01  8.13102233e-01 -6.16867354e-05 -2.73461593e-07 -5.32378869e-08 
 2.34021410e-05  8.13214553e-01  8.13092435e-01  8.13099975e-01 -6.77587374e-05 -2.64847352e-07 -5.37551261e-08 
 2.34022316e-05  8.13225279e-01  8.13101962e-01  8.13098429e-01 -7.32918822e-05 -2.52819548e-07 -5.38332385e-08 
 2.34023113e-05  8.13232645e-01  8.13112278e-01  8.13097426e-01 -7.81866700e-05 -2.37683466e-07 -5.35195427e-08 
 2.34023824e-05  8.13235546e-01  8.13123132e-01  8.13096855e-01 -8.25562793e-05 -2.19349236e-07 -5.28484496e-08 
 2.34024474e-05  8.13234308e-01  8.13135195e-01  8.13096640e-01 -8.63958831e-05 -1.97409422e-07 -5.18059901e-08 
 2.34025109e-05  8.13228253e-01  8.13149295e-01  8.13096764e-01 -8.99606000e-05 -1.69974773e-07 -5.02900833e-08 
 2.34025839e-05  8.13216837e-01  8.13168746e-01  8.13097386e-01 -9.37137450e-05 -1.29910614e-07 -4.78193041e-08 
 2.34026542e-05  8.13203917e-01  8.13190144e-01  8.13098534e-01 -9.70438592e-05 -8.27047364e-08 -4.46729768e-08 
 2.34027522e-05  8.13186485e-01  8.13221959e-01  8.13101104e-01 -1.01264306e-04 -5.90262834e-09 -3.91356569e-08 
 2.34028324e-05  8.13173248e-01  8.13248084e-01  8.13104048e-01 -1.04359104e-04  6.09850151e-08 -3.37369154e-08 
 2.34029111e-05  8.13161479e-01  8.13272669e-01  8.13107633e-01 -1.07026074e-04  1.22109253e-07 -2.78083397e-08 
 2.34030109e-05  8.13148445e-01  8.13301197e-01  8.13113062e-01 -1.09847801e-04  1.82490466e-07 -1.95760445e-08 
 2.34031045e-05  8.13139970e-01  8.13323696e-01  8.13118898e-01 -1.12010095e-04  2.21243099e-07 -1.13461394e-08 
 2.34031943e-05  8.13135263e-01  8.13339848e-01  8.13124974e-01 -1.13564354e-04  2.50237261e-07 -3.22082119e-09 
 2.34033044e-05  8.13132563e-01  8.13350652e-01  8.13132712e-01 -1.13844497e-04  2.82449468e-07  6.68167408e-09 
 2.34033842e-05  8.13132057e-01  8.13350092e-01  8.13138273e-01 -1.11082599e-04  3.04269902e-07  1.34507562e-08 
 2.34034429e-05  8.13131703e-01  8.13342416e-01  8.13142153e-01 -1.05743682e-04  3.18455080e-07  1.78286350e-08 
 2.34034980e-05  8.13131202e-01  8.13326948e-01  8.13145468e-01 -9.81147372e-05  3.29120371e-07  2.11499370e-08 
 2.34035658e-05  8.13130146e-01  8.13296086e-01  8.13148820e-01 -8.64899266e-05  3.37659017e-07  2.39010122e-08 
 2.34036316e-05  8.13128829e-01  8.13255538e-01  8.13151065e-01 -7.42740841e-05  3.40680066e-07  2.51172708e-08 
 2.34037218e-05  8.13126593e-01  8.13190349e-01  8.13152171e-01 -5.84573386e-05  3.36733941e-07  2.46872109e-08 
 2.34038154e-05  8.13124112e-01  8.13120618e-01  8.13150799e-01 -4.52818201e-05  3.24237339e-07  2.22663937e-08 
 2.34038883e-05  8.13122160e-01  8.13070793e-01  8.13148046e-01 -3.77962319e-05  3.10030286e-07  1.94703271e-08 
 2.34039622e-05  8.13120272e-01  8.13027567e-01  8.13143984e-01 -3.23937819e-05  2.92912390e-07  1.62137455e-08 
 2.34040489e-05  8.13118116e-01  8.12986895e-01  8.13137933e-01 -2.81803192e-05  2.70564611e-07  1.21609984e-08 
 2.34041343e-05  8.13116093e-01  8.12956730e-01  8.13130990e-01 -2.56667941e-05  2.47156358e-07  8.13998424e-09 
 2.34042330e-05  8.13113806e-01  8.12931751e-01  8.13122184e-01 -2.39922303e-05  2.19336536e-07  3.60763038e-09 
 2.34043377e-05  8.13111447e-01  8.12913821e-01  8.13112338e-01 -2.30826370e-05  1.89682709e-07 -9.89928712e-10 
 2.34044661e-05  8.13108581e-01  8.12899619e-01  8.13100008e-01 -2.25612506e-05  1.53878598e-07 -6.31421455e-09 
 2.34046134e-05  8.13105337e-01  8.12889517e-01  8.13085922e-01 -2.23430065e-05  1.14140341e-07 -1.20303949e-08 
 2.34048069e-05  8.13101095e-01  8.12881208e-01  8.13067950e-01 -2.22547740e-05  6.47167500e-08 -1.89819331e-08 
 2.34050000e-05  8.13096898e-01  8.12875602e-01  8.13050830e-01 -2.22432158e-05  1.86941722e-08 -2.53711730e-08 
 2.34050020e-05  8.13098378e-01  8.12879690e-01  8.13050659e-01 -1.76337440e-05  1.86810369e-08 -2.53252286e-08 
 2.34050060e-05  8.13100699e-01  8.12887200e-01  8.13050325e-01 -1.72963975e-05  1.86897306e-08 -2.52371723e-08 
 2.34050141e-05  8.13102497e-01  8.12899369e-01  8.13049689e-01 -1.70454842e-05  1.88068187e-08 -2.50853782e-08 
 2.34050240e-05  8.13102717e-01  8.12911228e-01  8.13048957e-01 -1.69386780e-05  1.89536269e-08 -2.49264179e-08 
 2.34050414e-05  8.13102814e-01  8.12928674e-01  8.13047781e-01 -1.66811261e-05  1.91457347e-08 -2.46674724e-08 
 2.34050762e-05  8.13102818e-01  8.12957605e-01  8.13045773e-01 -1.63693373e-05  1.93878819e-08 -2.41976387e-08 
 2.34051378e-05  8.13102868e-01  8.12995944e-01  8.13043105e-01 -1.59618594e-05  1.94886049e-08 -2.34704824e-08 
 2.34052609e-05  8.13102854e-01  8.13039818e-01  8.13039939e-01 -1.56738638e-05  1.90884884e-08 -2.22367336e-08 
 2.34055071e-05  8.13102943e-01  8.13067495e-01  8.13037411e-01 -1.55406522e-05  1.75940725e-08 -2.01429865e-08 
 2.34058122e-05  8.13103001e-01  8.13069189e-01  8.13036293e-01 -1.55801420e-05  1.56606783e-08 -1.78713379e-08 
 2.34062918e-05  8.13103145e-01  8.13066683e-01  8.13034716e-01 -1.55494376e-05  1.29987612e-08 -1.47967444e-08 
 2.34071046e-05  8.13103283e-01  8.13062021e-01  8.13031635e-01 -1.55793798e-05  9.45133905e-09 -1.07260868e-08 
 2.34087301e-05  8.13103538e-01  8.13051726e-01  8.13024072e-01 -1.55518062e-05  4.91263054e-09 -5.53482888e-09 
 2.34119813e-05  8.13103717e-01  8.13030440e-01  8.13005443e-01 -1.55813384e-05  1.09513549e-09 -1.22308707e-09 
 2.34184836e-05  8.13103739e-01  8.12999758e-01  8.12970401e-01 -1.55536299e-05 -1.51481765e-10  1.35052077e-10 
 2.34314882e-05  8.13103467e-01  8.13011989e-01  8.12962924e-01 -1.55814208e-05  7.10972067e-11 -6.62028026e-11 
 2.34468561e-05  8.13103450e-01  8.13112513e-01  8.13051469e-01 -1.55525222e-05  2.84678451e-11  6.88951714e-11 
 2.34732064e-05  8.13103697e-01  8.13271891e-01  8.13219699e-01 -1.55801617e-05  5.32307635e-11  7.23961272e-12 
 2.35172841e-05  8.13103973e-01  8.13301465e-01  8.13266969e-01 -1.55520764e-05 -3.16569284e-11  8.48081501e-12 
 2.35582882e-05  8.13103831e-01  8.13232412e-01  8.13194429e-01 -1.55804906e-05  2.37869251e-12 -1.98470807e-11 
 2.36000000e-05  8.13103798e-01  8.13231122e-01  8.13188496e-01 -1.55522458e-05 -3.56278418e-12  1.54051924e-11 
 2.36000222e-05  8.13113441e-01  8.13251446e-01  8.13188693e-01 -1.36111970e-05  3.16634517e-09  1.17521384e-09 
 2.36000667e-05  8.13121019e-01  8.13283842e-01  8.13189368e-01 -1.21943293e-05  8.78071339e-09  3.29550561e-09 
 2.36001557e-05  8.13128123e-01  8.13322846e-01  8.13191932e-01 -1.09148915e-05  1.65186447e-08  6.99185908e-09 
 2.36002404e-05  8.13138133e-01  8.13340498e-01  8.13195233e-01 -1.03167790e-05  2.13659840e-08  1.01851916e-08 
 2.36004098e-05  8.13153916e-01  8.13344328e-01  8.13202214e-01 -1.00688168e-05  2.83748779e-08  1.60609090e-08 
 2.36006477e-05  8.13178905e-01  8.13324016e-01  8.13210507e-01 -9.95356432e-06  3.58774265e-08  2.36243033e-08 
 2.36009946e-05  8.13212805e-01  8.13279566e-01  8.13217076e-01 -1.00591497e-05  4.51233036e-08  3.34391469e-08 
 2.36014897e-05  8.13269356e-01  8.13206630e-01  8.13214439e-01 -1.10945237e-05  4.57242093e-08  4.50921110e-08 
 2.36016386e-05  8.13292100e-01  8.13181433e-01  8.13210907e-01 -1.23459485e-05  3.53704006e-08  4.79219375e-08 
 2.36017816e-05  8.13324201e-01  8.13154646e-01  8.13206261e-01 -1.47637670e-05  6.62861686e-09  5.00643309e-08 
 2.36019071e-05  8.13360557e-01  8.13127897e-01  8.13201086e-01 -1.85045015e-05 -4.40119383e-08  5.12545229e-08 
 2.36020339e-05  8.13409063e-01  8.13097800e-01  8.13194713e-01 -2.38853258e-05 -1.31367974e-07  5.15751514e-08 
 2.36021686e-05  8.13469615e-01  8.13061595e-01  8.13186542e-01 -3.14015099e-05 -2.77411412e-07  5.06648570e-08 
 2.36023162e-05  8.13544308e-01  8.13017333e-01  8.13175779e-01 -4.06003156e-05 -5.15712009e-07  4.79129218e-08 
 2.36024566e-05  8.13615495e-01  8.12969636e-01  8.13163598e-01 -4.88320467e-05 -8.34683653e-07  4.32649204e-08 
 2.36025778e-05  8.13673303e-01  8.12922577e-01  8.13151381e-01 -5.38187673e-05 -1.19821273e-06  3.73416869e-08 
 2.36026928e-05  8.13720339e-01  8.12871258e-01  8.13138113e-01 -5.59100499e-05 -1.63372915e-06  2.97738884e-08 
 2.36028164e-05  8.13761239e-01  8.12810625e-01  8.13121811e-01 -5.64310563e-05 -2.20665814e-06  1.94770379e-08 
 2.36029703e-05  8.13795800e-01  8.12736214e-01  8.13098574e-01 -5.69040792e-05 -3.05269545e-06  4.13746168e-09 
 2.36030788e-05  8.13809051e-01  8.12689406e-01  8.13080467e-01 -5.71026291e-05 -3.71844024e-06 -7.85584019e-09 
 2.36031790e-05  8.13810660e-01  8.12652405e-01  8.13062773e-01 -5.71085348e-05 -4.36733363e-06 -1.94336824e-08 
 2.36032580e-05  8.13802245e-01  8.12628649e-01  8.13048363e-01 -5.67630743e-05 -4.89031767e-06 -2.86928669e-08 
 2.36033246e-05  8.13788871e-01  8.12613678e-01  8.13036071e-01 -5.61564848e-05 -5.32776935e-06 -3.64040936e-08 
 2.36033807e-05  8.13774405e-01  8.12605731e-01  8.13025717e-01 -5.51654104e-05 -5.68526033e-06 -4.26794685e-08 
 2.36034173e-05  8.13760328e-01  8.12603686e-01  8.13019002e-01 -5.41681887e-05 -5.90738146e-06 -4.65520579e-08 
 2.36034460e-05  8.13743128e-01  8.12604775e-01  8.13013803e-01 -5.30880894e-05 -6.06944143e-06 -4.93366281e-08 
 2.36034746e-05  8.13718568e-01  8.12609625e-01  8.13008706e-01 -5.16330413e-05 -6.21449065e-06 -5.17416292e-08 
 2.36035132e-05  8.13679657e-01  8.12624175e-01  8.13002091e-01 -4.90621389e-05 -6.37434123e-06 -5.41247783e-08 
 2.36035481e-05  8.13647880e-01  8.12645631e-01  8.12996436e-01 -4.62336084e-05 -6.48044622e-06 -5.53149471e-08 
 2.36036035e-05  8.13618868e-01  8.12690915e-01  8.12988353e-01 -4.12204383e-05 -6.57603354e-06 -5.54382725e-08 
 2.36036345e-05  8.13617387e-01  8.12719729e-01  8.12984358e-01 -3.83335400e-05 -6.59455432e-06 -5.46983738e-08 
 2.36036707e-05  8.13629222e-01  8.12753194e-01  8.12980215e-01 -3.50784606e-05 -6.59108328e-06 -5.33297379e-08 
 2.36037191e-05  8.13664512e-01  8.12794718e-01  8.12975477e-01 -3.10788198e-05 -6.55380185e-06 -5.09381490e-08 
 2.36037628e-05  8.13712494e-01  8.12827096e-01  8.12971925e-01 -2.79135678e-05 -6.49657361e-06 -4.84668519e-08 
 2.36038138e-05  8.13782682e-01  8.12857698e-01  8.12968484e-01 -2.47697540e-05 -6.41107627e-06 -4.54441130e-08 
 2.36038639e-05  8.13862342e-01  8.12880240e-01  8.12965702e-01 -2.22365744e-05 -6.31469157e-06 -4.24816003e-08 
 2.36039258e-05  8.13970243e-01  8.12899133e-01  8.12962851e-01 -1.97470314e-05 -6.18628864e-06 -3.89471564e-08 
 2.36039918e-05  8.14093119e-01  8.12910558e-01  8.12960282e-01 -1.77235142e-05 -6.04369569e-06 -3.53736472e-08 
 2.36040757e-05  8.14256793e-01  8.12915847e-01  8.12957386e-01 -1.58364066e-05 -5.85993584e-06 -3.11159104e-08 
 2.36041720e-05  8.14452460e-01  8.12913611e-01  8.12954238e-01 -1.43498085e-05 -5.65031459e-06 -2.65676999e-08 
 2.36043009e-05  8.14728143e-01  8.12902978e-01  8.12949884e-01 -1.30889171e-05 -5.37630413e-06 -2.09386867e-08 
 2.36044617e-05  8.15107416e-01  8.12883805e-01  8.12943831e-01 -1.22396243e-05 -5.04850337e-06 -1.45816187e-08 
 2.36046840e-05  8.15756549e-01  8.12853115e-01  8.12933952e-01 -1.17266709e-05 -4.62342061e-06 -7.13151076e-09 
 2.36048420e-05  8.16345685e-01  8.12829992e-01  8.12925802e-01 -1.15817170e-05 -4.34163369e-06 -2.91569492e-09 
 2.36050000e-05  8.17065923e-01  8.12806233e-01  8.12916716e-01 -1.15023664e-05 -4.07626844e-06  3.42000829e-10 
 2.36050031e-05  8.17077395e-01  8.12802036e-01  8.12916523e-01 -1.25405881e-05 -4.07166685e-06  2.09874617e-10 
 2.36050093e-05  8.17102401e-01  8.12794241e-01  8.12916129e-01 -1.30117618e-05 -4.06246612e-06 -3.81406009e-11 
 2.36050217e-05  8.17159851e-01  8.12781108e-01  8.12915290e-01 -1.33055828e-05 -4.04396882e-06 -4.61937935e-10 
 2.36050456e-05  8.17274511e-01  8.12759903e-01  8.12913530e-01 -1.38287569e-05 -4.00818342e-06 -1.17920748e-09 
 2.36050805e-05  8.17441792e-01  8.12733275e-01  8.12910654e-01 -1.43691102e-05 -3.95560725e-06 -2.12817002e-09 
 2.36051502e-05  8.17776255e-01  8.12692872e-01  8.12904098e-01 -1.50151537e-05 -3.85093863e-06 -3.78664126e-09 
 2.36052897e-05  8.18437953e-01  8.12646695e-01  8.12889170e-01 -1.54814510e-05 -3.64755362e-06 -6.65004570e-09 
 2.36054473e-05  8.19172391e-01  8.12623822e-01  8.12871172e-01 -1.55526257e-05 -3.42983415e-06 -9.52800215e-09 
 2.36057325e-05  8.20465220e-01  8.12605023e-01  8.12839076e-01 -1.55562778e-05 -3.06788394e-06 -1.42002037e-08 
 2.36060489e-05  8.21847051e-01  8.12594610e-01  8.12805759e-01 -1.55444941e-05 -2.71067032e-06 -1.86482178e-08 
 2.36066817e-05  8.24453001e-01  8.12585003e-01  8.12748106e-01 -1.55396929e-05 -2.11412638e-06 -2.55824578e-08 
 2.36078810e-05  8.28867956e-01  8.12605036e-01  8.12673152e-01 -1.55226792e-05 -1.31131380e-06 -3.32613647e-08 
 2.36102796e-05  8.35981370e-01  8.12787307e-01  8.12661731e-01 -1.55116610e-05 -4.73908919e-07 -3.62150688e-08 
 2.36141184e-05  8.43818450e-01  8.13444917e-01  8.13021113e-01 -1.55020590e-05 -6.64275062e-08 -2.79096815e-08 
 2.36185146e-05  8.49214651e-01  8.14696327e-01  8.13965127e-01 -1.55125287e-05 -3.07462804e-09 -1.65804887e-08 
 2.36234951e-05  8.52638546e-01  8.16653920e-01  8.15631116e-01 -1.55212993e-05  2.66908791e-09 -8.09109026e-09 
 2.36291994e-05  8.54664157e-01  8.19423540e-01  8.18153616e-01 -1.55398515e-05  3.35009444e-09 -2.74168578e-09 
 2.36363057e-05  8.55815710e-01  8.23338520e-01  8.21894417e-01 -1.55502527e-05  3.84875552e-09  5.05527909e-10 
 2.36451962e-05  8.56349932e-01  8.28429678e-01  8.26948761e-01 -1.55654667e-05  4.02942251e-09  2.10098354e-09 
 2.36553611e-05  8.56528408e-01  8.33856793e-01  8.32516188e-01 -1.55683882e-05  3.72730114e-09  2.48311079e-09 
 2.36650314e-05  8.56573792e-01  8.38156671e-01  8.37062929e-01 -1.55766243e-05  3.07268118e-09  2.22467051e-09 
 2.36755627e-05  8.56590621e-01  8.41606435e-01  8.40828489e-01 -1.55776364e-05  2.19462430e-09  1.67864802e-09 
 2.36860917e-05  8.56597380e-01  8.43786052e-01  8.43304150e-01 -1.55876551e-05  1.33301723e-09  1.07631801e-09 
 2.36990794e-05  8.56601518e-01  8.45110427e-01  8.44895343e-01 -1.55917891e-05  5.39960091e-10  4.75436138e-10 
 2.37150643e-05  8.56602941e-01  8.45584123e-01  8.45519464e-01 -1.56044400e-05  5.88436064e-11  7.29309574e-11 
 2.37324421e-05  8.56602866e-01  8.45734270e-01  8.45670821e-01 -1.56064125e-05  2.86479271e-11 -3.70575803e-13 
 2.37496276e-05  8.56602201e-01  8.46148350e-01  8.46024355e-01 -1.56126926e-05  1.90309262e-10  9.89654337e-11 
 2.37685862e-05  8.56602306e-01  8.47009127e-01  8.46834751e-01 -1.56087261e-05  3.47040458e-10  2.14717724e-10 
 2.37904797e-05  8.56602820e-01  8.48210073e-01  8.48027344e-01 -1.56118106e-05  3.78400102e-10  2.53990620e-10 
 2.38254899e-05  8.56604329e-01  8.49872064e-01  8.49727147e-01 -1.56072102e-05  2.83044112e-10  1.95976789e-10 
 2.38658083e-05  8.56605266e-01  8.51207064e-01  8.51097054e-01 -1.56116626e-05  1.78052209e-10  1.21243489e-10 
 2.39085559e-05  8.56606062e-01  8.52278057e-01  8.52176630e-01 -1.56080085e-05  1.58968246e-10  1.04909614e-10 
 2.39808458e-05  8.56606893e-01  8.53736976e-01  8.53651127e-01 -1.56119684e-05  1.14440528e-10  7.94504301e-11 
 2.40563641e-05  8.56607765e-01  8.54749649e-01  8.54681839e-01 -1.56080922e-05  6.91120392e-11  4.66391548e-11 
 2.41563641e-05  8.56608152e-01  8.55569527e-01  8.55510400e-01 -1.56122091e-05  4.12550549e-11  2.94193923e-11 
 2.42563641e-05  8.56608634e-01  8.56068084e-01  8.56016338e-01 -1.56082000e-05  2.61579421e-11  1.83203839e-11 
 2.43563641e-05  8.56608673e-01  8.56340230e-01  8.56292550e-01 -1.56122648e-05  1.02040043e-11  8.70733433e-12 
 2.44563641e-05  8.56608908e-01  8.56504473e-01  8.56458232e-01 -1.56082574e-05  1.12234712e-11  8.15234436e-12 
 2.45563641e-05  8.56608832e-01  8.56599687e-01  8.56555419e-01 -1.56122714e-05  1.13340782e-12  2.87147557e-12 
 2.46563641e-05  8.56608991e-01  8.56651290e-01  8.56607307e-01 -1.56082788e-05  4.99816790e-12  3.84337804e-12 
 2.47563641e-05  8.56608867e-01  8.56685048e-01  8.56641652e-01 -1.56122769e-05 -1.14543422e-12  1.41965340e-12 
 2.48563641e-05  8.56609007e-01  8.56701822e-01  8.56658701e-01 -1.56082809e-05  2.64344471e-12  2.26706804e-12 
 2.49563641e-05  8.56608865e-01  8.56712782e-01  8.56669687e-01 -1.56122831e-05 -1.96804639e-12  8.42315963e-13 
 2.50563641e-05  8.56608999e-01  8.56719023e-01  8.56676128e-01 -1.56082790e-05  2.05392365e-12  1.90798576e-12 
 2.51563641e-05  8.56608852e-01  8.56722132e-01  8.56679206e-01 -1.56122863e-05 -2.44198975e-12  5.00542587e-13 
 2.52563641e-05  8.56608982e-01  8.56724543e-01  8.56681678e-01 -1.56082782e-05  1.98645354e-12  1.87514967e-12 
 2.53563641e-05  8.56608834e-01  8.56725473e-01  8.56682623e-01 -1.56122871e-05 -2.65285081e-12  3.58364814e-13 
 2.54563641e-05  8.56608963e-01  8.56726234e-01  8.56683379e-01 -1.56082780e-05  1.96034898e-12  1.85328814e-12 
 2.55281820e-05  8.56608818e-01  8.56726552e-01  8.56683716e-01 -1.56122876e-05 -2.68720593e-12  3.42230150e-13 
 2.56000000e-05  8.56608949e-01  8.56726684e-01  8.56683843e-01 -1.56082773e-05  1.91640649e-12  1.81835986e-12 
 2.56000692e-05  8.56588077e-01  8.56680833e-01  8.56682607e-01 -1.80492633e-05 -6.47779558e-09 -3.20977956e-09 
 2.56002077e-05  8.56566998e-01  8.56624377e-01  8.56678681e-01 -1.95504682e-05 -1.53119955e-08 -8.89395679e-09 
 2.56004338e-05  8.56542075e-01  8.56612667e-01  8.56669773e-01 -2.00362417e-05 -2.22024413e-08 -1.67331306e-08 
 2.56006732e-05  8.56515457e-01  8.56636399e-01  8.56661724e-01 -2.07935719e-05 -2.69583789e-08 -2.42294018e-08 
 2.56009531e-05  8.56493425e-01  8.56673487e-01  8.56656462e-01 -2.30694206e-05 -2.55840753e-08 -3.19678418e-08 
 2.56012235e-05  8.56481270e-01  8.56714491e-01  8.56655918e-01 -2.78235498e-05 -1.13085479e-08 -3.83575267e-08 
 2.56014806e-05  8.56484293e-01  8.56759493e-01  8.56659659e-01 -3.51061921e-05  2.08812073e-08 -4.33571924e-08 
 2.56017119e-05  8.56496687e-01  8.56804186e-01  8.56666675e-01 -4.42174858e-05  7.22079148e-08 -4.68970748e-08 
 2.56018938e-05  8.56514816e-01  8.56843780e-01  8.56674711e-01 -5.29635039e-05  1.34435196e-07 -4.89074657e-08 
 2.56020360e-05  8.56531492e-01  8.56877306e-01  8.56682622e-01 -6.07720859e-05  2.03063246e-07 -4.98919441e-08 
 2.56021529e-05  8.56547829e-01  8.56907900e-01  8.56690256e-01 -6.76520108e-05  2.78656254e-07 -5.01740468e-08 
 2.56022528e-05  8.56561129e-01  8.56936332e-01  8.56697659e-01 -7.38365454e-05  3.62949683e-07 -4.99236787e-08 
 2.56023401e-05  8.56572540e-01  8.56964098e-01  8.56704861e-01 -7.92952845e-05  4.57620908e-07 -4.91900946e-08 
 2.56024181e-05  8.56580221e-01  8.56991685e-01  8.56711935e-01 -8.41524809e-05  5.65134621e-07 -4.79955536e-08 
 2.56024912e-05  8.56585129e-01  8.57020987e-01  8.56719183e-01 -8.84987015e-05  6.92419870e-07 -4.62534754e-08 
 2.56025674e-05  8.56587551e-01  8.57055682e-01  8.56727476e-01 -9.27655823e-05  8.60086970e-07 -4.36328280e-08 
 2.56026508e-05  8.56591117e-01  8.57098305e-01  8.56737540e-01 -9.70550466e-05  1.09023002e-06 -3.97102305e-08 
 2.56027472e-05  8.56598872e-01  8.57151141e-01  8.56750568e-01 -1.01638681e-04  1.41772053e-06 -3.38645291e-08 
 2.56028321e-05  8.56607693e-01  8.57198666e-01  8.56763308e-01 -1.05309662e-04  1.75805160e-06 -2.76855689e-08 
 2.56029180e-05  8.56615154e-01  8.57246095e-01  8.56777362e-01 -1.08680939e-04  2.14774824e-06 -2.06024496e-08 
 2.56030216e-05  8.56620307e-01  8.57300872e-01  8.56795773e-01 -1.12242870e-04  2.67157048e-06 -1.11425438e-08 
 2.56031332e-05  8.56625759e-01  8.57354446e-01  8.56817127e-01 -1.15575442e-04  3.28644330e-06 -1.69560276e-10 
 2.56032383e-05  8.56634087e-01  8.57397631e-01  8.56838363e-01 -1.17937045e-04  3.89604732e-06  1.05338705e-08 
 2.56033386e-05  8.56644483e-01  8.57430649e-01  8.56859337e-01 -1.18639707e-04  4.48852113e-06  2.07243568e-08 
 2.56034159e-05  8.56653684e-01  8.57448325e-01  8.56875693e-01 -1.16585293e-04  4.93544210e-06  2.81947789e-08 
 2.56034753e-05  8.56660258e-01  8.57454509e-01  8.56888207e-01 -1.11942216e-04  5.25881887e-06  3.33646788e-08 
 2.56035320e-05  8.56665659e-01  8.57451515e-01  8.56899904e-01 -1.04768577e-04  5.53645578e-06  3.74889119e-08 
 2.56036023e-05  8.56670409e-01  8.57434174e-01  8.56913771e-01 -9.32094609e-05  5.82308076e-06  4.11728736e-08 
 2.56036692e-05  8.56672932e-01  8.57405225e-01  8.56926001e-01 -8.08607924e-05  6.02759775e-06  4.30872660e-08 
 2.56037588e-05  8.56673169e-01  8.57354228e-01  8.56940466e-01 -6.45942047e-05  6.19438816e-06  4.33511413e-08 
 2.56038770e-05  8.56669108e-01  8.57281300e-01  8.56955918e-01 -4.69140649e-05  6.24923527e-06  4.05153357e-08 
 2.56039635e-05  8.56663774e-01  8.57233386e-01  8.56964709e-01 -3.78222916e-05  6.19516653e-06  3.68687182e-08 
 2.56040436e-05  8.56657726e-01  8.57198190e-01  8.56971282e-01 -3.19569718e-05  6.09722509e-06  3.28757375e-08 
 2.56041338e-05  8.56650063e-01  8.57170137e-01  8.56977303e-01 -2.75771555e-05  5.95187197e-06  2.80793495e-08 
 2.56042237e-05  8.56641866e-01  8.57153161e-01  8.56982305e-01 -2.48986561e-05  5.78442834e-06  2.32152744e-08 
 2.56043277e-05  8.56631979e-01  8.57144593e-01  8.56987348e-01 -2.31017780e-05  5.57754359e-06  1.76951924e-08 
 2.56044393e-05  8.56621118e-01  8.57145005e-01  8.56992350e-01 -2.21108875e-05  5.35074634e-06  1.20033489e-08 
 2.56045753e-05  8.56607707e-01  8.57154158e-01  8.56998407e-01 -2.15462439e-05  5.07749383e-06  5.43900836e-09 
 2.56047327e-05  8.56592093e-01  8.57171609e-01  8.57005831e-01 -2.13094941e-05  4.77273813e-06 -1.65535071e-09 
 2.56048663e-05  8.56578817e-01  8.57189600e-01  8.57012700e-01 -2.12369261e-05  4.52622018e-06 -7.28330239e-09 
 2.56050000e-05  8.56565543e-01  8.57209102e-01  8.57020188e-01 -2.12156998e-05  4.29156044e-06 -1.25793648e-08 
 2.56050016e-05  8.56567558e-01  8.57211365e-01  8.57020284e-01 -2.02958417e-05  4.28903488e-06 -1.25431236e-08 
 2.56050048e-05  8.56570806e-01  8.57215681e-01  8.57020478e-01 -1.98778966e-05  4.28400579e-06 -1.24752370e-08 
 2.56050113e-05  8.56573795e-01  8.57223439e-01  8.57020882e-01 -1.94769509e-05  4.27400097e-06 -1.23652465e-08 
 2.56050211e-05  8.56574720e-01  8.57233590e-01  8.57021526e-01 -1.91512307e-05  4.25879268e-06 -1.22394577e-08 
 2.56050378e-05  8.56574954e-01  8.57248880e-01  8.57022704e-01 -1.85714178e-05  4.23277600e-06 -1.20631124e-08 
 2.56050712e-05  8.56575080e-01  8.57275642e-01  8.57025316e-01 -1.77526656e-05  4.18061204e-06 -1.17896132e-08 
 2.56051381e-05  8.56575277e-01  8.57316833e-01  8.57031333e-01 -1.66548269e-05  4.07648967e-06 -1.14444896e-08 
 2.56052717e-05  8.56575439e-01  8.57365022e-01  8.57045225e-01 -1.58256868e-05  3.87238489e-06 -1.11204646e-08 
 2.56054896e-05  8.56575790e-01  8.57397748e-01  8.57069718e-01 -1.55551427e-05  3.55767587e-06 -1.08505964e-08 
 2.56057338e-05  8.56576105e-01  8.57414296e-01  8.57097050e-01 -1.55854195e-05  3.23393911e-06 -1.05319855e-08 
 2.56061007e-05  8.56576618e-01  8.57432946e-01  8.57135839e-01 -1.55509187e-05  2.80155748e-06 -9.96921116e-09 
 2.56066756e-05  8.56577280e-01  8.57456813e-01  8.57190737e-01 -1.55809776e-05  2.23599756e-06 -8.99982803e-09 
 2.56078254e-05  8.56578481e-01  8.57489336e-01  8.57280283e-01 -1.55485882e-05  1.41602344e-06 -7.01950210e-09 
 2.56101249e-05  8.56580131e-01  8.57504533e-01  8.57389776e-01 -1.55770364e-05  5.38428319e-07 -3.75872692e-09 
 2.56147240e-05  8.56581837e-01  8.57407061e-01  8.57411960e-01 -1.55441829e-05  2.88804527e-08 -5.96445323e-10 
 2.56210869e-05  8.56582251e-01  8.57147308e-01  8.57213013e-01 -1.55732405e-05 -3.34947212e-09 -2.30557334e-11 
 2.56288977e-05  8.56581811e-01  8.56821392e-01  8.56881924e-01 -1.55423560e-05  3.57066896e-10 -2.15060664e-10 
 2.56372427e-05  8.56581065e-01  8.56570208e-01  8.56595573e-01 -1.55731534e-05 -3.63298085e-10 -1.65974609e-10 
 2.56486535e-05  8.56580338e-01  8.56415192e-01  8.56392959e-01 -1.55430171e-05 -1.44454652e-11 -7.48609831e-11 
 2.56648726e-05  8.56579853e-01  8.56449395e-01  8.56387631e-01 -1.55732079e-05  1.60125559e-11  2.06932409e-11 
 2.56937287e-05  8.56580084e-01  8.56700057e-01  8.56633557e-01 -1.55418861e-05  9.06584326e-11  5.28013683e-11 
 2.57252867e-05  8.56580481e-01  8.56819502e-01  8.56777521e-01 -1.55721699e-05 -1.52532067e-11  6.24554347e-12 
 2.57626434e-05  8.56580521e-01  8.56748388e-01  8.56713291e-01 -1.55421293e-05 -1.13787844e-11 -1.51759778e-11 
 2.58000000e-05  8.56580343e-01  8.56698702e-01  8.56655823e-01 -1.55726452e-05 -9.65389747e-12 -7.24163297e-13 
 2.58000168e-05  8.56585119e-01  8.56723497e-01  8.56655989e-01 -1.04669604e-05  3.97710750e-09  8.39170614e-10 
 2.58000505e-05  8.56588096e-01  8.56761569e-01  8.56656574e-01 -9.87275885e-06  1.19729640e-08  2.42050857e-09 
 2.58001040e-05  8.56588047e-01  8.56801391e-01  8.56658312e-01 -9.54719848e-06  2.41941577e-08  4.74457949e-09 
 2.58001607e-05  8.56590101e-01  8.56833465e-01  8.56660920e-01 -9.20088461e-06  3.65404156e-08  7.09272815e-09 
 2.58002741e-05  8.56591918e-01  8.56870902e-01  8.56667503e-01 -9.04733477e-06  6.00988186e-08  1.15017370e-08 
 2.58005009e-05  8.56597333e-01  8.56899413e-01  8.56682673e-01 -8.88806448e-06  1.03640378e-07  1.96125124e-08 
 2.58008582e-05  8.56604560e-01  8.56905544e-01  8.56706281e-01 -8.96943901e-06  1.64686344e-07  3.09262572e-08 
 2.58013488e-05  8.56618104e-01  8.56903832e-01  8.56734081e-01 -9.37811814e-06  2.35376156e-07  4.39953771e-08 
 2.58014502e-05  8.56622272e-01  8.56902585e-01  8.56739101e-01 -9.75249459e-06  2.48131885e-07  4.63355175e-08 
 2.58016529e-05  8.56639130e-01  8.56898562e-01  8.56748348e-01 -1.15099384e-05  2.70832913e-07  5.04605165e-08 
 2.58017995e-05  8.56661518e-01  8.56893055e-01  8.56754305e-01 -1.44453183e-05  2.84145777e-07  5.27922172e-08 
 2.58019227e-05  8.56691612e-01  8.56886100e-01  8.56758754e-01 -1.84251488e-05  2.92253204e-07  5.41007984e-08 
 2.58020480e-05  8.56732782e-01  8.56876071e-01  8.56762638e-01 -2.43193201e-05  2.96664994e-07  5.45887489e-08 
 2.58021811e-05  8.56788149e-01  8.56862368e-01  8.56765944e-01 -3.21619282e-05  2.96123511e-07  5.39643490e-08 
 2.58023249e-05  8.56856254e-01  8.56843726e-01  8.56768420e-01 -4.16415277e-05  2.88445638e-07  5.17030481e-08 
 2.58024618e-05  8.56924191e-01  8.56821769e-01  8.56769565e-01 -4.98263315e-05  2.73099919e-07  4.77350193e-08 
 2.58025782e-05  8.56979685e-01  8.56798335e-01  8.56769458e-01 -5.47117446e-05  2.52703356e-07  4.26544748e-08 
 2.58026898e-05  8.57028456e-01  8.56770810e-01  8.56768248e-01 -5.67534615e-05  2.25704056e-07  3.60461689e-08 
 2.58028087e-05  8.57073287e-01  8.56737903e-01  8.56765612e-01 -5.75991703e-05  1.88740502e-07  2.71342995e-08 
 2.58029676e-05  8.57120806e-01  8.56697556e-01  8.56760024e-01 -5.84717972e-05  1.27786749e-07  1.29183017e-08 
 2.58030869e-05  8.57145831e-01  8.56675112e-01  8.56754591e-01 -5.88977518e-05  7.26315956e-08  1.07852482e-09 
 2.58031788e-05  8.57157685e-01  8.56664373e-01  8.56749983e-01 -5.88467434e-05  1.58384250e-08 -8.36533381e-09 
 2.58032411e-05  8.57160552e-01  8.56661359e-01  8.56746787e-01 -5.84116739e-05 -4.39022950e-08 -1.47661254e-08 
 2.58033016e-05  8.57157588e-01  8.56662635e-01  8.56743731e-01 -5.75103290e-05 -1.35060929e-07 -2.08506909e-08 
 2.58033504e-05  8.57146966e-01  8.56667356e-01  8.56741381e-01 -5.63840586e-05 -2.36670681e-07 -2.55208124e-08 
 2.58033818e-05  8.57131838e-01  8.56672674e-01  8.56739960e-01 -5.54661028e-05 -3.13608948e-07 -2.83079104e-08 
 2.58034054e-05  8.57111776e-01  8.56678560e-01  8.56738951e-01 -5.44816248e-05 -3.75809723e-07 -3.02166866e-08 
 2.58034296e-05  8.57081861e-01  8.56687134e-01  8.56737997e-01 -5.31999860e-05 -4.41592064e-07 -3.18949373e-08 
 2.58034619e-05  8.57030782e-01  8.56703749e-01  8.56736901e-01 -5.09504233e-05 -5.29511339e-07 -3.35309876e-08 
 2.58034924e-05  8.56977122e-01  8.56725144e-01  8.56736111e-01 -4.84069416e-05 -6.10665511e-07 -3.43604524e-08 
 2.58035380e-05  8.56898768e-01  8.56765354e-01  8.56735501e-01 -4.40643246e-05 -7.26551247e-07 -3.43541737e-08 
 2.58035660e-05  8.56855591e-01  8.56793228e-01  8.56735512e-01 -4.12797137e-05 -7.93811123e-07 -3.37005399e-08 
 2.58035967e-05  8.56814525e-01  8.56824651e-01  8.56735886e-01 -3.82343786e-05 -8.64463535e-07 -3.25580698e-08 
 2.58036324e-05  8.56774758e-01  8.56860463e-01  8.56736791e-01 -3.48728075e-05 -9.42887386e-07 -3.08329412e-08 
 2.58036721e-05  8.56740246e-01  8.56897644e-01  8.56738358e-01 -3.14345325e-05 -1.02610222e-06 -2.86018889e-08 
 2.58037112e-05  8.56714415e-01  8.56930454e-01  8.56740421e-01 -2.84335659e-05 -1.10487000e-06 -2.62408163e-08 
 2.58037541e-05  8.56693500e-01  8.56961448e-01  8.56743189e-01 -2.55786993e-05 -1.18825390e-06 -2.36061644e-08 
 2.58037994e-05  8.56677474e-01  8.56988619e-01  8.56746582e-01 -2.30453277e-05 -1.27355625e-06 -2.08664720e-08 
 2.58038517e-05  8.56664441e-01  8.57013659e-01  8.56750966e-01 -2.06382957e-05 -1.36922996e-06 -1.78193094e-08 
 2.58039098e-05  8.56654434e-01  8.57034877e-01  8.56756258e-01 -1.85164722e-05 -1.47234787e-06 -1.46104211e-08 
 2.58039795e-05  8.56646400e-01  8.57053447e-01  8.56762997e-01 -1.65482349e-05 -1.59239170e-06 -1.09856438e-08 
 2.58040612e-05  8.56640303e-01  8.57068575e-01  8.56771199e-01 -1.48453142e-05 -1.72845672e-06 -6.99975653e-09 
 2.58041647e-05  8.56635861e-01  8.57081446e-01  8.56781789e-01 -1.33296111e-05 -1.89521760e-06 -2.24754883e-09 
 2.58042943e-05  8.56633798e-01  8.57092127e-01  8.56795031e-01 -1.21226921e-05 -2.09877510e-06  3.35715813e-09 
 2.58044665e-05  8.56636145e-01  8.57101891e-01  8.56812292e-01 -1.12447295e-05 -2.37769550e-06  1.03772363e-08 
 2.58046812e-05  8.56647021e-01  8.57110712e-01  8.56832972e-01 -1.07768197e-05 -2.79773391e-06  1.85549630e-08 
 2.58048406e-05  8.56660046e-01  8.57115808e-01  8.56847643e-01 -1.06344146e-05 -3.21015928e-06  2.42482567e-08 
 2.58050000e-05  8.56675097e-01  8.57120020e-01  8.56861695e-01 -1.05692210e-05 -3.74281499e-06  2.96356597e-08 
 2.58050019e-05  8.56673667e-01  8.57116082e-01  8.56861859e-01 -1.51504764e-05 -3.75051754e-06  2.95929425e-08 
 2.58050058e-05  8.56671224e-01  8.57108834e-01  8.56862180e-01 -1.54196340e-05 -3.76602531e-06  2.95103770e-08 
 2.58050135e-05  8.56668772e-01  8.57097037e-01  8.56862791e-01 -1.55441676e-05 -3.79735423e-06  2.93677436e-08 
 2.58050290e-05  8.56667378e-01  8.57078995e-01  8.56863916e-01 -1.55450139e-05 -3.85983310e-06  2.91331307e-08 
 2.58050549e-05  8.56665981e-01  8.57055039e-01  8.56865570e-01 -1.56226350e-05 -3.96326320e-06  2.87867669e-08 
 2.58051068e-05  8.56664341e-01  8.57017346e-01  8.56868195e-01 -1.56217159e-05 -4.16546355e-06  2.81922125e-08 
 2.58052106e-05  8.56662938e-01  8.56969726e-01  8.56871550e-01 -1.56599665e-05 -4.55251755e-06  2.72150712e-08 
 2.58053238e-05  8.56662381e-01  8.56944918e-01  8.56873451e-01 -1.56132359e-05 -4.95004945e-06  2.63241135e-08 
 2.58055077e-05  8.56661582e-01  8.56930116e-01  8.56874957e-01 -1.56367025e-05 -5.54558743e-06  2.50893350e-08 
 2.58057816e-05  8.56660599e-01  8.56927271e-01  8.56876088e-01 -1.55989029e-05 -6.32675183e-06  2.36198247e-08 
 2.58063293e-05  8.56658869e-01  8.56931422e-01  8.56878144e-01 -1.56264000e-05 -7.56905611e-06  2.16409530e-08 
 2.58074247e-05  8.56656497e-01  8.56940760e-01  8.56883573e-01 -1.55861569e-05 -9.10686538e-06  2.00543645e-08 
 2.58096155e-05  8.56653992e-01  8.56959183e-01  8.56897925e-01 -1.56115367e-05 -1.00414588e-05  2.04115698e-08 
 2.58127935e-05  8.56652892e-01  8.56983531e-01  8.56921697e-01 -1.55761238e-05 -9.35456128e-06  2.12101856e-08 
 2.58166784e-05  8.56652626e-01  8.57005110e-01  8.56947736e-01 -1.56091951e-05 -7.89846692e-06  1.95097549e-08 
 2.58223565e-05  8.56652719e-01  8.57016227e-01  8.56969096e-01 -1.55783370e-05 -6.06153776e-06  1.53810069e-08 
 2.58326410e-05  8.56652965e-01  8.56981685e-01  8.56951618e-01 -1.56147356e-05 -3.76212342e-06  9.46110261e-09 
 2.58454907e-05  8.56653203e-01  8.56882880e-01  8.56862092e-01 -1.55861637e-05 -2.09257718e-06  5.21810308e-09 
 2.58604958e-05  8.56653188e-01  8.56764981e-01  8.56740579e-01 -1.56222449e-05 -1.05919605e-06  2.61497046e-09 
 2.58777895e-05  8.56653116e-01  8.56686997e-01  8.56651488e-01 -1.55918796e-05 -4.82798532e-07  1.18927841e-09 
 2.58996976e-05  8.56653022e-01  8.56677255e-01  8.56631632e-01 -1.56258248e-05 -1.73517055e-07  4.37040116e-10 
 2.59277097e-05  8.56653100e-01  8.56720959e-01  8.56673452e-01 -1.55936685e-05 -4.33205477e-08  1.19041068e-10 
 2.59664169e-05  8.56653168e-01  8.56754754e-01  8.56711656e-01 -1.56265116e-05 -4.01365805e-09  1.26150401e-11 
 2.60225054e-05  8.56653198e-01  8.56747853e-01  8.56705802e-01 -1.55939769e-05  3.47219473e-10 -1.82631541e-12 
 2.61176151e-05  8.56653150e-01  8.56754918e-01  8.56711024e-01 -1.56266040e-05 -1.09452168e-10  3.43706086e-12 
 2.62176151e-05  8.56653202e-01  8.56767461e-01  8.56724985e-01 -1.55939460e-05  2.93254776e-11  4.55535891e-13 
 2.63176151e-05  8.56653159e-01  8.56764049e-01  8.56721050e-01 -1.56266154e-05 -4.00469436e-12  1.16691688e-12 
 2.64176151e-05  8.56653188e-01  8.56770253e-01  8.56727270e-01 -1.55939490e-05 -9.06470081e-12  1.57507796e-12 
 2.65176151e-05  8.56653159e-01  8.56769665e-01  8.56726990e-01 -1.56266077e-05  9.49516572e-12  6.15093913e-13 
 2.66176151e-05  8.56653178e-01  8.56770140e-01  8.56727135e-01 -1.55939572e-05 -1.37888743e-11  1.49545079e-12 
 2.67176151e-05  8.56653150e-01  8.56771493e-01  8.56728745e-01 -1.56266023e-05  1.05288517e-11  8.60009113e-13 
 2.68176151e-05  8.56653170e-01  8.56770657e-01  8.56727780e-01 -1.55939598e-05 -1.34251833e-11  1.19367531e-12 
 2.69176151e-05  8.56653139e-01  8.56771482e-01  8.56728642e-01 -1.56266019e-05  9.50387685e-12  1.04966773e-12 
 2.70176151e-05  8.56653162e-01  8.56771256e-01  8.56728433e-01 -1.55939592e-05 -1.22362142e-11  1.10211075e-12 
 2.71176151e-05  8.56653129e-01  8.56771277e-01  8.56728428e-01 -1.56266026e-05  8.31937145e-12  1.05077237e-12 
 2.72176151e-05  8.56653152e-01  8.56771462e-01  8.56728629e-01 -1.55939589e-05 -1.11738474e-11  1.13768310e-12 
 2.73176151e-05  8.56653120e-01  8.56771283e-01  8.56728452e-01 -1.56266024e-05  7.38528618e-12  1.00605901e-12 
 2.74176151e-05  8.56653142e-01  8.56771428e-01  8.56728579e-01 -1.55939595e-05 -1.03605904e-11  1.16874717e-12 
 2.75176151e-05  8.56653111e-01  8.56771351e-01  8.56728529e-01 -1.56266017e-05  6.66067982e-12  9.91219910e-13 
 2.76176151e-05  8.56653133e-01  8.56771374e-01  8.56728524e-01 -1.55939602e-05 -9.70345158e-12  1.16961291e-12 
 2.77088076e-05  8.56653102e-01  8.56771373e-01  8.56728549e-01 -1.56266010e-05  6.02046646e-12  9.97492074e-13 
 2.78000000e-05  8.56653124e-01  8.56771362e-01  8.56728515e-01 -1.55939609e-05 -9.08198495e-12  1.16153094e-12 
 2.78000591e-05  8.56643670e-01  8.56710420e-01  8.56727108e-01 -2.06132143e-05 -1.67498050e-08 -2.70499407e-09 
 2.78001773e-05  8.56637394e-01  8.56630763e-01  8.56722520e-01 -2.08047619e-05 -4.89293672e-08 -7.70323983e-09 
 2.78003686e-05  8.56634431e-01  8.56582123e-01  8.56710807e-01 -2.09024445e-05 -9.52359555e-08 -1.49180031e-08 
 2.78005876e-05  8.56630474e-01  8.56567197e-01  8.56695788e-01 -2.14315129e-05 -1.42176271e-07 -2.24468509e-08 
 2.78007919e-05  8.56630137e-01  8.56566386e-01  8.56682294e-01 -2.24630845e-05 -1.80319153e-07 -2.88079265e-08 
 2.78010205e-05  8.56632879e-01  8.56566460e-01  8.56668418e-01 -2.50011812e-05 -2.16095472e-07 -3.52040440e-08 
 2.78012565e-05  8.56643856e-01  8.56571552e-01  8.56655594e-01 -2.95385315e-05 -2.45276291e-07 -4.09660216e-08 
 2.78014891e-05  8.56661780e-01  8.56577674e-01  8.56644588e-01 -3.63875266e-05 -2.65799285e-07 -4.58036291e-08 
 2.78016935e-05  8.56684873e-01  8.56587030e-01  8.56636332e-01 -4.43189673e-05 -2.76467454e-07 -4.92996345e-08 
 2.78018580e-05  8.56706321e-01  8.56595585e-01  8.56630735e-01 -5.20702405e-05 -2.78897368e-07 -5.15371291e-08 
 2.78019906e-05  8.56725624e-01  8.56605085e-01  8.56626954e-01 -5.90578599e-05 -2.75816523e-07 -5.28728522e-08 
 2.78021016e-05  8.56741142e-01  8.56613998e-01  8.56624337e-01 -6.54330561e-05 -2.68575015e-07 -5.35970614e-08 
 2.78021972e-05  8.56753772e-01  8.56623715e-01  8.56622524e-01 -7.11533809e-05 -2.57891001e-07 -5.38386820e-08 
 2.78022809e-05  8.56762309e-01  8.56633555e-01  8.56621314e-01 -7.63200837e-05 -2.43956397e-07 -5.36772693e-08 
 2.78023552e-05  8.56767152e-01  8.56644239e-01  8.56620575e-01 -8.08756836e-05 -2.26921371e-07 -5.31450558e-08 
 2.78024222e-05  8.56767481e-01  8.56655701e-01  8.56620220e-01 -8.49243530e-05 -2.06516586e-07 -5.22559555e-08 
 2.78024856e-05  8.56763430e-01  8.56668839e-01  8.56620200e-01 -8.85531816e-05 -1.81637857e-07 -5.09505415e-08 
 2.78025517e-05  8.56754446e-01  8.56685248e-01  8.56620566e-01 -9.20976267e-05 -1.48647035e-07 -4.89983699e-08 
 2.78026227e-05  8.56741951e-01  8.56705808e-01  8.56621466e-01 -9.55744645e-05 -1.04753749e-07 -4.61629284e-08 
 2.78027048e-05  8.56726901e-01  8.56731948e-01  8.56623228e-01 -9.92698795e-05 -4.42308288e-08 -4.19612914e-08 
 2.78028100e-05  8.56709113e-01  8.56766336e-01  8.56626654e-01 -1.03532826e-04  4.24171368e-08 -3.53081263e-08 
 2.78028942e-05  8.56696035e-01  8.56793007e-01  8.56630301e-01 -1.06480219e-04  1.09843918e-07 -2.91246425e-08 
 2.78029810e-05  8.56684229e-01  8.56818601e-01  8.56634832e-01 -1.09056855e-04  1.66800504e-07 -2.21042055e-08 
 2.78030748e-05  8.56674356e-01  8.56842678e-01  8.56640463e-01 -1.11356324e-04  2.10362486e-07 -1.39936022e-08 
 2.78031660e-05  8.56668690e-01  8.56860976e-01  8.56646500e-01 -1.13149886e-04  2.41532325e-07 -5.79246400e-09 
 2.78032810e-05  8.56665036e-01  8.56874938e-01  8.56654535e-01 -1.14021355e-04  2.75817143e-07  4.60861908e-09 
 2.78033663e-05  8.56664362e-01  8.56876721e-01  8.56660521e-01 -1.12088395e-04  2.99576114e-07  1.19973531e-08 
 2.78034275e-05  8.56663972e-01  8.56870945e-01  8.56664645e-01 -1.07431747e-04  3.15041854e-07  1.67614249e-08 
 2.78034818e-05  8.56663596e-01  8.56858186e-01  8.56668020e-01 -1.00571461e-04  3.26336475e-07  2.02750236e-08 
 2.78035437e-05  8.56662714e-01  8.56833305e-01  8.56671318e-01 -9.04469478e-05  3.35530021e-07  2.31795980e-08 
 2.78036096e-05  8.56661513e-01  8.56795917e-01  8.56673931e-01 -7.83693893e-05  3.40289937e-07  2.48735929e-08 
 2.78036903e-05  8.56659605e-01  8.56739761e-01  8.56675553e-01 -6.37156595e-05  3.39164204e-07  2.50896093e-08 
 2.78038023e-05  8.56656669e-01  8.56656333e-01  8.56674662e-01 -4.68195263e-05  3.26530534e-07  2.27282991e-08 
 2.78038753e-05  8.56654707e-01  8.56605156e-01  8.56672163e-01 -3.89113910e-05  3.12869683e-07  2.00235574e-08 
 2.78039448e-05  8.56652915e-01  8.56562915e-01  8.56668576e-01 -3.34782537e-05  2.97200103e-07  1.70162165e-08 
 2.78040335e-05  8.56650700e-01  8.56519168e-01  8.56662632e-01 -2.87560765e-05  2.74726742e-07  1.28967281e-08 
 2.78041158e-05  8.56648727e-01  8.56488313e-01  8.56656098e-01 -2.60987365e-05  2.52343368e-07  9.01153915e-09 
 2.78042151e-05  8.56646426e-01  8.56461397e-01  8.56647372e-01 -2.42032561e-05  2.24460752e-07  4.42262717e-09 
 2.78043151e-05  8.56644151e-01  8.56442887e-01  8.56638036e-01 -2.32245760e-05  1.96104257e-07 -1.18529845e-11 
 2.78044419e-05  8.56641329e-01  8.56427576e-01  8.56625889e-01 -2.26118157e-05  1.60600585e-07 -5.33065004e-09 
 2.78045816e-05  8.56638232e-01  8.56417090e-01  8.56612497e-01 -2.23686084e-05  1.22618401e-07 -1.08228590e-08 
 2.78047688e-05  8.56634135e-01  8.56408312e-01  8.56594980e-01 -2.22493644e-05  7.42141216e-08 -1.76553686e-08 
 2.78048844e-05  8.56631603e-01  8.56404533e-01  8.56584524e-01 -2.22460114e-05  4.58734200e-08 -2.16018700e-08 
 2.78050000e-05  8.56629102e-01  8.56401380e-01  8.56574384e-01 -2.22281796e-05  1.87380411e-08 -2.53632795e-08 
 2.78050014e-05  8.56630180e-01  8.56404255e-01  8.56574267e-01 -1.76807760e-05  1.87242601e-08 -2.53314696e-08 
 2.78050041e-05  8.56632041e-01  8.56409643e-01  8.56574035e-01 -1.74131399e-05  1.87161811e-08 -2.52693460e-08 
 2.78050096e-05  8.56634059e-01  8.56418838e-01  8.56573589e-01 -1.71246512e-05  1.87784479e-08 -2.51572672e-08 
 2.78050178e-05  8.56634809e-01  8.56429848e-01  8.56572963e-01 -1.70197481e-05  1.89083899e-08 -2.50166320e-08 
 2.78050294e-05  8.56634977e-01  8.56442750e-01  8.56572131e-01 -1.68254849e-05  1.90604198e-08 -2.48357961e-08 
 2.78050527e-05  8.56635006e-01  8.56464526e-01  8.56570638e-01 -1.65749167e-05  1.92857564e-08 -2.45016553e-08 
 2.78050992e-05  8.56635051e-01  8.56499363e-01  8.56568215e-01 -1.61664132e-05  1.95062767e-08 -2.39060961e-08 
 2.78051921e-05  8.56635055e-01  8.56545467e-01  8.56564979e-01 -1.57868175e-05  1.94227665e-08 -2.28914364e-08 
 2.78053781e-05  8.56635099e-01  8.56584723e-01  8.56561916e-01 -1.55533913e-05  1.84612986e-08 -2.11932360e-08 
 2.78056622e-05  8.56635170e-01  8.56595284e-01  8.56560331e-01 -1.55636079e-05  1.66262424e-08 -1.89500555e-08 
 2.78060333e-05  8.56635276e-01  8.56593837e-01  8.56559143e-01 -1.55460580e-05  1.44083509e-08 -1.63783213e-08 
 2.78066514e-05  8.56635407e-01  8.56590407e-01  8.56556976e-01 -1.55646114e-05  1.13173219e-08 -1.28350522e-08 
 2.78078876e-05  8.56635628e-01  8.56582939e-01  8.56551770e-01 -1.55475448e-05  6.93347370e-09 -7.82188594e-09 
 2.78103601e-05  8.56635858e-01  8.56566693e-01  8.56538680e-01 -1.55667368e-05  2.42577656e-09 -2.70849526e-09 
 2.78153050e-05  8.56635974e-01  8.56537697e-01  8.56509531e-01 -1.55496419e-05  2.68094520e-11 -4.78282506e-11 
 2.78251949e-05  8.56635789e-01  8.56520124e-01  8.56478386e-01 -1.55676153e-05 -2.28723548e-11 -5.88114247e-13 
 2.78398566e-05  8.56635628e-01  8.56586081e-01  8.56525948e-01 -1.55488996e-05  5.11441724e-11  1.59776055e-11 
 2.78599396e-05  8.56635759e-01  8.56729831e-01  8.56668750e-01 -1.55662704e-05  4.87897737e-11  4.40902470e-11 
 2.78963563e-05  8.56636111e-01  8.56841968e-01  8.56799433e-01 -1.55480327e-05  3.77625058e-12  1.90182120e-12 
 2.79380726e-05  8.56636111e-01  8.56785840e-01  8.56748770e-01 -1.55663454e-05 -1.95367158e-11 -8.39549117e-12 
 2.79690363e-05  8.56636018e-01  8.56753544e-01  8.56711034e-01 -1.55483906e-05 -3.02860818e-13 -3.15369307e-12 
 2.80000000e-05  8.56635995e-01  8.56762252e-01  8.56717970e-01 -1.55663190e-05  2.63309622e-12  5.48031932e-12 
 2.80000166e-05  8.56644593e-01  8.56778266e-01  8.56718085e-01 -1.37966279e-05  2.43430458e-09  8.91460805e-10 
 2.80000497e-05  8.56651526e-01  8.56804527e-01  8.56718487e-01 -1.25798386e-05  6.89420803e-09  2.52017847e-09 
 2.80001161e-05  8.56656367e-01  8.56839759e-01  8.56720079e-01 -1.13770573e-05  1.35354131e-08  5.39155265e-09 
 2.80001802e-05  8.56664230e-01  8.56860891e-01  8.56722294e-01 -1.06372423e-05  1.80402254e-08  7.93313859e-09 
 2.80003085e-05  8.56676039e-01  8.56876403e-01  8.56727473e-01 -1.01874769e-05  2.44994643e-08  1.25980637e-08 
 2.80005415e-05  8.56700392e-01  8.56866597e-01  8.56736484e-01 -9.93642509e-06  3.27376664e-08  2.03354319e-08 
 2.80008139e-05  8.56726861e-01  8.56834640e-01  8.56743851e-01 -1.00249884e-05  4.05336788e-08  2.84844400e-08 
 2.80012323e-05  8.56770641e-01  8.56777076e-01  8.56746812e-01 -1.01510704e-05  4.95302819e-08  3.94059933e-08 
 2.80014276e-05  8.56792480e-01  8.56747192e-01  8.56744744e-01 -1.06731072e-05  4.96148361e-08  4.38096967e-08 
 2.80016128e-05  8.56820513e-01  8.56716621e-01  8.56740766e-01 -1.19239944e-05  3.87957373e-08  4.74511623e-08 
 2.80017413e-05  8.56845888e-01  8.56693067e-01  8.56736819e-01 -1.39175050e-05  1.74741925e-08  4.95036076e-08 
 2.80018614e-05  8.56878668e-01  8.56668740e-01  8.56732186e-01 -1.68795205e-05 -2.20518911e-08  5.08863769e-08 
 2.80019878e-05  8.56922202e-01  8.56639845e-01  8.56726234e-01 -2.17414742e-05 -9.48579212e-08  5.15477393e-08 
 2.80021213e-05  8.56979799e-01  8.56605524e-01  8.56718617e-01 -2.85541133e-05 -2.19475172e-07  5.11194280e-08 
 2.80022709e-05  8.57052917e-01  8.56562190e-01  8.56708304e-01 -3.77705422e-05 -4.33314233e-07  4.89436133e-08 
 2.80024102e-05  8.57124616e-01  8.56516819e-01  8.56696831e-01 -4.62578114e-05 -7.18442891e-07  4.50210921e-08 
 2.80025345e-05  8.57185444e-01  8.56470805e-01  8.56684896e-01 -5.23621958e-05 -1.05830177e-06  3.96593152e-08 
 2.80026479e-05  8.57235265e-01  8.56422679e-01  8.56672434e-01 -5.53637971e-05 -1.45301247e-06  3.29411602e-08 
 2.80027739e-05  8.57280478e-01  8.56362469e-01  8.56656575e-01 -5.63201123e-05 -1.99807310e-06  2.32349500e-08 
 2.80029040e-05  8.57315232e-01  8.56297969e-01  8.56637852e-01 -5.66735412e-05 -2.67287367e-06  1.10022885e-08 
 2.80029924e-05  8.57331238e-01  8.56256582e-01  8.56623832e-01 -5.69713761e-05 -3.18622461e-06  1.70273622e-09 
 2.80030880e-05  8.57341434e-01  8.56216204e-01  8.56607685e-01 -5.70922878e-05 -3.77905758e-06 -8.95897765e-09 
 2.80031907e-05  8.57341100e-01  8.56179055e-01  8.56589454e-01 -5.70702162e-05 -4.44612986e-06 -2.08446068e-08 
 2.80032627e-05  8.57328994e-01  8.56157981e-01  8.56576285e-01 -5.66312124e-05 -4.92254274e-06 -2.92662183e-08 
 2.80033254e-05  8.57307132e-01  8.56144206e-01  8.56564691e-01 -5.59075956e-05 -5.33361970e-06 -3.64856873e-08 
 2.80033829e-05  8.57275863e-01  8.56136384e-01  8.56554080e-01 -5.47144092e-05 -5.69808802e-06 -4.28293220e-08 
 2.80034211e-05  8.57247221e-01  8.56134557e-01  8.56547083e-01 -5.37421207e-05 -5.92765415e-06 -4.67662368e-08 
 2.80034502e-05  8.57216585e-01  8.56136017e-01  8.56541824e-01 -5.26291953e-05 -6.08954758e-06 -4.94829512e-08 
 2.80034789e-05  8.57177099e-01  8.56141414e-01  8.56536725e-01 -5.12048921e-05 -6.23205412e-06 -5.17623675e-08 
 2.80035171e-05  8.57117119e-01  8.56156614e-01  8.56530197e-01 -4.86385708e-05 -6.38611943e-06 -5.39173101e-08 
 2.80035530e-05  8.57062300e-01  8.56179334e-01  8.56524427e-01 -4.57459060e-05 -6.49067961e-06 -5.49227207e-08 
 2.80036107e-05  8.56993556e-01  8.56227272e-01  8.56516112e-01 -4.05172720e-05 -6.58161596e-06 -5.46510131e-08 
 2.80036458e-05  8.56967390e-01  8.56259830e-01  8.56511720e-01 -3.72988790e-05 -6.59573131e-06 -5.35426519e-08 
 2.80036812e-05  8.56953496e-01  8.56292146e-01  8.56507803e-01 -3.41684915e-05 -6.58560611e-06 -5.19373990e-08 
 2.80037245e-05  8.56950587e-01  8.56328465e-01  8.56503677e-01 -3.06738295e-05 -6.54768879e-06 -4.95534078e-08 
 2.80037709e-05  8.56962224e-01  8.56361880e-01  8.56499976e-01 -2.73816459e-05 -6.48435165e-06 -4.67141771e-08 
 2.80038203e-05  8.56986802e-01  8.56390382e-01  8.56496713e-01 -2.44241251e-05 -6.39955192e-06 -4.35766403e-08 
 2.80038737e-05  8.57023639e-01  8.56413227e-01  8.56493801e-01 -2.18059984e-05 -6.29545914e-06 -4.02077891e-08 
 2.80039342e-05  8.57073546e-01  8.56430442e-01  8.56491059e-01 -1.94656076e-05 -6.16899804e-06 -3.65263715e-08 
 2.80040041e-05  8.57138405e-01  8.56441387e-01  8.56488357e-01 -1.74077645e-05 -6.01744779e-06 -3.24848873e-08 
 2.80040874e-05  8.57221583e-01  8.56445521e-01  8.56485482e-01 -1.56268311e-05 -5.83494921e-06 -2.79597637e-08 
 2.80041897e-05  8.57329598e-01  8.56442220e-01  8.56482096e-01 -1.41368284e-05 -5.61280107e-06 -2.27621847e-08 
 2.80043197e-05  8.57474232e-01  8.56430690e-01  8.56477612e-01 -1.29606678e-05 -5.33778745e-06 -1.66111696e-08 
 2.80044911e-05  8.57682169e-01  8.56409601e-01  8.56470966e-01 -1.21452773e-05 -4.99114007e-06 -9.14901081e-09 
 2.80047166e-05  8.58012707e-01  8.56377618e-01  8.56460593e-01 -1.16994611e-05 -4.56464674e-06 -4.26086139e-10 
 2.80050000e-05  8.58583824e-01  8.56334470e-01  8.56444781e-01 -1.15244655e-05 -4.07656743e-06  8.62131604e-09 
 2.80050056e-05  8.58591141e-01  8.56327248e-01  8.56444422e-01 -1.27115267e-05 -4.06825040e-06  8.45141245e-09 
 2.80050168e-05  8.58610423e-01  8.56314282e-01  8.56443677e-01 -1.32761034e-05 -4.05158394e-06  8.15305881e-09 
 2.80050393e-05  8.58659637e-01  8.56293318e-01  8.56442045e-01 -1.36774505e-05 -4.01798805e-06  7.68768145e-09 
 2.80050771e-05  8.58743116e-01  8.56263736e-01  8.56438947e-01 -1.43804949e-05 -3.96100819e-06  7.02505270e-09 
 2.80051264e-05  8.58852534e-01  8.56232893e-01  8.56434383e-01 -1.48353552e-05 -3.88676041e-06  6.30437194e-09 
 2.80052251e-05  8.59070958e-01  8.56191927e-01  8.56424130e-01 -1.53846340e-05 -3.74082926e-06  5.11076307e-09 
 2.80053833e-05  8.59416464e-01  8.56158817e-01  8.56406254e-01 -1.55448090e-05 -3.51708050e-06  3.47707917e-09 
 2.80056111e-05  8.59903601e-01  8.56138687e-01  8.56380080e-01 -1.56075805e-05 -3.21749342e-06  1.35457530e-09 
 2.80059158e-05  8.60535338e-01  8.56124770e-01  8.56346629e-01 -1.55573965e-05 -2.85603442e-06 -1.20389321e-09 
 2.80063882e-05  8.61472181e-01  8.56110543e-01  8.56299701e-01 -1.55953148e-05 -2.37344394e-06 -4.57676818e-09 
 2.80073197e-05  8.63177178e-01  8.56098735e-01  8.56224987e-01 -1.55486800e-05 -1.64268235e-06 -9.47160015e-09 
 2.80091828e-05  8.66091633e-01  8.56135231e-01  8.56143108e-01 -1.55809091e-05 -7.65969980e-07 -1.43514200e-08 
 2.80129088e-05  8.70379501e-01  8.56416240e-01  8.56219813e-01 -1.55346060e-05 -1.20157247e-07 -1.44973743e-08 
 2.80180991e-05  8.74002850e-01  8.57192746e-01  8.56771790e-01 -1.55762405e-05  1.92350333e-09 -8.86657816e-09 
 2.80246669e-05  8.76352197e-01  8.58664970e-01  8.58036997e-01 -1.55435658e-05  1.51805009e-09 -3.45339455e-09 
 2.80318381e-05  8.77495068e-01  8.60684945e-01  8.59916537e-01 -1.55910943e-05  2.01727156e-09 -6.29830035e-10 
 2.80414314e-05  8.78084154e-01  8.63638235e-01  8.62811603e-01 -1.55586505e-05  2.18006694e-09  8.76560970e-10 
 2.80533965e-05  8.78287114e-01  8.67088056e-01  8.66349713e-01 -1.56035349e-05  1.99744789e-09  1.29253292e-09 
 2.80646106e-05  8.78327645e-01  8.69631090e-01  8.69069850e-01 -1.55671811e-05  1.51654668e-09  1.10444065e-09 
 2.80771172e-05  8.78339980e-01  8.71465029e-01  8.71119738e-01 -1.56106280e-05  9.12668847e-10  7.16560792e-10 
 2.80902691e-05  8.78343800e-01  8.72402908e-01  8.72236476e-01 -1.55755836e-05  3.80015759e-10  3.32554295e-10 
 2.81071480e-05  8.78345283e-01  8.72730417e-01  8.72678626e-01 -1.56204423e-05  2.98444834e-11  4.48740208e-11 
 2.81292207e-05  8.78345062e-01  8.72768981e-01  8.72723366e-01 -1.55852309e-05 -1.71940619e-11 -2.30648764e-11 
 2.81503269e-05  8.78344709e-01  8.73031924e-01  8.72939140e-01 -1.56259041e-05  1.20514654e-10  6.27879433e-11 
 2.81742115e-05  8.78344736e-01  8.73665591e-01  8.73544356e-01 -1.55860024e-05  2.04091825e-10  1.33337371e-10 
 2.82016880e-05  8.78345387e-01  8.74457777e-01  8.74345779e-01 -1.56248168e-05  1.90350528e-10  1.30661835e-10 
 2.82426779e-05  8.78346090e-01  8.75317982e-01  8.75234137e-01 -1.55853771e-05  1.05718621e-10  7.54003645e-11 
 2.82878388e-05  8.78346572e-01  8.75945925e-01  8.75871634e-01 -1.56251530e-05  8.30682931e-11  5.40589985e-11 
 2.83596815e-05  8.78346992e-01  8.76748788e-01  8.76679244e-01 -1.55857301e-05  6.65289360e-11  4.72545548e-11 
 2.84596815e-05  8.78347598e-01  8.77489410e-01  8.77433533e-01 -1.56251646e-05  3.46742093e-11  2.34938007e-11 
 2.85596815e-05  8.78347773e-01  8.77883834e-01  8.77832023e-01 -1.55858556e-05  1.79122546e-11  1.41527031e-11 
 2.86596815e-05  8.78348001e-01  8.78136702e-01  8.78087922e-01 -1.56252276e-05  1.57490943e-11  1.09193657e-11 
 2.87596815e-05  8.78348025e-01  8.78271606e-01  8.78225682e-01 -1.55858657e-05  2.07133507e-12  3.81564479e-12 
 2.88596815e-05  8.78348124e-01  8.78351021e-01  8.78305145e-01 -1.56252648e-05  7.71817462e-12  5.25982236e-12 
 2.89596815e-05  8.78348088e-01  8.78401093e-01  8.78356565e-01 -1.55858662e-05 -1.51025459e-12  1.65121242e-12 
 2.90596815e-05  8.78348155e-01  8.78424812e-01  8.78380315e-01 -1.56252715e-05  3.86824947e-12  2.57735061e-12 
 2.91596815e-05  8.78348091e-01  8.78442555e-01  8.78398313e-01 -1.55858754e-05 -2.22986538e-12  1.18933308e-12 
 2.92596815e-05  8.78348151e-01  8.78450827e-01  8.78406805e-01 -1.56252652e-05  2.58848065e-12  1.75733435e-12 
 2.93596815e-05  8.78348076e-01  8.78455928e-01  8.78411857e-01 -1.55858849e-05 -2.71651408e-12  8.16058972e-13 
 2.94596815e-05  8.78348134e-01  8.78459507e-01  8.78415552e-01 -1.56252589e-05  2.43278770e-12  1.69269134e-12 
 2.95596815e-05  8.78348057e-01  8.78460683e-01  8.78416737e-01 -1.55858907e-05 -3.07229567e-12  5.56709789e-13 
 2.96596815e-05  8.78348112e-01  8.78462093e-01  8.78418128e-01 -1.56252548e-05  2.46710118e-12  1.72207501e-12 
 2.97596815e-05  8.78348036e-01  8.78462478e-01  8.78418579e-01 -1.55858948e-05 -3.19647260e-12  4.76486472e-13 
 2.98596815e-05  8.78348090e-01  8.78462849e-01  8.78418891e-01 -1.56252510e-05  2.44169268e-12  1.69948501e-12 
 2.99298408e-05  8.78348017e-01  8.78463024e-01  8.78419124e-01 -1.55858998e-05 -3.18501844e-12  4.89058447e-13 
 3.00000000e-05  8.78348074e-01  8.78463084e-01  8.78419141e-01 -1.56252448e-05  2.39247554e-12  1.66511504e-12 
 3.00000677e-05  8.78327534e-01  8.78417865e-01  8.78417950e-01 -1.80280685e-05 -6.37551360e-09 -3.14420820e-09 
 3.00002030e-05  8.78306895e-01  8.78361691e-01  8.78414151e-01 -1.95214961e-05 -1.51054521e-08 -8.71536270e-09 
 3.00004249e-05  8.78282554e-01  8.78348607e-01  8.78405402e-01 -2.00156914e-05 -2.19790824e-08 -1.64418646e-08 
 3.00006597e-05  8.78256503e-01  8.78371146e-01  8.78397379e-01 -2.07254008e-05 -2.67969392e-08 -2.38273696e-08 
 3.00009383e-05  8.78234420e-01  8.78407677e-01  8.78391902e-01 -2.28842567e-05 -2.59373911e-08 -3.15813805e-08 
 3.00012066e-05  8.78221848e-01  8.78447989e-01  8.78391089e-01 -2.74376017e-05 -1.27156844e-08 -3.79865301e-08 
 3.00014638e-05  8.78224197e-01  8.78492629e-01  8.78394544e-01 -3.45347592e-05  1.80798844e-08 -4.30581581e-08 
 3.00016980e-05  8.78236158e-01  8.78537496e-01  8.78401396e-01 -4.35982536e-05  6.83396909e-08 -4.67074851e-08 
 3.00018830e-05  8.78254268e-01  8.78577482e-01  8.78409403e-01 -5.24001970e-05  1.30031377e-07 -4.88046237e-08 
 3.00020274e-05  8.78271074e-01  8.78611285e-01  8.78417322e-01 -6.02755444e-05  1.98242448e-07 -4.98455892e-08 
 3.00021457e-05  8.78287608e-01  8.78642041e-01  8.78424966e-01 -6.72113579e-05  2.73324665e-07 -5.01680439e-08 
 3.00022466e-05  8.78301140e-01  8.78670552e-01  8.78432379e-01 -7.34455718e-05  3.56995919e-07 -4.99513068e-08 
 3.00023347e-05  8.78312848e-01  8.78698353e-01  8.78439587e-01 -7.89520562e-05  4.50932513e-07 -4.92484642e-08 
 3.00024132e-05  8.78320868e-01  8.78725905e-01  8.78446662e-01 -8.38524244e-05  5.57487926e-07 -4.80853774e-08 
 3.00024865e-05  8.78326157e-01  8.78755028e-01  8.78453880e-01 -8.82277363e-05  6.83112383e-07 -4.63842971e-08 
 3.00025622e-05  8.78328930e-01  8.78789197e-01  8.78462062e-01 -9.24934740e-05  8.47101843e-07 -4.38392137e-08 
 3.00026458e-05  8.78332905e-01  8.78831640e-01  8.78472079e-01 -9.68265602e-05  1.07459909e-06 -3.99766091e-08 
 3.00027403e-05  8.78341349e-01  8.78883191e-01  8.78484742e-01 -1.01362647e-04  1.39111612e-06 -3.43352057e-08 
 3.00028315e-05  8.78352684e-01  8.78934069e-01  8.78498355e-01 -1.05363926e-04  1.75353304e-06 -2.77543495e-08 
 3.00029161e-05  8.78362169e-01  8.78980645e-01  8.78512159e-01 -1.08719553e-04  2.13553822e-06 -2.08055928e-08 
 3.00030216e-05  8.78369543e-01  8.79036414e-01  8.78530866e-01 -1.12363704e-04  2.66722668e-06 -1.11945625e-08 
 3.00031196e-05  8.78374693e-01  8.79084055e-01  8.78549531e-01 -1.15281069e-04  3.20496157e-06 -1.57969182e-09 
 3.00032160e-05  8.78382020e-01  8.79125120e-01  8.78568856e-01 -1.17587581e-04  3.76111801e-06  8.22371053e-09 
 3.00033177e-05  8.78392085e-01  8.79160713e-01  8.78589988e-01 -1.18742721e-04  4.36145534e-06  1.86063411e-08 
 3.00034009e-05  8.78401947e-01  8.79181879e-01  8.78607590e-01 -1.17344549e-04  4.84723836e-06  2.67896716e-08 
 3.00034633e-05  8.78409019e-01  8.79190318e-01  8.78620769e-01 -1.13204909e-04  5.19299195e-06  3.23834677e-08 
 3.00035195e-05  8.78414655e-01  8.79189487e-01  8.78632436e-01 -1.06641564e-04  5.47617980e-06  3.66748879e-08 
 3.00035831e-05  8.78419410e-01  8.79176898e-01  8.78645179e-01 -9.66587415e-05  5.75044104e-06  4.03639736e-08 
 3.00036510e-05  8.78422570e-01  8.79150719e-01  8.78657901e-01 -8.43440689e-05  5.97798743e-06  4.27589916e-08 
 3.00037327e-05  8.78423564e-01  8.79106645e-01  8.78671623e-01 -6.92348215e-05  6.15764120e-06  4.35702429e-08 
 3.00038390e-05  8.78421025e-01  8.79040956e-01  8.78686530e-01 -5.20562746e-05  6.24954015e-06  4.17963901e-08 
 3.00039118e-05  8.78417270e-01  8.78997292e-01  8.78694826e-01 -4.29975385e-05  6.23435948e-06  3.91853521e-08 
 3.00039848e-05  8.78412403e-01  8.78959609e-01  8.78701723e-01 -3.61524828e-05  6.17229989e-06  3.58834648e-08 
 3.00040779e-05  8.78405058e-01  8.78922708e-01  8.78708868e-01 -3.00830577e-05  6.04589628e-06  3.11299206e-08 
 3.00041628e-05  8.78397633e-01  8.78900038e-01  8.78714163e-01 -2.65936883e-05  5.90016774e-06  2.65625342e-08 
 3.00042633e-05  8.78388317e-01  8.78885056e-01  8.78719461e-01 -2.40857057e-05  5.70765272e-06  2.11516955e-08 
 3.00043634e-05  8.78378704e-01  8.78880150e-01  8.78724139e-01 -2.27163204e-05  5.50606513e-06  1.59017338e-08 
 3.00044887e-05  8.78366441e-01  8.78883694e-01  8.78729706e-01 -2.18404016e-05  5.25167215e-06  9.62275134e-09 
 3.00046249e-05  8.78352959e-01  8.78895296e-01  8.78735853e-01 -2.14424082e-05  4.98062094e-06  3.19144406e-09 
 3.00048045e-05  8.78335140e-01  8.78917154e-01  8.78744619e-01 -2.12523913e-05  4.63966207e-06 -4.67955478e-09 
 3.00050000e-05  8.78315717e-01  8.78945190e-01  8.78755352e-01 -2.12073608e-05  4.29224688e-06 -1.25434097e-08 
 3.00050027e-05  8.78318699e-01  8.78948893e-01  8.78755515e-01 -2.01630539e-05  4.28800374e-06 -1.24850456e-08 
 3.00050082e-05  8.78322832e-01  8.78955825e-01  8.78755847e-01 -1.96252742e-05  4.27955536e-06 -1.23807284e-08 
 3.00050190e-05  8.78324984e-01  8.78967674e-01  8.78756550e-01 -1.91943646e-05  4.26269117e-06 -1.22267743e-08 
 3.00050328e-05  8.78325035e-01  8.78980564e-01  8.78757505e-01 -1.87424208e-05  4.24122204e-06 -1.20777206e-08 
 3.00050604e-05  8.78325257e-01  8.79003560e-01  8.78759597e-01 -1.79684303e-05  4.19817941e-06 -1.18331175e-08 
 3.00051156e-05  8.78325368e-01  8.79040725e-01  8.78764368e-01 -1.69602851e-05  4.11208992e-06 -1.15044886e-08 
 3.00052141e-05  8.78325572e-01  8.79084415e-01  8.78774200e-01 -1.60478370e-05  3.96003038e-06 -1.11957232e-08 
 3.00054113e-05  8.78325811e-01  8.79125798e-01  8.78795972e-01 -1.55932486e-05  3.66856552e-06 -1.09085097e-08 
 3.00056336e-05  8.78326180e-01  8.79144397e-01  8.78821102e-01 -1.55579816e-05  3.36365548e-06 -1.06422302e-08 
 3.00059647e-05  8.78326582e-01  8.79162703e-01  8.78856943e-01 -1.55710969e-05  2.95510358e-06 -1.01608395e-08 
 3.00064188e-05  8.78327194e-01  8.79183057e-01  8.78902229e-01 -1.55521336e-05  2.47373312e-06 -9.41987997e-09 
 3.00073269e-05  8.78328145e-01  8.79213949e-01  8.78979795e-01 -1.55689265e-05  1.72853813e-06 -7.85323268e-09 
 3.00091430e-05  8.78329722e-01  8.79241707e-01  8.79088550e-01 -1.55486110e-05  8.23486039e-07 -4.99339902e-09 
 3.00127753e-05  8.78331471e-01  8.79200604e-01  8.79163154e-01 -1.55646464e-05  1.40064801e-07 -1.48748321e-09 
 3.00189010e-05  8.78332465e-01  8.78982378e-01  8.79035838e-01 -1.55444361e-05 -1.26690281e-08  1.75130810e-11 
 3.00265168e-05  8.78332148e-01  8.78654481e-01  8.78720297e-01 -1.55620396e-05  2.15467444e-09 -1.83200437e-10 
 3.00344819e-05  8.78331514e-01  8.78381030e-01  8.78417460e-01 -1.55438936e-05 -7.72944523e-10 -1.91754449e-10 
 3.00447036e-05  8.78330704e-01  8.78189533e-01  8.78180960e-01 -1.55626384e-05  6.06607718e-11 -1.03405772e-10 
 3.00589554e-05  8.78330167e-01  8.78158052e-01  8.78105341e-01 -1.55442550e-05 -6.82629257e-11 -7.14219900e-12 
 3.00830614e-05  8.78330088e-01  8.78354835e-01  8.78282899e-01 -1.55618421e-05  1.33207155e-10  5.61130749e-11 
 3.01173097e-05  8.78330627e-01  8.78558503e-01  8.78509516e-01 -1.55430047e-05 -2.21326607e-11  1.89596857e-11 
 3.01547635e-05  8.78330709e-01  8.78516734e-01  8.78481599e-01 -1.55617293e-05  4.68934570e-12 -1.55009361e-11 
 3.01773817e-05  8.78330640e-01  8.78462594e-01  8.78422867e-01 -1.55435331e-05 -3.19004369e-11 -9.37503195e-12 
 3.02000000e-05  8.78330526e-01  8.78449511e-01  8.78405284e-01 -1.55618700e-05  1.15340539e-11  2.75199297e-13 
 3.02000103e-05  8.78334549e-01  8.78466361e-01  8.78405354e-01 -1.05974443e-05  2.43439263e-09  5.27868259e-10 
 3.02000308e-05  8.78337731e-01  8.78493318e-01  8.78405604e-01 -1.00844955e-05  7.36727743e-09  1.52590753e-09 
 3.02000650e-05  8.78337538e-01  8.78524198e-01  8.78406409e-01 -9.83005947e-06  1.54100739e-08  3.06530010e-09 
 3.02001009e-05  8.78338844e-01  8.78550853e-01  8.78407652e-01 -9.47786807e-06  2.35153795e-08  4.62198641e-09 
 3.02001727e-05  8.78340079e-01  8.78589643e-01  8.78411011e-01 -9.22301412e-06  3.91513636e-08  7.57553342e-09 
 3.02003163e-05  8.78343410e-01  8.78630909e-01  8.78419683e-01 -8.93992639e-06  6.85420097e-08  1.30810712e-08 
 3.02005508e-05  8.78348243e-01  8.78652071e-01  8.78435626e-01 -8.94288418e-06  1.12730481e-07  2.12921053e-08 
 3.02009182e-05  8.78356416e-01  8.78656554e-01  8.78459548e-01 -8.91584982e-06  1.74113864e-07  3.26755989e-08 
 3.02014624e-05  8.78373339e-01  8.78653491e-01  8.78489301e-01 -9.96843278e-06  2.49556729e-07  4.65926748e-08 
 3.02015906e-05  8.78382643e-01  8.78651412e-01  8.78495259e-01 -1.07604279e-05  2.64379931e-07  4.93055407e-08 
 3.02017581e-05  8.78404211e-01  8.78646037e-01  8.78502360e-01 -1.34489651e-05  2.80817468e-07  5.22271758e-08 
 3.02018919e-05  8.78433177e-01  8.78639132e-01  8.78507380e-01 -1.72653377e-05  2.90618906e-07  5.38583353e-08 
 3.02020163e-05  8.78471579e-01  8.78629951e-01  8.78511422e-01 -2.26753693e-05  2.96051300e-07  5.45742510e-08 
 3.02021466e-05  8.78523004e-01  8.78617228e-01  8.78514888e-01 -2.99907735e-05  2.96914507e-07  5.42681670e-08 
 3.02022919e-05  8.78590387e-01  8.78599374e-01  8.78517684e-01 -3.94699355e-05  2.91000339e-07  5.23980524e-08 
 3.02024284e-05  8.78657796e-01  8.78578565e-01  8.78519138e-01 -4.79928502e-05  2.77728909e-07  4.89040633e-08 
 3.02025466e-05  8.78715223e-01  8.78556199e-01  8.78519337e-01 -5.36542921e-05  2.59070739e-07  4.42259315e-08 
 3.02026559e-05  8.78764409e-01  8.78530610e-01  8.78518487e-01 -5.63511977e-05  2.34786044e-07  3.82570790e-08 
 3.02027760e-05  8.78811969e-01  8.78498024e-01  8.78516230e-01 -5.74012091e-05  1.99771487e-07  2.97761452e-08 
 3.02029102e-05  8.78855520e-01  8.78461897e-01  8.78512040e-01 -5.81641264e-05  1.51229985e-07  1.83022574e-08 
 3.02030020e-05  8.78879088e-01  8.78441033e-01  8.78508271e-01 -5.86385754e-05  1.12780759e-07  9.55952417e-09 
 3.02031007e-05  8.78898059e-01  8.78424004e-01  8.78503638e-01 -5.88916226e-05  6.52073943e-08 -3.45123062e-10 
 3.02031835e-05  8.78907454e-01  8.78415010e-01  8.78499466e-01 -5.87702360e-05  1.26895037e-08 -8.86811933e-09 
 3.02032412e-05  8.78908630e-01  8.78412439e-01  8.78496508e-01 -5.82364607e-05 -4.13433482e-08 -1.48006845e-08 
 3.02033041e-05  8.78903453e-01  8.78414003e-01  8.78493345e-01 -5.72515053e-05 -1.28958707e-07 -2.11215278e-08 
 3.02033542e-05  8.78890556e-01  8.78419100e-01  8.78490952e-01 -5.61463423e-05 -2.20690929e-07 -2.58978324e-08 
 3.02033847e-05  8.78873745e-01  8.78424524e-01  8.78489578e-01 -5.52442783e-05 -2.83725845e-07 -2.86015736e-08 
 3.02034079e-05  8.78852318e-01  8.78430497e-01  8.78488601e-01 -5.42853662e-05 -3.33029871e-07 -3.04545845e-08 
 3.02034323e-05  8.78820387e-01  8.78439450e-01  8.78487651e-01 -5.29643948e-05 -3.84838659e-07 -3.21180070e-08 
 3.02034642e-05  8.78768188e-01  8.78456292e-01  8.78486592e-01 -5.07382413e-05 -4.49522596e-07 -3.36858865e-08 
 3.02034955e-05  8.78711895e-01  8.78478761e-01  8.78485808e-01 -4.80897309e-05 -5.08304814e-07 -3.44833674e-08 
 3.02035421e-05  8.78631111e-01  8.78520481e-01  8.78485251e-01 -4.36467172e-05 -5.85505508e-07 -3.43744020e-08 
 3.02035694e-05  8.78589127e-01  8.78547822e-01  8.78485305e-01 -4.09237878e-05 -6.24995847e-07 -3.36856615e-08 
 3.02036002e-05  8.78548074e-01  8.78579391e-01  8.78485727e-01 -3.78933578e-05 -6.65350105e-07 -3.24989334e-08 
 3.02036364e-05  8.78508163e-01  8.78615556e-01  8.78486702e-01 -3.45008242e-05 -7.07874342e-07 -3.07149637e-08 
 3.02036760e-05  8.78474243e-01  8.78652287e-01  8.78488323e-01 -3.11231751e-05 -7.49535812e-07 -2.84698484e-08 
 3.02037155e-05  8.78448587e-01  8.78685031e-01  8.78490464e-01 -2.81220893e-05 -7.87450019e-07 -2.60749918e-08 
 3.02037585e-05  8.78428011e-01  8.78715600e-01  8.78493293e-01 -2.53146646e-05 -8.25565031e-07 -2.34351498e-08 
 3.02038045e-05  8.78412110e-01  8.78742624e-01  8.78496788e-01 -2.27828957e-05 -8.63682096e-07 -2.06641048e-08 
 3.02038572e-05  8.78399272e-01  8.78767252e-01  8.78501259e-01 -2.04154621e-05 -9.04969982e-07 -1.76105461e-08 
 3.02039163e-05  8.78389351e-01  8.78788231e-01  8.78506694e-01 -1.83000161e-05 -9.48913918e-07 -1.43684867e-08 
 3.02039870e-05  8.78381403e-01  8.78806409e-01  8.78513567e-01 -1.63671121e-05 -9.98871526e-07 -1.07300607e-08 
 3.02040705e-05  8.78375318e-01  8.78821282e-01  8.78521992e-01 -1.46744767e-05 -1.05506962e-06 -6.69707312e-09 
 3.02041761e-05  8.78370806e-01  8.78833848e-01  8.78532814e-01 -1.31947512e-05 -1.12262653e-06 -1.91199694e-09 
 3.02043093e-05  8.78368417e-01  8.78844359e-01  8.78546433e-01 -1.20101999e-05 -1.20458916e-06  3.76495158e-09 
 3.02044855e-05  8.78369420e-01  8.78853952e-01  8.78564049e-01 -1.11803230e-05 -1.31601978e-06  1.08055316e-08 
 3.02047050e-05  8.78376076e-01  8.78862687e-01  8.78585109e-01 -1.07412059e-05 -1.49012447e-06  1.89529748e-08 
 3.02048525e-05  8.78383250e-01  8.78867345e-01  8.78598631e-01 -1.06261589e-05 -1.65062481e-06  2.40646531e-08 
 3.02050000e-05  8.78391576e-01  8.78871304e-01  8.78611626e-01 -1.05624450e-05 -1.86257148e-06  2.89027840e-08 
 3.02050019e-05  8.78390081e-01  8.78867368e-01  8.78611790e-01 -1.51452588e-05 -1.86617351e-06  2.88582781e-08 
 3.02050058e-05  8.78387545e-01  8.78860127e-01  8.78612111e-01 -1.54154693e-05 -1.87347381e-06  2.87723576e-08 
 3.02050135e-05  8.78385038e-01  8.78848345e-01  8.78612724e-01 -1.55389317e-05 -1.88839352e-06  2.86238506e-08 
 3.02050290e-05  8.78383661e-01  8.78830339e-01  8.78613850e-01 -1.55399713e-05 -1.91822902e-06  2.83780543e-08 
 3.02050550e-05  8.78382312e-01  8.78806337e-01  8.78615514e-01 -1.56170526e-05 -1.96769492e-06  2.80107224e-08 
 3.02051071e-05  8.78380783e-01  8.78768578e-01  8.78618155e-01 -1.56161137e-05 -2.06417298e-06  2.73713510e-08 
 3.02052113e-05  8.78379621e-01  8.78720902e-01  8.78621529e-01 -1.56536674e-05 -2.24844744e-06  2.62920186e-08 
 3.02053243e-05  8.78379324e-01  8.78696183e-01  8.78623433e-01 -1.56077393e-05 -2.43646308e-06  2.52769626e-08 
 3.02055086e-05  8.78378919e-01  8.78681241e-01  8.78624951e-01 -1.56318241e-05 -2.71937604e-06  2.37977412e-08 
 3.02057825e-05  8.78378466e-01  8.78678138e-01  8.78626073e-01 -1.55958305e-05 -3.09029931e-06  2.19017360e-08 
 3.02063303e-05  8.78377625e-01  8.78681743e-01  8.78628035e-01 -1.56254668e-05 -3.68187527e-06  1.89213176e-08 
 3.02074259e-05  8.78376518e-01  8.78690181e-01  8.78633066e-01 -1.55888139e-05 -4.41960044e-06  1.51737439e-08 
 3.02096170e-05  8.78375341e-01  8.78707374e-01  8.78646339e-01 -1.56167818e-05 -4.88302728e-06  1.20757865e-08 
 3.02139993e-05  8.78374858e-01  8.78738104e-01  8.78676668e-01 -1.55817504e-05 -4.40987758e-06  1.04216415e-08 
 3.02190148e-05  8.78374994e-01  8.78759012e-01  8.78704667e-01 -1.56141950e-05 -3.51189304e-06  8.86715816e-09 
 3.02276349e-05  8.78375355e-01  8.78751684e-01  8.78713206e-01 -1.55828342e-05 -2.38288419e-06  5.99562378e-09 
 3.02433845e-05  8.78375635e-01  8.78647162e-01  8.78625589e-01 -1.56176606e-05 -1.16044278e-06  2.87316313e-09 
 3.02611489e-05  8.78375611e-01  8.78501868e-01  8.78477319e-01 -1.55874188e-05 -5.16238310e-07  1.25188649e-09 
 3.02836293e-05  8.78375378e-01  8.78408083e-01  8.78368903e-01 -1.56211685e-05 -1.79628053e-07  4.34984485e-10 
 3.03098477e-05  8.78375329e-01  8.78418477e-01  8.78369673e-01 -1.55892145e-05 -5.04183711e-08  1.34768048e-10 
 3.03482393e-05  8.78375391e-01  8.78475656e-01  8.78428906e-01 -1.56216496e-05 -4.85082644e-09  2.03363513e-11 
 3.04015854e-05  8.78375483e-01  8.78483015e-01  8.78440806e-01 -1.55893732e-05  2.89179523e-10 -2.96590199e-12 
 3.04919563e-05  8.78375401e-01  8.78470577e-01  8.78425774e-01 -1.56217924e-05 -7.42628686e-11  2.47591785e-12 
 3.05919563e-05  8.78375455e-01  8.78490293e-01  8.78446229e-01 -1.55893614e-05  7.76909656e-12  1.81390065e-12 
 3.06919563e-05  8.78375419e-01  8.78485020e-01  8.78441477e-01 -1.56217774e-05  1.25490315e-11 -2.74497764e-14 
 3.07919563e-05  8.78375437e-01  8.78488164e-01  8.78443749e-01 -1.55893839e-05 -2.35588719e-11  2.22726915e-12 
 3.08919563e-05  8.78375413e-01  8.78490976e-01  8.78447366e-01 -1.56217598e-05  2.24690089e-11  4.14937236e-13 
 3.09919563e-05  8.78375430e-01  8.78488488e-01  8.78444402e-01 -1.55893937e-05 -2.53866823e-11  1.39001668e-12 
 3.10919563e-05  8.78375399e-01  8.78491237e-01  8.78447331e-01 -1.56217573e-05  2.07943636e-11  1.06507191e-12 
 3.11919563e-05  8.78375423e-01  8.78490055e-01  8.78446173e-01 -1.55893922e-05 -2.25072064e-11  1.00530174e-12 
 3.12919563e-05  8.78375386e-01  8.78490484e-01  8.78446504e-01 -1.56217601e-05  1.75960112e-11  1.16065686e-12 
 3.13919563e-05  8.78375413e-01  8.78490815e-01  8.78446929e-01 -1.55893899e-05 -1.95062269e-11  1.06541051e-12 
 3.14919563e-05  8.78375376e-01  8.78490353e-01  8.78446419e-01 -1.56217612e-05  1.49192108e-11  1.03668810e-12 
 3.15919563e-05  8.78375401e-01  8.78490800e-01  8.78446866e-01 -1.55893900e-05 -1.71777024e-11  1.17171100e-12 
 3.16919563e-05  8.78375366e-01  8.78490539e-01  8.78446640e-01 -1.56217604e-05  1.28647973e-11  9.72447763e-13 
 3.17919563e-05  8.78375390e-01  8.78490643e-01  8.78446695e-01 -1.55893910e-05 -1.53326219e-11  1.19156399e-12 
 3.18919563e-05  8.78375355e-01  8.78490643e-01  8.78446744e-01 -1.56217594e-05  1.11703533e-11  9.79771928e-13 
 3.19919563e-05  8.78375379e-01  8.78490597e-01  8.78446656e-01 -1.55893919e-05 -1.37603687e-11  1.17311201e-12 
 3.20919563e-05  8.78375344e-01  8.78490632e-01  8.78446725e-01 -1.56217588e-05  9.70657387e-12  9.96689602e-13 
 3.21459781e-05  8.78375371e-01  8.78490624e-01  8.78446690e-01 -1.55893925e-05 -1.19259431e-11  1.16218179e-12 
 3.22000000e-05  8.78375338e-01  8.78490592e-01  8.78446682e-01 -1.56217579e-05  7.55552326e-12  9.97110868e-13 
 3.22000351e-05  8.78367455e-01  8.78447922e-01  8.78446091e-01 -2.05620631e-05 -1.00644338e-08 -1.67006061e-09 
 3.22001054e-05  8.78361881e-01  8.78387031e-01  8.78444080e-01 -2.07558175e-05 -3.00027136e-08 -4.78006907e-09 
 3.22002459e-05  8.78359064e-01  8.78325465e-01  8.78436876e-01 -2.07760016e-05 -6.62914715e-08 -1.03853703e-08 
 3.22003985e-05  8.78355338e-01  8.78297456e-01  8.78426847e-01 -2.09947682e-05 -1.02048112e-07 -1.60113182e-08 
 3.22005571e-05  8.78353770e-01  8.78289395e-01  8.78415946e-01 -2.12770040e-05 -1.36121763e-07 -2.14464256e-08 
 3.22008742e-05  8.78352379e-01  8.78284207e-01  8.78395303e-01 -2.32227905e-05 -1.94091051e-07 -3.12215415e-08 
 3.22011436e-05  8.78360197e-01  8.78288332e-01  8.78379662e-01 -2.70602170e-05 -2.32479965e-07 -3.83336814e-08 
 3.22013777e-05  8.78374103e-01  8.78293113e-01  8.78367776e-01 -3.28324680e-05 -2.57119291e-07 -4.36162565e-08 
 3.22016010e-05  8.78396232e-01  8.78301926e-01  8.78358015e-01 -4.04749681e-05 -2.72702743e-07 -4.78226628e-08 
 3.22017849e-05  8.78418462e-01  8.78310363e-01  8.78351218e-01 -4.84992349e-05 -2.78659350e-07 -5.06302973e-08 
 3.22019307e-05  8.78439269e-01  8.78319876e-01  8.78346685e-01 -5.57959194e-05 -2.77969235e-07 -5.23388084e-08 
 3.22020509e-05  8.78456202e-01  8.78328645e-01  8.78343571e-01 -6.24846442e-05 -2.72559762e-07 -5.33327697e-08 
 3.22021532e-05  8.78470567e-01  8.78338224e-01  8.78341402e-01 -6.84796648e-05 -2.63500307e-07 -5.37890523e-08 
 3.22022423e-05  8.78480830e-01  8.78347789e-01  8.78339921e-01 -7.39363507e-05 -2.51064360e-07 -5.38152662e-08 
 3.22023208e-05  8.78487679e-01  8.78358167e-01  8.78338967e-01 -7.87577503e-05 -2.35530715e-07 -5.34547372e-08 
 3.22023909e-05  8.78490040e-01  8.78369126e-01  8.78338435e-01 -8.30579967e-05 -2.16776883e-07 -5.27382707e-08 
 3.22024555e-05  8.78488219e-01  8.78381380e-01  8.78338254e-01 -8.68454016e-05 -1.94286664e-07 -5.16444231e-08 
 3.22025192e-05  8.78481556e-01  8.78395884e-01  8.78338416e-01 -9.03935280e-05 -1.65877905e-07 -5.00500778e-08 
 3.22025916e-05  8.78469876e-01  8.78415527e-01  8.78339083e-01 -9.40758557e-05 -1.25158156e-07 -4.75133325e-08 
 3.22026637e-05  8.78456579e-01  8.78437734e-01  8.78340323e-01 -9.74588549e-05 -7.57459453e-08 -4.41934601e-08 
 3.22027659e-05  8.78438574e-01  8.78471047e-01  8.78343135e-01 -1.01808669e-04  5.50890896e-09 -3.82635012e-08 
 3.22028480e-05  8.78425219e-01  8.78497676e-01  8.78346279e-01 -1.04908840e-04  7.37709473e-08 -3.26058812e-08 
 3.22029280e-05  8.78413486e-01  8.78522393e-01  8.78350054e-01 -1.07535789e-04  1.33933419e-07 -2.64609598e-08 
 3.22030253e-05  8.78401269e-01  8.78549639e-01  8.78355474e-01 -1.10190481e-04  1.89386776e-07 -1.83384177e-08 
 3.22031272e-05  8.78392905e-01  8.78573009e-01  8.78361940e-01 -1.12449455e-04  2.28987956e-07 -9.31644207e-09 
 3.22032211e-05  8.78388763e-01  8.78588218e-01  8.78368386e-01 -1.13841290e-04  2.58257924e-07 -7.93257975e-10 
 3.22033290e-05  8.78386738e-01  8.78596189e-01  8.78375986e-01 -1.13400501e-04  2.89350179e-07  8.82446321e-09 
 3.22034046e-05  8.78386385e-01  8.78593132e-01  8.78381192e-01 -1.09585643e-04  3.09422002e-07  1.50425697e-08 
 3.22034617e-05  8.78385981e-01  8.78583060e-01  8.78384870e-01 -1.03390331e-04  3.22399316e-07  1.90520862e-08 
 3.22035188e-05  8.78385356e-01  8.78563835e-01  8.78388142e-01 -9.47411588e-05  3.32291150e-07  2.21522159e-08 
 3.22035850e-05  8.78384223e-01  8.78530266e-01  8.78391147e-01 -8.29353638e-05  3.39076618e-07  2.44010406e-08 
 3.22036567e-05  8.78382684e-01  8.78483362e-01  8.78393175e-01 -6.96654682e-05  3.40471327e-07  2.52206136e-08 
 3.22037539e-05  8.78380190e-01  8.78411455e-01  8.78393568e-01 -5.34792057e-05  3.33308970e-07  2.40484162e-08 
 3.22038323e-05  8.78378103e-01  8.78353772e-01  8.78391875e-01 -4.33515825e-05  3.21220111e-07  2.16657958e-08 
 3.22039019e-05  8.78376255e-01  8.78307532e-01  8.78388989e-01 -3.66670892e-05  3.07052707e-07  1.88930336e-08 
 3.22039787e-05  8.78374303e-01  8.78264243e-01  8.78384539e-01 -3.14306226e-05  2.88809368e-07  1.54529708e-08 
 3.22040645e-05  8.78372187e-01  8.78225903e-01  8.78378350e-01 -2.76184984e-05  2.66365789e-07  1.14241198e-08 
 3.22041529e-05  8.78370105e-01  8.78196441e-01  8.78371015e-01 -2.52566660e-05  2.41953090e-07  7.27386841e-09 
 3.22042518e-05  8.78367825e-01  8.78173095e-01  8.78362093e-01 -2.37703966e-05  2.14030278e-07  2.76951129e-09 
 3.22043610e-05  8.78365372e-01  8.78155783e-01  8.78351765e-01 -2.29378270e-05  1.83141934e-07 -1.97861449e-09 
 3.22044916e-05  8.78362460e-01  8.78142532e-01  8.78339213e-01 -2.24927819e-05  1.46890622e-07 -7.33141829e-09 
 3.22046469e-05  8.78359044e-01  8.78132775e-01  8.78324419e-01 -2.23030807e-05  1.05351485e-07 -1.32767414e-08 
 3.22048235e-05  8.78355173e-01  8.78125656e-01  8.78308110e-01 -2.22418196e-05  6.06409109e-08 -1.95490848e-08 
 3.22050000e-05  8.78351338e-01  8.78120576e-01  8.78292497e-01 -2.22287492e-05  1.87028824e-08 -2.53693020e-08 
 3.22050017e-05  8.78352603e-01  8.78123993e-01  8.78292356e-01 -1.76511517e-05  1.86893110e-08 -2.53312047e-08 
 3.22050050e-05  8.78354692e-01  8.78130340e-01  8.78292079e-01 -1.73469655e-05  1.86885711e-08 -2.52574177e-08 
 3.22050116e-05  8.78356642e-01  8.78140911e-01  8.78291548e-01 -1.70756242e-05  1.87762491e-08 -2.51272692e-08 
 3.22050205e-05  8.78357114e-01  8.78152269e-01  8.78290876e-01 -1.69754117e-05  1.89151253e-08 -2.49790971e-08 
 3.22050346e-05  8.78357236e-01  8.78167159e-01  8.78289892e-01 -1.67508841e-05  1.90860479e-08 -2.47644405e-08 
 3.22050628e-05  8.78357251e-01  8.78192158e-01  8.78288164e-01 -1.64721827e-05  1.93240369e-08 -2.43706077e-08 
 3.22051192e-05  8.78357300e-01  8.78230815e-01  8.78285476e-01 -1.60395778e-05  1.95014717e-08 -2.36772895e-08 
 3.22052319e-05  8.78357294e-01  8.78277481e-01  8.78282158e-01 -1.56993789e-05  1.92381080e-08 -2.25072313e-08 
 3.22054573e-05  8.78357364e-01  8.78310254e-01  8.78279379e-01 -1.55302538e-05  1.79272973e-08 -2.05409117e-08 
 3.22057484e-05  8.78357429e-01  8.78314343e-01  8.78278170e-01 -1.55643048e-05  1.60584200e-08 -1.83243174e-08 
 3.22061832e-05  8.78357556e-01  8.78312256e-01  8.78276764e-01 -1.55376711e-05  1.35688235e-08 -1.54427082e-08 
 3.22069020e-05  8.78357692e-01  8.78308189e-01  8.78274136e-01 -1.55635205e-05  1.02408356e-08 -1.16252226e-08 
 3.22083395e-05  8.78357932e-01  8.78299281e-01  8.78267743e-01 -1.55398600e-05  5.76907824e-09 -6.50699183e-09 
 3.22112145e-05  8.78358139e-01  8.78280355e-01  8.78251798e-01 -1.55654935e-05  1.62243577e-09 -1.81132438e-09 
 3.22169646e-05  8.78358205e-01  8.78249820e-01  8.78219039e-01 -1.55418554e-05 -1.13138581e-10  9.86994085e-11 
 3.22284647e-05  8.78357966e-01  8.78245907e-01  8.78198010e-01 -1.55659223e-05  3.81297992e-11 -5.05177865e-11 
 3.22434336e-05  8.78357877e-01  8.78330873e-01  8.78267676e-01 -1.55408959e-05  3.48490917e-11  5.12202161e-11 
 3.22666155e-05  8.78358073e-01  8.78486406e-01  8.78427332e-01 -1.55645921e-05  5.52016792e-11  2.24485278e-11 
 3.23065962e-05  8.78358397e-01  8.78557960e-01  8.78517865e-01 -1.55402440e-05 -1.78544523e-11  7.06374943e-12 
 3.23469049e-05  8.78358316e-01  8.78490838e-01  8.78451338e-01 -1.55648198e-05 -7.52202944e-12 -1.68935589e-11 
 3.24000000e-05  8.78358232e-01  8.78472291e-01  8.78426306e-01 -1.55405041e-05  3.14919531e-13  1.09393961e-11 
 3.24000282e-05  8.78368831e-01  8.78496813e-01  8.78426603e-01 -1.34175835e-05  3.90279459e-09  1.45292190e-09 
 3.24000847e-05  8.78377218e-01  8.78534747e-01  8.78427614e-01 -1.18249370e-05  1.05953473e-08  4.07544618e-09 
 3.24001977e-05  8.78386817e-01  8.78574775e-01  8.78431291e-01 -1.05583095e-05  1.91911230e-08  8.60159495e-09 
 3.24003042e-05  8.78398991e-01  8.78586744e-01  8.78435692e-01 -1.01157938e-05  2.42993162e-08  1.24563946e-08 
 3.24005171e-05  8.78419108e-01  8.78578384e-01  8.78444102e-01 -1.00125329e-05  3.19533659e-08  1.95519153e-08 
 3.24007668e-05  8.78445327e-01  8.78551175e-01  8.78451404e-01 -9.94647304e-06  3.92400349e-08  2.71432284e-08 
 3.24012068e-05  8.78489196e-01  8.78491079e-01  8.78455577e-01 -1.01842141e-05  4.92108676e-08  3.87914996e-08 
 3.24014398e-05  8.78517119e-01  8.78456111e-01  8.78453270e-01 -1.06661338e-05  4.92066796e-08  4.40764453e-08 
 3.24016010e-05  8.78539962e-01  8.78429172e-01  8.78449862e-01 -1.18424193e-05  4.01967147e-08  4.72428935e-08 
 3.24017363e-05  8.78567585e-01  8.78404893e-01  8.78445819e-01 -1.37564367e-05  1.86899552e-08  4.94414958e-08 
 3.24018602e-05  8.78599996e-01  8.78379646e-01  8.78441104e-01 -1.68900734e-05 -2.15504638e-08  5.08746526e-08 
 3.24019868e-05  8.78644475e-01  8.78350982e-01  8.78435194e-01 -2.16460753e-05 -9.41322562e-08  5.15524605e-08 
 3.24021200e-05  8.78701012e-01  8.78316684e-01  8.78427653e-01 -2.85129168e-05 -2.17907156e-07  5.11310811e-08 
 3.24022696e-05  8.78774785e-01  8.78273524e-01  8.78417402e-01 -3.76451918e-05 -4.31053246e-07  4.89766245e-08 
 3.24024087e-05  8.78845809e-01  8.78228219e-01  8.78406007e-01 -4.62025869e-05 -7.14933145e-07  4.50745037e-08 
 3.24025331e-05  8.78907183e-01  8.78182372e-01  8.78394132e-01 -5.22706886e-05 -1.05368972e-06  3.97396223e-08 
 3.24026465e-05  8.78956680e-01  8.78134332e-01  8.78381725e-01 -5.53620942e-05 -1.44729720e-06  3.30425959e-08 
 3.24027726e-05  8.79002403e-01  8.78074178e-01  8.78365915e-01 -5.62882216e-05 -1.99167543e-06  2.33540614e-08 
 3.24029020e-05  8.79036837e-01  8.78009980e-01  8.78347348e-01 -5.66837124e-05 -2.66209211e-06  1.11998063e-08 
 3.24029913e-05  8.79053309e-01  8.77968150e-01  8.78333233e-01 -5.69444930e-05 -3.17984602e-06  1.82102494e-09 
 3.24030864e-05  8.79063229e-01  8.77927970e-01  8.78317221e-01 -5.70968532e-05 -3.76881867e-06 -8.77350024e-09 
 3.24031887e-05  8.79062427e-01  8.77890873e-01  8.78299108e-01 -5.70275403e-05 -4.43275045e-06 -2.06040258e-08 
 3.24032582e-05  8.79048295e-01  8.77870411e-01  8.78286422e-01 -5.65688724e-05 -4.89246311e-06 -2.87299262e-08 
 3.24033196e-05  8.79022129e-01  8.77856657e-01  8.78275106e-01 -5.57883084e-05 -5.29467348e-06 -3.57841663e-08 
 3.24033809e-05  8.78981181e-01  8.77848017e-01  8.78263799e-01 -5.46091833e-05 -5.68414955e-06 -4.25336493e-08 
 3.24034208e-05  8.78944454e-01  8.77845947e-01  8.78256501e-01 -5.36342773e-05 -5.92426399e-06 -4.66199351e-08 
 3.24034500e-05  8.78907301e-01  8.77847326e-01  8.78251231e-01 -5.25581845e-05 -6.08691514e-06 -4.93206411e-08 
 3.24034785e-05  8.78860937e-01  8.77852522e-01  8.78246187e-01 -5.11732401e-05 -6.22843409e-06 -5.15533367e-08 
 3.24035169e-05  8.78789132e-01  8.77867604e-01  8.78239631e-01 -4.86241329e-05 -6.38395465e-06 -5.36812153e-08 
 3.24035524e-05  8.78722570e-01  8.77889891e-01  8.78233925e-01 -4.57833360e-05 -6.48812094e-06 -5.46366093e-08 
 3.24036100e-05  8.78631378e-01  8.77937398e-01  8.78225635e-01 -4.05909343e-05 -6.58020098e-06 -5.42953518e-08 
 3.24036439e-05  8.78591156e-01  8.77968875e-01  8.78221366e-01 -3.74778873e-05 -6.59505813e-06 -5.31789187e-08 
 3.24036788e-05  8.78561366e-01  8.78000733e-01  8.78217484e-01 -3.43836920e-05 -6.58659676e-06 -5.15544876e-08 
 3.24037218e-05  8.78537844e-01  8.78037044e-01  8.78213349e-01 -3.08958642e-05 -6.55058668e-06 -4.91196756e-08 
 3.24037682e-05  8.78526797e-01  8.78070864e-01  8.78209608e-01 -2.75649387e-05 -6.48848906e-06 -4.61895229e-08 
 3.24038173e-05  8.78526929e-01  8.78099643e-01  8.78206334e-01 -2.45991824e-05 -6.40512742e-06 -4.29660942e-08 
 3.24038705e-05  8.78537110e-01  8.78122871e-01  8.78203411e-01 -2.19537293e-05 -6.30224387e-06 -3.94939467e-08 
 3.24039303e-05  8.78556559e-01  8.78140464e-01  8.78200675e-01 -1.96067573e-05 -6.17746654e-06 -3.57083719e-08 
 3.24039996e-05  8.78586016e-01  8.78151879e-01  8.78197986e-01 -1.75234882e-05 -6.02755912e-06 -3.15406214e-08 
 3.24040818e-05  8.78626576e-01  8.78156529e-01  8.78195148e-01 -1.57337182e-05 -5.84739483e-06 -2.68806604e-08 
 3.24041827e-05  8.78681559e-01  8.78153813e-01  8.78191829e-01 -1.42185341e-05 -5.62809469e-06 -2.15234259e-08 
 3.24043105e-05  8.78756540e-01  8.78142947e-01  8.78187474e-01 -1.30295491e-05 -5.35710389e-06 -1.51841868e-08 
 3.24044788e-05  8.78864346e-01  8.78122604e-01  8.78181054e-01 -1.21848588e-05 -5.01560322e-06 -7.45223113e-09 
 3.24047005e-05  8.79031269e-01  8.78091306e-01  8.78171031e-01 -1.17265360e-05 -4.59410421e-06  1.78685461e-09 
 3.24048503e-05  8.79168600e-01  8.78068703e-01  8.78163184e-01 -1.15970001e-05 -4.32824040e-06  7.41640376e-09 
 3.24050000e-05  8.79333573e-01  8.78045389e-01  8.78154458e-01 -1.15373712e-05 -4.07711304e-06  1.25475008e-08 
 3.24050031e-05  8.79333295e-01  8.78041171e-01  8.78154263e-01 -1.25733916e-05 -4.07250541e-06  1.24619435e-08 
 3.24050093e-05  8.79334796e-01  8.78033337e-01  8.78153863e-01 -1.30429434e-05 -4.06329300e-06  1.23068953e-08 
 3.24050218e-05  8.79345264e-01  8.78020132e-01  8.78153014e-01 -1.33389491e-05 -4.04477201e-06  1.20680457e-08 
 3.24050455e-05  8.79369806e-01  8.77998901e-01  8.78151242e-01 -1.38595752e-05 -4.00912176e-06  1.17040283e-08 
 3.24050805e-05  8.79405993e-01  8.77972049e-01  8.78148326e-01 -1.44035851e-05 -3.95634622e-06  1.12598910e-08 
 3.24051506e-05  8.79479988e-01  8.77931379e-01  8.78141682e-01 -1.50509150e-05 -3.85128483e-06  1.05833317e-08 
 3.24052906e-05  8.79627648e-01  8.77885053e-01  8.78126566e-01 -1.55189550e-05 -3.64716809e-06  9.57212749e-09 
 3.24054482e-05  8.79791954e-01  8.77862184e-01  8.78108426e-01 -1.55900491e-05 -3.42950028e-06  8.61595003e-09 
 3.24057343e-05  8.80082571e-01  8.77842583e-01  8.78075962e-01 -1.55979094e-05 -3.06663783e-06  6.98850943e-09 
 3.24060509e-05  8.80394066e-01  8.77830014e-01  8.78042185e-01 -1.55889973e-05 -2.70942881e-06  5.33901349e-09 
 3.24066842e-05  8.80985092e-01  8.77811642e-01  8.77982546e-01 -1.55913300e-05 -2.11297414e-06  2.48924842e-09 
 3.24078891e-05  8.82003053e-01  8.77798223e-01  8.77896518e-01 -1.55827245e-05 -1.30793021e-06 -1.48837566e-09 
 3.24102989e-05  8.83680672e-01  8.77843633e-01  8.77818802e-01 -1.55829958e-05 -4.70691930e-07 -5.45482355e-09 
 3.24151185e-05  8.85981545e-01  8.78154916e-01  8.77952871e-01 -1.55762266e-05 -1.38244914e-08 -5.89417011e-09 
 3.24216448e-05  8.87668358e-01  8.78902605e-01  8.78555294e-01 -1.55834710e-05  2.54032147e-09 -2.80236205e-09 
 3.24289869e-05  8.88538100e-01  8.80010196e-01  8.79575103e-01 -1.55824773e-05  7.82754542e-10 -6.81142201e-10 
 3.24381351e-05  8.88970828e-01  8.81537666e-01  8.81068499e-01 -1.55906424e-05  1.27555434e-09  3.20072070e-10 
 3.24525848e-05  8.89163850e-01  8.83747528e-01  8.83341838e-01 -1.55892562e-05  1.00175107e-09  6.85219870e-10 
 3.24698094e-05  8.89191264e-01  8.85526598e-01  8.85280962e-01 -1.55968719e-05  6.22248981e-10  4.64629539e-10 
 3.24854893e-05  8.89193865e-01  8.86249501e-01  8.86134418e-01 -1.55950172e-05  2.13365762e-10  1.96823244e-10 
 3.25038089e-05  8.89194502e-01  8.86423138e-01  8.86382018e-01 -1.56029229e-05 -2.46242198e-12  9.97551092e-12 
 3.25275345e-05  8.89194473e-01  8.86392235e-01  8.86351211e-01 -1.56006934e-05 -2.29370691e-11 -2.14594223e-11 
 3.25515306e-05  8.89194047e-01  8.86547292e-01  8.86474074e-01 -1.56059582e-05  7.06408562e-11  3.77016580e-11 
 3.25815587e-05  8.89194324e-01  8.86991441e-01  8.86904345e-01 -1.56007769e-05  1.16391723e-10  7.90179015e-11 
 3.26172666e-05  8.89194628e-01  8.87488079e-01  8.87414960e-01 -1.56051837e-05  7.84380124e-11  5.64280992e-11 
 3.26715231e-05  8.89195143e-01  8.87940768e-01  8.87882075e-01 -1.56006882e-05  3.82957828e-11  2.63816647e-11 
 3.27300061e-05  8.89195172e-01  8.88282205e-01  8.88222950e-01 -1.56055044e-05  3.79789910e-11  2.61780433e-11 
 3.28300061e-05  8.89195626e-01  8.88734722e-01  8.88682172e-01 -1.56007052e-05  2.33156968e-11  1.73825402e-11 
 3.29300061e-05  8.89195640e-01  8.88967560e-01  8.88919371e-01 -1.56055253e-05  7.77190291e-12  6.32741906e-12 
 3.30300061e-05  8.89195852e-01  8.89112089e-01  8.89064141e-01 -1.56007783e-05  1.08277211e-11  8.46299289e-12 
 3.31300061e-05  8.89195773e-01  8.89198966e-01  8.89153534e-01 -1.56055121e-05  4.92529411e-13  2.01589022e-12 
 3.32300061e-05  8.89195921e-01  8.89241009e-01  8.89195429e-01 -1.56008040e-05  4.31266069e-12  3.74175967e-12 
 3.33300061e-05  8.89195794e-01  8.89273267e-01  8.89228283e-01 -1.56055160e-05 -7.04004129e-13  1.40478547e-12 
 3.34300061e-05  8.89195932e-01  8.89286947e-01  8.89242307e-01 -1.56008025e-05  1.85380856e-12  2.04203830e-12 
 3.35300061e-05  8.89195785e-01  8.89296743e-01  8.89251976e-01 -1.56055249e-05 -1.41682542e-12  9.27637361e-13 
 3.36300061e-05  8.89195919e-01  8.89302700e-01  8.89258229e-01 -1.56007981e-05  1.53279191e-12  1.83727539e-12 
 3.37300061e-05  8.89195767e-01  8.89304909e-01  8.89260348e-01 -1.56055288e-05 -2.09611668e-12  4.82530465e-13 
 3.38300061e-05  8.89195897e-01  8.89307457e-01  8.89262961e-01 -1.56007974e-05  1.69671135e-12  1.91596478e-12 
 3.39300061e-05  8.89195745e-01  8.89308073e-01  8.89263610e-01 -1.56055288e-05 -2.43368585e-12  3.03281326e-13 
 3.40300061e-05  8.89195873e-01  8.89308785e-01  8.89264288e-01 -1.56007982e-05  1.75683339e-12  1.90484797e-12 
 3.41300061e-05  8.89195722e-01  8.89309193e-01  8.89264741e-01 -1.56055285e-05 -2.51028950e-12  3.00580524e-13 
 3.42300061e-05  8.89195849e-01  8.89309252e-01  8.89264776e-01 -1.56007983e-05  1.74218777e-12  1.85354743e-12 
 3.43150031e-05  8.89195699e-01  8.89309457e-01  8.89264995e-01 -1.56055288e-05 -2.52318067e-12  3.28349435e-13 
 3.44000000e-05  8.89195829e-01  8.89309458e-01  8.89264994e-01 -1.56007977e-05  1.75178318e-12  1.82820865e-12 
 3.44000819e-05  8.89173159e-01  8.89258812e-01  8.89263389e-01 -1.81674506e-05 -7.24730542e-09 -3.72094174e-09 
 3.44002456e-05  8.89149527e-01  8.89200914e-01  8.89258443e-01 -1.97117269e-05 -1.68603092e-08 -1.02832103e-08 
 3.44005065e-05  8.89121495e-01  8.89200137e-01  8.89248288e-01 -2.01789185e-05 -2.38967037e-08 -1.90728171e-08 
 3.44007844e-05  8.89093163e-01  8.89232992e-01  8.89240265e-01 -2.14555028e-05 -2.76165659e-08 -2.74295592e-08 
 3.44010773e-05  8.89075058e-01  8.89274328e-01  8.89236826e-01 -2.48798030e-05 -2.10179900e-08 -3.50238749e-08 
 3.44013572e-05  8.89069521e-01  8.89319645e-01  8.89238491e-01 -3.12579255e-05  2.69381457e-09 -4.10822792e-08 
 3.44016072e-05  8.89079083e-01  8.89365991e-01  8.89244192e-01 -3.97766654e-05  4.57418705e-08 -4.54019058e-08 
 3.44018138e-05  8.89094813e-01  8.89408189e-01  8.89252003e-01 -4.89513974e-05  1.04065761e-07 -4.81079556e-08 
 3.44019730e-05  8.89113207e-01  8.89444600e-01  8.89260022e-01 -5.71981433e-05  1.69916503e-07 -4.95169646e-08 
 3.44021004e-05  8.89129359e-01  8.89476091e-01  8.89267766e-01 -6.45144138e-05  2.41994294e-07 -5.01062508e-08 
 3.44022075e-05  8.89144684e-01  8.89505511e-01  8.89275256e-01 -7.09944328e-05  3.21927914e-07 -5.00923843e-08 
 3.44023003e-05  8.89156843e-01  8.89533374e-01  8.89282538e-01 -7.68109820e-05  4.11473614e-07 -4.95851192e-08 
 3.44023824e-05  8.89166750e-01  8.89560979e-01  8.89289649e-01 -8.19317256e-05  5.12511088e-07 -4.86078725e-08 
 3.44024571e-05  8.89172958e-01  8.89589137e-01  8.89296748e-01 -8.65077760e-05  6.29107531e-07 -4.71446283e-08 
 3.44025306e-05  8.89176760e-01  8.89620644e-01  8.89304384e-01 -9.07464515e-05  7.73819113e-07 -4.50047853e-08 
 3.44026164e-05  8.89180115e-01  8.89662403e-01  8.89314255e-01 -9.53503465e-05  9.88464268e-07 -4.14633693e-08 
 3.44027003e-05  8.89186537e-01  8.89707277e-01  8.89325021e-01 -9.94900470e-05  1.24906244e-06 -3.68809188e-08 
 3.44028280e-05  8.89202798e-01  8.89778003e-01  8.89343604e-01 -1.05280330e-04  1.73681896e-06 -2.80554799e-08 
 3.44029186e-05  8.89213805e-01  8.89827933e-01  8.89358377e-01 -1.08858737e-04  2.14537822e-06 -2.06201555e-08 
 3.44030112e-05  8.89221629e-01  8.89877067e-01  8.89374738e-01 -1.12104708e-04  2.61000985e-06 -1.22099664e-08 
 3.44031100e-05  8.89226967e-01  8.89925647e-01  8.89393412e-01 -1.15048373e-04  3.14777459e-06 -2.57902486e-09 
 3.44032062e-05  8.89234310e-01  8.89967452e-01  8.89412625e-01 -1.17436621e-04  3.70137949e-06  7.20092661e-09 
 3.44033082e-05  8.89244086e-01  8.90004089e-01  8.89433762e-01 -1.18742157e-04  4.30329316e-06  1.76351845e-08 
 3.44033941e-05  8.89254306e-01  8.90026871e-01  8.89451903e-01 -1.17649189e-04  4.80604686e-06  2.61325320e-08 
 3.44034580e-05  8.89261554e-01  8.90036357e-01  8.89465421e-01 -1.13721927e-04  5.16295166e-06  3.19342762e-08 
 3.44035142e-05  8.89267355e-01  8.90036441e-01  8.89477124e-01 -1.07419872e-04  5.44962739e-06  3.63136787e-08 
 3.44035766e-05  8.89272155e-01  8.90025283e-01  8.89489673e-01 -9.78235956e-05  5.72366097e-06  4.00568112e-08 
 3.44036444e-05  8.89275542e-01  8.90000369e-01  8.89502478e-01 -8.56522072e-05  5.95792600e-06  4.26108214e-08 
 3.44037240e-05  8.89276780e-01  8.89958390e-01  8.89516035e-01 -7.08445224e-05  6.14275328e-06  4.36055197e-08 
 3.44038264e-05  8.89274725e-01  8.89895331e-01  8.89530737e-01 -5.39161008e-05  6.24594155e-06  4.21698692e-08 
 3.44039003e-05  8.89271156e-01  8.89850406e-01  8.89539407e-01 -4.43161452e-05  6.24011096e-06  3.96787565e-08 
 3.44039732e-05  8.89266450e-01  8.89811664e-01  8.89546510e-01 -3.71427532e-05  6.18488938e-06  3.64727611e-08 
 3.44040570e-05  8.89260012e-01  8.89776387e-01  8.89553204e-01 -3.12410460e-05  6.07803470e-06  3.22598151e-08 
 3.44041462e-05  8.89252333e-01  8.89750147e-01  8.89559012e-01 -2.71752713e-05  5.93048832e-06  2.74891148e-08 
 3.44042403e-05  8.89243708e-01  8.89733921e-01  8.89564130e-01 -2.45412728e-05  5.75322196e-06  2.24090135e-08 
 3.44043430e-05  8.89233888e-01  8.89726867e-01  8.89569032e-01 -2.29396875e-05  5.54782669e-06  1.69824199e-08 
 3.44044592e-05  8.89222565e-01  8.89728471e-01  8.89574219e-01 -2.19832680e-05  5.31159671e-06  1.10932604e-08 
 3.44045957e-05  8.89209073e-01  8.89738644e-01  8.89580320e-01 -2.15041397e-05  5.03852276e-06  4.56459526e-09 
 3.44047609e-05  8.89192703e-01  8.89757702e-01  8.89588212e-01 -2.12715438e-05  4.72104748e-06 -2.80232225e-09 
 3.44048804e-05  8.89180800e-01  8.89774072e-01  8.89594433e-01 -2.12352170e-05  4.50211795e-06 -7.79154050e-09 
 3.44050000e-05  8.89168952e-01  8.89791572e-01  8.89601155e-01 -2.11999278e-05  4.29269659e-06 -1.25170487e-08 
 3.44050016e-05  8.89170954e-01  8.89793841e-01  8.89601251e-01 -2.02853976e-05  4.29016431e-06 -1.24808268e-08 
 3.44050049e-05  8.89174207e-01  8.89798168e-01  8.89601446e-01 -1.98713030e-05  4.28512065e-06 -1.24128735e-08 
 3.44050113e-05  8.89177199e-01  8.89805941e-01  8.89601850e-01 -1.94678429e-05  4.27508601e-06 -1.23028390e-08 
 3.44050212e-05  8.89178115e-01  8.89816102e-01  8.89602495e-01 -1.91434055e-05  4.25985137e-06 -1.21772532e-08 
 3.44050379e-05  8.89178351e-01  8.89831426e-01  8.89603676e-01 -1.85610890e-05  4.23375772e-06 -1.20009881e-08 
 3.44050714e-05  8.89178474e-01  8.89858240e-01  8.89606295e-01 -1.77423045e-05  4.18144017e-06 -1.17279962e-08 
 3.44051384e-05  8.89178675e-01  8.89899480e-01  8.89612328e-01 -1.66430369e-05  4.07701466e-06 -1.13844242e-08 
 3.44052725e-05  8.89178834e-01  8.89947666e-01  8.89626257e-01 -1.58167883e-05  3.87233893e-06 -1.10638420e-08 
 3.44054903e-05  8.89179189e-01  8.89980288e-01  8.89650738e-01 -1.55474365e-05  3.55770026e-06 -1.07991575e-08 
 3.44057349e-05  8.89179501e-01  8.89996868e-01  8.89678104e-01 -1.55786982e-05  3.23345803e-06 -1.04846689e-08 
 3.44061020e-05  8.89180019e-01  8.90015559e-01  8.89716905e-01 -1.55431545e-05  2.80085865e-06 -9.92772466e-09 
 3.44066787e-05  8.89180679e-01  8.90039552e-01  8.89771949e-01 -1.55742765e-05  2.23389958e-06 -8.96354343e-09 
 3.44078319e-05  8.89181888e-01  8.90072278e-01  8.89861715e-01 -1.55408329e-05  1.41266829e-06 -6.98943042e-09 
 3.44101384e-05  8.89183537e-01  8.90087747e-01  8.89971447e-01 -1.55703559e-05  5.35323717e-07 -3.73607425e-09 
 3.44147515e-05  8.89185246e-01  8.89990650e-01  8.89993764e-01 -1.55364712e-05  2.79068505e-08 -5.86061252e-10 
 3.44211170e-05  8.89185650e-01  8.89732378e-01  8.89795784e-01 -1.55666110e-05 -3.24841672e-09 -2.26295787e-11 
 3.44289377e-05  8.89185212e-01  8.89408653e-01  8.89466686e-01 -1.55346836e-05  3.40388055e-10 -2.13885682e-10 
 3.44372885e-05  8.89184464e-01  8.89160036e-01  8.89182955e-01 -1.55665442e-05 -3.56600846e-10 -1.64331546e-10 
 3.44487218e-05  8.89183746e-01  8.89007641e-01  8.88983180e-01 -1.55353535e-05 -1.42510728e-11 -7.35198525e-11 
 3.44649777e-05  8.89183264e-01  8.89044099e-01  8.88980490e-01 -1.55666002e-05  1.75222720e-11  2.13570859e-11 
 3.44939874e-05  8.89183504e-01  8.89295932e-01  8.89227975e-01 -1.55342262e-05  8.96478044e-11  5.25388436e-11 
 3.45260668e-05  8.89183898e-01  8.89414480e-01  8.89371185e-01 -1.55655781e-05 -1.58909533e-11  5.49101145e-12 
 3.45630334e-05  8.89183936e-01  8.89343189e-01  8.89306323e-01 -1.55344813e-05 -1.13034248e-11 -1.49458450e-11 
 3.46000000e-05  8.89183756e-01  8.89295250e-01  8.89250710e-01 -1.55660491e-05 -9.29413165e-12 -6.40932565e-13 
 3.46000167e-05  8.89188519e-01  8.89319849e-01  8.89250874e-01 -1.04628441e-05  3.93619955e-09  8.31110247e-10 
 3.46000500e-05  8.89191500e-01  8.89357650e-01  8.89251448e-01 -9.87046879e-06  1.18520740e-08  2.39724446e-09 
 3.46001030e-05  8.89191442e-01  8.89397274e-01  8.89253159e-01 -9.54627773e-06  2.39650394e-08  4.70102291e-09 
 3.46001591e-05  8.89193481e-01  8.89429276e-01  8.89255728e-01 -9.19893855e-06  3.62021660e-08  7.02894531e-09 
 3.46002714e-05  8.89195280e-01  8.89466848e-01  8.89262224e-01 -9.04288123e-06  5.95582916e-08  1.14008267e-08 
 3.46004960e-05  8.89200643e-01  8.89495720e-01  8.89277234e-01 -8.88115067e-06  1.02746044e-07  1.94464120e-08 
 3.46008522e-05  8.89207850e-01  8.89502162e-01  8.89300807e-01 -8.96150333e-06  1.63724779e-07  3.07481832e-08 
 3.46013378e-05  8.89221100e-01  8.89500577e-01  8.89328445e-01 -9.33623103e-06  2.33958180e-07  4.37345111e-08 
 3.46014418e-05  8.89225251e-01  8.89499348e-01  8.89333621e-01 -9.70250313e-06  2.47104965e-07  4.61471748e-08 
 3.46016497e-05  8.89242175e-01  8.89495317e-01  8.89343142e-01 -1.14605135e-05  2.70493454e-07  5.03992805e-08 
 3.46017972e-05  8.89264503e-01  8.89489839e-01  8.89349160e-01 -1.43821159e-05  2.83963675e-07  5.27612578e-08 
 3.46019203e-05  8.89294344e-01  8.89482937e-01  8.89353617e-01 -1.83222808e-05  2.92120310e-07  5.40813111e-08 
 3.46020453e-05  8.89335196e-01  8.89472976e-01  8.89357511e-01 -2.41684149e-05  2.96610847e-07  5.45875100e-08 
 3.46021782e-05  8.89390300e-01  8.89459335e-01  8.89360836e-01 -3.19737906e-05  2.96190894e-07  5.39904034e-08 
 3.46023222e-05  8.89458332e-01  8.89440739e-01  8.89363340e-01 -4.14569164e-05  2.88661107e-07  5.17618764e-08 
 3.46024591e-05  8.89526279e-01  8.89418861e-01  8.89364513e-01 -4.96766605e-05  2.73482625e-07  4.78320717e-08 
 3.46025757e-05  8.89581925e-01  8.89395507e-01  8.89364431e-01 -5.46283336e-05  2.53227007e-07  4.27841490e-08 
 3.46026870e-05  8.89630710e-01  8.89368160e-01  8.89363252e-01 -5.67179435e-05  2.26473606e-07  3.62343113e-08 
 3.46028059e-05  8.89675735e-01  8.89335272e-01  8.89360649e-01 -5.75759362e-05  1.89681441e-07  2.73617452e-08 
 3.46029621e-05  8.89722803e-01  8.89295345e-01  8.89355209e-01 -5.84343052e-05  1.30018963e-07  1.34406338e-08 
 3.46030789e-05  8.89747717e-01  8.89272905e-01  8.89349933e-01 -5.88559933e-05  7.64665808e-08  1.88723996e-09 
 3.46031712e-05  8.89759484e-01  8.89261631e-01  8.89345326e-01 -5.87681424e-05  2.17593461e-08 -7.58602413e-09 
 3.46032317e-05  8.89761011e-01  8.89258303e-01  8.89342220e-01 -5.82547929e-05 -3.02983589e-08 -1.38275269e-08 
 3.46032956e-05  8.89756232e-01  8.89259178e-01  8.89338991e-01 -5.73244207e-05 -1.10597873e-07 -2.02842748e-08 
 3.46033504e-05  8.89742773e-01  8.89264253e-01  8.89336351e-01 -5.61892032e-05 -2.00504062e-07 -2.55600809e-08 
 3.46033831e-05  8.89725268e-01  8.89269815e-01  8.89334874e-01 -5.52713281e-05 -2.60280849e-07 -2.84771364e-08 
 3.46034066e-05  8.89703784e-01  8.89275712e-01  8.89333878e-01 -5.43223988e-05 -3.03804594e-07 -3.03743316e-08 
 3.46034306e-05  8.89672588e-01  8.89284271e-01  8.89332938e-01 -5.30654200e-05 -3.47273089e-07 -3.20376582e-08 
 3.46034628e-05  8.89619751e-01  8.89300956e-01  8.89331852e-01 -5.08424016e-05 -4.01414345e-07 -3.36703096e-08 
 3.46034933e-05  8.89564384e-01  8.89322529e-01  8.89331068e-01 -4.82978851e-05 -4.46754061e-07 -3.44988606e-08 
 3.46035392e-05  8.89483859e-01  8.89363100e-01  8.89330474e-01 -4.39487782e-05 -5.02822694e-07 -3.44801232e-08 
 3.46035670e-05  8.89440054e-01  8.89390927e-01  8.89330497e-01 -4.11786912e-05 -5.30156510e-07 -3.38209904e-08 
 3.46035978e-05  8.89398256e-01  8.89422423e-01  8.89330884e-01 -3.81402559e-05 -5.55304637e-07 -3.26704063e-08 
 3.46036336e-05  8.89357783e-01  8.89458347e-01  8.89331809e-01 -3.47765357e-05 -5.79139696e-07 -3.09337024e-08 
 3.46036733e-05  8.89322823e-01  8.89495493e-01  8.89333394e-01 -3.13508088e-05 -6.00220831e-07 -2.86981931e-08 
 3.46037125e-05  8.89296630e-01  8.89528316e-01  8.89335480e-01 -2.83531196e-05 -6.16983612e-07 -2.63302171e-08 
 3.46037554e-05  8.89275466e-01  8.89559259e-01  8.89338268e-01 -2.55070994e-05 -6.32088033e-07 -2.36939026e-08 
 3.46038008e-05  8.89259232e-01  8.89586409e-01  8.89341689e-01 -2.29773035e-05 -6.45478287e-07 -2.09504209e-08 
 3.46038532e-05  8.89246043e-01  8.89611381e-01  8.89346102e-01 -2.05771293e-05 -6.58704411e-07 -1.79054716e-08 
 3.46039114e-05  8.89235901e-01  8.89632541e-01  8.89351430e-01 -1.84599501e-05 -6.71470777e-07 -1.46993191e-08 
 3.46039813e-05  8.89227735e-01  8.89651022e-01  8.89358210e-01 -1.64977647e-05 -6.84944865e-07 -1.10857616e-08 
 3.46040633e-05  8.89221475e-01  8.89666064e-01  8.89366464e-01 -1.48005563e-05 -6.98895654e-07 -7.11680634e-09 
 3.46041672e-05  8.89216732e-01  8.89678829e-01  8.89377116e-01 -1.32913272e-05 -7.14562083e-07 -2.39891247e-09 
 3.46042974e-05  8.89213936e-01  8.89689404e-01  8.89390437e-01 -1.20926618e-05 -7.32311346e-07  3.14781193e-09 
 3.46044704e-05  8.89213932e-01  8.89699056e-01  8.89407783e-01 -1.12237434e-05 -7.56764821e-07  1.00534533e-08 
 3.46046858e-05  8.89217990e-01  8.89707812e-01  8.89428534e-01 -1.07650602e-05 -8.02178202e-07  1.80250122e-08 
 3.46048429e-05  8.89222994e-01  8.89712875e-01  8.89442993e-01 -1.06268203e-05 -8.57629088e-07  2.34332488e-08 
 3.46050000e-05  8.89228880e-01  8.89717167e-01  8.89456855e-01 -1.05635054e-05 -9.42197799e-07  2.85227686e-08 
 3.46050019e-05  8.89227357e-01  8.89713232e-01  8.89457019e-01 -1.51440392e-05 -9.43893463e-07  2.84773818e-08 
 3.46050058e-05  8.89224778e-01  8.89705992e-01  8.89457340e-01 -1.54128697e-05 -9.47376787e-07  2.83898051e-08 
 3.46050135e-05  8.89222242e-01  8.89694219e-01  8.89457953e-01 -1.55368885e-05 -9.54662393e-07  2.82383588e-08 
 3.46050290e-05  8.89220871e-01  8.89676231e-01  8.89459080e-01 -1.55372541e-05 -9.69308894e-07  2.79869822e-08 
 3.46050549e-05  8.89219548e-01  8.89652339e-01  8.89460740e-01 -1.56145191e-05 -9.93372189e-07  2.76112967e-08 
 3.46051068e-05  8.89218067e-01  8.89614707e-01  8.89463376e-01 -1.56130560e-05 -1.04008156e-06  2.69530088e-08 
 3.46052106e-05  8.89217003e-01  8.89567078e-01  8.89466753e-01 -1.56510564e-05 -1.12888015e-06  2.58287094e-08 
 3.46053235e-05  8.89216814e-01  8.89542209e-01  8.89468671e-01 -1.56049621e-05 -1.21960099e-06  2.47521738e-08 
 3.46055072e-05  8.89216574e-01  8.89527134e-01  8.89470196e-01 -1.56298115e-05 -1.35570225e-06  2.31606497e-08 
 3.46057801e-05  8.89216345e-01  8.89523853e-01  8.89471316e-01 -1.55941280e-05 -1.53427953e-06  2.10659453e-08 
 3.46063259e-05  8.89215875e-01  8.89527213e-01  8.89473234e-01 -1.56252319e-05 -1.81964012e-06  1.76160429e-08 
 3.46074176e-05  8.89215285e-01  8.89535300e-01  8.89478090e-01 -1.55897735e-05 -2.17722940e-06  1.28476996e-08 
 3.46096010e-05  8.89214618e-01  8.89552098e-01  8.89490938e-01 -1.56194393e-05 -2.40610641e-06  8.09841774e-09 
 3.46139678e-05  8.89214386e-01  8.89582860e-01  8.89520836e-01 -1.55843234e-05 -2.18465766e-06  5.31596773e-09 
 3.46212136e-05  8.89214590e-01  8.89608227e-01  8.89556611e-01 -1.56163919e-05 -1.58391404e-06  4.02987468e-09 
 3.46321902e-05  8.89214958e-01  8.89578294e-01  8.89545854e-01 -1.55840850e-05 -9.73336527e-07  2.42281756e-09 
 3.46500690e-05  8.89215041e-01  8.89439465e-01  8.89418557e-01 -1.56180677e-05 -4.30734286e-07  1.04235465e-09 
 3.46758180e-05  8.89214817e-01  8.89274135e-01  8.89240656e-01 -1.55865479e-05 -1.24002437e-07  2.78650818e-10 
 3.47056876e-05  8.89214592e-01  8.89249123e-01  8.89200416e-01 -1.56195598e-05 -2.71658099e-08  7.72629518e-11 
 3.47473412e-05  8.89214702e-01  8.89316586e-01  8.89268229e-01 -1.55867104e-05 -1.56759872e-09  1.19949191e-11 
 3.48075081e-05  8.89214755e-01  8.89328476e-01  8.89286395e-01 -1.56195053e-05  2.22170089e-10 -1.96183835e-12 
 3.48959982e-05  8.89214718e-01  8.89308188e-01  8.89262681e-01 -1.55868476e-05 -9.01245730e-11  8.12757901e-13 
 3.49959982e-05  8.89214714e-01  8.89331134e-01  8.89286521e-01 -1.56194910e-05  4.66086900e-11  3.55537594e-12 
 3.50959982e-05  8.89214741e-01  8.89323356e-01  8.89279397e-01 -1.55868272e-05 -3.20801643e-11 -1.75324723e-12 
 3.51959982e-05  8.89214691e-01  8.89326168e-01  8.89281113e-01 -1.56195195e-05  2.06030332e-11  3.69115410e-12 
 3.52959982e-05  8.89214734e-01  8.89329667e-01  8.89285570e-01 -1.55868055e-05 -1.95385388e-11 -7.94556098e-13 
 3.53959982e-05  8.89214685e-01  8.89326002e-01  8.89281380e-01 -1.56195305e-05  1.40031398e-11  2.34758128e-12 
 3.54959982e-05  8.89214717e-01  8.89329470e-01  8.89284984e-01 -1.55868039e-05 -1.60659819e-11  2.78891385e-13 
 3.55959982e-05  8.89214678e-01  8.89327836e-01  8.89283469e-01 -1.56195270e-05  1.19643991e-11  1.66968067e-12 
 3.56959982e-05  8.89214703e-01  8.89328350e-01  8.89283773e-01 -1.55868089e-05 -1.46541453e-11  5.71614479e-13 
 3.57959982e-05  8.89214667e-01  8.89328721e-01  8.89284341e-01 -1.56195228e-05  1.06714988e-11  1.59585106e-12 
 3.58959982e-05  8.89214692e-01  8.89328158e-01  8.89283644e-01 -1.55868115e-05 -1.33268678e-11  5.57098042e-13 
 3.59959982e-05  8.89214655e-01  8.89328658e-01  8.89284215e-01 -1.56195218e-05  9.28178801e-12  1.59829506e-12 
 3.60959982e-05  8.89214681e-01  8.89328394e-01  8.89283923e-01 -1.55868116e-05 -1.19431852e-11  6.00022202e-13 
 3.61959982e-05  8.89214643e-01  8.89328449e-01  8.89283988e-01 -1.56195219e-05  7.96563922e-12  1.50953317e-12 
 3.62959982e-05  8.89214670e-01  8.89328523e-01  8.89284052e-01 -1.55868116e-05 -1.07403951e-11  7.13257741e-13 
 3.63959982e-05  8.89214631e-01  8.89328393e-01  8.89283941e-01 -1.56195217e-05  6.88785270e-12  1.39247961e-12 
 3.64959982e-05  8.89214658e-01  8.89328505e-01  8.89284024e-01 -1.55868120e-05 -9.78027923e-12  8.19156429e-13 
 3.65479991e-05  8.89214623e-01  8.89328432e-01  8.89283988e-01 -1.56195208e-05  5.64238305e-12  1.27203749e-12 
 3.66000000e-05  8.89214652e-01  8.89328453e-01  8.89283971e-01 -1.55868132e-05 -8.37351195e-12  9.41255917e-13 
 3.66000338e-05  8.89206843e-01  8.89286925e-01  8.89283417e-01 -2.05557619e-05 -9.70281937e-09 -1.61254249e-09 
 3.66001015e-05  8.89201312e-01  8.89227365e-01  8.89281528e-01 -2.07512546e-05 -2.89492014e-08 -4.61648358e-09 
 3.66002368e-05  8.89198549e-01  8.89165996e-01  8.89274713e-01 -2.07662353e-05 -6.40586301e-08 -1.00365227e-08 
 3.66004026e-05  8.89194540e-01  8.89134623e-01  8.89263874e-01 -2.09996978e-05 -1.02977703e-07 -1.61577957e-08 
 3.66005522e-05  8.89193118e-01  8.89127352e-01  8.89253569e-01 -2.12589462e-05 -1.35143332e-07 -2.12863515e-08 
 3.66008514e-05  8.89191413e-01  8.89122027e-01  8.89233993e-01 -2.30048270e-05 -1.90393446e-07 -3.05707560e-08 
 3.66011148e-05  8.89198251e-01  8.89125652e-01  8.89218521e-01 -2.65100170e-05 -2.28873566e-07 -3.76234677e-08 
 3.66013490e-05  8.89211140e-01  8.89130070e-01  8.89206431e-01 -3.19999261e-05 -2.54521139e-07 -4.30123177e-08 
 3.66015749e-05  8.89232623e-01  8.89138604e-01  8.89196354e-01 -3.94566259e-05 -2.71313318e-07 -4.73717220e-08 
 3.66017640e-05  8.89254949e-01  8.89146983e-01  8.89189210e-01 -4.75145858e-05 -2.78324193e-07 -5.03435138e-08 
 3.66019139e-05  8.89276140e-01  8.89156495e-01  8.89184440e-01 -5.49027476e-05 -2.78340796e-07 -5.21663463e-08 
 3.66020368e-05  8.89293464e-01  8.89165242e-01  8.89181175e-01 -6.16790148e-05 -2.73447783e-07 -5.32388780e-08 
 3.66021411e-05  8.89308266e-01  8.89174782e-01  8.89178902e-01 -6.77490534e-05 -2.64830264e-07 -5.37555657e-08 
 3.66022317e-05  8.89318982e-01  8.89184282e-01  8.89177342e-01 -7.32825215e-05 -2.52797701e-07 -5.38332665e-08 
 3.66023114e-05  8.89326344e-01  8.89194583e-01  8.89176326e-01 -7.81753773e-05 -2.37658834e-07 -5.35191554e-08 
 3.66023825e-05  8.89329236e-01  8.89205428e-01  8.89175744e-01 -8.25453563e-05 -2.19319731e-07 -5.28476729e-08 
 3.66024475e-05  8.89327993e-01  8.89217490e-01  8.89175519e-01 -8.63833332e-05 -1.97375615e-07 -5.18047590e-08 
 3.66025110e-05  8.89321930e-01  8.89231599e-01  8.89175634e-01 -8.99488538e-05 -1.69930783e-07 -5.02881113e-08 
 3.66025840e-05  8.89310512e-01  8.89251064e-01  8.89176245e-01 -9.37003560e-05 -1.29860220e-07 -4.78166754e-08 
 3.66026543e-05  8.89297587e-01  8.89272485e-01  8.89177384e-01 -9.70316902e-05 -8.26346760e-08 -4.46688393e-08 
 3.66027523e-05  8.89280150e-01  8.89304340e-01  8.89179944e-01 -1.01252667e-04 -5.78643195e-09 -3.91275634e-08 
 3.66028325e-05  8.89266912e-01  8.89330492e-01  8.89182881e-01 -1.04348443e-04  6.11182911e-08 -3.37261439e-08 
 3.66029112e-05  8.89255145e-01  8.89355104e-01  8.89186460e-01 -1.07014177e-04  1.22233830e-07 -2.77954895e-08 
 3.66030111e-05  8.89242121e-01  8.89383655e-01  8.89191880e-01 -1.09834877e-04  1.82563098e-07 -1.95645777e-08 
 3.66031047e-05  8.89233651e-01  8.89406202e-01  8.89197715e-01 -1.11997205e-04  2.21319041e-07 -1.13281693e-08 
 3.66031946e-05  8.89228950e-01  8.89422388e-01  8.89203789e-01 -1.13550919e-04  2.50311801e-07 -3.20000929e-09 
 3.66033046e-05  8.89226261e-01  8.89433234e-01  8.89211523e-01 -1.13825058e-04  2.82510058e-07  6.69899881e-09 
 3.66033844e-05  8.89225760e-01  8.89432725e-01  8.89217081e-01 -1.11056546e-04  3.04313918e-07  1.34628524e-08 
 3.66034430e-05  8.89225410e-01  8.89425108e-01  8.89220961e-01 -1.05711245e-04  3.18488628e-07  1.78376334e-08 
 3.66034982e-05  8.89224911e-01  8.89409702e-01  8.89224278e-01 -9.80760460e-05  3.29148364e-07  2.11573846e-08 
 3.66035659e-05  8.89223860e-01  8.89378930e-01  8.89227634e-01 -8.64501724e-05  3.37673676e-07  2.39047635e-08 
 3.66036318e-05  8.89222545e-01  8.89338428e-01  8.89229887e-01 -7.42272490e-05  3.40684492e-07  2.51186309e-08 
 3.66037220e-05  8.89220312e-01  8.89273278e-01  8.89231004e-01 -5.84081378e-05  3.36717733e-07  2.46838627e-08 
 3.66038155e-05  8.89217837e-01  8.89203675e-01  8.89229646e-01 -4.52587076e-05  3.24227441e-07  2.22639650e-08 
 3.66038884e-05  8.89215888e-01  8.89153859e-01  8.89226907e-01 -3.77772392e-05  3.10023167e-07  1.94685725e-08 
 3.66039623e-05  8.89213999e-01  8.89110594e-01  8.89222854e-01 -3.23748992e-05  2.92898997e-07  1.62109258e-08 
 3.66040490e-05  8.89211844e-01  8.89069885e-01  8.89216816e-01 -2.81625975e-05  2.70551583e-07  1.21584301e-08 
 3.66041344e-05  8.89209820e-01  8.89039675e-01  8.89209880e-01 -2.56497935e-05  2.47137988e-07  8.13666194e-09 
 3.66042331e-05  8.89207533e-01  8.89014657e-01  8.89201084e-01 -2.39755667e-05  2.19319158e-07  3.60466732e-09 
 3.66043378e-05  8.89205172e-01  8.88996690e-01  8.89191243e-01 -2.30665657e-05  1.89659245e-07 -9.93664737e-10 
 3.66044662e-05  8.89202305e-01  8.88982458e-01  8.89178921e-01 -2.25450584e-05  1.53854756e-07 -6.31781153e-09 
 3.66046136e-05  8.89199058e-01  8.88972330e-01  8.89164837e-01 -2.23272802e-05  1.14108194e-07 -1.20350249e-08 
 3.66048070e-05  8.89194814e-01  8.88963995e-01  8.89146870e-01 -2.22387278e-05  6.46815707e-08 -1.89868229e-08 
 3.66050000e-05  8.89190619e-01  8.88958371e-01  8.89129767e-01 -2.22275525e-05  1.86963356e-08 -2.53707976e-08 
 3.66050020e-05  8.89192097e-01  8.88962455e-01  8.89129596e-01 -1.76180974e-05  1.86831856e-08 -2.53248967e-08 
 3.66050060e-05  8.89194418e-01  8.88969958e-01  8.89129262e-01 -1.72808105e-05  1.86918127e-08 -2.52369185e-08 
 3.66050141e-05  8.89196216e-01  8.88982118e-01  8.89128627e-01 -1.70296217e-05  1.88087337e-08 -2.50852452e-08 
 3.66050240e-05  8.89196437e-01  8.88993975e-01  8.89127895e-01 -1.69225972e-05  1.89555266e-08 -2.49263165e-08 
 3.66050414e-05  8.89196534e-01  8.89011404e-01  8.89126720e-01 -1.66652169e-05  1.91475174e-08 -2.46676001e-08 
 3.66050761e-05  8.89196539e-01  8.89040310e-01  8.89124713e-01 -1.63535573e-05  1.93896325e-08 -2.41981510e-08 
 3.66051377e-05  8.89196589e-01  8.89078659e-01  8.89122045e-01 -1.59459019e-05  1.94906607e-08 -2.34708651e-08 
 3.66052608e-05  8.89196575e-01  8.89122554e-01  8.89118878e-01 -1.56577188e-05  1.90907035e-08 -2.22369691e-08 
 3.66055071e-05  8.89196664e-01  8.89150258e-01  8.89116350e-01 -1.55245453e-05  1.75961290e-08 -2.01430791e-08 
 3.66058121e-05  8.89196723e-01  8.89151966e-01  8.89115235e-01 -1.55640118e-05  1.56629596e-08 -1.78719569e-08 
 3.66062916e-05  8.89196868e-01  8.89149468e-01  8.89113665e-01 -1.55333460e-05  1.30009504e-08 -1.47976267e-08 
 3.66071042e-05  8.89197007e-01  8.89144820e-01  8.89110596e-01 -1.55632475e-05  9.45373600e-09 -1.07276797e-08 
 3.66087293e-05  8.89197264e-01  8.89134559e-01  8.89103059e-01 -1.55357149e-05  4.91484210e-09 -5.53667998e-09 
 3.66119796e-05  8.89197445e-01  8.89113319e-01  8.89084484e-01 -1.55652105e-05  1.09637325e-09 -1.22408363e-09 
 3.66184801e-05  8.89197470e-01  8.89082564e-01  8.89049444e-01 -1.55375461e-05 -1.51459933e-10  1.35134064e-10 
 3.66314813e-05  8.89197198e-01  8.89094178e-01  8.89041463e-01 -1.55652951e-05  7.06636962e-11 -6.64211018e-11 
 3.66468565e-05  8.89197179e-01  8.89194021e-01  8.89129272e-01 -1.55364336e-05  2.81591749e-11  6.86286721e-11 
 3.66731894e-05  8.89197424e-01  8.89353428e-01  8.89297343e-01 -1.55640318e-05  5.34586665e-11  7.36699558e-12 
 3.67172344e-05  8.89197700e-01  8.89384768e-01  8.89346357e-01 -1.55359858e-05 -3.13188009e-11  8.72128861e-12 
 3.67583285e-05  8.89197560e-01  8.89315922e-01  8.89274183e-01 -1.55643624e-05  2.25641511e-12 -1.99060676e-11 
 3.68000000e-05  8.89197525e-01  8.89313888e-01  8.89267501e-01 -1.55361587e-05 -3.69261371e-12  1.52939244e-11 
 3.68000222e-05  8.89207165e-01  8.89334198e-01  8.89267697e-01 -1.35955744e-05  3.16353794e-09  1.17408645e-09 
 3.68000667e-05  8.89214741e-01  8.89366579e-01  8.89268370e-01 -1.21791670e-05  8.77384681e-09  3.29255345e-09 
 3.68001556e-05  8.89221838e-01  8.89405589e-01  8.89270929e-01 -1.08999305e-05  1.65082655e-08  6.98587472e-09 
 3.68002402e-05  8.89231841e-01  8.89423274e-01  8.89274226e-01 -1.03012432e-05  2.13545755e-08  1.01768144e-08 
 3.68004094e-05  8.89247610e-01  8.89427198e-01  8.89281202e-01 -1.00527067e-05  2.83614026e-08  1.60481147e-08 
 3.68006473e-05  8.89272599e-01  8.89406995e-01  8.89289507e-01 -9.93719532e-06  3.58656069e-08  2.36117664e-08 
 3.68009939e-05  8.89306470e-01  8.89362717e-01  8.89296105e-01 -1.00426502e-05  4.51068073e-08  3.34203940e-08 
 3.68014886e-05  8.89362946e-01  8.89290020e-01  8.89293548e-01 -1.10707970e-05  4.57841985e-08  4.50711688e-08 
 3.68016372e-05  8.89385590e-01  8.89264925e-01  8.89290052e-01 -1.23122844e-05  3.55500136e-08  4.78992833e-08 
 3.68017807e-05  8.89417709e-01  8.89238096e-01  8.89285421e-01 -1.47270641e-05  6.88517000e-09  5.00536067e-08 
 3.68019064e-05  8.89454047e-01  8.89211334e-01  8.89280263e-01 -1.84626523e-05 -4.36421329e-08  5.12501581e-08 
 3.68020331e-05  8.89502478e-01  8.89181247e-01  8.89273914e-01 -2.38328892e-05 -1.30743172e-07  5.15764519e-08 
 3.68021678e-05  8.89562945e-01  8.89145052e-01  8.89265770e-01 -3.13376434e-05 -2.76383096e-07  5.06743704e-08 
 3.68023154e-05  8.89637609e-01  8.89100773e-01  8.89255029e-01 -4.05362853e-05 -5.14251627e-07  4.79323749e-08 
 3.68024558e-05  8.89708781e-01  8.89053090e-01  8.89242871e-01 -4.87757937e-05 -8.32647779e-07  4.32966728e-08 
 3.68025771e-05  8.89766623e-01  8.89006048e-01  8.89230667e-01 -5.37811668e-05 -1.19574982e-06  3.73834233e-08 
 3.68026920e-05  8.89813656e-01  8.88954807e-01  8.89217425e-01 -5.58877163e-05 -1.63040963e-06  2.98329326e-08 
 3.68028156e-05  8.89854580e-01  8.88894187e-01  8.89201142e-01 -5.64130047e-05 -2.20277099e-06  1.95477419e-08 
 3.68029690e-05  8.89888982e-01  8.88819987e-01  8.89178022e-01 -5.68819385e-05 -3.04469132e-06  4.28231503e-09 
 3.68030766e-05  8.89901907e-01  8.88773416e-01  8.89160078e-01 -5.70712147e-05 -3.70456832e-06 -7.60730816e-09 
 3.68031759e-05  8.89901901e-01  8.88736580e-01  8.89142559e-01 -5.70346474e-05 -4.34701736e-06 -1.90717725e-08 
 3.68032479e-05  8.89888264e-01  8.88714644e-01  8.89129463e-01 -5.65862767e-05 -4.82236299e-06 -2.74821388e-08 
 3.68033087e-05  8.89861961e-01  8.88700301e-01  8.89118265e-01 -5.58604142e-05 -5.22155760e-06 -3.44887044e-08 
 3.68033734e-05  8.89817315e-01  8.88690255e-01  8.89106320e-01 -5.47126238e-05 -5.63512473e-06 -4.16549630e-08 
 3.68034155e-05  8.89776666e-01  8.88687441e-01  8.89098605e-01 -5.37482956e-05 -5.89093678e-06 -4.60056203e-08 
 3.68034453e-05  8.89737256e-01  8.88688242e-01  8.89093204e-01 -5.27321504e-05 -6.05967688e-06 -4.88076882e-08 
 3.68034733e-05  8.89689777e-01  8.88692527e-01  8.89088232e-01 -5.14428461e-05 -6.20200481e-06 -5.10645467e-08 
 3.68035070e-05  8.89622582e-01  8.88704021e-01  8.89082405e-01 -4.93416852e-05 -6.34647534e-06 -5.31079639e-08 
 3.68035434e-05  8.89547166e-01  8.88724749e-01  8.89076440e-01 -4.65378185e-05 -6.46408201e-06 -5.43317663e-08 
 3.68035926e-05  8.89454832e-01  8.88763188e-01  8.89069106e-01 -4.22030323e-05 -6.56051535e-06 -5.44204937e-08 
 3.68036270e-05  8.89401265e-01  8.88794442e-01  8.89064521e-01 -3.90182829e-05 -6.58954926e-06 -5.35603487e-08 
 3.68036624e-05  8.89357704e-01  8.88827049e-01  8.89060338e-01 -3.58255903e-05 -6.59226184e-06 -5.20998096e-08 
 3.68037039e-05  8.89319744e-01  8.88863479e-01  8.89056065e-01 -3.23099531e-05 -6.56784397e-06 -4.98722270e-08 
 3.68037506e-05  8.89292053e-01  8.88899801e-01  8.89052012e-01 -2.87813029e-05 -6.51385737e-06 -4.69698473e-08 
 3.68037974e-05  8.89276643e-01  8.88929893e-01  8.89048642e-01 -2.57414412e-05 -6.44019961e-06 -4.38714328e-08 
 3.68038494e-05  8.89270146e-01  8.88955639e-01  8.89045550e-01 -2.29446212e-05 -6.34391393e-06 -4.03990525e-08 
 3.68039054e-05  8.89271546e-01  8.88975201e-01  8.89042790e-01 -2.05154954e-05 -6.22993197e-06 -3.67387451e-08 
 3.68039715e-05  8.89280539e-01  8.88989349e-01  8.89040049e-01 -1.83002853e-05 -6.08844175e-06 -3.26005891e-08 
 3.68040471e-05  8.89296665e-01  8.88996649e-01  8.89037325e-01 -1.64149039e-05 -5.92325306e-06 -2.81301788e-08 
 3.68041409e-05  8.89321890e-01  8.88996957e-01  8.89034195e-01 -1.47748897e-05 -5.71834421e-06 -2.29189851e-08 
 3.68042554e-05  8.89357299e-01  8.88989532e-01  8.89030371e-01 -1.34642340e-05 -5.47268786e-06 -1.69638209e-08 
 3.68044075e-05  8.89409895e-01  8.88972974e-01  8.89024846e-01 -1.24719823e-05 -5.15786739e-06 -9.59178787e-09 
 3.68046046e-05  8.89487481e-01  8.88946421e-01  8.89016535e-01 -1.18680037e-05 -4.77227419e-06 -8.01027444e-10 
 3.68048023e-05  8.89580665e-01  8.88917098e-01  8.89006703e-01 -1.16355427e-05 -4.41166421e-06  7.22307433e-09 
 3.68050000e-05  8.89696083e-01  8.88886282e-01  8.88995332e-01 -1.15374435e-05 -4.07693924e-06  1.44747677e-08 
 3.68050033e-05  8.89694020e-01  8.88881828e-01  8.88995124e-01 -1.25904776e-05 -4.07205687e-06  1.43916246e-08 
 3.68050099e-05  8.89692159e-01  8.88873579e-01  8.88994698e-01 -1.30701523e-05 -4.06229274e-06  1.42432150e-08 
 3.68050231e-05  8.89696277e-01  8.88859740e-01  8.88993791e-01 -1.33701098e-05 -4.04265625e-06  1.40224375e-08 
 3.68050480e-05  8.89708298e-01  8.88837706e-01  8.88991911e-01 -1.39132484e-05 -4.00524661e-06  1.36985465e-08 
 3.68050839e-05  8.89725655e-01  8.88810537e-01  8.88988885e-01 -1.44475203e-05 -3.95112236e-06  1.33254860e-08 
 3.68051557e-05  8.89762229e-01  8.88769758e-01  8.88981998e-01 -1.50896100e-05 -3.84347418e-06  1.27886035e-08 
 3.68052993e-05  8.89835812e-01  8.88723904e-01  8.88966383e-01 -1.55323511e-05 -3.63465350e-06  1.20366425e-08 
 3.68054603e-05  8.89917801e-01  8.88701614e-01  8.88947786e-01 -1.56000239e-05 -3.41316113e-06  1.13450936e-08 
 3.68057501e-05  8.90061364e-01  8.88682272e-01  8.88914884e-01 -1.56007772e-05 -3.04758675e-06  1.01462090e-08 
 3.68060745e-05  8.90217193e-01  8.88669158e-01  8.88880328e-01 -1.55983197e-05 -2.68446763e-06  8.87842913e-09 
 3.68067232e-05  8.90512658e-01  8.88649144e-01  8.88819317e-01 -1.55962191e-05 -2.08074450e-06  6.59262210e-09 
 3.68080043e-05  8.91039871e-01  8.88630497e-01  8.88727968e-01 -1.55943127e-05 -1.24792961e-06  3.04650488e-09 
 3.68105666e-05  8.91902341e-01  8.88660503e-01  8.88641974e-01 -1.55910986e-05 -4.15520967e-07 -9.97251517e-10 
 3.68156910e-05  8.93068621e-01  8.88904179e-01  8.88739086e-01 -1.55907801e-05  4.14492302e-10 -2.67215787e-09 
 3.68222766e-05  8.93870569e-01  8.89427193e-01  8.89173540e-01 -1.55916233e-05  5.25656179e-10 -1.25312603e-09 
 3.68302055e-05  8.94308588e-01  8.90183584e-01  8.89893975e-01 -1.55937924e-05  6.96434961e-10 -1.44797238e-10 
 3.68395936e-05  8.94506994e-01  8.91083711e-01  8.90801139e-01 -1.55944119e-05  6.74093764e-10  2.58798226e-10 
 3.68534474e-05  8.94591574e-01  8.92175528e-01  8.91953176e-01 -1.55962116e-05  5.22260561e-10  3.53128026e-10 
 3.68714883e-05  8.94607091e-01  8.92999311e-01  8.92876519e-01 -1.55973810e-05  2.35654467e-10  1.92416289e-10 
 3.68915835e-05  8.94608309e-01  8.93264465e-01  8.93213986e-01 -1.56000488e-05  2.55030320e-11  3.36381313e-11 
 3.69168945e-05  8.94608179e-01  8.93227768e-01  8.93193060e-01 -1.56014046e-05 -3.64020552e-11 -2.62625378e-11 
 3.69500215e-05  8.94608051e-01  8.93287713e-01  8.93227849e-01 -1.56025687e-05  3.86131919e-11  2.01109893e-11 
 3.69854718e-05  8.94608001e-01  8.93575506e-01  8.93506704e-01 -1.56016193e-05  6.36371979e-11  4.51430408e-11 
 3.70288761e-05  8.94608449e-01  8.93875171e-01  8.93818670e-01 -1.56020055e-05  3.50427979e-11  2.58524071e-11 
 3.70998936e-05  8.94608473e-01  8.94117168e-01  8.94066805e-01 -1.56016871e-05  1.13179620e-11  8.51694751e-12 
 3.71740161e-05  8.94608703e-01  8.94313238e-01  8.94261080e-01 -1.56021865e-05  2.25294174e-11  1.58689493e-11 
 3.72740161e-05  8.94608704e-01  8.94498059e-01  8.94451272e-01 -1.56016318e-05  2.64352906e-12  4.01713921e-12 
 3.73740161e-05  8.94608877e-01  8.94580704e-01  8.94533910e-01 -1.56022296e-05  7.48573187e-12  5.29537118e-12 
 3.74740161e-05  8.94608767e-01  8.94647007e-01  8.94600990e-01 -1.56016507e-05  7.86439490e-13  2.87799824e-12 
 3.75740161e-05  8.94608925e-01  8.94676256e-01  8.94631296e-01 -1.56022183e-05  2.54351509e-12  2.13406018e-12 
 3.76740161e-05  8.94608773e-01  8.94694737e-01  8.94649331e-01 -1.56016727e-05 -9.81077849e-13  1.49811110e-12 
 3.77740161e-05  8.94608921e-01  8.94708135e-01  8.94663373e-01 -1.56022088e-05  2.13463513e-12  2.01876872e-12 
 3.78740161e-05  8.94608763e-01  8.94712067e-01  8.94667172e-01 -1.56016791e-05 -2.44650415e-12  4.40979230e-13 
 3.79740161e-05  8.94608900e-01  8.94717406e-01  8.94672564e-01 -1.56022094e-05  2.38437677e-12  2.19580203e-12 
 3.80740161e-05  8.94608744e-01  8.94718842e-01  8.94674138e-01 -1.56016776e-05 -2.95640162e-12  1.30226179e-13 
 3.81740161e-05  8.94608876e-01  8.94720080e-01  8.94675260e-01 -1.56022117e-05  2.30049248e-12  2.09827078e-12 
 3.82740161e-05  8.94608720e-01  8.94721112e-01  8.94676407e-01 -1.56016766e-05 -2.92691739e-12  1.85531549e-13 
 3.83740161e-05  8.94608852e-01  8.94721151e-01  8.94676390e-01 -1.56022119e-05  2.12386467e-12  1.95752176e-12 
 3.84740161e-05  8.94608695e-01  8.94721634e-01  8.94676903e-01 -1.56016774e-05 -2.84410039e-12  2.51764972e-13 
 3.85740161e-05  8.94608828e-01  8.94721656e-01  8.94676920e-01 -1.56022109e-05  2.05251202e-12  1.90652236e-12 
 3.86740161e-05  8.94608670e-01  8.94721717e-01  8.94676983e-01 -1.56016785e-05 -2.83711596e-12  2.56740918e-13 
 3.87370081e-05  8.94608808e-01  8.94721810e-01  8.94677069e-01 -1.56022097e-05  2.06269355e-12  1.91239060e-12 
 3.88000000e-05  8.94608655e-01  8.94721756e-01  8.94677032e-01 -1.56016798e-05 -2.86243707e-12  2.43575451e-13 
 3.88000608e-05  8.94589331e-01  8.94679529e-01  8.94676029e-01 -1.79454118e-05 -5.92253358e-09 -2.85943687e-09 
 3.88001824e-05  8.94570237e-01  8.94624915e-01  8.94672774e-01 -1.94071731e-05 -1.41824946e-08 -7.93911116e-09 
 3.88003874e-05  8.94547712e-01  8.94606008e-01  8.94664735e-01 -1.99434116e-05 -2.09920721e-08 -1.51984234e-08 
 3.88006027e-05  8.94523270e-01  8.94623429e-01  8.94656912e-01 -2.04911318e-05 -2.59531076e-08 -2.21079737e-08 
 3.88008677e-05  8.94500689e-01  8.94656580e-01  8.94650707e-01 -2.21199456e-05 -2.71270944e-08 -2.97218455e-08 
 3.88011352e-05  8.94485164e-01  8.94695228e-01  8.94648723e-01 -2.59599419e-05 -1.78158570e-08 -3.63911660e-08 
 3.88013961e-05  8.94484176e-01  8.94739040e-01  8.94651071e-01 -3.23707287e-05  7.86620019e-09 -4.18236123e-08 
 3.88016406e-05  8.94493727e-01  8.94784481e-01  8.94657221e-01 -4.11600875e-05  5.35909858e-08 -4.59072960e-08 
 3.88018388e-05  8.94511347e-01  8.94826166e-01  8.94665103e-01 -5.01548046e-05  1.13050779e-07 -4.83717611e-08 
 3.88019925e-05  8.94528376e-01  8.94861242e-01  8.94673086e-01 -5.83035427e-05  1.79686672e-07 -4.96504427e-08 
 3.88021165e-05  8.94545440e-01  8.94892732e-01  8.94680794e-01 -6.54531727e-05  2.52808574e-07 -5.01374845e-08 
 3.88022214e-05  8.94559574e-01  8.94921616e-01  8.94688259e-01 -7.18803600e-05  3.34060134e-07 -5.00557823e-08 
 3.88023126e-05  8.94572110e-01  8.94949592e-01  8.94695513e-01 -7.75625606e-05  4.25130530e-07 -4.94754518e-08 
 3.88023934e-05  8.94581021e-01  8.94977057e-01  8.94702607e-01 -8.26284954e-05  5.28024010e-07 -4.84362150e-08 
 3.88024675e-05  8.94587246e-01  8.95005569e-01  8.94709736e-01 -8.71106723e-05  6.47564297e-07 -4.68906121e-08 
 3.88025415e-05  8.94590513e-01  8.95037855e-01  8.94717535e-01 -9.13673983e-05  7.98326378e-07 -4.46223466e-08 
 3.88026264e-05  8.94594357e-01  8.95079789e-01  8.94727429e-01 -9.58537527e-05  1.01682529e-06 -4.09774640e-08 
 3.88027135e-05  8.94601605e-01  8.95126714e-01  8.94738773e-01 -1.00133749e-04  1.29447804e-06 -3.60702427e-08 
 3.88028284e-05  8.94617078e-01  8.95190474e-01  8.94755622e-01 -1.05295986e-04  1.73861402e-06 -2.80208919e-08 
 3.88029165e-05  8.94628423e-01  8.95238963e-01  8.94769979e-01 -1.08816175e-04  2.13530146e-06 -2.08011098e-08 
 3.88030076e-05  8.94636754e-01  8.95287268e-01  8.94786014e-01 -1.12005380e-04  2.59019112e-06 -1.25643756e-08 
 3.88031056e-05  8.94642287e-01  8.95335710e-01  8.94804499e-01 -1.14957116e-04  3.12232461e-06 -3.02768227e-09 
 3.88032014e-05  8.94649545e-01  8.95377678e-01  8.94823584e-01 -1.17343744e-04  3.67243738e-06  6.70001136e-09 
 3.88033027e-05  8.94659155e-01  8.95414568e-01  8.94844547e-01 -1.18739289e-04  4.27005945e-06  1.70732982e-08 
 3.88033895e-05  8.94669437e-01  8.95438150e-01  8.94862869e-01 -1.17810887e-04  4.77901231e-06  2.56917768e-08 
 3.88034543e-05  8.94676827e-01  8.95448325e-01  8.94876576e-01 -1.14068060e-04  5.14235133e-06  3.16166190e-08 
 3.88035105e-05  8.94682707e-01  8.95449015e-01  8.94888309e-01 -1.07923815e-04  5.43146619e-06  3.60562875e-08 
 3.88035722e-05  8.94687561e-01  8.95438785e-01  8.94900752e-01 -9.85918214e-05  5.70575486e-06  3.98403908e-08 
 3.88036400e-05  8.94691089e-01  8.95414686e-01  8.94913624e-01 -8.64900056e-05  5.94463626e-06  4.25010567e-08 
 3.88037182e-05  8.94692485e-01  8.95374120e-01  8.94927060e-01 -7.19187855e-05  6.13250243e-06  4.36114161e-08 
 3.88038185e-05  8.94690721e-01  8.95312597e-01  8.94941672e-01 -5.50977630e-05  6.24289001e-06  4.23821631e-08 
 3.88038940e-05  8.94687222e-01  8.95266378e-01  8.94950689e-01 -4.50582914e-05  6.24285503e-06  3.99362645e-08 
 3.88039672e-05  8.94682582e-01  8.95226881e-01  8.94957943e-01 -3.76551102e-05  6.19105649e-06  3.67660334e-08 
 3.88040504e-05  8.94676261e-01  8.95191093e-01  8.94964692e-01 -3.16305384e-05  6.08794610e-06  3.26160009e-08 
 3.88041397e-05  8.94668628e-01  8.95163976e-01  8.94970593e-01 -2.74106368e-05  5.94234073e-06  2.78536178e-08 
 3.88042329e-05  8.94660114e-01  8.95147104e-01  8.94975725e-01 -2.47038408e-05  5.76791179e-06  2.28178993e-08 
 3.88043351e-05  8.94650367e-01  8.95139352e-01  8.94980642e-01 -2.30286409e-05  5.56409916e-06  1.74047107e-08 
 3.88044498e-05  8.94639206e-01  8.95140311e-01  8.94985774e-01 -2.20385184e-05  5.33099768e-06  1.15716204e-08 
 3.88045848e-05  8.94625867e-01  8.95149852e-01  8.94991796e-01 -2.15256382e-05  5.06023635e-06  5.08042389e-09 
 3.88047470e-05  8.94609791e-01  8.95168172e-01  8.94999494e-01 -2.12828577e-05  4.74722922e-06 -2.19684178e-09 
 3.88048735e-05  8.94597204e-01  8.95185336e-01  8.95006033e-01 -2.12338566e-05  4.51475867e-06 -7.50075896e-09 
 3.88050000e-05  8.94584666e-01  8.95203816e-01  8.95013128e-01 -2.12006781e-05  4.29292025e-06 -1.25081281e-08 
 3.88050016e-05  8.94586668e-01  8.95206081e-01  8.95013224e-01 -2.02854345e-05  4.29039052e-06 -1.24719611e-08 
 3.88050049e-05  8.94589918e-01  8.95210403e-01  8.95013419e-01 -1.98704672e-05  4.28535226e-06 -1.24041068e-08 
 3.88050113e-05  8.94592911e-01  8.95218169e-01  8.95013822e-01 -1.94671635e-05  4.27532877e-06 -1.22941822e-08 
 3.88050211e-05  8.94593828e-01  8.95228295e-01  8.95014465e-01 -1.91438612e-05  4.26015227e-06 -1.21690364e-08 
 3.88050378e-05  8.94594066e-01  8.95243569e-01  8.95015641e-01 -1.85632925e-05  4.23415669e-06 -1.19933352e-08 
 3.88050712e-05  8.94594188e-01  8.95270305e-01  8.95018248e-01 -1.77461948e-05  4.18203545e-06 -1.17210291e-08 
 3.88051379e-05  8.94594389e-01  8.95311471e-01  8.95024253e-01 -1.66475065e-05  4.07799688e-06 -1.13778950e-08 
 3.88052715e-05  8.94594549e-01  8.95359665e-01  8.95038120e-01 -1.58186394e-05  3.87404791e-06 -1.10574684e-08 
 3.88054894e-05  8.94594903e-01  8.95392465e-01  8.95062607e-01 -1.55461530e-05  3.55916590e-06 -1.07929049e-08 
 3.88057334e-05  8.94595215e-01  8.95409038e-01  8.95089914e-01 -1.55774382e-05  3.23552577e-06 -1.04802286e-08 
 3.88061002e-05  8.94595732e-01  8.95427739e-01  8.95128692e-01 -1.55419775e-05  2.80305101e-06 -9.92507751e-09 
 3.88066743e-05  8.94596390e-01  8.95451671e-01  8.95183537e-01 -1.55729891e-05  2.23789215e-06 -8.96666768e-09 
 3.88078224e-05  8.94597595e-01  8.95484404e-01  8.95273081e-01 -1.55396690e-05  1.41814886e-06 -7.00235475e-09 
 3.88101188e-05  8.94599243e-01  8.95500253e-01  8.95382910e-01 -1.55690786e-05  5.40075128e-07 -3.75741023e-09 
 3.88147116e-05  8.94600955e-01  8.95404573e-01  8.95406593e-01 -1.55353169e-05  2.93431506e-08 -5.99197684e-10 
 3.88210719e-05  8.94601368e-01  8.95147306e-01  8.95210169e-01 -1.55653330e-05 -3.39060108e-09 -2.10599006e-11 
 3.88288885e-05  8.94600933e-01  8.94823799e-01  8.94881605e-01 -1.55335192e-05  3.69675777e-10 -2.13368753e-10 
 3.88372308e-05  8.94600186e-01  8.94575003e-01  8.94597814e-01 -1.55652600e-05 -3.63728077e-10 -1.64666912e-10 
 3.88486372e-05  8.94599468e-01  8.94422077e-01  8.94397586e-01 -1.55341906e-05 -1.25500907e-11 -7.39910879e-11 
 3.88648498e-05  8.94598984e-01  8.94457320e-01  8.94393601e-01 -1.55653238e-05  1.58084869e-11  2.08893491e-11 
 3.88937957e-05  8.94599220e-01  8.94708646e-01  8.94640300e-01 -1.55330694e-05  9.07807137e-11  5.27089396e-11 
 3.89258320e-05  8.94599616e-01  8.94828730e-01  8.94785019e-01 -1.55642971e-05 -1.60558459e-11  5.80091297e-12 
 3.89629160e-05  8.94599655e-01  8.94758038e-01  8.94720917e-01 -1.55333199e-05 -1.08768103e-11 -1.49463123e-11 
 3.90000000e-05  8.94599476e-01  8.94709770e-01  8.94664965e-01 -1.55647705e-05 -9.67783427e-12 -6.67355494e-13 
 3.90000167e-05  8.94604243e-01  8.94734427e-01  8.94665129e-01 -1.04606790e-05  3.94823349e-09  8.33535621e-10 
 3.90000501e-05  8.94607223e-01  8.94772309e-01  8.94665707e-01 -9.86768034e-06  1.18881889e-08  2.40424267e-09 
 3.90001033e-05  8.94607167e-01  8.94811992e-01  8.94667426e-01 -9.54310211e-06  2.40337503e-08  4.71412481e-09 
 3.90001596e-05  8.94609211e-01  8.94844017e-01  8.94670006e-01 -9.19607284e-06  3.63037505e-08  7.04813563e-09 
 3.90002722e-05  8.94611016e-01  8.94881553e-01  8.94676529e-01 -9.04078581e-06  5.97208258e-08  1.14311960e-08 
 3.90004975e-05  8.94616396e-01  8.94910326e-01  8.94691589e-01 -8.87981613e-06  1.03015251e-07  1.94964241e-08 
 3.90008540e-05  8.94623609e-01  8.94916688e-01  8.94715175e-01 -8.96048365e-06  1.64014093e-07  3.08017511e-08 
 3.90013411e-05  8.94636947e-01  8.94915083e-01  8.94742868e-01 -9.34516968e-06  2.34385472e-07  4.38130460e-08 
 3.90014443e-05  8.94641103e-01  8.94913853e-01  8.94747998e-01 -9.71383345e-06  2.47413287e-07  4.62036145e-08 
 3.90016506e-05  8.94658004e-01  8.94909829e-01  8.94757439e-01 -1.14713592e-05  2.70593291e-07  5.04170810e-08 
 3.90017979e-05  8.94680347e-01  8.94904344e-01  8.94763441e-01 -1.43966184e-05  2.84017259e-07  5.27700522e-08 
 3.90019210e-05  8.94710261e-01  8.94897423e-01  8.94767898e-01 -1.83481574e-05  2.92160910e-07  5.40868782e-08 
 3.90020460e-05  8.94751204e-01  8.94887437e-01  8.94771791e-01 -2.42081676e-05  2.96630202e-07  5.45878836e-08 
 3.90021790e-05  8.94806383e-01  8.94873771e-01  8.94775111e-01 -3.20242766e-05  2.96177025e-07  5.39829577e-08 
 3.90023230e-05  8.94874435e-01  8.94855152e-01  8.94777608e-01 -4.15064393e-05  2.88607146e-07  5.17450454e-08 
 3.90024599e-05  8.94942379e-01  8.94833245e-01  8.94778773e-01 -4.97163120e-05  2.73383698e-07  4.78043030e-08 
 3.90025764e-05  8.94997980e-01  8.94809865e-01  8.94778684e-01 -5.46490814e-05  2.53090746e-07  4.27470640e-08 
 3.90026878e-05  8.95046760e-01  8.94782466e-01  8.94777495e-01 -5.67248944e-05  2.26269933e-07  3.61805914e-08 
 3.90028067e-05  8.95091726e-01  8.94749571e-01  8.94774883e-01 -5.75789957e-05  1.89427972e-07  2.72968436e-08 
 3.90029637e-05  8.95138908e-01  8.94709516e-01  8.94769401e-01 -5.84391183e-05  1.29357772e-07  1.32921826e-08 
 3.90030811e-05  8.95163742e-01  8.94687099e-01  8.94764087e-01 -5.88484137e-05  7.52655376e-08  1.67253391e-09 
 3.90031728e-05  8.95175057e-01  8.94676039e-01  8.94759501e-01 -5.87245060e-05  2.03402169e-08 -7.75237357e-09 
 3.90032332e-05  8.95176165e-01  8.94672833e-01  8.94756404e-01 -5.81874782e-05 -3.16809012e-08 -1.39761579e-08 
 3.90032977e-05  8.95170783e-01  8.94673851e-01  8.94753148e-01 -5.72544340e-05 -1.11287503e-07 -2.04921888e-08 
 3.90033511e-05  8.95156968e-01  8.94678886e-01  8.94750577e-01 -5.61526405e-05 -1.95194083e-07 -2.56341361e-08 
 3.90033831e-05  8.95139454e-01  8.94684336e-01  8.94749134e-01 -5.52578561e-05 -2.50000001e-07 -2.84875600e-08 
 3.90034064e-05  8.95117926e-01  8.94690185e-01  8.94748143e-01 -5.43198431e-05 -2.90025372e-07 -3.03768101e-08 
 3.90034304e-05  8.95086530e-01  8.94698733e-01  8.94747201e-01 -5.30663020e-05 -3.29718991e-07 -3.20464876e-08 
 3.90034626e-05  8.95033489e-01  8.94715373e-01  8.94746115e-01 -5.08511769e-05 -3.77972958e-07 -3.36840908e-08 
 3.90034932e-05  8.94977911e-01  8.94736901e-01  8.94745330e-01 -4.83125165e-05 -4.17059096e-07 -3.45183699e-08 
 3.90035388e-05  8.94897324e-01  8.94777273e-01  8.94744733e-01 -4.39850666e-05 -4.62603912e-07 -3.45103200e-08 
 3.90035668e-05  8.94853126e-01  8.94805198e-01  8.94744753e-01 -4.12050714e-05 -4.83248589e-07 -3.38543964e-08 
 3.90035975e-05  8.94811140e-01  8.94836680e-01  8.94745137e-01 -3.81683916e-05 -5.00592337e-07 -3.27086056e-08 
 3.90036333e-05  8.94770525e-01  8.94872563e-01  8.94746056e-01 -3.48089901e-05 -5.15033025e-07 -3.09784918e-08 
 3.90036730e-05  8.94735344e-01  8.94909772e-01  8.94747637e-01 -3.13781816e-05 -5.25501679e-07 -2.87438963e-08 
 3.90037121e-05  8.94709028e-01  8.94942610e-01  8.94749717e-01 -2.83799242e-05 -5.31625274e-07 -2.63791715e-08 
 3.90037550e-05  8.94687740e-01  8.94973606e-01  8.94752502e-01 -2.55300435e-05 -5.35036055e-07 -2.37432053e-08 
 3.90038004e-05  8.94671433e-01  8.95000774e-01  8.94755915e-01 -2.29995476e-05 -5.36082713e-07 -2.10033817e-08 
 3.90038527e-05  8.94658171e-01  8.95025789e-01  8.94760321e-01 -2.05963895e-05 -5.35178267e-07 -1.79602848e-08 
 3.90039108e-05  8.94647981e-01  8.95046972e-01  8.94765639e-01 -1.84780071e-05 -5.32450198e-07 -1.47596264e-08 
 3.90039806e-05  8.94639768e-01  8.95065487e-01  8.94772408e-01 -1.65133103e-05 -5.27680817e-07 -1.11517157e-08 
 3.90040624e-05  8.94633469e-01  8.95080548e-01  8.94780644e-01 -1.48145822e-05 -5.20757630e-07 -7.19392794e-09 
 3.90041661e-05  8.94628669e-01  8.95093329e-01  8.94791275e-01 -1.33028675e-05 -5.10722045e-07 -2.49129771e-09 
 3.90042959e-05  8.94625764e-01  8.95103903e-01  8.94804563e-01 -1.21015781e-05 -4.97190508e-07  3.02991416e-09 
 3.90044685e-05  8.94625439e-01  8.95113546e-01  8.94821873e-01 -1.12289195e-05 -4.79936363e-07  9.89965919e-09 
 3.90046834e-05  8.94628547e-01  8.95122295e-01  8.94842589e-01 -1.07669665e-05 -4.66687325e-07  1.78224522e-08 
 3.90048417e-05  8.94632412e-01  8.95127410e-01  8.94857165e-01 -1.06266260e-05 -4.68963499e-07  2.32424837e-08 
 3.90050000e-05  8.94636889e-01  8.95131756e-01  8.94871137e-01 -1.05625600e-05 -4.86901894e-07  2.83349416e-08 
 3.90050019e-05  8.94635352e-01  8.95127821e-01  8.94871301e-01 -1.51430956e-05 -4.87681834e-07  2.82891059e-08 
 3.90050058e-05  8.94632750e-01  8.95120583e-01  8.94871623e-01 -1.54118517e-05 -4.89331741e-07  2.82006840e-08 
 3.90050135e-05  8.94630199e-01  8.95108814e-01  8.94872235e-01 -1.55357593e-05 -4.92950075e-07  2.80477490e-08 
 3.90050290e-05  8.94628830e-01  8.95090834e-01  8.94873363e-01 -1.55360668e-05 -5.00299130e-07  2.77935453e-08 
 3.90050549e-05  8.94627516e-01  8.95066952e-01  8.94875023e-01 -1.56132506e-05 -5.12249733e-07  2.74129309e-08 
 3.90051068e-05  8.94626057e-01  8.95029329e-01  8.94877661e-01 -1.56117196e-05 -5.35218090e-07  2.67440308e-08 
 3.90052106e-05  8.94625039e-01  8.94981699e-01  8.94881041e-01 -1.56496558e-05 -5.78439283e-07  2.55955705e-08 
 3.90053235e-05  8.94624898e-01  8.94956822e-01  8.94882960e-01 -1.56036694e-05 -6.22355507e-07  2.44890820e-08 
 3.90055071e-05  8.94624734e-01  8.94941705e-01  8.94884487e-01 -1.56286953e-05 -6.88164784e-07  2.28405404e-08 
 3.90057799e-05  8.94624606e-01  8.94938357e-01  8.94885605e-01 -1.55933733e-05 -7.74452580e-07  2.06471831e-08 
 3.90063255e-05  8.94624302e-01  8.94941596e-01  8.94887499e-01 -1.56249737e-05 -9.12319751e-07  1.69671767e-08 
 3.90074166e-05  8.94623942e-01  8.94949490e-01  8.94892264e-01 -1.55902915e-05 -1.08507711e-06  1.17031450e-08 
 3.90095989e-05  8.94623494e-01  8.94966033e-01  8.94904875e-01 -1.56205797e-05 -1.19531519e-06  6.15283682e-09 
 3.90139635e-05  8.94623349e-01  8.94996601e-01  8.94934420e-01 -1.55856494e-05 -1.08630295e-06  2.81008005e-09 
 3.90226926e-05  8.94623552e-01  8.95022631e-01  8.94973139e-01 -1.56171607e-05 -7.40036130e-07  1.85535469e-09 
 3.90362324e-05  8.94623888e-01  8.94967823e-01  8.94940041e-01 -1.55845368e-05 -4.05665228e-07  1.00979752e-09 
 3.90538337e-05  8.94623826e-01  8.94820845e-01  8.94799159e-01 -1.56178384e-05 -1.82900315e-07  4.07907402e-10 
 3.90856015e-05  8.94623508e-01  8.94658475e-01  8.94619039e-01 -1.55857720e-05 -3.47719960e-08  7.50630100e-11 
 3.91261022e-05  8.94623353e-01  8.94685359e-01  8.94633542e-01 -1.56183158e-05 -2.44507495e-09  1.75886608e-11 
 3.91740179e-05  8.94623535e-01  8.94747856e-01  8.94702962e-01 -1.55854985e-05  2.60613104e-11  5.93528693e-12 
 3.92585952e-05  8.94623489e-01  8.94720781e-01  8.94677699e-01 -1.56183450e-05 -5.36446755e-13 -5.74166534e-12 
 3.93455015e-05  8.94623482e-01  8.94727853e-01  8.94681262e-01 -1.55855988e-05 -1.32965470e-11  7.17109569e-12 
 3.94455015e-05  8.94623490e-01  8.94740036e-01  8.94696401e-01 -1.56182743e-05  1.42258846e-11 -2.85569604e-12 
 3.95455015e-05  8.94623487e-01  8.94729015e-01  8.94683810e-01 -1.55856297e-05 -1.79179672e-11  3.39793271e-12 
 3.96455015e-05  8.94623463e-01  8.94738947e-01  8.94694165e-01 -1.56182707e-05  1.35911042e-11 -7.81098818e-14 
 3.97455015e-05  8.94623490e-01  8.94734867e-01  8.94690370e-01 -1.55856196e-05 -1.51331233e-11  1.82930564e-12 
 3.98455015e-05  8.94623445e-01  8.94735807e-01  8.94690813e-01 -1.56182841e-05  1.02104165e-11  3.87958654e-13 
 3.99455015e-05  8.94623480e-01  8.94737359e-01  8.94692785e-01 -1.55856095e-05 -1.22805900e-11  1.93065870e-12 
 4.00455015e-05  8.94623435e-01  8.94735489e-01  8.94690698e-01 -1.56182889e-05  8.10763761e-12  9.78971136e-14 
 4.01455015e-05  8.94623465e-01  8.94737084e-01  8.94692324e-01 -1.55856091e-05 -1.08835916e-11  2.12950165e-12 
 4.02455015e-05  8.94623425e-01  8.94736271e-01  8.94691598e-01 -1.56182869e-05  7.13311766e-12  6.44051327e-14 
 4.03455015e-05  8.94623452e-01  8.94736496e-01  8.94691695e-01 -1.55856118e-05 -1.01073997e-11  2.01167755e-12 
 4.04455015e-05  8.94623414e-01  8.94736648e-01  8.94691966e-01 -1.56182847e-05  6.39087112e-12  2.61524418e-13 
 4.05455015e-05  8.94623440e-01  8.94736387e-01  8.94691617e-01 -1.55856133e-05 -9.34429118e-12  1.79789273e-12 
 4.06455015e-05  8.94623402e-01  8.94736598e-01  8.94691885e-01 -1.56182839e-05  5.60667680e-12  4.48914668e-13 
 4.07455015e-05  8.94623429e-01  8.94736488e-01  8.94691739e-01 -1.55856136e-05 -8.57182099e-12  1.65112661e-12 
 4.08455015e-05  8.94623389e-01  8.94736489e-01  8.94691768e-01 -1.56182837e-05  4.87664184e-12  5.57693215e-13 
 4.09227508e-05  8.94623418e-01  8.94736544e-01  8.94691794e-01 -1.55856139e-05 -7.83325141e-12  1.55889928e-12 
 4.10000000e-05  8.94623380e-01  8.94736461e-01  8.94691745e-01 -1.56182832e-05  4.13081049e-12  6.42836262e-13 
 4.10000501e-05  8.94614466e-01  8.94681850e-01  8.94690671e-01 -2.05908352e-05 -1.42693372e-08 -2.32247123e-09 
 4.10001503e-05  8.94608440e-01  8.94608079e-01  8.94687117e-01 -2.07802883e-05 -4.19524454e-08 -6.62513906e-09 
 4.10003507e-05  8.94605025e-01  8.94548708e-01  8.94675290e-01 -2.08716833e-05 -9.11979302e-08 -1.42832574e-08 
 4.10005387e-05  8.94601303e-01  8.94533750e-01  8.94662330e-01 -2.12741234e-05 -1.32272674e-07 -2.08397782e-08 
 4.10007414e-05  8.94600420e-01  8.94531703e-01  8.94648747e-01 -2.21054426e-05 -1.71460594e-07 -2.72972886e-08 
 4.10009760e-05  8.94602023e-01  8.94530992e-01  8.94634213e-01 -2.43753451e-05 -2.09731426e-07 -3.40289602e-08 
 4.10012162e-05  8.94611812e-01  8.94535664e-01  8.94620866e-01 -2.85861262e-05 -2.40903971e-07 -4.00469432e-08 
 4.10014512e-05  8.94628472e-01  8.94541273e-01  8.94609453e-01 -3.51082510e-05 -2.63053893e-07 -4.50809447e-08 
 4.10016624e-05  8.94651363e-01  8.94550477e-01  8.94600674e-01 -4.29758978e-05 -2.75369876e-07 -4.88191162e-08 
 4.10018335e-05  8.94673146e-01  8.94558955e-01  8.94594673e-01 -5.08370590e-05 -2.78952862e-07 -5.12450574e-08 
 4.10019704e-05  8.94692998e-01  8.94568466e-01  8.94590638e-01 -5.79381793e-05 -2.76659820e-07 -5.27037936e-08 
 4.10020844e-05  8.94709011e-01  8.94577295e-01  8.94587851e-01 -6.44201386e-05 -2.70035891e-07 -5.35178035e-08 
 4.10021823e-05  8.94722250e-01  8.94586959e-01  8.94585914e-01 -7.02364057e-05 -2.59906393e-07 -5.38318053e-08 
 4.10022678e-05  8.94731391e-01  8.94596684e-01  8.94584609e-01 -7.55020914e-05 -2.46488716e-07 -5.37343322e-08 
 4.10023435e-05  8.94736937e-01  8.94607255e-01  8.94583793e-01 -8.01499589e-05 -2.29976235e-07 -5.32611494e-08 
 4.10024115e-05  8.94737976e-01  8.94618524e-01  8.94583373e-01 -8.42821458e-05 -2.10163279e-07 -5.24326272e-08 
 4.10024751e-05  8.94734703e-01  8.94631322e-01  8.94583293e-01 -8.79602090e-05 -1.86180750e-07 -5.12047430e-08 
 4.10025402e-05  8.94726534e-01  8.94646992e-01  8.94583579e-01 -9.14931801e-05 -1.54970428e-07 -4.93899232e-08 
 4.10026114e-05  8.94714296e-01  8.94667190e-01  8.94584388e-01 -9.50310030e-05 -1.12328858e-07 -4.66692072e-08 
 4.10026894e-05  8.94699929e-01  8.94691774e-01  8.94585934e-01 -9.85937525e-05 -5.62580383e-08 -4.28232065e-08 
 4.10028093e-05  8.94679561e-01  8.94730855e-01  8.94589711e-01 -1.03507692e-04  4.16922876e-08 -3.53719767e-08 
 4.10028963e-05  8.94665944e-01  8.94758489e-01  8.94593484e-01 -1.06541714e-04  1.11411209e-07 -2.89678886e-08 
 4.10029832e-05  8.94654251e-01  8.94784064e-01  8.94598028e-01 -1.09111559e-04  1.67948522e-07 -2.19316934e-08 
 4.10030771e-05  8.94644408e-01  8.94808110e-01  8.94603683e-01 -1.11398841e-04  2.11239418e-07 -1.37937733e-08 
 4.10031683e-05  8.94638866e-01  8.94826282e-01  8.94609725e-01 -1.13181635e-04  2.42213040e-07 -5.59184577e-09 
 4.10032826e-05  8.94635266e-01  8.94840008e-01  8.94617716e-01 -1.14004737e-04  2.76259198e-07  4.74459656e-09 
 4.10033674e-05  8.94634637e-01  8.94841679e-01  8.94623664e-01 -1.12031774e-04  2.99835114e-07  1.20796878e-08 
 4.10034283e-05  8.94634234e-01  8.94835845e-01  8.94627769e-01 -1.07337543e-04  3.15220541e-07  1.68158343e-08 
 4.10034827e-05  8.94633864e-01  8.94822998e-01  8.94631142e-01 -1.00442797e-04  3.26472878e-07  2.03191075e-08 
 4.10035447e-05  8.94632972e-01  8.94797922e-01  8.94634443e-01 -9.02535973e-05  3.35636172e-07  2.32141283e-08 
 4.10036106e-05  8.94631771e-01  8.94760412e-01  8.94637045e-01 -7.81652430e-05  3.40309897e-07  2.48859708e-08 
 4.10036917e-05  8.94629849e-01  8.94703905e-01  8.94638653e-01 -6.34556151e-05  3.39067262e-07  2.50736194e-08 
 4.10038047e-05  8.94626888e-01  8.94619841e-01  8.94637702e-01 -4.65096056e-05  3.26134275e-07  2.26500360e-08 
 4.10038789e-05  8.94624899e-01  8.94568102e-01  8.94635116e-01 -3.85736258e-05  3.12131119e-07  1.98788162e-08 
 4.10039488e-05  8.94623095e-01  8.94525872e-01  8.94631448e-01 -3.32012453e-05  2.96216015e-07  1.68305508e-08 
 4.10040373e-05  8.94620895e-01  8.94482762e-01  8.94625474e-01 -2.85938024e-05  2.73731664e-07  1.27183037e-08 
 4.10041200e-05  8.94618912e-01  8.94452138e-01  8.94618873e-01 -2.59876384e-05  2.51179763e-07  8.81377298e-09 
 4.10042195e-05  8.94616613e-01  8.94425584e-01  8.94610108e-01 -2.41354690e-05  2.23232269e-07  4.22481417e-09 
 4.10043204e-05  8.94614317e-01  8.94407227e-01  8.94600676e-01 -2.31819892e-05  1.94626401e-07 -2.38937303e-10 
 4.10044477e-05  8.94611485e-01  8.94392139e-01  8.94588468e-01 -2.25853037e-05  1.58987331e-07 -5.56859046e-09 
 4.10045890e-05  8.94608351e-01  8.94381747e-01  8.94574936e-01 -2.23544496e-05  1.20644249e-07 -1.11054552e-08 
 4.10047779e-05  8.94604221e-01  8.94373060e-01  8.94557296e-01 -2.22373947e-05  7.19467668e-08 -1.79733267e-08 
 4.10050000e-05  8.94599370e-01  8.94366382e-01  8.94537536e-01 -2.22314226e-05  1.87162152e-08 -2.53693282e-08 
 4.10050024e-05  8.94601072e-01  8.94371182e-01  8.94537333e-01 -1.75858925e-05  1.87046519e-08 -2.53149614e-08 
 4.10050072e-05  8.94603590e-01  8.94379897e-01  8.94536937e-01 -1.72206220e-05  1.87256890e-08 -2.52119493e-08 
 4.10050168e-05  8.94605174e-01  8.94393659e-01  8.94536190e-01 -1.69893680e-05  1.88722877e-08 -2.50377045e-08 
 4.10050279e-05  8.94605216e-01  8.94406157e-01  8.94535390e-01 -1.68643433e-05  1.90250401e-08 -2.48653131e-08 
 4.10050491e-05  8.94605310e-01  8.94426456e-01  8.94534002e-01 -1.65777992e-05  1.92369094e-08 -2.45559366e-08 
 4.10050892e-05  8.94605303e-01  8.94457717e-01  8.94531829e-01 -1.62498657e-05  1.94595734e-08 -2.40324572e-08 
 4.10051575e-05  8.94605354e-01  8.94496207e-01  8.94529145e-01 -1.58665399e-05  1.94824629e-08 -2.32552047e-08 
 4.10052941e-05  8.94605339e-01  8.94537405e-01  8.94526110e-01 -1.56210850e-05  1.89298460e-08 -2.19319779e-08 
 4.10055574e-05  8.94605443e-01  8.94559563e-01  8.94523873e-01 -1.55258417e-05  1.72820751e-08 -1.97472795e-08 
 4.10058818e-05  8.94605499e-01  8.94559695e-01  8.94522780e-01 -1.55617265e-05  1.52601167e-08 -1.73874305e-08 
 4.10064081e-05  8.94605658e-01  8.94556851e-01  8.94521022e-01 -1.55330646e-05  1.24322351e-08 -1.41318719e-08 
 4.10073515e-05  8.94605807e-01  8.94551363e-01  8.94517326e-01 -1.55614708e-05  8.57982701e-09 -9.71662594e-09 
 4.10092383e-05  8.94606078e-01  8.94539236e-01  8.94508147e-01 -1.55354666e-05  3.97304285e-09 -4.46198550e-09 
 4.10129738e-05  8.94606226e-01  8.94515303e-01  8.94486251e-01 -1.55634677e-05  6.14950599e-10 -6.89276016e-10 
 4.10200899e-05  8.94606201e-01  8.94486731e-01  8.94451061e-01 -1.55370290e-05 -1.22123355e-10  9.87650659e-11 
 4.10343217e-05  8.94605924e-01  8.94515551e-01  8.94458990e-01 -1.55632245e-05  7.29837694e-11 -4.79089283e-11 
 4.10504034e-05  8.94605968e-01  8.94628428e-01  8.94563153e-01 -1.55358086e-05  3.32260441e-11  6.76335728e-11 
 4.10804002e-05  8.94606255e-01  8.94784828e-01  8.94732424e-01 -1.55620571e-05  4.10342804e-11  1.79201467e-12 
 4.11239398e-05  8.94606458e-01  8.94779695e-01  8.94741575e-01 -1.55355407e-05 -3.23521804e-11  5.07959679e-12 
 4.11619699e-05  8.94606302e-01  8.94720830e-01  8.94677857e-01 -1.55624322e-05  4.07093066e-12 -1.66265657e-11 
 4.12000000e-05  8.94606293e-01  8.94724318e-01  8.94677828e-01 -1.55356434e-05 -3.20171645e-12  1.39067000e-11 
 4.12000203e-05  8.94615594e-01  8.94743209e-01  8.94677994e-01 -1.36570007e-05  2.91943723e-09  1.08073623e-09 
 4.12000609e-05  8.94622935e-01  8.94773611e-01  8.94678569e-01 -1.23046885e-05  8.15471557e-09  3.03467782e-09 
 4.12001421e-05  8.94629250e-01  8.94811681e-01  8.94680786e-01 -1.10396441e-05  1.55545882e-08  6.45363864e-09 
 4.12002198e-05  8.94638542e-01  8.94830816e-01  8.94683714e-01 -1.03905799e-05  2.03010149e-08  9.42728903e-09 
 4.12003751e-05  8.94652948e-01  8.94838754e-01  8.94690121e-01 -1.00805555e-05  2.71183098e-08  1.48947096e-08 
 4.12006105e-05  8.94677652e-01  8.94821510e-01  8.94698688e-01 -9.93390262e-06  3.47914453e-08  2.24878978e-08 
 4.12009306e-05  8.94708841e-01  8.94781664e-01  8.94705688e-01 -1.00279158e-05  4.35645307e-08  3.17261253e-08 
 4.12013960e-05  8.94759656e-01  8.94714910e-01  8.94705324e-01 -1.05644406e-05  4.91588714e-08  4.31338577e-08 
 4.12015150e-05  8.94774525e-01  8.94695810e-01  8.94703245e-01 -1.11370261e-05  4.64567269e-08  4.56237636e-08 
 4.12017199e-05  8.94811943e-01  8.94659960e-01  8.94697727e-01 -1.35043723e-05  2.15328120e-08  4.92018158e-08 
 4.12018687e-05  8.94850614e-01  8.94629914e-01  8.94692087e-01 -1.72114706e-05 -2.58832551e-08  5.09517332e-08 
 4.12019950e-05  8.94895776e-01  8.94601025e-01  8.94686108e-01 -2.20306357e-05 -1.00433880e-07  5.15745198e-08 
 4.12021252e-05  8.94951465e-01  8.94567226e-01  8.94678662e-01 -2.88273746e-05 -2.23876614e-07  5.11015566e-08 
 4.12022746e-05  8.95025414e-01  8.94523853e-01  8.94668345e-01 -3.79576673e-05 -4.39565160e-07  4.88841084e-08 
 4.12024136e-05  8.95096339e-01  8.94478329e-01  8.94656873e-01 -4.64877722e-05 -7.26504406e-07  4.49120393e-08 
 4.12025374e-05  8.95157254e-01  8.94432441e-01  8.94644981e-01 -5.24282134e-05 -1.06681094e-06  3.95326631e-08 
 4.12026506e-05  8.95206386e-01  8.94384196e-01  8.94632513e-01 -5.54259808e-05 -1.46321307e-06  3.27729118e-08 
 4.12027764e-05  8.95251670e-01  8.94323961e-01  8.94616649e-01 -5.62930046e-05 -2.01003034e-06  2.30306002e-08 
 4.12029075e-05  8.95286008e-01  8.94259044e-01  8.94597755e-01 -5.66998910e-05 -2.69223879e-06  1.06602698e-08 
 4.12029955e-05  8.95301850e-01  8.94217948e-01  8.94583773e-01 -5.69420843e-05 -3.20483964e-06  1.37683853e-09 
 4.12030907e-05  8.95311106e-01  8.94177952e-01  8.94567696e-01 -5.70870307e-05 -3.79560052e-06 -9.24655295e-09 
 4.12031922e-05  8.95308276e-01  8.94141436e-01  8.94549681e-01 -5.69501241e-05 -4.45497452e-06 -2.09918009e-08 
 4.12032593e-05  8.95291182e-01  8.94121900e-01  8.94537425e-01 -5.64239510e-05 -4.89821219e-06 -2.88227806e-08 
 4.12033228e-05  8.95259337e-01  8.94107855e-01  8.94525696e-01 -5.56050619e-05 -5.31403426e-06 -3.60994154e-08 
 4.12033846e-05  8.95211025e-01  8.94099422e-01  8.94514311e-01 -5.44521785e-05 -5.70480096e-06 -4.28376680e-08 
 4.12034235e-05  8.95168707e-01  8.94097599e-01  8.94507184e-01 -5.34956356e-05 -5.93809755e-06 -4.67765077e-08 
 4.12034523e-05  8.95126213e-01  8.94099152e-01  8.94501994e-01 -5.24253312e-05 -6.09720074e-06 -4.93880020e-08 
 4.12034810e-05  8.95073028e-01  8.94104673e-01  8.94496928e-01 -5.10093920e-05 -6.23794822e-06 -5.15682986e-08 
 4.12035189e-05  8.94992804e-01  8.94120017e-01  8.94490460e-01 -4.84678613e-05 -6.38944300e-06 -5.35722643e-08 
 4.12035552e-05  8.94915191e-01  8.94143215e-01  8.94484639e-01 -4.55397603e-05 -6.49364438e-06 -5.44425159e-08 
 4.12036142e-05  8.94805530e-01  8.94192326e-01  8.94476213e-01 -4.02126111e-05 -6.58283333e-06 -5.38871056e-08 
 4.12036512e-05  8.94751333e-01  8.94226671e-01  8.94471631e-01 -3.68297900e-05 -6.59470546e-06 -5.25199109e-08 
 4.12036876e-05  8.94710196e-01  8.94259571e-01  8.94467682e-01 -3.36445345e-05 -6.58095953e-06 -5.06728679e-08 
 4.12037362e-05  8.94670298e-01  8.94299259e-01  8.94463196e-01 -2.98173713e-05 -6.53337219e-06 -4.77404394e-08 
 4.12037801e-05  8.94647191e-01  8.94329539e-01  8.94459832e-01 -2.68034607e-05 -6.46961187e-06 -4.48482441e-08 
 4.12038330e-05  8.94630533e-01  8.94358396e-01  8.94456467e-01 -2.37654751e-05 -6.37581897e-06 -4.12768108e-08 
 4.12038848e-05  8.94623110e-01  8.94378949e-01  8.94453747e-01 -2.13365741e-05 -6.27283564e-06 -3.78220061e-08 
 4.12039501e-05  8.94621406e-01  8.94395715e-01  8.94450884e-01 -1.89513494e-05 -6.13499273e-06 -3.36357174e-08 
 4.12040195e-05  8.94625840e-01  8.94404889e-01  8.94448273e-01 -1.70306085e-05 -5.98379864e-06 -2.94083769e-08 
 4.12041097e-05  8.94636865e-01  8.94407698e-01  8.94445201e-01 -1.52521363e-05 -5.78640931e-06 -2.42448976e-08 
 4.12042135e-05  8.94654218e-01  8.94402950e-01  8.94441761e-01 -1.38717015e-05 -5.56201734e-06 -1.86746535e-08 
 4.12043555e-05  8.94682589e-01  8.94389208e-01  8.94436767e-01 -1.27425577e-05 -5.26404287e-06 -1.15532571e-08 
 4.12045325e-05  8.94723802e-01  8.94366529e-01  8.94429682e-01 -1.20278727e-05 -4.91041698e-06 -3.33084804e-09 
 4.12047774e-05  8.94791903e-01  8.94330853e-01  8.94417940e-01 -1.16544022e-05 -4.45561660e-06  7.00740433e-09 
 4.12050000e-05  8.94868530e-01  8.94296134e-01  8.94405227e-01 -1.15385837e-05 -4.07694989e-06  1.54222676e-08 
 4.12050044e-05  8.94865038e-01  8.94290317e-01  8.94404946e-01 -1.26640741e-05 -4.07042313e-06  1.53193694e-08 
 4.12050132e-05  8.94861522e-01  8.94279720e-01  8.94404367e-01 -1.31883186e-05 -4.05735680e-06  1.51425847e-08 
 4.12050308e-05  8.94864049e-01  8.94262319e-01  8.94403117e-01 -1.35310434e-05 -4.03104216e-06  1.48921677e-08 
 4.12050620e-05  8.94870886e-01  8.94236334e-01  8.94400654e-01 -1.41690402e-05 -3.98408646e-06  1.45516302e-08 
 4.12051041e-05  8.94880403e-01  8.94207179e-01  8.94396924e-01 -1.46628901e-05 -3.92071255e-06  1.42050465e-08 
 4.12051882e-05  8.94901263e-01  8.94165917e-01  8.94388484e-01 -1.52662013e-05 -3.79536759e-06  1.37285969e-08 
 4.12053378e-05  8.94938768e-01  8.94126693e-01  8.94371816e-01 -1.55522952e-05 -3.58051253e-06  1.31330762e-08 
 4.12055279e-05  8.94986216e-01  8.94105393e-01  8.94349802e-01 -1.56194072e-05 -3.32425406e-06  1.24818076e-08 
 4.12058226e-05  8.95057518e-01  8.94088617e-01  8.94316686e-01 -1.55903378e-05 -2.96251350e-06  1.14853658e-08 
 4.12062086e-05  8.95148000e-01  8.94073600e-01  8.94276503e-01 -1.56128413e-05 -2.54709365e-06  1.02303502e-08 
 4.12069808e-05  8.95317898e-01  8.94051313e-01  8.94207274e-01 -1.55882673e-05 -1.87958842e-06  7.93815882e-09 
 4.12085251e-05  8.95619524e-01  8.94033536e-01  8.94108372e-01 -1.56095085e-05 -1.00857833e-06  4.32544056e-09 
 4.12116137e-05  8.96095078e-01  8.94078275e-01  8.94034164e-01 -1.55850449e-05 -2.49645067e-07  3.30472515e-10 
 4.12177529e-05  8.96691410e-01  8.94352555e-01  8.94184674e-01 -1.56079813e-05  2.28230186e-08 -1.20722487e-09 
 4.12243807e-05  8.97012159e-01  8.94774029e-01  8.94565315e-01 -1.55859181e-05 -2.46332328e-09 -3.55107813e-10 
 4.12325202e-05  8.97190693e-01  8.95306037e-01  8.95098029e-01 -1.56090791e-05  1.13064854e-09  9.64429266e-11 
 4.12420187e-05  8.97269461e-01  8.95843796e-01  8.95664220e-01 -1.55863920e-05  1.92703966e-10  2.03626384e-10 
 4.12570669e-05  8.97304625e-01  8.96414308e-01  8.96294774e-01 -1.56096105e-05  3.25793753e-10  1.72028873e-10 
 4.12767945e-05  8.97309621e-01  8.96696983e-01  8.96639499e-01 -1.55880597e-05 -1.64344152e-11  4.45394319e-11 
 4.13040587e-05  8.97309822e-01  8.96671085e-01  8.96638997e-01 -1.56123584e-05  3.63562414e-12 -2.33242425e-11 
 4.13412970e-05  8.97309424e-01  8.96638031e-01  8.96587387e-01 -1.55902820e-05 -2.11903485e-11  2.11612862e-12 
 4.13864421e-05  8.97309597e-01  8.96838485e-01  8.96778314e-01 -1.56126420e-05  6.90537133e-11  3.21947487e-11 
 4.14322321e-05  8.97309668e-01  8.97012572e-01  8.96962900e-01 -1.55898267e-05 -8.45291155e-12  1.02329390e-11 
 4.15238120e-05  8.97309874e-01  8.97143419e-01  8.97096115e-01 -1.56127426e-05  2.50647569e-11  5.04847265e-12 
 4.16077158e-05  8.97309778e-01  8.97252990e-01  8.97204141e-01 -1.55899390e-05 -6.88649788e-12  7.93641373e-12 
 4.17077158e-05  8.97309984e-01  8.97329842e-01  8.97284927e-01 -1.56126743e-05  1.58293480e-11  2.08445132e-12 
 4.18077158e-05  8.97309834e-01  8.97359926e-01  8.97313674e-01 -1.55899910e-05 -1.16761724e-11  2.28839625e-12 
 4.19077158e-05  8.97309991e-01  8.97393878e-01  8.97348648e-01 -1.56126647e-05  1.45128217e-11  3.12520387e-12 
 4.20077158e-05  8.97309846e-01  8.97401674e-01  8.97356763e-01 -1.55899907e-05 -1.31551491e-11 -1.83338208e-13 
 4.21077158e-05  8.97309974e-01  8.97411756e-01  8.97366447e-01 -1.56126762e-05  1.26573812e-11  3.08558056e-12 
 4.22077158e-05  8.97309832e-01  8.97416973e-01  8.97372255e-01 -1.55899829e-05 -1.17433515e-11 -2.81621731e-13 
 4.23077158e-05  8.97309954e-01  8.97418030e-01  8.97372975e-01 -1.56126812e-05  1.02183641e-11  2.41809703e-12 
 4.24077158e-05  8.97309808e-01  8.97421146e-01  8.97376298e-01 -1.55899834e-05 -9.83139416e-12  8.35485652e-14 
 4.25077158e-05  8.97309932e-01  8.97421060e-01  8.97376177e-01 -1.56126782e-05  8.37497693e-12  2.04982873e-12 
 4.26077158e-05  8.97309783e-01  8.97421917e-01  8.97377020e-01 -1.55899879e-05 -8.47901176e-12  1.84023153e-13 
 4.27077158e-05  8.97309908e-01  8.97422306e-01  8.97377444e-01 -1.56126739e-05  7.22671467e-12  2.01552821e-12 
 4.28077158e-05  8.97309758e-01  8.97422178e-01  8.97377309e-01 -1.55899917e-05 -7.57103711e-12  1.31745038e-13 
 4.29077158e-05  8.97309882e-01  8.97422568e-01  8.97377681e-01 -1.56126709e-05  6.40449803e-12  2.05414380e-12 
 4.30077158e-05  8.97309733e-01  8.97422398e-01  8.97377554e-01 -1.55899943e-05 -6.82975551e-12  1.02881625e-13 
 4.31077158e-05  8.97309857e-01  8.97422536e-01  8.97377638e-01 -1.56126686e-05  5.69936633e-12  2.05190715e-12 
 4.32000000e-05  8.97309708e-01  8.97422501e-01  8.97377660e-01 -1.55899967e-05 -6.14859942e-12  1.20572931e-13 
 4.32000888e-05  8.97286195e-01  8.97369503e-01  8.97375840e-01 -1.82271623e-05 -7.65076750e-09 -3.99896575e-09 
 4.32002665e-05  8.97261131e-01  8.97311372e-01  8.97370331e-01 -1.97902659e-05 -1.76621832e-08 -1.10366579e-08 
 4.32005437e-05  8.97231736e-01  8.97316457e-01  8.97359693e-01 -2.02671067e-05 -2.46521923e-08 -2.02369828e-08 
 4.32008466e-05  8.97202467e-01  8.97354330e-01  8.97351791e-01 -2.19627712e-05 -2.73639504e-08 -2.91440117e-08 
 4.32011446e-05  8.97187006e-01  8.97397697e-01  8.97349468e-01 -2.61068809e-05 -1.71916461e-08 -3.65845950e-08 
 4.32014251e-05  8.97185195e-01  8.97444670e-01  8.97352320e-01 -3.33021625e-05  1.19773807e-08 -4.23570901e-08 
 4.32016674e-05  8.97197551e-01  8.97490915e-01  8.97358849e-01 -4.22502537e-05  6.01985007e-08 -4.62742761e-08 
 4.32018608e-05  8.97214211e-01  8.97531514e-01  8.97366852e-01 -5.12853187e-05  1.21211499e-07 -4.85893573e-08 
 4.32020099e-05  8.97232413e-01  8.97566482e-01  8.97374806e-01 -5.92558668e-05  1.88698408e-07 -4.97401510e-08 
 4.32021309e-05  8.97248193e-01  8.97597153e-01  8.97382469e-01 -6.63400426e-05  2.62687906e-07 -5.01531107e-08 
 4.32022337e-05  8.97262912e-01  8.97626109e-01  8.97389895e-01 -7.26246627e-05  3.45023186e-07 -4.99988514e-08 
 4.32023234e-05  8.97274403e-01  8.97653774e-01  8.97397121e-01 -7.82576690e-05  4.37433970e-07 -4.93645592e-08 
 4.32024031e-05  8.97283467e-01  8.97681407e-01  8.97404200e-01 -8.32120993e-05  5.42082297e-07 -4.82616871e-08 
 4.32024767e-05  8.97288905e-01  8.97710101e-01  8.97411364e-01 -8.76691808e-05  6.64436401e-07 -4.66457380e-08 
 4.32025515e-05  8.97292319e-01  8.97743310e-01  8.97419336e-01 -9.19059137e-05  8.21344830e-07 -4.42460831e-08 
 4.32026357e-05  8.97296191e-01  8.97785426e-01  8.97429277e-01 -9.63390974e-05  1.04394051e-06 -4.05012180e-08 
 4.32027262e-05  8.97304592e-01  8.97834461e-01  8.97441214e-01 -1.00724960e-04  1.33911624e-06 -3.52601511e-08 
 4.32028311e-05  8.97319012e-01  8.97892740e-01  8.97456728e-01 -1.05418789e-04  1.74997083e-06 -2.78056189e-08 
 4.32029171e-05  8.97330545e-01  8.97939985e-01  8.97470752e-01 -1.08842486e-04  2.13764763e-06 -2.07490399e-08 
 4.32030079e-05  8.97338936e-01  8.97988123e-01  8.97486749e-01 -1.12033961e-04  2.59143051e-06 -1.25336091e-08 
 4.32031056e-05  8.97344702e-01  8.98036432e-01  8.97505182e-01 -1.14965618e-04  3.12208972e-06 -3.02226261e-09 
 4.32032011e-05  8.97351860e-01  8.98078289e-01  8.97524195e-01 -1.17348128e-04  3.67026722e-06  6.67172205e-09 
 4.32033020e-05  8.97361517e-01  8.98115105e-01  8.97545074e-01 -1.18738648e-04  4.26565460e-06  1.70083830e-08 
 4.32033889e-05  8.97371737e-01  8.98138789e-01  8.97563406e-01 -1.17839376e-04  4.77511162e-06  2.56373074e-08 
 4.32034538e-05  8.97379198e-01  8.98149060e-01  8.97577138e-01 -1.14116088e-04  5.13933985e-06  3.15793295e-08 
 4.32035101e-05  8.97385059e-01  8.98149841e-01  8.97588879e-01 -1.07996721e-04  5.42894209e-06  3.60294305e-08 
 4.32035716e-05  8.97389942e-01  8.98139735e-01  8.97601305e-01 -9.86965628e-05  5.70323837e-06  3.98185760e-08 
 4.32036394e-05  8.97393476e-01  8.98115756e-01  8.97614185e-01 -8.66093164e-05  5.94275417e-06  4.24938280e-08 
 4.32037175e-05  8.97394902e-01  8.98075369e-01  8.97627607e-01 -7.20631025e-05  6.13107474e-06  4.36198009e-08 
 4.32038174e-05  8.97393174e-01  8.98014078e-01  8.97642200e-01 -5.52657125e-05  6.24240697e-06  4.24187396e-08 
 4.32038934e-05  8.97389675e-01  8.97967546e-01  8.97651289e-01 -4.51346520e-05  6.24313060e-06  3.99709631e-08 
 4.32039668e-05  8.97385037e-01  8.97927920e-01  8.97658568e-01 -3.77001360e-05  6.19159563e-06  3.67995421e-08 
 4.32040499e-05  8.97378723e-01  8.97892083e-01  8.97665320e-01 -3.16639647e-05  6.08882046e-06  3.26549694e-08 
 4.32041392e-05  8.97371098e-01  8.97864887e-01  8.97671228e-01 -2.74313916e-05  5.94338731e-06  2.78931208e-08 
 4.32042323e-05  8.97362591e-01  8.97847956e-01  8.97676359e-01 -2.47181037e-05  5.76925359e-06  2.28622103e-08 
 4.32043345e-05  8.97352855e-01  8.97840139e-01  8.97681276e-01 -2.30362068e-05  5.56554401e-06  1.74489725e-08 
 4.32044490e-05  8.97341703e-01  8.97841036e-01  8.97686401e-01 -2.20431593e-05  5.33276064e-06  1.16214612e-08 
 4.32045839e-05  8.97328382e-01  8.97850521e-01  8.97692416e-01 -2.15269574e-05  5.06215272e-06  5.13207881e-09 
 4.32047458e-05  8.97312328e-01  8.97868768e-01  8.97700092e-01 -2.12836154e-05  4.74959919e-06 -2.13638209e-09 
 4.32048729e-05  8.97299689e-01  8.97886000e-01  8.97706656e-01 -2.12329555e-05  4.51593641e-06 -7.46825380e-09 
 4.32050000e-05  8.97287082e-01  8.97904561e-01  8.97713783e-01 -2.12006035e-05  4.29300673e-06 -1.25007773e-08 
 4.32050016e-05  8.97289088e-01  8.97906826e-01  8.97713878e-01 -2.02846073e-05  4.29047771e-06 -1.24645937e-08 
 4.32050049e-05  8.97292339e-01  8.97911147e-01  8.97714073e-01 -1.98695879e-05  4.28544103e-06 -1.23967497e-08 
 4.32050113e-05  8.97295331e-01  8.97918911e-01  8.97714476e-01 -1.94669415e-05  4.27542068e-06 -1.22868770e-08 
 4.32050211e-05  8.97296251e-01  8.97929066e-01  8.97715121e-01 -1.91421313e-05  4.26019798e-06 -1.21613956e-08 
 4.32050379e-05  8.97296486e-01  8.97944369e-01  8.97716299e-01 -1.85609430e-05  4.23414429e-06 -1.19854551e-08 
 4.32050713e-05  8.97296610e-01  8.97971151e-01  8.97718912e-01 -1.77424790e-05  4.18190662e-06 -1.17129043e-08 
 4.32051382e-05  8.97296810e-01  8.98012361e-01  8.97724932e-01 -1.66437678e-05  4.07763871e-06 -1.13698414e-08 
 4.32052720e-05  8.97296971e-01  8.98060552e-01  8.97738833e-01 -1.58160618e-05  3.87325860e-06 -1.10499473e-08 
 4.32054899e-05  8.97297324e-01  8.98093251e-01  8.97763313e-01 -1.55457202e-05  3.55850724e-06 -1.07862902e-08 
 4.32057343e-05  8.97297637e-01  8.98109832e-01  8.97790651e-01 -1.55766669e-05  3.23450057e-06 -1.04735468e-08 
 4.32061012e-05  8.97298154e-01  8.98128533e-01  8.97829439e-01 -1.55414795e-05  2.80193821e-06 -9.91868297e-09 
 4.32066768e-05  8.97298814e-01  8.98152512e-01  8.97884396e-01 -1.55722367e-05  2.23570597e-06 -8.95862282e-09 
 4.32078279e-05  8.97300020e-01  8.98185269e-01  8.97974073e-01 -1.55391643e-05  1.41505496e-06 -6.99104007e-09 
 4.32101302e-05  8.97301671e-01  8.98200978e-01  8.98083884e-01 -1.55683257e-05  5.37352421e-07 -3.74364415e-09 
 4.32147347e-05  8.97303379e-01  8.98104686e-01  8.98106937e-01 -1.55348147e-05  2.85108912e-08 -5.91383644e-10 
 4.32210978e-05  8.97303788e-01  8.97847181e-01  8.97909931e-01 -1.55645896e-05 -3.30755910e-09 -2.17301507e-11 
 4.32289181e-05  8.97303351e-01  8.97523913e-01  8.97581425e-01 -1.55330287e-05  3.53292247e-10 -2.13431597e-10 
 4.32372653e-05  8.97302605e-01  8.97275611e-01  8.97298080e-01 -1.55645235e-05 -3.59345547e-10 -1.64242212e-10 
 4.32486882e-05  8.97301886e-01  8.97123355e-01  8.97098519e-01 -1.55337010e-05 -1.32796302e-11 -7.35567373e-11 
 4.32649270e-05  8.97301406e-01  8.97159536e-01  8.97095570e-01 -1.55645840e-05  1.68251804e-11  2.12210190e-11 
 4.32939280e-05  8.97301644e-01  8.97411295e-01  8.97342898e-01 -1.55325773e-05  9.01181386e-11  5.25833431e-11 
 4.33253753e-05  8.97302035e-01  8.97529889e-01  8.97485821e-01 -1.55635597e-05 -1.50014291e-11  6.26904193e-12 
 4.33653483e-05  8.97302072e-01  8.97456201e-01  8.97418895e-01 -1.55328453e-05 -1.09112910e-11 -1.51182790e-11 
 4.34137176e-05  8.97301874e-01  8.97407575e-01  8.97361115e-01 -1.55640234e-05 -5.76238059e-12  2.66211478e-12 
 4.35104561e-05  8.97301954e-01  8.97442417e-01  8.97397271e-01 -1.55327295e-05  9.34898556e-12  3.09587192e-12 
 4.35982749e-05  8.97301915e-01  8.97418636e-01  8.97375295e-01 -1.55639616e-05 -1.24499063e-11 -2.70608373e-12 
 4.36982749e-05  8.97301905e-01  8.97415944e-01  8.97369821e-01 -1.55328006e-05  9.91894284e-12  3.78990291e-12 
 4.37982749e-05  8.97301899e-01  8.97422162e-01  8.97378131e-01 -1.55639128e-05 -8.68784623e-12 -4.52970615e-13 
 4.38982749e-05  8.97301901e-01  8.97411802e-01  8.97366669e-01 -1.55328228e-05  5.60238379e-12  1.36861209e-12 
 4.39982749e-05  8.97301872e-01  8.97417921e-01  8.97373001e-01 -1.55639100e-05 -4.94291413e-12  1.38755462e-12 
 4.40982749e-05  8.97301897e-01  8.97414408e-01  8.97369753e-01 -1.55328153e-05  3.22629813e-12  5.45374076e-13 
 4.41982749e-05  8.97301855e-01  8.97414549e-01  8.97369481e-01 -1.55639192e-05 -3.64194569e-12  1.49433813e-12 
 4.42982749e-05  8.97301886e-01  8.97415563e-01  8.97370827e-01 -1.55328088e-05  2.65912249e-12  8.56630901e-13 
 4.43982749e-05  8.97301844e-01  8.97414026e-01  8.97369111e-01 -1.55639218e-05 -3.33829470e-12  1.10697497e-12 
 4.44982749e-05  8.97301871e-01  8.97415102e-01  8.97370225e-01 -1.55328095e-05  2.37202358e-12  1.15930231e-12 
 4.45982749e-05  8.97301833e-01  8.97414501e-01  8.97369670e-01 -1.55639193e-05 -2.93851055e-12  9.55436143e-13 
 4.46982749e-05  8.97301858e-01  8.97414595e-01  8.97369689e-01 -1.55328124e-05  1.87177162e-12  1.18993693e-12 
 4.47982749e-05  8.97301821e-01  8.97414727e-01  8.97369886e-01 -1.55639168e-05 -2.38759620e-12  9.95566531e-13 
 4.48982749e-05  8.97301846e-01  8.97414499e-01  8.97369616e-01 -1.55328143e-05  1.33346264e-12  1.13104686e-12 
 4.49982749e-05  8.97301809e-01  8.97414665e-01  8.97369801e-01 -1.55639154e-05 -1.90005693e-12  1.04368977e-12 
 4.50982749e-05  8.97301834e-01  8.97414567e-01  8.97369698e-01 -1.55328154e-05  9.12866787e-13  1.10535740e-12 
 4.51982749e-05  8.97301796e-01  8.97414576e-01  8.97369707e-01 -1.55639144e-05 -1.54231857e-12  1.04975750e-12 
 4.52982749e-05  8.97301822e-01  8.97414597e-01  8.97369728e-01 -1.55328164e-05  6.05926984e-13  1.11114324e-12 
 4.53982749e-05  8.97301784e-01  8.97414548e-01  8.97369683e-01 -1.55639133e-05 -1.27242314e-12  1.04021967e-12 
 4.54982749e-05  8.97301810e-01  8.97414580e-01  8.97369707e-01 -1.55328176e-05  3.62808525e-13  1.11932176e-12 
 4.55982749e-05  8.97301772e-01  8.97414549e-01  8.97369685e-01 -1.55639120e-05 -1.04985270e-12  1.03550621e-12 
 4.56982749e-05  8.97301798e-01  8.97414556e-01  8.97369682e-01 -1.55328189e-05  1.58050222e-13  1.12076407e-12 
 4.57982749e-05  8.97301760e-01  8.97414544e-01  8.97369681e-01 -1.55639108e-05 -8.61991468e-13  1.03616296e-12 
 4.58982749e-05  8.97301786e-01  8.97414540e-01  8.97369668e-01 -1.55328201e-05 -1.32261823e-14  1.11929557e-12 
 4.59982749e-05  8.97301748e-01  8.97414531e-01  8.97369667e-01 -1.55639095e-05 -7.06783590e-13  1.03756641e-12 
 4.60982749e-05  8.97301774e-01  8.97414530e-01  8.97369658e-01 -1.55328213e-05 -1.53302284e-13  1.11835048e-12 
 4.61982749e-05  8.97301736e-01  8.97414517e-01  8.97369653e-01 -1.55639083e-05 -5.80533451e-13  1.03803262e-12 
 4.62982749e-05  8.97301762e-01  8.97414519e-01  8.97369647e-01 -1.55328226e-05 -2.67173653e-13  1.11820048e-12 
 4.63982749e-05  8.97301724e-01  8.97414505e-01  8.97369641e-01 -1.55639071e-05 -4.77633558e-13  1.03806194e-12 
 4.64982749e-05  8.97301749e-01  8.97414507e-01  8.97369635e-01 -1.55328238e-05 -3.60346518e-13  1.11815250e-12 
 4.65982749e-05  8.97301711e-01  8.97414493e-01  8.97369629e-01 -1.55639059e-05 -3.93133659e-13  1.03819460e-12 
 4.66982749e-05  8.97301737e-01  8.97414494e-01  8.97369622e-01 -1.55328250e-05 -4.37053822e-13  1.11792867e-12 
 4.67982749e-05  8.97301699e-01  8.97414481e-01  8.97369617e-01 -1.55639047e-05 -3.23475838e-13  1.03848223e-12 
 4.68491375e-05  8.97301728e-01  8.97414485e-01  8.97369613e-01 -1.55328267e-05 -5.26927243e-13  1.11743232e-12 
 4.69000000e-05  8.97301693e-01  8.97414475e-01  8.97369610e-01 -1.55639024e-05 -2.19836085e-13  1.03910386e-12 
 4.69100000e-05  8.97301708e-01  8.97414478e-01  8.97369609e-01 -1.55483666e-05 -4.40725147e-13  1.07781969e-12 
 4.69300000e-05  8.97301707e-01  8.97414477e-01  8.97369608e-01 -1.55483637e-05 -3.69029677e-13  1.07847059e-12 
 4.69650000e-05  8.97301705e-01  8.97414474e-01  8.97369606e-01 -1.55483666e-05 -4.18627372e-13  1.07781281e-12 
 4.70000000e-05  8.97301703e-01  8.97414472e-01  8.97369604e-01 -1.55483637e-05 -3.79580265e-13  1.07841042e-12 
 4.70000172e-05  8.97306878e-01  8.97426032e-01  8.97369683e-01 -1.42498467e-05  1.15185302e-09  4.04741332e-09 
 4.70000516e-05  8.97310162e-01  8.97444701e-01  8.97369968e-01 -1.36261181e-05  3.27264311e-09  1.21949497e-08 
 4.70001120e-05  8.97310344e-01  8.97467207e-01  8.97370948e-01 -1.32291212e-05  6.32272514e-09  2.60969430e-08 
 4.70001743e-05  8.97312824e-01  8.97483430e-01  8.97372413e-01 -1.28768268e-05  8.95833899e-09  3.99372438e-08 
 4.70002989e-05  8.97315172e-01  8.97498966e-01  8.97376007e-01 -1.27463025e-05  1.35832958e-08  6.64945884e-08 
 4.70005480e-05  8.97321922e-01  8.97501992e-01  8.97383564e-01 -1.26201459e-05  2.18912529e-08  1.15679107e-07 
 4.70009345e-05  8.97330894e-01  8.97485996e-01  8.97392971e-01 -1.27226895e-05  3.34316931e-08  1.83408256e-07 
 4.70014976e-05  8.97351851e-01  8.97457134e-01  8.97399799e-01 -1.39507879e-05  4.65622973e-08  2.67238725e-07 
 4.70016380e-05  8.97363369e-01  8.97448368e-01  8.97400240e-01 -1.52383478e-05  4.83505088e-08  2.85883617e-07 
 4.70017877e-05  8.97386075e-01  8.97436794e-01  8.97400093e-01 -1.81208937e-05  4.81174302e-08  3.05195756e-07 
 4.70019157e-05  8.97415182e-01  8.97424588e-01  8.97399381e-01 -2.25059032e-05  4.55732886e-08  3.22775700e-07 
 4.70020422e-05  8.97455491e-01  8.97410226e-01  8.97398056e-01 -2.87008515e-05  4.02914343e-08  3.45272113e-07 
 4.70021765e-05  8.97507173e-01  8.97392191e-01  8.97395874e-01 -3.73213359e-05  3.13168591e-08  3.86278968e-07 
 4.70023232e-05  8.97569325e-01  8.97369466e-01  8.97392457e-01 -4.79726422e-05  1.74489325e-08  4.82563864e-07 
 4.70024631e-05  8.97624197e-01  8.97344111e-01  8.97388073e-01 -5.78541118e-05  1.16603241e-10  6.81002035e-07 
 4.70025840e-05  8.97661821e-01  8.97317861e-01  8.97383261e-01 -6.45327374e-05 -1.86007486e-08  1.00327178e-06 
 4.70026996e-05  8.97683863e-01  8.97287838e-01  8.97377596e-01 -6.86085937e-05 -4.00833581e-08  1.51636839e-06 
 4.70028231e-05  8.97690492e-01  8.97252626e-01  8.97370259e-01 -7.16684106e-05 -6.56114857e-08  2.36988331e-06 
 4.70029845e-05  8.97672194e-01  8.97211146e-01  8.97358799e-01 -7.54956852e-05 -9.83706229e-08  4.10077208e-06 
 4.70031071e-05  8.97639301e-01  8.97188009e-01  8.97349032e-01 -7.79259214e-05 -1.20149718e-07  5.95394271e-06 
 4.70032058e-05  8.97598090e-01  8.97176245e-01  8.97340832e-01 -7.93604146e-05 -1.34435993e-07  7.82287508e-06 
 4.70032790e-05  8.97551381e-01  8.97172340e-01  8.97334731e-01 -7.98339932e-05 -1.42297618e-07  9.45553912e-06 
 4.70033415e-05  8.97493091e-01  8.97173125e-01  8.97329624e-01 -7.97834395e-05 -1.46333635e-07  1.10593455e-05 
 4.70033850e-05  8.97438212e-01  8.97176504e-01  8.97326176e-01 -7.92878249e-05 -1.47097541e-07  1.23208438e-05 
 4.70034152e-05  8.97389093e-01  8.97180878e-01  8.97323868e-01 -7.85741228e-05 -1.46074582e-07  1.32775731e-05 
 4.70034417e-05  8.97334631e-01  8.97186933e-01  8.97321916e-01 -7.74654455e-05 -1.43483028e-07  1.41806966e-05 
 4.70034703e-05  8.97262931e-01  8.97197048e-01  8.97319933e-01 -7.56210071e-05 -1.38180499e-07  1.52197824e-05 
 4.70035067e-05  8.97158330e-01  8.97216958e-01  8.97317653e-01 -7.22137892e-05 -1.26974540e-07  1.66489161e-05 
 4.70035423e-05  8.97052521e-01  8.97244067e-01  8.97315784e-01 -6.79288585e-05 -1.11396715e-07  1.81596451e-05 
 4.70035979e-05  8.96899962e-01  8.97295866e-01  8.97313788e-01 -6.01771964e-05 -8.08191504e-08  2.07129443e-05 
 4.70036326e-05  8.96818156e-01  8.97330668e-01  8.97313163e-01 -5.51136350e-05 -5.96006571e-08  2.24095201e-05 
 4.70036675e-05  8.96747245e-01  8.97364675e-01  8.97313020e-01 -5.01599582e-05 -3.80895177e-08  2.41892986e-05 
 4.70037099e-05  8.96674469e-01  8.97402326e-01  8.97313451e-01 -4.45722793e-05 -1.30116579e-08  2.64315173e-05 
 4.70037551e-05  8.96610849e-01  8.97436683e-01  8.97314546e-01 -3.93085117e-05  1.14853660e-08  2.89013120e-05 
 4.70038035e-05  8.96554428e-01  8.97466476e-01  8.97316316e-01 -3.45020350e-05  3.47173695e-08  3.16344184e-05 
 4.70038558e-05  8.96503582e-01  8.97490920e-01  8.97318746e-01 -3.02698849e-05  5.61474697e-08  3.46593274e-05 
 4.70039153e-05  8.96453996e-01  8.97510707e-01  8.97321972e-01 -2.64802331e-05  7.65043706e-08  3.81929006e-05 
 4.70039836e-05  8.96404025e-01  8.97525492e-01  8.97326053e-01 -2.32206371e-05  9.56251599e-08  4.23606819e-05 
 4.70040653e-05  8.96350256e-01  8.97535649e-01  8.97331187e-01 -2.04560374e-05  1.14116721e-07  4.74752067e-05 
 4.70041647e-05  8.96290142e-01  8.97541487e-01  8.97337518e-01 -1.82408031e-05  1.32433393e-07  5.38699286e-05 
 4.70042902e-05  8.96219067e-01  8.97543730e-01  8.97345366e-01 -1.65554357e-05  1.51837084e-07  6.22057514e-05 
 4.70044522e-05  8.96132426e-01  8.97543019e-01  8.97354977e-01 -1.54319145e-05  1.73702923e-07  7.33386062e-05 
 4.70046630e-05  8.96025098e-01  8.97539649e-01  8.97366427e-01 -1.48237612e-05  1.99475837e-07  8.83826350e-05 
 4.70048315e-05  8.95942569e-01  8.97535842e-01  8.97374672e-01 -1.46533098e-05  2.18678763e-07  1.00791053e-04 
 4.70050000e-05  8.95862493e-01  8.97531296e-01  8.97382106e-01 -1.45839161e-05  2.36890088e-07  1.13479647e-04 
 4.70050042e-05  8.95858390e-01  8.97527741e-01  8.97382275e-01 -1.54778842e-05  2.37039909e-07  1.13797777e-04 
 4.70050126e-05  8.95853507e-01  8.97521404e-01  8.97382602e-01 -1.57896008e-05  2.37355349e-07  1.14432800e-04 
 4.70050294e-05  8.95852892e-01  8.97511643e-01  8.97383198e-01 -1.57899382e-05  2.38071589e-07  1.15694370e-04 
 4.70050585e-05  8.95854241e-01  8.97497818e-01  8.97384085e-01 -1.59008241e-05  2.39439168e-07  1.17849852e-04 
 4.70050997e-05  8.95856455e-01  8.97481190e-01  8.97385075e-01 -1.59282877e-05  2.41461962e-07  1.20845053e-04 
 4.70051821e-05  8.95862720e-01  8.97457679e-01  8.97386355e-01 -1.59736047e-05  2.45318714e-07  1.26630354e-04 
 4.70053262e-05  8.95874000e-01  8.97437064e-01  8.97387260e-01 -1.59474299e-05  2.50604084e-07  1.36116521e-04 
 4.70055081e-05  8.95887631e-01  8.97429512e-01  8.97387341e-01 -1.59507149e-05  2.54377228e-07  1.47021137e-04 
 4.70058337e-05  8.95908398e-01  8.97430173e-01  8.97387052e-01 -1.59379004e-05  2.54401070e-07  1.63879430e-04 
 4.70063839e-05  8.95936270e-01  8.97441222e-01  8.97387800e-01 -1.59527883e-05  2.40341087e-07  1.85866139e-04 
 4.70069854e-05  8.95958346e-01  8.97458850e-01  8.97391530e-01 -1.59437133e-05  2.12111613e-07  2.02454268e-04 
 4.70076607e-05  8.95976920e-01  8.97484821e-01  8.97399963e-01 -1.59559420e-05  1.73007973e-07  2.14216180e-04 
 4.70083671e-05  8.95991905e-01  8.97517582e-01  8.97413919e-01 -1.59455477e-05  1.30112277e-07  2.20851629e-04 
 4.70091919e-05  8.96007378e-01  8.97561810e-01  8.97436831e-01 -1.59543547e-05  8.26790277e-08  2.23426040e-04 
 4.70100968e-05  8.96023174e-01  8.97615976e-01  8.97469685e-01 -1.59413040e-05  3.71033412e-08  2.21788373e-04 
 4.70111610e-05  8.96041896e-01  8.97685274e-01  8.97517439e-01 -1.59455758e-05 -6.28341943e-09  2.15946263e-04 
 4.70123428e-05  8.96062199e-01  8.97766680e-01  8.97580016e-01 -1.59286059e-05 -4.20290587e-08  2.06409066e-04 
 4.70137266e-05  8.96086042e-01  8.97864836e-01  8.97662760e-01 -1.59275670e-05 -6.98300095e-08  1.93090356e-04 
 4.70152958e-05  8.96112267e-01  8.97975813e-01  8.97764368e-01 -1.59055002e-05 -8.74854646e-08  1.76872159e-04 
 4.70171909e-05  8.96143476e-01  8.98104510e-01  8.97891292e-01 -1.58975680e-05 -9.57226158e-08  1.57270968e-04 
 4.70194722e-05  8.96178846e-01  8.98245457e-01  8.98040925e-01 -1.58675664e-05 -9.46670958e-08  1.34944771e-04 
 4.70224203e-05  8.96220981e-01  8.98397468e-01  8.98215726e-01 -1.58487440e-05 -8.51722343e-08  1.09197780e-04 
 4.70254222e-05  8.96257867e-01  8.98512188e-01  8.98361423e-01 -1.58129933e-05 -7.23783365e-08  8.69470492e-05 
 4.70283899e-05  8.96288883e-01  8.98584492e-01  8.98467201e-01 -1.57963284e-05 -5.98191313e-08  6.87678600e-05 
 4.70312997e-05  8.96313568e-01  8.98617108e-01  8.98532441e-01 -1.57651435e-05 -4.87448975e-08  5.42596008e-05 
 4.70342972e-05  8.96334473e-01  8.98614776e-01  8.98561357e-01 -1.57522842e-05 -3.89657021e-08  4.22658596e-05 
 4.70373775e-05  8.96351131e-01  8.98579192e-01  8.98554266e-01 -1.57245539e-05 -3.06510659e-08  3.25453795e-05 
 4.70406349e-05  8.96365144e-01  8.98511392e-01  8.98511740e-01 -1.57146774e-05 -2.35872851e-08  2.45882633e-05 
 4.70440644e-05  8.96375958e-01  8.98413707e-01  8.98435160e-01 -1.56900793e-05 -1.77943714e-08  1.82418113e-05 
 4.70477616e-05  8.96384893e-01  8.98286922e-01  8.98324834e-01 -1.56830333e-05 -1.30690336e-08  1.31814627e-05 
 4.70517458e-05  8.96391402e-01  8.98134834e-01  8.98183929e-01 -1.56614330e-05 -9.34745821e-09  9.26243786e-06 
 4.70561328e-05  8.96396638e-01  8.97959758e-01  8.98014245e-01 -1.56571278e-05 -6.45273730e-09  6.26328044e-06 
 4.70609815e-05  8.96400043e-01  8.97768401e-01  8.97822181e-01 -1.56384271e-05 -4.29100528e-09  4.05309313e-06 
 4.70664593e-05  8.96402675e-01  8.97567104e-01  8.97613778e-01 -1.56368020e-05 -2.71194071e-09  2.47021110e-06 
 4.70727060e-05  8.96403971e-01  8.97367849e-01  8.97401409e-01 -1.56208938e-05 -1.61768898e-09  1.39793046e-06 
 4.70800157e-05  8.96404942e-01  8.97183981e-01  8.97199086e-01 -1.56218471e-05 -8.84696531e-10  7.12495329e-07 
 4.70887284e-05  8.96405027e-01  8.97034408e-01  8.97027856e-01 -1.56085451e-05 -4.29606875e-10  3.14531410e-07 
 4.70994935e-05  8.96405218e-01  8.96937834e-01  8.96909610e-01 -1.56118744e-05 -1.61985893e-10  1.10772202e-07 
 4.71132852e-05  8.96404950e-01  8.96907499e-01  8.96862950e-01 -1.56009092e-05 -3.06823440e-11  2.64681110e-08 
 4.71320752e-05  8.96405154e-01  8.96931282e-01  8.96881269e-01 -1.56064300e-05  1.38407207e-11  2.37023586e-09 
 4.71598095e-05  8.96405073e-01  8.96944754e-01  8.96901442e-01 -1.55977306e-05 -3.25868759e-12 -2.27417607e-10 
 4.72068356e-05  8.96405258e-01  8.96849763e-01  8.96812813e-01 -1.56053604e-05 -2.13995202e-11  8.74969931e-11 
 4.72647328e-05  8.96404889e-01  8.96733137e-01  8.96690937e-01 -1.55977913e-05 -8.78552721e-12 -6.36674871e-11 
 4.73647328e-05  8.96404995e-01  8.96658193e-01  8.96614548e-01 -1.56053430e-05 -2.32281555e-12  4.17724803e-11 
 4.74647328e-05  8.96404748e-01  8.96594060e-01  8.96551214e-01 -1.55977375e-05 -7.03570362e-12 -2.80976535e-11 
 4.75647328e-05  8.96404877e-01  8.96560019e-01  8.96515021e-01 -1.56053747e-05  1.07579137e-12  2.21735521e-11 
 4.76647328e-05  8.96404678e-01  8.96546756e-01  8.96502717e-01 -1.55977098e-05 -3.54107433e-12 -1.05746307e-11 
 4.77647328e-05  8.96404840e-01  8.96530211e-01  8.96485462e-01 -1.56053799e-05  2.10529294e-13  1.43533344e-11 
 4.78647328e-05  8.96404638e-01  8.96527558e-01  8.96482792e-01 -1.55977121e-05 -1.49203718e-12 -5.77034156e-12 
 4.79647328e-05  8.96404821e-01  8.96522414e-01  8.96477783e-01 -1.56053707e-05 -1.07149749e-13  1.34354724e-11 
 4.80647328e-05  8.96404615e-01  8.96520166e-01  8.96475275e-01 -1.55977203e-05 -1.19552762e-12 -5.51032565e-12 
 4.81647328e-05  8.96404803e-01  8.96519781e-01  8.96475037e-01 -1.56053638e-05  2.45267348e-13  1.38084165e-11 
 4.82647328e-05  8.96404600e-01  8.96518133e-01  8.96473316e-01 -1.55977242e-05 -1.42988941e-12 -5.53137446e-12 
 4.83647328e-05  8.96404786e-01  8.96518367e-01  8.96473526e-01 -1.56053615e-05  5.22089750e-13  1.37268523e-11 
 4.84647328e-05  8.96404586e-01  8.96517811e-01  8.96473030e-01 -1.55977256e-05 -1.52771610e-12 -5.25713631e-12 
 4.85647328e-05  8.96404771e-01  8.96517712e-01  8.96472855e-01 -1.56053602e-05  5.60302889e-13  1.34900403e-11 
 4.86647328e-05  8.96404572e-01  8.96517709e-01  8.96472916e-01 -1.55977271e-05 -1.48900033e-12 -5.07584616e-12 
 4.87647328e-05  8.96404756e-01  8.96517547e-01  8.96472704e-01 -1.56053582e-05  5.18105307e-13  1.34244200e-11 
 4.88647328e-05  8.96404557e-01  8.96517584e-01  8.96472776e-01 -1.55977294e-05 -1.44793075e-12 -5.08850850e-12 
 4.89647328e-05  8.96404742e-01  8.96517544e-01  8.96472707e-01 -1.56053558e-05  4.98582295e-13  1.34939554e-11 
 4.90647328e-05  8.96404543e-01  8.96517502e-01  8.96472692e-01 -1.55977318e-05 -1.44162178e-12 -5.17549762e-12 
 4.91647328e-05  8.96404728e-01  8.96517538e-01  8.96472701e-01 -1.56053534e-05  5.03145052e-13  1.35806250e-11 
 4.92647328e-05  8.96404528e-01  8.96517474e-01  8.96472666e-01 -1.55977342e-05 -1.44855634e-12 -5.24956353e-12 
 4.93647328e-05  8.96404713e-01  8.96517514e-01  8.96472674e-01 -1.56053511e-05  5.09618389e-13  1.36422521e-11 
 4.94647328e-05  8.96404514e-01  8.96517465e-01  8.96472658e-01 -1.55977365e-05 -1.45213485e-12 -5.30105956e-12 
 4.95647328e-05  8.96404699e-01  8.96517491e-01  8.96472651e-01 -1.56053488e-05  5.10822721e-13  1.36881663e-11 
 4.96647328e-05  8.96404500e-01  8.96517453e-01  8.96472647e-01 -1.55977387e-05 -1.45162246e-12 -5.34416093e-12 
 4.97647328e-05  8.96404685e-01  8.96517475e-01  8.96472635e-01 -1.56053465e-05  5.09733098e-13  1.37300318e-11 
 4.98647328e-05  8.96404485e-01  8.96517438e-01  8.96472631e-01 -1.55977410e-05 -1.45056319e-12 -5.38497925e-12 
 4.99647328e-05  8.96404670e-01  8.96517462e-01  8.96472622e-01 -1.56053442e-05  5.09063711e-13  1.37694398e-11 
 5.00647328e-05  8.96404471e-01  8.96517423e-01  8.96472615e-01 -1.55977433e-05 -1.45027284e-12 -5.42239143e-12 
 5.01647328e-05  8.96404656e-01  8.96517448e-01  8.96472609e-01 -1.56053420e-05  5.09038341e-13  1.38044702e-11 
 5.02647328e-05  8.96404457e-01  8.96517408e-01  8.96472601e-01 -1.55977456e-05 -1.45034592e-12 -5.45494791e-12 
 5.03647328e-05  8.96404642e-01  8.96517434e-01  8.96472594e-01 -1.56053397e-05  5.09102959e-13  1.38345958e-11 
 5.04647328e-05  8.96404443e-01  8.96517394e-01  8.96472587e-01 -1.55977479e-05 -1.45034484e-12 -5.48278881e-12 
 5.05647328e-05  8.96404627e-01  8.96517419e-01  8.96472580e-01 -1.56053374e-05  5.09028583e-13  1.38604709e-11 
 5.06647328e-05  8.96404428e-01  8.96517380e-01  8.96472573e-01 -1.55977502e-05 -1.45021733e-12 -5.50686151e-12 
 5.07647328e-05  8.96404613e-01  8.96517405e-01  8.96472565e-01 -1.56053351e-05  5.08872241e-13  1.38828632e-11 
 5.08647328e-05  8.96404414e-01  8.96517365e-01  8.96472558e-01 -1.55977525e-05 -1.45004885e-12 -5.52774634e-12 
 5.09647328e-05  8.96404599e-01  8.96517391e-01  8.96472551e-01 -1.56053328e-05  5.08704624e-13  1.39023618e-11 
 5.10647328e-05  8.96404400e-01  8.96517351e-01  8.96472544e-01 -1.55977548e-05 -1.44988362e-12 -5.54579993e-12 
 5.11647328e-05  8.96404584e-01  8.96517376e-01  8.96472537e-01 -1.56053305e-05  5.08539608e-13  1.39190832e-11 
 5.12647328e-05  8.96404385e-01  8.96517337e-01  8.96472530e-01 -1.55977570e-05 -1.44971687e-12 -5.56138924e-12 
 5.13647328e-05  8.96404570e-01  8.96517362e-01  8.96472522e-01 -1.56053283e-05  5.08366136e-13  1.39335080e-11 
 5.14647328e-05  8.96404371e-01  8.96517323e-01  8.96472515e-01 -1.55977593e-05 -1.44953667e-12 -5.57468215e-12 
 5.15647328e-05  8.96404556e-01  8.96517348e-01  8.96472508e-01 -1.56053260e-05  5.08179219e-13  1.39458113e-11 
 5.16647328e-05  8.96404357e-01  8.96517308e-01  8.96472501e-01 -1.55977616e-05 -1.44934195e-12 -5.58607316e-12 
 5.17647328e-05  8.96404541e-01  8.96517333e-01  8.96472494e-01 -1.56053237e-05  5.07978642e-13  1.39562950e-11 
 5.18647328e-05  8.96404343e-01  8.96517294e-01  8.96472487e-01 -1.55977639e-05 -1.44913747e-12 -5.59575167e-12 
 5.19647328e-05  8.96404527e-01  8.96517319e-01  8.96472479e-01 -1.56053214e-05  5.07771125e-13  1.39651651e-11 
 5.20647328e-05  8.96404328e-01  8.96517280e-01  8.96472472e-01 -1.55977662e-05 -1.44892475e-12 -5.60387544e-12 
 5.21647328e-05  8.96404513e-01  8.96517305e-01  8.96472465e-01 -1.56053191e-05  5.07554936e-13  1.39726397e-11 
 5.22647328e-05  8.96404314e-01  8.96517265e-01  8.96472458e-01 -1.55977685e-05 -1.44870422e-12 -5.61070737e-12 
 5.23647328e-05  8.96404498e-01  8.96517291e-01  8.96472451e-01 -1.56053169e-05  5.07330723e-13  1.39788573e-11 
 5.24647328e-05  8.96404300e-01  8.96517251e-01  8.96472444e-01 -1.55977708e-05 -1.44847741e-12 -5.61637135e-12 
 5.25647328e-05  8.96404484e-01  8.96517276e-01  8.96472437e-01 -1.56053146e-05  5.07099354e-13  1.39840181e-11 
 5.26647328e-05  8.96404285e-01  8.96517237e-01  8.96472429e-01 -1.55977730e-05 -1.44824452e-12 -5.62100063e-12 
 5.27647328e-05  8.96404470e-01  8.96517262e-01  8.96472422e-01 -1.56053123e-05  5.06863215e-13  1.39881644e-11 
 5.28647328e-05  8.96404271e-01  8.96517222e-01  8.96472415e-01 -1.55977753e-05 -1.44800513e-12 -5.62474297e-12 
 5.29647328e-05  8.96404455e-01  8.96517248e-01  8.96472408e-01 -1.56053100e-05  5.06621221e-13  1.39914956e-11 
 5.30647328e-05  8.96404257e-01  8.96517208e-01  8.96472401e-01 -1.55977776e-05 -1.44776227e-12 -5.62767785e-12 
 5.31647328e-05  8.96404441e-01  8.96517233e-01  8.96472394e-01 -1.56053078e-05  5.06375974e-13  1.39940794e-11 
 5.32647328e-05  8.96404243e-01  8.96517194e-01  8.96472386e-01 -1.55977799e-05 -1.44751420e-12 -5.62993353e-12 
 5.33647328e-05  8.96404427e-01  8.96517219e-01  8.96472379e-01 -1.56053055e-05  5.06125523e-13  1.39960046e-11 
 5.34647328e-05  8.96404228e-01  8.96517179e-01  8.96472372e-01 -1.55977822e-05 -1.44726180e-12 -5.63154872e-12 
 5.35647328e-05  8.96404412e-01  8.96517205e-01  8.96472365e-01 -1.56053032e-05  5.05871820e-13  1.39973701e-11 
 5.36647328e-05  8.96404214e-01  8.96517165e-01  8.96472358e-01 -1.55977845e-05 -1.44700658e-12 -5.63264149e-12 
 5.37647328e-05  8.96404398e-01  8.96517190e-01  8.96472351e-01 -1.56053009e-05  5.05615081e-13  1.39982305e-11 
 5.38647328e-05  8.96404200e-01  8.96517151e-01  8.96472344e-01 -1.55977867e-05 -1.44674789e-12 -5.63325786e-12 
 5.39647328e-05  8.96404384e-01  8.96517176e-01  8.96472336e-01 -1.56052987e-05  5.05355089e-13  1.39986011e-11 
 5.40647328e-05  8.96404185e-01  8.96517136e-01  8.96472329e-01 -1.55977890e-05 -1.44648638e-12 -5.63348809e-12 
 5.41647328e-05  8.96404369e-01  8.96517162e-01  8.96472322e-01 -1.56052964e-05  5.05093363e-13  1.39986391e-11 
 5.42647328e-05  8.96404171e-01  8.96517122e-01  8.96472315e-01 -1.55977913e-05 -1.44622292e-12 -5.63332096e-12 
 5.43647328e-05  8.96404355e-01  8.96517147e-01  8.96472308e-01 -1.56052941e-05  5.04828818e-13  1.39983129e-11 
 5.44647328e-05  8.96404157e-01  8.96517108e-01  8.96472301e-01 -1.55977936e-05 -1.44595642e-12 -5.63280087e-12 
 5.45647328e-05  8.96404341e-01  8.96517133e-01  8.96472293e-01 -1.56052919e-05  5.04560369e-13  1.39976710e-11 
 5.46647328e-05  8.96404143e-01  8.96517094e-01  8.96472286e-01 -1.55977958e-05 -1.44568862e-12 -5.63204751e-12 
 5.47647328e-05  8.96404326e-01  8.96517119e-01  8.96472279e-01 -1.56052896e-05  5.04292138e-13  1.39967772e-11 
 5.48647328e-05  8.96404128e-01  8.96517079e-01  8.96472272e-01 -1.55977981e-05 -1.44542039e-12 -5.63107400e-12 
 5.49647328e-05  8.96404312e-01  8.96517104e-01  8.96472265e-01 -1.56052873e-05  5.04021304e-13  1.39956505e-11 
 5.50647328e-05  8.96404114e-01  8.96517065e-01  8.96472258e-01 -1.55978004e-05 -1.44514825e-12 -5.62978895e-12 
 5.51647328e-05  8.96404297e-01  8.96517090e-01  8.96472250e-01 -1.56052850e-05  5.03749603e-13  1.39943433e-11 
 5.52647328e-05  8.96404100e-01  8.96517051e-01  8.96472243e-01 -1.55978027e-05 -1.44487655e-12 -5.62837575e-12 
 5.53647328e-05  8.96404283e-01  8.96517076e-01  8.96472236e-01 -1.56052828e-05  5.03476818e-13  1.39927995e-11 
 5.54647328e-05  8.96404085e-01  8.96517036e-01  8.96472229e-01 -1.55978050e-05 -1.44460052e-12 -5.62680214e-12 
 5.55647328e-05  8.96404269e-01  8.96517061e-01  8.96472222e-01 -1.56052805e-05  5.03202081e-13  1.39911388e-11 
 5.56647328e-05  8.96404071e-01  8.96517022e-01  8.96472215e-01 -1.55978072e-05 -1.44432535e-12 -5.62502508e-12 
 5.57647328e-05  8.96404254e-01  8.96517047e-01  8.96472208e-01 -1.56052782e-05  5.02927994e-13  1.39893355e-11 
 5.58647328e-05  8.96404057e-01  8.96517008e-01  8.96472200e-01 -1.55978095e-05 -1.44404996e-12 -5.62314095e-12 
 5.59647328e-05  8.96404240e-01  8.96517033e-01  8.96472193e-01 -1.56052760e-05  5.02650005e-13  1.39874061e-11 
 5.60647328e-05  8.96404043e-01  8.96516993e-01  8.96472186e-01 -1.55978118e-05 -1.44377327e-12 -5.62117686e-12 
 5.61647328e-05  8.96404226e-01  8.96517018e-01  8.96472179e-01 -1.56052737e-05  5.02372449e-13  1.39853577e-11 
 5.62647328e-05  8.96404028e-01  8.96516979e-01  8.96472172e-01 -1.55978140e-05 -1.44349615e-12 -5.61909796e-12 
 5.63647328e-05  8.96404211e-01  8.96517004e-01  8.96472165e-01 -1.56052714e-05  5.02095978e-13  1.39832256e-11 
 5.64647328e-05  8.96404014e-01  8.96516965e-01  8.96472157e-01 -1.55978163e-05 -1.44321859e-12 -5.61689562e-12 
 5.65647328e-05  8.96404197e-01  8.96516990e-01  8.96472150e-01 -1.56052692e-05  5.01818205e-13  1.39810154e-11 
 5.66647328e-05  8.96404000e-01  8.96516950e-01  8.96472143e-01 -1.55978186e-05 -1.44294017e-12 -5.61463105e-12 
 5.67647328e-05  8.96404183e-01  8.96516976e-01  8.96472136e-01 -1.56052669e-05  5.01538698e-13  1.39787171e-11 
 5.68647328e-05  8.96403985e-01  8.96516936e-01  8.96472129e-01 -1.55978209e-05 -1.44266088e-12 -5.61234197e-12 
 5.69647328e-05  8.96404168e-01  8.96516961e-01  8.96472122e-01 -1.56052646e-05  5.01260058e-13  1.39763328e-11 
 5.70647328e-05  8.96403971e-01  8.96516922e-01  8.96472115e-01 -1.55978231e-05 -1.44238180e-12 -5.60993434e-12 
 5.71647328e-05  8.96404154e-01  8.96516947e-01  8.96472107e-01 -1.56052624e-05  5.00980117e-13  1.39739535e-11 
 5.72647328e-05  8.96403957e-01  8.96516908e-01  8.96472100e-01 -1.55978254e-05 -1.44210165e-12 -5.60752448e-12 
 5.73647328e-05  8.96404140e-01  8.96516933e-01  8.96472093e-01 -1.56052601e-05  5.00699308e-13  1.39714886e-11 
 5.74647328e-05  8.96403942e-01  8.96516893e-01  8.96472086e-01 -1.55978277e-05 -1.44182127e-12 -5.60503022e-12 
 5.75647328e-05  8.96404125e-01  8.96516918e-01  8.96472079e-01 -1.56052578e-05  5.00419367e-13  1.39689857e-11 
 5.76647328e-05  8.96403928e-01  8.96516879e-01  8.96472072e-01 -1.55978299e-05 -1.44153981e-12 -5.60248956e-12 
 5.77647328e-05  8.96404111e-01  8.96516904e-01  8.96472064e-01 -1.56052556e-05  5.00138559e-13  1.39664574e-11 
 5.78647328e-05  8.96403914e-01  8.96516865e-01  8.96472057e-01 -1.55978322e-05 -1.44125944e-12 -5.59995296e-12 
 5.79647328e-05  8.96404097e-01  8.96516890e-01  8.96472050e-01 -1.56052533e-05  4.99857751e-13  1.39638768e-11 
 5.80647328e-05  8.96403900e-01  8.96516850e-01  8.96472043e-01 -1.55978345e-05 -1.44097820e-12 -5.59733287e-12 
 5.81647328e-05  8.96404082e-01  8.96516875e-01  8.96472036e-01 -1.56052511e-05  4.99575858e-13  1.39612822e-11 
 5.82647328e-05  8.96403885e-01  8.96516836e-01  8.96472029e-01 -1.55978368e-05 -1.44069674e-12 -5.59476163e-12 
 5.83647328e-05  8.96404068e-01  8.96516861e-01  8.96472021e-01 -1.56052488e-05  4.99294182e-13  1.39586405e-11 
 5.84647328e-05  8.96403871e-01  8.96516822e-01  8.96472014e-01 -1.55978390e-05 -1.44041571e-12 -5.59207926e-12 
 5.85647328e-05  8.96404054e-01  8.96516847e-01  8.96472007e-01 -1.56052465e-05  4.99011639e-13  1.39560211e-11 
 5.86647328e-05  8.96403857e-01  8.96516807e-01  8.96472000e-01 -1.55978413e-05 -1.44013252e-12 -5.58943451e-12 
 5.87647328e-05  8.96404039e-01  8.96516832e-01  8.96471993e-01 -1.56052443e-05  4.98730614e-13  1.39533283e-11 
 5.88647328e-05  8.96403842e-01  8.96516793e-01  8.96471986e-01 -1.55978436e-05 -1.43985193e-12 -5.58676261e-12 
 5.89647328e-05  8.96404025e-01  8.96516818e-01  8.96471979e-01 -1.56052420e-05  4.98448938e-13  1.39506472e-11 
 5.90647328e-05  8.96403828e-01  8.96516779e-01  8.96471971e-01 -1.55978458e-05 -1.43956787e-12 -5.58404766e-12 
 5.91647328e-05  8.96404011e-01  8.96516804e-01  8.96471964e-01 -1.56052398e-05  4.98166178e-13  1.39479729e-11 
 5.92647328e-05  8.96403814e-01  8.96516764e-01  8.96471957e-01 -1.55978481e-05 -1.43928662e-12 -5.58134696e-12 
 5.93647328e-05  8.96403996e-01  8.96516789e-01  8.96471950e-01 -1.56052375e-05  4.97884503e-13  1.39452239e-11 
 5.94647328e-05  8.96403800e-01  8.96516750e-01  8.96471943e-01 -1.55978503e-05 -1.43900408e-12 -5.57864432e-12 
 5.95647328e-05  8.96403982e-01  8.96516775e-01  8.96471936e-01 -1.56052352e-05  4.97600659e-13  1.39425113e-11 
 5.96647328e-05  8.96403785e-01  8.96516736e-01  8.96471928e-01 -1.55978526e-05 -1.43872175e-12 -5.57591218e-12 
 5.97647328e-05  8.96403968e-01  8.96516761e-01  8.96471921e-01 -1.56052330e-05  4.97319633e-13  1.39397774e-11 
 5.98647328e-05  8.96403771e-01  8.96516721e-01  8.96471914e-01 -1.55978549e-05 -1.43843921e-12 -5.57315636e-12 
 5.99647328e-05  8.96403953e-01  8.96516746e-01  8.96471907e-01 -1.56052307e-05  4.97037741e-13  1.39370471e-11 
 6.00647328e-05  8.96403757e-01  8.96516707e-01  8.96471900e-01 -1.55978571e-05 -1.43815667e-12 -5.57041967e-12 
 6.01647328e-05  8.96403939e-01  8.96516732e-01  8.96471893e-01 -1.56052285e-05  4.96753897e-13  1.39342590e-11 
 6.02647328e-05  8.96403742e-01  8.96516693e-01  8.96471886e-01 -1.55978594e-05 -1.43787478e-12 -5.56767366e-12 
 6.03647328e-05  8.96403925e-01  8.96516718e-01  8.96471878e-01 -1.56052262e-05  4.96471787e-13  1.39315196e-11 
 6.04647328e-05  8.96403728e-01  8.96516679e-01  8.96471871e-01 -1.55978617e-05 -1.43759267e-12 -5.56492900e-12 
 6.05647328e-05  8.96403910e-01  8.96516704e-01  8.96471864e-01 -1.56052240e-05  4.96190328e-13  1.39287479e-11 
 6.06647328e-05  8.96403714e-01  8.96516664e-01  8.96471857e-01 -1.55978639e-05 -1.43731077e-12 -5.56214254e-12 
 6.07647328e-05  8.96403896e-01  8.96516689e-01  8.96471850e-01 -1.56052217e-05  4.95907568e-13  1.39259868e-11 
 6.08647328e-05  8.96403700e-01  8.96516650e-01  8.96471843e-01 -1.55978662e-05 -1.43702845e-12 -5.55937886e-12 
 6.09647328e-05  8.96403882e-01  8.96516675e-01  8.96471835e-01 -1.56052195e-05  4.95625459e-13  1.39232133e-11 
 6.10647328e-05  8.96403685e-01  8.96516636e-01  8.96471828e-01 -1.55978684e-05 -1.43674699e-12 -5.55659116e-12 
 6.11647328e-05  8.96403867e-01  8.96516661e-01  8.96471821e-01 -1.56052172e-05  4.95344651e-13  1.39204495e-11 
 6.12647328e-05  8.96403671e-01  8.96516621e-01  8.96471814e-01 -1.55978707e-05 -1.43646380e-12 -5.55383360e-12 
 6.13647328e-05  8.96403853e-01  8.96516646e-01  8.96471807e-01 -1.56052149e-05  4.95061457e-13  1.39176669e-11 
 6.14647328e-05  8.96403657e-01  8.96516607e-01  8.96471800e-01 -1.55978730e-05 -1.43618190e-12 -5.55104693e-12 
 6.15647328e-05  8.96403839e-01  8.96516632e-01  8.96471792e-01 -1.56052127e-05  4.94778914e-13  1.39148749e-11 
 6.16647328e-05  8.96403642e-01  8.96516593e-01  8.96471785e-01 -1.55978752e-05 -1.43589936e-12 -5.54827684e-12 
 6.17647328e-05  8.96403824e-01  8.96516618e-01  8.96471778e-01 -1.56052104e-05  4.94497455e-13  1.39121104e-11 
 6.18647328e-05  8.96403628e-01  8.96516578e-01  8.96471771e-01 -1.55978775e-05 -1.43561747e-12 -5.54549250e-12 
 6.19647328e-05  8.96403810e-01  8.96516603e-01  8.96471764e-01 -1.56052082e-05  4.94215779e-13  1.39092948e-11 
 6.20647328e-05  8.96403614e-01  8.96516564e-01  8.96471757e-01 -1.55978797e-05 -1.43533666e-12 -5.54270231e-12 
 6.21647328e-05  8.96403796e-01  8.96516589e-01  8.96471750e-01 -1.56052059e-05  4.93933453e-13  1.39065438e-11 
 6.22647328e-05  8.96403600e-01  8.96516550e-01  8.96471742e-01 -1.55978820e-05 -1.43505433e-12 -5.53990203e-12 
 6.23647328e-05  8.96403781e-01  8.96516575e-01  8.96471735e-01 -1.56052037e-05  4.93652428e-13  1.39037431e-11 
 6.24647328e-05  8.96403585e-01  8.96516535e-01  8.96471728e-01 -1.55978843e-05 -1.43477157e-12 -5.53711341e-12 
 6.25647328e-05  8.96403767e-01  8.96516560e-01  8.96471721e-01 -1.56052014e-05  4.93369234e-13  1.39009657e-11 
 6.26647328e-05  8.96403571e-01  8.96516521e-01  8.96471714e-01 -1.55978865e-05 -1.43448903e-12 -5.53433346e-12 
 6.27647328e-05  8.96403753e-01  8.96516546e-01  8.96471707e-01 -1.56051992e-05  4.93089727e-13  1.38981766e-11 
 6.28647328e-05  8.96403557e-01  8.96516507e-01  8.96471699e-01 -1.55978888e-05 -1.43420822e-12 -5.53155091e-12 
 6.29647328e-05  8.96403738e-01  8.96516532e-01  8.96471692e-01 -1.56051969e-05  4.92807184e-13  1.38954024e-11 
 6.30647328e-05  8.96403542e-01  8.96516493e-01  8.96471685e-01 -1.55978910e-05 -1.43392589e-12 -5.52872781e-12 
 6.31647328e-05  8.96403724e-01  8.96516517e-01  8.96471678e-01 -1.56051947e-05  4.92525075e-13  1.38926155e-11 
 6.32647328e-05  8.96403528e-01  8.96516478e-01  8.96471671e-01 -1.55978933e-05 -1.43364552e-12 -5.52594618e-12 
 6.33647328e-05  8.96403710e-01  8.96516503e-01  8.96471664e-01 -1.56051924e-05  4.92245350e-13  1.38898134e-11 
 6.34647328e-05  8.96403514e-01  8.96516464e-01  8.96471657e-01 -1.55978955e-05 -1.43336558e-12 -5.52316580e-12 
 6.35647328e-05  8.96403695e-01  8.96516489e-01  8.96471649e-01 -1.56051902e-05  4.91963891e-13  1.38870237e-11 
 6.36647328e-05  8.96403500e-01  8.96516450e-01  8.96471642e-01 -1.55978978e-05 -1.43308455e-12 -5.52039285e-12 
 6.37647328e-05  8.96403681e-01  8.96516474e-01  8.96471635e-01 -1.56051879e-05  4.91681999e-13  1.38842382e-11 
 6.38647328e-05  8.96403485e-01  8.96516435e-01  8.96471628e-01 -1.55979001e-05 -1.43280440e-12 -5.51759409e-12 
 6.39647328e-05  8.96403666e-01  8.96516460e-01  8.96471621e-01 -1.56051857e-05  4.91402275e-13  1.38814543e-11 
 6.40647328e-05  8.96403471e-01  8.96516421e-01  8.96471614e-01 -1.55979023e-05 -1.43252315e-12 -5.51480389e-12 
 6.41647328e-05  8.96403652e-01  8.96516446e-01  8.96471606e-01 -1.56051834e-05  4.91122117e-13  1.38786547e-11 
 6.42647328e-05  8.96403457e-01  8.96516407e-01  8.96471599e-01 -1.55979046e-05 -1.43224235e-12 -5.51203359e-12 
 6.43647328e-05  8.96403638e-01  8.96516431e-01  8.96471592e-01 -1.56051812e-05  4.90841092e-13  1.38758733e-11 
 6.44647328e-05  8.96403442e-01  8.96516392e-01  8.96471585e-01 -1.55979068e-05 -1.43196306e-12 -5.50924567e-12 
 6.45647328e-05  8.96403623e-01  8.96516417e-01  8.96471578e-01 -1.56051790e-05  4.90561801e-13  1.38730710e-11 
 6.46647328e-05  8.96403428e-01  8.96516378e-01  8.96471571e-01 -1.55979091e-05 -1.43168246e-12 -5.50643266e-12 
 6.47647328e-05  8.96403609e-01  8.96516403e-01  8.96471563e-01 -1.56051767e-05  4.90281210e-13  1.38702827e-11 
 6.48647328e-05  8.96403414e-01  8.96516364e-01  8.96471556e-01 -1.55979113e-05 -1.43140274e-12 -5.50366930e-12 
 6.49647328e-05  8.96403595e-01  8.96516389e-01  8.96471549e-01 -1.56051745e-05  4.90001486e-13  1.38675129e-11 
 6.50647328e-05  8.96403399e-01  8.96516349e-01  8.96471542e-01 -1.55979136e-05 -1.43112345e-12 -5.50085677e-12 
 6.51647328e-05  8.96403580e-01  8.96516374e-01  8.96471535e-01 -1.56051722e-05  4.89722412e-13  1.38647170e-11 
 6.52647328e-05  8.96403385e-01  8.96516335e-01  8.96471528e-01 -1.55979158e-05 -1.43084329e-12 -5.49808598e-12 
 6.53647328e-05  8.96403566e-01  8.96516360e-01  8.96471521e-01 -1.56051700e-05  4.89442688e-13  1.38619428e-11 
 6.54647328e-05  8.96403371e-01  8.96516321e-01  8.96471513e-01 -1.55979181e-05 -1.43056422e-12 -5.49529720e-12 
 6.55647328e-05  8.96403552e-01  8.96516346e-01  8.96471506e-01 -1.56051677e-05  4.89163831e-13  1.38591666e-11 
 6.56647328e-05  8.96403357e-01  8.96516307e-01  8.96471499e-01 -1.55979203e-05 -1.43028579e-12 -5.49253872e-12 
 6.57647328e-05  8.96403537e-01  8.96516331e-01  8.96471492e-01 -1.56051655e-05  4.88884757e-13  1.38563632e-11 
 6.58647328e-05  8.96403342e-01  8.96516292e-01  8.96471485e-01 -1.55979226e-05 -1.43000650e-12 -5.48973004e-12 
 6.59647328e-05  8.96403523e-01  8.96516317e-01  8.96471478e-01 -1.56051632e-05  4.88605250e-13  1.38535887e-11 
 6.60647328e-05  8.96403328e-01  8.96516278e-01  8.96471470e-01 -1.55979248e-05 -1.42972678e-12 -5.48694906e-12 
 6.61647328e-05  8.96403509e-01  8.96516303e-01  8.96471463e-01 -1.56051610e-05  4.88327477e-13  1.38507993e-11 
 6.62647328e-05  8.96403314e-01  8.96516264e-01  8.96471456e-01 -1.55979271e-05 -1.42944922e-12 -5.48415550e-12 
 6.63647328e-05  8.96403494e-01  8.96516288e-01  8.96471449e-01 -1.56051588e-05  4.88049488e-13  1.38480357e-11 
 6.64647328e-05  8.96403299e-01  8.96516249e-01  8.96471442e-01 -1.55979293e-05 -1.42916928e-12 -5.48138135e-12 
 6.65647328e-05  8.96403480e-01  8.96516274e-01  8.96471435e-01 -1.56051565e-05  4.87771282e-13  1.38452394e-11 
 6.66647328e-05  8.96403285e-01  8.96516235e-01  8.96471428e-01 -1.55979316e-05 -1.42889173e-12 -5.47860184e-12 
 6.67647328e-05  8.96403466e-01  8.96516260e-01  8.96471420e-01 -1.56051543e-05  4.87492642e-13  1.38424667e-11 
 6.68647328e-05  8.96403271e-01  8.96516221e-01  8.96471413e-01 -1.55979338e-05 -1.42861417e-12 -5.47582292e-12 
 6.69647328e-05  8.96403451e-01  8.96516245e-01  8.96471406e-01 -1.56051520e-05  4.87215303e-13  1.38396849e-11 
 6.70647328e-05  8.96403257e-01  8.96516206e-01  8.96471399e-01 -1.55979361e-05 -1.42833705e-12 -5.47304378e-12 
 6.71647328e-05  8.96403437e-01  8.96516231e-01  8.96471392e-01 -1.56051498e-05  4.86938181e-13  1.38369057e-11 
 6.72647328e-05  8.96403242e-01  8.96516192e-01  8.96471385e-01 -1.55979383e-05 -1.42805906e-12 -5.47024952e-12 
 6.73647328e-05  8.96403423e-01  8.96516217e-01  8.96471377e-01 -1.56051476e-05  4.86659758e-13  1.38341234e-11 
 6.74647328e-05  8.96403228e-01  8.96516178e-01  8.96471370e-01 -1.55979405e-05 -1.42778281e-12 -5.46750514e-12 
 6.75647328e-05  8.96403408e-01  8.96516202e-01  8.96471363e-01 -1.56051453e-05  4.86383286e-13  1.38313459e-11 
 6.76647328e-05  8.96403214e-01  8.96516163e-01  8.96471356e-01 -1.55979428e-05 -1.42750482e-12 -5.46468768e-12 
 6.77647328e-05  8.96403394e-01  8.96516188e-01  8.96471349e-01 -1.56051431e-05  4.86106598e-13  1.38285613e-11 
 6.78647328e-05  8.96403199e-01  8.96516149e-01  8.96471342e-01 -1.55979450e-05 -1.42722899e-12 -5.46191277e-12 
 6.79647328e-05  8.96403380e-01  8.96516174e-01  8.96471334e-01 -1.56051408e-05  4.85829692e-13  1.38258056e-11 
 6.80647328e-05  8.96403185e-01  8.96516135e-01  8.96471327e-01 -1.55979473e-05 -1.42695274e-12 -5.45913363e-12 
 6.81647328e-05  8.96403365e-01  8.96516159e-01  8.96471320e-01 -1.56051386e-05  4.85554088e-13  1.38230380e-11 
 6.82647328e-05  8.96403171e-01  8.96516120e-01  8.96471313e-01 -1.55979495e-05 -1.42667583e-12 -5.45638518e-12 
 6.83647328e-05  8.96403351e-01  8.96516145e-01  8.96471306e-01 -1.56051364e-05  4.85278484e-13  1.38202445e-11 
 6.84647328e-05  8.96403157e-01  8.96516106e-01  8.96471299e-01 -1.55979518e-05 -1.42640088e-12 -5.45359613e-12 
 6.85647328e-05  8.96403337e-01  8.96516131e-01  8.96471292e-01 -1.56051341e-05  4.85002013e-13  1.38175053e-11 
 6.86647328e-05  8.96403142e-01  8.96516092e-01  8.96471284e-01 -1.55979540e-05 -1.42612571e-12 -5.45080398e-12 
 6.87647328e-05  8.96403322e-01  8.96516117e-01  8.96471277e-01 -1.56051319e-05  4.84727059e-13  1.38147124e-11 
 6.88647328e-05  8.96403128e-01  8.96516078e-01  8.96471270e-01 -1.55979563e-05 -1.42584989e-12 -5.44804344e-12 
 6.89647328e-05  8.96403308e-01  8.96516102e-01  8.96471263e-01 -1.56051297e-05  4.84451888e-13  1.38119612e-11 
 6.90647328e-05  8.96403114e-01  8.96516063e-01  8.96471256e-01 -1.55979585e-05 -1.42557515e-12 -5.44527851e-12 
 6.91647328e-05  8.96403294e-01  8.96516088e-01  8.96471249e-01 -1.56051274e-05  4.84176284e-13  1.38091766e-11 
 6.92647328e-05  8.96403099e-01  8.96516049e-01  8.96471241e-01 -1.55979607e-05 -1.42530042e-12 -5.44251032e-12 
 6.93647328e-05  8.96403279e-01  8.96516074e-01  8.96471234e-01 -1.56051252e-05  4.83902632e-13  1.38064143e-11 
 6.94647328e-05  8.96403085e-01  8.96516035e-01  8.96471227e-01 -1.55979630e-05 -1.42502546e-12 -5.43971584e-12 
 6.95647328e-05  8.96403265e-01  8.96516059e-01  8.96471220e-01 -1.56051230e-05  4.83628112e-13  1.38036513e-11 
 6.96647328e-05  8.96403071e-01  8.96516020e-01  8.96471213e-01 -1.55979652e-05 -1.42475181e-12 -5.43693178e-12 
 6.97647328e-05  8.96403251e-01  8.96516045e-01  8.96471206e-01 -1.56051207e-05  4.83353375e-13  1.38008767e-11 
 6.98647328e-05  8.96403057e-01  8.96516006e-01  8.96471199e-01 -1.55979675e-05 -1.42447772e-12 -5.43421016e-12 
 6.99647328e-05  8.96403236e-01  8.96516031e-01  8.96471191e-01 -1.56051185e-05  4.83080373e-13  1.37981148e-11 
 7.00647328e-05  8.96403042e-01  8.96515992e-01  8.96471184e-01 -1.55979697e-05 -1.42420385e-12 -5.43143438e-12 
 7.01647328e-05  8.96403222e-01  8.96516016e-01  8.96471177e-01 -1.56051162e-05  4.82806720e-13  1.37953134e-11 
 7.02647328e-05  8.96403028e-01  8.96515977e-01  8.96471170e-01 -1.55979719e-05 -1.42393042e-12 -5.42864999e-12 
 7.03647328e-05  8.96403208e-01  8.96516002e-01  8.96471163e-01 -1.56051140e-05  4.82532850e-13  1.37925698e-11 
 7.04647328e-05  8.96403014e-01  8.96515963e-01  8.96471156e-01 -1.55979742e-05 -1.42365763e-12 -5.42591303e-12 
 7.05647328e-05  8.96403193e-01  8.96515988e-01  8.96471148e-01 -1.56051118e-05  4.82259848e-13  1.37898078e-11 
 7.06647328e-05  8.96402999e-01  8.96515949e-01  8.96471141e-01 -1.55979764e-05 -1.42338485e-12 -5.42313736e-12 
 7.07647328e-05  8.96403179e-01  8.96515973e-01  8.96471134e-01 -1.56051096e-05  4.81988364e-13  1.37870646e-11 
 7.08647328e-05  8.96402985e-01  8.96515934e-01  8.96471127e-01 -1.55979787e-05 -1.42311336e-12 -5.42038517e-12 
 7.09647328e-05  8.96403165e-01  8.96515959e-01  8.96471120e-01 -1.56051073e-05  4.81712977e-13  1.37842767e-11 
 7.10647328e-05  8.96402971e-01  8.96515920e-01  8.96471113e-01 -1.55979809e-05 -1.42284036e-12 -5.41762257e-12 
 7.11647328e-05  8.96403150e-01  8.96515945e-01  8.96471105e-01 -1.56051051e-05  4.81441926e-13  1.37815235e-11 
 7.12647328e-05  8.96402956e-01  8.96515906e-01  8.96471098e-01 -1.55979831e-05 -1.42256844e-12 -5.41484820e-12 
 7.13647328e-05  8.96403136e-01  8.96515930e-01  8.96471091e-01 -1.56051029e-05  4.81170442e-13  1.37787569e-11 
 7.14647328e-05  8.96402942e-01  8.96515892e-01  8.96471084e-01 -1.55979854e-05 -1.42229761e-12 -5.41207259e-12 
 7.15647328e-05  8.96403122e-01  8.96515916e-01  8.96471077e-01 -1.56051006e-05  4.80899608e-13  1.37759915e-11 
 7.16647328e-05  8.96402928e-01  8.96515877e-01  8.96471070e-01 -1.55979876e-05 -1.42202591e-12 -5.40933401e-12 
 7.17647328e-05  8.96403107e-01  8.96515902e-01  8.96471063e-01 -1.56050984e-05  4.80627907e-13  1.37732525e-11 
 7.18647328e-05  8.96402914e-01  8.96515863e-01  8.96471055e-01 -1.55979898e-05 -1.42175507e-12 -5.40657108e-12 
 7.19647328e-05  8.96403093e-01  8.96515887e-01  8.96471048e-01 -1.56050962e-05  4.80356423e-13  1.37704986e-11 
 7.20647328e-05  8.96402899e-01  8.96515849e-01  8.96471041e-01 -1.55979921e-05 -1.42148533e-12 -5.40378685e-12 
 7.21647328e-05  8.96403079e-01  8.96515873e-01  8.96471034e-01 -1.56050939e-05  4.80086023e-13  1.37677240e-11 
 7.22647328e-05  8.96402885e-01  8.96515834e-01  8.96471027e-01 -1.55979943e-05 -1.42121449e-12 -5.40103970e-12 
 7.23647328e-05  8.96403064e-01  8.96515859e-01  8.96471020e-01 -1.56050917e-05  4.79816707e-13  1.37649770e-11 
 7.24647328e-05  8.96402871e-01  8.96515820e-01  8.96471012e-01 -1.55979966e-05 -1.42094366e-12 -5.39828506e-12 
 7.25647328e-05  8.96403050e-01  8.96515844e-01  8.96471005e-01 -1.56050895e-05  4.79546307e-13  1.37622191e-11 
 7.26647328e-05  8.96402856e-01  8.96515806e-01  8.96470998e-01 -1.55979988e-05 -1.42067478e-12 -5.39552647e-12 
 7.27647328e-05  8.96403036e-01  8.96515830e-01  8.96470991e-01 -1.56050873e-05  4.79277859e-13  1.37594906e-11 
 7.28647328e-05  8.96402842e-01  8.96515791e-01  8.96470984e-01 -1.55980010e-05 -1.42040568e-12 -5.39277488e-12 
 7.29647328e-05  8.96403021e-01  8.96515816e-01  8.96470977e-01 -1.56050850e-05  4.79008109e-13  1.37566910e-11 
 7.30647328e-05  8.96402828e-01  8.96515777e-01  8.96470970e-01 -1.55980033e-05 -1.42013571e-12 -5.38999655e-12 
 7.31647328e-05  8.96403007e-01  8.96515802e-01  8.96470962e-01 -1.56050828e-05  4.78739227e-13  1.37539425e-11 
 7.32647328e-05  8.96402814e-01  8.96515763e-01  8.96470955e-01 -1.55980055e-05 -1.41986835e-12 -5.38726567e-12 
 7.33647328e-05  8.96402993e-01  8.96515787e-01  8.96470948e-01 -1.56050806e-05  4.78471212e-13  1.37512044e-11 
 7.34647328e-05  8.96402799e-01  8.96515748e-01  8.96470941e-01 -1.55980077e-05 -1.41959946e-12 -5.38453467e-12 
 7.35647328e-05  8.96402978e-01  8.96515773e-01  8.96470934e-01 -1.56050783e-05  4.78202764e-13  1.37484367e-11 
 7.36647328e-05  8.96402785e-01  8.96515734e-01  8.96470927e-01 -1.55980100e-05 -1.41933167e-12 -5.38176166e-12 
 7.37647328e-05  8.96402964e-01  8.96515759e-01  8.96470919e-01 -1.56050761e-05  4.77935183e-13  1.37456971e-11 
 7.38647328e-05  8.96402771e-01  8.96515720e-01  8.96470912e-01 -1.55980122e-05 -1.41906387e-12 -5.37902470e-12 
 7.39647328e-05  8.96402949e-01  8.96515744e-01  8.96470905e-01 -1.56050739e-05  4.77667602e-13  1.37429375e-11 
 7.40647328e-05  8.96402756e-01  8.96515706e-01  8.96470898e-01 -1.55980144e-05 -1.41879629e-12 -5.37626221e-12 
 7.41647328e-05  8.96402935e-01  8.96515730e-01  8.96470891e-01 -1.56050717e-05  4.77400237e-13  1.37402035e-11 
 7.42647328e-05  8.96402742e-01  8.96515691e-01  8.96470884e-01 -1.55980167e-05 -1.41852979e-12 -5.37350741e-12 
 7.43647328e-05  8.96402921e-01  8.96515716e-01  8.96470876e-01 -1.56050694e-05  4.77132873e-13  1.37374435e-11 
 7.44647328e-05  8.96402728e-01  8.96515677e-01  8.96470869e-01 -1.55980189e-05 -1.41826004e-12 -5.37076758e-12 
 7.45647328e-05  8.96402906e-01  8.96515701e-01  8.96470862e-01 -1.56050672e-05  4.76866376e-13  1.37347053e-11 
 7.46647328e-05  8.96402714e-01  8.96515663e-01  8.96470855e-01 -1.55980211e-05 -1.41799354e-12 -5.36803067e-12 
 7.47647328e-05  8.96402892e-01  8.96515687e-01  8.96470848e-01 -1.56050650e-05  4.76600530e-13  1.37319630e-11 
 7.48647328e-05  8.96402699e-01  8.96515648e-01  8.96470841e-01 -1.55980233e-05 -1.41772900e-12 -5.36528948e-12 
 7.49647328e-05  8.96402878e-01  8.96515673e-01  8.96470834e-01 -1.56050628e-05  4.76334250e-13  1.37292263e-11 
 7.50647328e-05  8.96402685e-01  8.96515634e-01  8.96470826e-01 -1.55980256e-05 -1.41746294e-12 -5.36252791e-12 
 7.51647328e-05  8.96402863e-01  8.96515658e-01  8.96470819e-01 -1.56050605e-05  4.76069271e-13  1.37264471e-11 
 7.52647328e-05  8.96402671e-01  8.96515620e-01  8.96470812e-01 -1.55980278e-05 -1.41719752e-12 -5.35979388e-12 
 7.53647328e-05  8.96402849e-01  8.96515644e-01  8.96470805e-01 -1.56050583e-05  4.75804509e-13  1.37237251e-11 
 7.54647328e-05  8.96402656e-01  8.96515605e-01  8.96470798e-01 -1.55980300e-05 -1.41693363e-12 -5.35702656e-12 
 7.55647328e-05  8.96402835e-01  8.96515630e-01  8.96470791e-01 -1.56050561e-05  4.75540180e-13  1.37209793e-11 
 7.56647328e-05  8.96402642e-01  8.96515591e-01  8.96470783e-01 -1.55980323e-05 -1.41666887e-12 -5.35428386e-12 
 7.57647328e-05  8.96402820e-01  8.96515615e-01  8.96470776e-01 -1.56050539e-05  4.75275418e-13  1.37182372e-11 
 7.58647328e-05  8.96402628e-01  8.96515577e-01  8.96470769e-01 -1.55980345e-05 -1.41640432e-12 -5.35156067e-12 
 7.59647328e-05  8.96402806e-01  8.96515601e-01  8.96470762e-01 -1.56050517e-05  4.75011306e-13  1.37154923e-11 
 7.60647328e-05  8.96402614e-01  8.96515562e-01  8.96470755e-01 -1.55980367e-05 -1.41614108e-12 -5.34880359e-12 
 7.61647328e-05  8.96402792e-01  8.96515587e-01  8.96470748e-01 -1.56050494e-05  4.74747195e-13  1.37127535e-11 
 7.62647328e-05  8.96402599e-01  8.96515548e-01  8.96470741e-01 -1.55980389e-05 -1.41587631e-12 -5.34608225e-12 
 7.63647328e-05  8.96402777e-01  8.96515572e-01  8.96470733e-01 -1.56050472e-05  4.74485251e-13  1.37100212e-11 
 7.64647328e-05  8.96402585e-01  8.96515534e-01  8.96470726e-01 -1.55980412e-05 -1.41561350e-12 -5.34334957e-12 
 7.65647328e-05  8.96402763e-01  8.96515558e-01  8.96470719e-01 -1.56050450e-05  4.74221790e-13  1.37072583e-11 
 7.66647328e-05  8.96402571e-01  8.96515519e-01  8.96470712e-01 -1.55980434e-05 -1.41535113e-12 -5.34059564e-12 
 7.67647328e-05  8.96402749e-01  8.96515544e-01  8.96470705e-01 -1.56050428e-05  4.73958980e-13  1.37045345e-11 
 7.68647328e-05  8.96402556e-01  8.96515505e-01  8.96470698e-01 -1.55980456e-05 -1.41508918e-12 -5.33784209e-12 
 7.69647328e-05  8.96402734e-01  8.96515530e-01  8.96470690e-01 -1.56050406e-05  4.73697036e-13  1.37017898e-11 
 7.70647328e-05  8.96402542e-01  8.96515491e-01  8.96470683e-01 -1.55980479e-05 -1.41482616e-12 -5.33513170e-12 
 7.71647328e-05  8.96402720e-01  8.96515515e-01  8.96470676e-01 -1.56050383e-05  4.73434660e-13  1.36990345e-11 
 7.72647328e-05  8.96402528e-01  8.96515477e-01  8.96470669e-01 -1.55980501e-05 -1.41456486e-12 -5.33240108e-12 
 7.73647328e-05  8.96402706e-01  8.96515501e-01  8.96470662e-01 -1.56050361e-05  4.73173800e-13  1.36963194e-11 
 7.74647328e-05  8.96402513e-01  8.96515462e-01  8.96470655e-01 -1.55980523e-05 -1.41430357e-12 -5.32967800e-12 
 7.75647328e-05  8.96402691e-01  8.96515487e-01  8.96470647e-01 -1.56050339e-05  4.72912941e-13  1.36935873e-11 
 7.76647328e-05  8.96402499e-01  8.96515448e-01  8.96470640e-01 -1.55980545e-05 -1.41404249e-12 -5.32690076e-12 
 7.77647328e-05  8.96402677e-01  8.96515472e-01  8.96470633e-01 -1.56050317e-05  4.72651432e-13  1.36908477e-11 
 7.78647328e-05  8.96402485e-01  8.96515434e-01  8.96470626e-01 -1.55980567e-05 -1.41378207e-12 -5.32418510e-12 
 7.79647328e-05  8.96402663e-01  8.96515458e-01  8.96470619e-01 -1.56050295e-05  4.72391657e-13  1.36881126e-11 
 7.80647328e-05  8.96402471e-01  8.96515419e-01  8.96470612e-01 -1.55980590e-05 -1.41352186e-12 -5.32145844e-12 
 7.81647328e-05  8.96402648e-01  8.96515444e-01  8.96470605e-01 -1.56050272e-05  4.72131232e-13  1.36853761e-11 
 7.82647328e-05  8.96402456e-01  8.96515405e-01  8.96470597e-01 -1.55980612e-05 -1.41326165e-12 -5.31872945e-12 
 7.83647328e-05  8.96402634e-01  8.96515429e-01  8.96470590e-01 -1.56050250e-05  4.71870806e-13  1.36826329e-11 
 7.84647328e-05  8.96402442e-01  8.96515391e-01  8.96470583e-01 -1.55980634e-05 -1.41300318e-12 -5.31599206e-12 
 7.85647328e-05  8.96402620e-01  8.96515415e-01  8.96470576e-01 -1.56050228e-05  4.71611899e-13  1.36799332e-11 
 7.86647328e-05  8.96402428e-01  8.96515376e-01  8.96470569e-01 -1.55980656e-05 -1.41274210e-12 -5.31324111e-12 
 7.87647328e-05  8.96402605e-01  8.96515401e-01  8.96470562e-01 -1.56050206e-05  4.71352775e-13  1.36771878e-11 
 7.88647328e-05  8.96402413e-01  8.96515362e-01  8.96470554e-01 -1.55980679e-05 -1.41248385e-12 -5.31055023e-12 
 7.89647328e-05  8.96402591e-01  8.96515386e-01  8.96470547e-01 -1.56050184e-05  4.71093433e-13  1.36744754e-11 
 7.90647328e-05  8.96402399e-01  8.96515348e-01  8.96470540e-01 -1.55980701e-05 -1.41222472e-12 -5.30776676e-12 
 7.91647328e-05  8.96402577e-01  8.96515372e-01  8.96470533e-01 -1.56050162e-05  4.70833225e-13  1.36717446e-11 
 7.92647328e-05  8.96402385e-01  8.96515333e-01  8.96470526e-01 -1.55980723e-05 -1.41196668e-12 -5.30507723e-12 
 7.93647328e-05  8.96402562e-01  8.96515358e-01  8.96470519e-01 -1.56050140e-05  4.70576703e-13  1.36690215e-11 
 7.94647328e-05  8.96402371e-01  8.96515319e-01  8.96470512e-01 -1.55980745e-05 -1.41171103e-12 -5.30232450e-12 
 7.95647328e-05  8.96402548e-01  8.96515343e-01  8.96470504e-01 -1.56050117e-05  4.70318879e-13  1.36662914e-11 
 7.96647328e-05  8.96402356e-01  8.96515305e-01  8.96470497e-01 -1.55980767e-05 -1.41145299e-12 -5.29959784e-12 
 7.97647328e-05  8.96402534e-01  8.96515329e-01  8.96470490e-01 -1.56050095e-05  4.70062357e-13  1.36635677e-11 
 7.98647328e-05  8.96402342e-01  8.96515291e-01  8.96470483e-01 -1.55980790e-05 -1.41119581e-12 -5.29689134e-12 
 7.99647328e-05  8.96402519e-01  8.96515315e-01  8.96470476e-01 -1.56050073e-05  4.69806485e-13  1.36608491e-11 
 8.00647328e-05  8.96402328e-01  8.96515276e-01  8.96470469e-01 -1.55980812e-05 -1.41093929e-12 -5.29413281e-12 
 8.01647328e-05  8.96402505e-01  8.96515300e-01  8.96470461e-01 -1.56050051e-05  4.69548445e-13  1.36581112e-11 
 8.02647328e-05  8.96402313e-01  8.96515262e-01  8.96470454e-01 -1.55980834e-05 -1.41068299e-12 -5.29144794e-12 
 8.03647328e-05  8.96402491e-01  8.96515286e-01  8.96470447e-01 -1.56050029e-05  4.69293441e-13  1.36553821e-11 
 8.04647328e-05  8.96402299e-01  8.96515248e-01  8.96470440e-01 -1.55980856e-05 -1.41042863e-12 -5.28870789e-12 
 8.05647328e-05  8.96402476e-01  8.96515272e-01  8.96470433e-01 -1.56050007e-05  4.69038870e-13  1.36526404e-11 
 8.06647328e-05  8.96402285e-01  8.96515233e-01  8.96470426e-01 -1.55980878e-05 -1.41017384e-12 -5.28597782e-12 
 8.07647328e-05  8.96402462e-01  8.96515257e-01  8.96470418e-01 -1.56049985e-05  4.68783215e-13  1.36499565e-11 
 8.08647328e-05  8.96402271e-01  8.96515219e-01  8.96470411e-01 -1.55980901e-05 -1.40991732e-12 -5.28327127e-12 
 8.09647328e-05  8.96402448e-01  8.96515243e-01  8.96470404e-01 -1.56049963e-05  4.68527127e-13  1.36472155e-11 
 8.10647328e-05  8.96402256e-01  8.96515205e-01  8.96470397e-01 -1.55980923e-05 -1.40966188e-12 -5.28055410e-12 
 8.11647328e-05  8.96402433e-01  8.96515229e-01  8.96470390e-01 -1.56049940e-05  4.68272773e-13  1.36445054e-11 
 8.12647328e-05  8.96402242e-01  8.96515190e-01  8.96470383e-01 -1.55980945e-05 -1.40940905e-12 -5.27783947e-12 
 8.13647328e-05  8.96402419e-01  8.96515215e-01  8.96470376e-01 -1.56049918e-05  4.68019287e-13  1.36417493e-11 
 8.14647328e-05  8.96402228e-01  8.96515176e-01  8.96470368e-01 -1.55980967e-05 -1.40915534e-12 -5.27509628e-12 
 8.15647328e-05  8.96402405e-01  8.96515200e-01  8.96470361e-01 -1.56049896e-05  4.67766234e-13  1.36390326e-11 
 8.16647328e-05  8.96402213e-01  8.96515162e-01  8.96470354e-01 -1.55980989e-05 -1.40890056e-12 -5.27240296e-12 
 8.17647328e-05  8.96402390e-01  8.96515186e-01  8.96470347e-01 -1.56049874e-05  4.67511880e-13  1.36363429e-11 
 8.18647328e-05  8.96402199e-01  8.96515147e-01  8.96470340e-01 -1.55981012e-05 -1.40864837e-12 -5.26971077e-12 
 8.19647328e-05  8.96402376e-01  8.96515172e-01  8.96470333e-01 -1.56049852e-05  4.67259911e-13  1.36336168e-11 
 8.20647328e-05  8.96402185e-01  8.96515133e-01  8.96470325e-01 -1.55981034e-05 -1.40839532e-12 -5.26696053e-12 
 8.21647328e-05  8.96402362e-01  8.96515157e-01  8.96470318e-01 -1.56049830e-05  4.67006859e-13  1.36309087e-11 
 8.22647328e-05  8.96402170e-01  8.96515119e-01  8.96470311e-01 -1.55981056e-05 -1.40814357e-12 -5.26424949e-12 
 8.23647328e-05  8.96402347e-01  8.96515143e-01  8.96470304e-01 -1.56049808e-05  4.66754239e-13  1.36281598e-11 
 8.24647328e-05  8.96402156e-01  8.96515105e-01  8.96470297e-01 -1.55981078e-05 -1.40789073e-12 -5.26154782e-12 
 8.25647328e-05  8.96402333e-01  8.96515129e-01  8.96470290e-01 -1.56049786e-05  4.66502705e-13  1.36254728e-11 
 8.26647328e-05  8.96402142e-01  8.96515090e-01  8.96470283e-01 -1.55981100e-05 -1.40764006e-12 -5.25880782e-12 
 8.27647328e-05  8.96402319e-01  8.96515114e-01  8.96470275e-01 -1.56049764e-05  4.66251603e-13  1.36227611e-11 
 8.28647328e-05  8.96402128e-01  8.96515076e-01  8.96470268e-01 -1.55981122e-05 -1.40738940e-12 -5.25610621e-12 
 8.29647328e-05  8.96402304e-01  8.96515100e-01  8.96470261e-01 -1.56049742e-05  4.65999201e-13  1.36200565e-11 
 8.30647328e-05  8.96402113e-01  8.96515062e-01  8.96470254e-01 -1.55981144e-05 -1.40713461e-12 -5.25337781e-12 
 8.31647328e-05  8.96402290e-01  8.96515086e-01  8.96470247e-01 -1.56049719e-05  4.65750051e-13  1.36173460e-11 
 8.32647328e-05  8.96402099e-01  8.96515047e-01  8.96470240e-01 -1.55981167e-05 -1.40688394e-12 -5.25068189e-12 
 8.33647328e-05  8.96402276e-01  8.96515071e-01  8.96470232e-01 -1.56049697e-05  4.65500468e-13  1.36146255e-11 
 8.34647328e-05  8.96402085e-01  8.96515033e-01  8.96470225e-01 -1.55981189e-05 -1.40663479e-12 -5.24794444e-12 
 8.35647328e-05  8.96402261e-01  8.96515057e-01  8.96470218e-01 -1.56049675e-05  4.65249367e-13  1.36119336e-11 
 8.36647328e-05  8.96402070e-01  8.96515019e-01  8.96470211e-01 -1.55981211e-05 -1.40638608e-12 -5.24523128e-12 
 8.37647328e-05  8.96402247e-01  8.96515043e-01  8.96470204e-01 -1.56049653e-05  4.64999783e-13  1.36092066e-11 
 8.38647328e-05  8.96402056e-01  8.96515004e-01  8.96470197e-01 -1.55981233e-05 -1.40613628e-12 -5.24253460e-12 
 8.39647328e-05  8.96402233e-01  8.96515028e-01  8.96470189e-01 -1.56049631e-05  4.64751501e-13  1.36064938e-11 
 8.40647328e-05  8.96402042e-01  8.96514990e-01  8.96470182e-01 -1.55981255e-05 -1.40588799e-12 -5.23982160e-12 
 8.41647328e-05  8.96402218e-01  8.96515014e-01  8.96470175e-01 -1.56049609e-05  4.64503219e-13  1.36038212e-11 
 8.42647328e-05  8.96402028e-01  8.96514976e-01  8.96470168e-01 -1.55981277e-05 -1.40563884e-12 -5.23711624e-12 
 8.43647328e-05  8.96402204e-01  8.96515000e-01  8.96470161e-01 -1.56049587e-05  4.64254503e-13  1.36011021e-11 
 8.44647328e-05  8.96402013e-01  8.96514961e-01  8.96470154e-01 -1.55981299e-05 -1.40539121e-12 -5.23440097e-12 
 8.45647328e-05  8.96402189e-01  8.96514985e-01  8.96470147e-01 -1.56049565e-05  4.64006437e-13  1.35983806e-11 
 8.46647328e-05  8.96401999e-01  8.96514947e-01  8.96470139e-01 -1.55981321e-05 -1.40514401e-12 -5.23171860e-12 
 8.47647328e-05  8.96402175e-01  8.96514971e-01  8.96470132e-01 -1.56049543e-05  4.63759673e-13  1.35956878e-11 
 8.48647328e-05  8.96401985e-01  8.96514933e-01  8.96470125e-01 -1.55981344e-05 -1.40489551e-12 -5.22900435e-12 
 8.49647328e-05  8.96402161e-01  8.96514957e-01  8.96470118e-01 -1.56049521e-05  4.63513125e-13  1.35929587e-11 
 8.50647328e-05  8.96401970e-01  8.96514918e-01  8.96470111e-01 -1.55981366e-05 -1.40464897e-12 -5.22629260e-12 
 8.51647328e-05  8.96402146e-01  8.96514942e-01  8.96470104e-01 -1.56049499e-05  4.63264843e-13  1.35902868e-11 
 8.52647328e-05  8.96401956e-01  8.96514904e-01  8.96470096e-01 -1.55981388e-05 -1.40440285e-12 -5.22358616e-12 
 8.53647328e-05  8.96402132e-01  8.96514928e-01  8.96470089e-01 -1.56049477e-05  4.63020030e-13  1.35875639e-11 
 8.54647328e-05  8.96401942e-01  8.96514890e-01  8.96470082e-01 -1.55981410e-05 -1.40415739e-12 -5.22088172e-12 
 8.55647328e-05  8.96402118e-01  8.96514914e-01  8.96470075e-01 -1.56049455e-05  4.62773700e-13  1.35848488e-11 
 8.56647328e-05  8.96401928e-01  8.96514876e-01  8.96470068e-01 -1.55981432e-05 -1.40391149e-12 -5.21818694e-12 
 8.57647328e-05  8.96402103e-01  8.96514900e-01  8.96470061e-01 -1.56049433e-05  4.62526718e-13  1.35821575e-11 
 8.58647328e-05  8.96401913e-01  8.96514861e-01  8.96470054e-01 -1.55981454e-05 -1.40366560e-12 -5.21548619e-12 
 8.59647328e-05  8.96402089e-01  8.96514885e-01  8.96470046e-01 -1.56049411e-05  4.62282339e-13  1.35794563e-11 
 8.60647328e-05  8.96401899e-01  8.96514847e-01  8.96470039e-01 -1.55981476e-05 -1.40342100e-12 -5.21276268e-12 
 8.61647328e-05  8.96402075e-01  8.96514871e-01  8.96470032e-01 -1.56049389e-05  4.62037526e-13  1.35767834e-11 
 8.62647328e-05  8.96401885e-01  8.96514833e-01  8.96470025e-01 -1.55981498e-05 -1.40317727e-12 -5.21009109e-12 
 8.63647328e-05  8.96402060e-01  8.96514857e-01  8.96470018e-01 -1.56049367e-05  4.61792930e-13  1.35740778e-11 
 8.64647328e-05  8.96401870e-01  8.96514818e-01  8.96470011e-01 -1.55981520e-05 -1.40293224e-12 -5.20739176e-12 
 8.65647328e-05  8.96402046e-01  8.96514842e-01  8.96470003e-01 -1.56049345e-05  4.61550286e-13  1.35713445e-11 
 8.66647328e-05  8.96401856e-01  8.96514804e-01  8.96469996e-01 -1.55981542e-05 -1.40268851e-12 -5.20469334e-12 
 8.67647328e-05  8.96402032e-01  8.96514828e-01  8.96469989e-01 -1.56049323e-05  4.61305473e-13  1.35686532e-11 
 8.68647328e-05  8.96401842e-01  8.96514790e-01  8.96469982e-01 -1.55981564e-05 -1.40244543e-12 -5.20197985e-12 
 8.69647328e-05  8.96402017e-01  8.96514814e-01  8.96469975e-01 -1.56049301e-05  4.61061744e-13  1.35659772e-11 
 8.70647328e-05  8.96401828e-01  8.96514775e-01  8.96469968e-01 -1.55981586e-05 -1.40220149e-12 -5.19927883e-12 
 8.71647328e-05  8.96402003e-01  8.96514799e-01  8.96469960e-01 -1.56049279e-05  4.60818666e-13  1.35632635e-11 
 8.72647328e-05  8.96401813e-01  8.96514761e-01  8.96469953e-01 -1.55981609e-05 -1.40195819e-12 -5.19659744e-12 
 8.73647328e-05  8.96401989e-01  8.96514785e-01  8.96469946e-01 -1.56049257e-05  4.60576889e-13  1.35605640e-11 
 8.74647328e-05  8.96401799e-01  8.96514747e-01  8.96469939e-01 -1.55981631e-05 -1.40171685e-12 -5.19390905e-12 
 8.75647328e-05  8.96401974e-01  8.96514771e-01  8.96469932e-01 -1.56049235e-05  4.60335763e-13  1.35578657e-11 
 8.76647328e-05  8.96401785e-01  8.96514732e-01  8.96469925e-01 -1.55981653e-05 -1.40147486e-12 -5.19122863e-12 
 8.77647328e-05  8.96401960e-01  8.96514756e-01  8.96469918e-01 -1.56049213e-05  4.60093335e-13  1.35551651e-11 
 8.78647328e-05  8.96401770e-01  8.96514718e-01  8.96469910e-01 -1.55981675e-05 -1.40123243e-12 -5.18852989e-12 
 8.79647328e-05  8.96401946e-01  8.96514742e-01  8.96469903e-01 -1.56049191e-05  4.59849173e-13  1.35524787e-11 
 8.80647328e-05  8.96401756e-01  8.96514704e-01  8.96469896e-01 -1.55981697e-05 -1.40099239e-12 -5.18582486e-12 
 8.81647328e-05  8.96401931e-01  8.96514728e-01  8.96469889e-01 -1.56049169e-05  4.59608913e-13  1.35497882e-11 
 8.82647328e-05  8.96401742e-01  8.96514690e-01  8.96469882e-01 -1.55981719e-05 -1.40075148e-12 -5.18314867e-12 
 8.83647328e-05  8.96401917e-01  8.96514713e-01  8.96469875e-01 -1.56049147e-05  4.59368437e-13  1.35471051e-11 
 8.84647328e-05  8.96401727e-01  8.96514675e-01  8.96469867e-01 -1.55981741e-05 -1.40051252e-12 -5.18044917e-12 
 8.85647328e-05  8.96401903e-01  8.96514699e-01  8.96469860e-01 -1.56049125e-05  4.59128612e-13  1.35444120e-11 
 8.86647328e-05  8.96401713e-01  8.96514661e-01  8.96469853e-01 -1.55981763e-05 -1.40027161e-12 -5.17775200e-12 
 8.87647328e-05  8.96401888e-01  8.96514685e-01  8.96469846e-01 -1.56049103e-05  4.58889437e-13  1.35417066e-11 
 8.88647328e-05  8.96401699e-01  8.96514647e-01  8.96469839e-01 -1.55981785e-05 -1.40003243e-12 -5.17505683e-12 
 8.89647328e-05  8.96401874e-01  8.96514670e-01  8.96469832e-01 -1.56049081e-05  4.58649828e-13  1.35390211e-11 
 8.90647328e-05  8.96401685e-01  8.96514632e-01  8.96469825e-01 -1.55981807e-05 -1.39979413e-12 -5.17236763e-12 
 8.91647328e-05  8.96401860e-01  8.96514656e-01  8.96469817e-01 -1.56049059e-05  4.58411087e-13  1.35363474e-11 
 8.92647328e-05  8.96401670e-01  8.96514618e-01  8.96469810e-01 -1.55981829e-05 -1.39955387e-12 -5.16969068e-12 
 8.93647328e-05  8.96401845e-01  8.96514642e-01  8.96469803e-01 -1.56049037e-05  4.58172779e-13  1.35336688e-11 
 8.94647328e-05  8.96401656e-01  8.96514604e-01  8.96469796e-01 -1.55981851e-05 -1.39931621e-12 -5.16698126e-12 
 8.95647328e-05  8.96401831e-01  8.96514628e-01  8.96469789e-01 -1.56049015e-05  4.57934038e-13  1.35309745e-11 
 8.96647328e-05  8.96401642e-01  8.96514589e-01  8.96469782e-01 -1.55981873e-05 -1.39907877e-12 -5.16429385e-12 
 8.97647328e-05  8.96401817e-01  8.96514613e-01  8.96469774e-01 -1.56048993e-05  4.57696381e-13  1.35283054e-11 
 8.98647328e-05  8.96401627e-01  8.96514575e-01  8.96469767e-01 -1.55981895e-05 -1.39884111e-12 -5.16162140e-12 
 8.99647328e-05  8.96401802e-01  8.96514599e-01  8.96469760e-01 -1.56048971e-05  4.57459591e-13  1.35255945e-11 
 9.00647328e-05  8.96401613e-01  8.96514561e-01  8.96469753e-01 -1.55981917e-05 -1.39860324e-12 -5.15893518e-12 
 9.01647328e-05  8.96401788e-01  8.96514585e-01  8.96469746e-01 -1.56048949e-05  4.57221500e-13  1.35229189e-11 
 9.02647328e-05  8.96401599e-01  8.96514546e-01  8.96469739e-01 -1.55981939e-05 -1.39836732e-12 -5.15625270e-12 
 9.03647328e-05  8.96401774e-01  8.96514570e-01  8.96469731e-01 -1.56048927e-05  4.56986228e-13  1.35202430e-11 
 9.04647328e-05  8.96401585e-01  8.96514532e-01  8.96469724e-01 -1.55981961e-05 -1.39813031e-12 -5.15356909e-12 
 9.05647328e-05  8.96401759e-01  8.96514556e-01  8.96469717e-01 -1.56048905e-05  4.56749005e-13  1.35175487e-11 
 9.06647328e-05  8.96401570e-01  8.96514518e-01  8.96469710e-01 -1.55981983e-05 -1.39789417e-12 -5.15086308e-12 
 9.07647328e-05  8.96401745e-01  8.96514542e-01  8.96469703e-01 -1.56048883e-05  4.56513733e-13  1.35148755e-11 
 9.08647328e-05  8.96401556e-01  8.96514504e-01  8.96469696e-01 -1.55982005e-05 -1.39765825e-12 -5.14819432e-12 
 9.09647328e-05  8.96401731e-01  8.96514527e-01  8.96469689e-01 -1.56048862e-05  4.56278678e-13  1.35121930e-11 
 9.10647328e-05  8.96401542e-01  8.96514489e-01  8.96469681e-01 -1.55982027e-05 -1.39742276e-12 -5.14553661e-12 
 9.11647328e-05  8.96401716e-01  8.96514513e-01  8.96469674e-01 -1.56048840e-05  4.56043406e-13  1.35095131e-11 
 9.12647328e-05  8.96401527e-01  8.96514475e-01  8.96469667e-01 -1.55982049e-05 -1.39718814e-12 -5.14283971e-12 
 9.13647328e-05  8.96401702e-01  8.96514499e-01  8.96469660e-01 -1.56048818e-05  4.55807484e-13  1.35068184e-11 
 9.14647328e-05  8.96401513e-01  8.96514461e-01  8.96469653e-01 -1.55982071e-05 -1.39695395e-12 -5.14015371e-12 
 9.15647328e-05  8.96401688e-01  8.96514484e-01  8.96469646e-01 -1.56048796e-05  4.55574380e-13  1.35041355e-11 
 9.16647328e-05  8.96401499e-01  8.96514446e-01  8.96469638e-01 -1.55982093e-05 -1.39671911e-12 -5.13748142e-12 
 9.17647328e-05  8.96401673e-01  8.96514470e-01  8.96469631e-01 -1.56048774e-05  4.55340626e-13  1.35014652e-11 
 9.18647328e-05  8.96401485e-01  8.96514432e-01  8.96469624e-01 -1.55982115e-05 -1.39648601e-12 -5.13480794e-12 
 9.19647328e-05  8.96401659e-01  8.96514456e-01  8.96469617e-01 -1.56048752e-05  4.55105571e-13  1.34987762e-11 
 9.20647328e-05  8.96401470e-01  8.96514418e-01  8.96469610e-01 -1.55982137e-05 -1.39624987e-12 -5.13213652e-12 
 9.21647328e-05  8.96401645e-01  8.96514441e-01  8.96469603e-01 -1.56048730e-05  4.54873552e-13  1.34961089e-11 
 9.22647328e-05  8.96401456e-01  8.96514403e-01  8.96469596e-01 -1.55982159e-05 -1.39601698e-12 -5.12946326e-12 
 9.23647328e-05  8.96401630e-01  8.96514427e-01  8.96469588e-01 -1.56048708e-05  4.54640015e-13  1.34934214e-11 
 9.24647328e-05  8.96401442e-01  8.96514389e-01  8.96469581e-01 -1.55982181e-05 -1.39578453e-12 -5.12676463e-12 
 9.25647328e-05  8.96401616e-01  8.96514413e-01  8.96469574e-01 -1.56048686e-05  4.54407562e-13  1.34907632e-11 
 9.26647328e-05  8.96401427e-01  8.96514375e-01  8.96469567e-01 -1.55982203e-05 -1.39555294e-12 -5.12410427e-12 
 9.27647328e-05  8.96401602e-01  8.96514398e-01  8.96469560e-01 -1.56048664e-05  4.54175760e-13  1.34880924e-11 
 9.28647328e-05  8.96401413e-01  8.96514360e-01  8.96469553e-01 -1.55982225e-05 -1.39532027e-12 -5.12141593e-12 
 9.29647328e-05  8.96401587e-01  8.96514384e-01  8.96469545e-01 -1.56048642e-05  4.53944391e-13  1.34854243e-11 
 9.30647328e-05  8.96401399e-01  8.96514346e-01  8.96469538e-01 -1.55982247e-05 -1.39508977e-12 -5.11873335e-12 
 9.31647328e-05  8.96401573e-01  8.96514370e-01  8.96469531e-01 -1.56048621e-05  4.53713456e-13  1.34827516e-11 
 9.32647328e-05  8.96401384e-01  8.96514332e-01  8.96469524e-01 -1.55982269e-05 -1.39485797e-12 -5.11606355e-12 
 9.33647328e-05  8.96401559e-01  8.96514355e-01  8.96469517e-01 -1.56048599e-05  4.53483171e-13  1.34800812e-11 
 9.34647328e-05  8.96401370e-01  8.96514318e-01  8.96469510e-01 -1.55982291e-05 -1.39462812e-12 -5.11340623e-12 
 9.35647328e-05  8.96401544e-01  8.96514341e-01  8.96469502e-01 -1.56048577e-05  4.53252453e-13  1.34774074e-11 
 9.36647328e-05  8.96401356e-01  8.96514303e-01  8.96469495e-01 -1.55982313e-05 -1.39439784e-12 -5.11072890e-12 
 9.37647328e-05  8.96401530e-01  8.96514327e-01  8.96469488e-01 -1.56048555e-05  4.53021952e-13  1.34747190e-11 
 9.38647328e-05  8.96401342e-01  8.96514289e-01  8.96469481e-01 -1.55982334e-05 -1.39416712e-12 -5.10804647e-12 
 9.39647328e-05  8.96401516e-01  8.96514313e-01  8.96469474e-01 -1.56048533e-05  4.52791884e-13  1.34720705e-11 
 9.40647328e-05  8.96401327e-01  8.96514275e-01  8.96469467e-01 -1.55982356e-05 -1.39393857e-12 -5.10540124e-12 
 9.41647328e-05  8.96401501e-01  8.96514298e-01  8.96469460e-01 -1.56048511e-05  4.52562684e-13  1.34693953e-11 
 9.42647328e-05  8.96401313e-01  8.96514260e-01  8.96469452e-01 -1.55982378e-05 -1.39370958e-12 -5.10270992e-12 
 9.43647328e-05  8.96401487e-01  8.96514284e-01  8.96469445e-01 -1.56048489e-05  4.52333917e-13  1.34667178e-11 
 9.44647328e-05  8.96401299e-01  8.96514246e-01  8.96469438e-01 -1.55982400e-05 -1.39348017e-12 -5.10003482e-12 
 9.45647328e-05  8.96401473e-01  8.96514270e-01  8.96469431e-01 -1.56048467e-05  4.52106018e-13  1.34640509e-11 
 9.46647328e-05  8.96401284e-01  8.96514232e-01  8.96469424e-01 -1.55982422e-05 -1.39325205e-12 -5.09738990e-12 
 9.47647328e-05  8.96401458e-01  8.96514255e-01  8.96469417e-01 -1.56048446e-05  4.51877251e-13  1.34613909e-11 
 9.48647328e-05  8.96401270e-01  8.96514217e-01  8.96469409e-01 -1.55982444e-05 -1.39302372e-12 -5.09470325e-12 
 9.49647328e-05  8.96401444e-01  8.96514241e-01  8.96469402e-01 -1.56048424e-05  4.51649568e-13  1.34587334e-11 
 9.50647328e-05  8.96401256e-01  8.96514203e-01  8.96469395e-01 -1.55982466e-05 -1.39279560e-12 -5.09205563e-12 
 9.51647328e-05  8.96401430e-01  8.96514227e-01  8.96469388e-01 -1.56048402e-05  4.51421669e-13  1.34560627e-11 
 9.52647328e-05  8.96401242e-01  8.96514189e-01  8.96469381e-01 -1.55982488e-05 -1.39256879e-12 -5.08934577e-12 
 9.53647328e-05  8.96401415e-01  8.96514212e-01  8.96469374e-01 -1.56048380e-05  4.51195938e-13  1.34534161e-11 
 9.54647328e-05  8.96401227e-01  8.96514174e-01  8.96469367e-01 -1.55982510e-05 -1.39234219e-12 -5.08671349e-12 
 9.55647328e-05  8.96401401e-01  8.96514198e-01  8.96469359e-01 -1.56048358e-05  4.50967822e-13  1.34507276e-11 
 9.56647328e-05  8.96401213e-01  8.96514160e-01  8.96469352e-01 -1.55982532e-05 -1.39211494e-12 -5.08405107e-12 
 9.57647328e-05  8.96401387e-01  8.96514184e-01  8.96469345e-01 -1.56048336e-05  4.50741007e-13  1.34480616e-11 
 9.58647328e-05  8.96401199e-01  8.96514146e-01  8.96469338e-01 -1.55982554e-05 -1.39188964e-12 -5.08137624e-12 
 9.59647328e-05  8.96401372e-01  8.96514169e-01  8.96469331e-01 -1.56048315e-05  4.50515927e-13  1.34454221e-11 
 9.60647328e-05  8.96401184e-01  8.96514131e-01  8.96469324e-01 -1.55982576e-05 -1.39166304e-12 -5.07872607e-12 
 9.61647328e-05  8.96401358e-01  8.96514155e-01  8.96469316e-01 -1.56048293e-05  4.50289762e-13  1.34427573e-11 
 9.62647328e-05  8.96401170e-01  8.96514117e-01  8.96469309e-01 -1.55982597e-05 -1.39143796e-12 -5.07606825e-12 
 9.63647328e-05  8.96401343e-01  8.96514141e-01  8.96469302e-01 -1.56048271e-05  4.50064031e-13  1.34400920e-11 
 9.64647328e-05  8.96401156e-01  8.96514103e-01  8.96469295e-01 -1.55982619e-05 -1.39121288e-12 -5.07340757e-12 
 9.65647328e-05  8.96401329e-01  8.96514126e-01  8.96469288e-01 -1.56048249e-05  4.49840252e-13  1.34374136e-11 
 9.66647328e-05  8.96401142e-01  8.96514089e-01  8.96469281e-01 -1.55982641e-05 -1.39098802e-12 -5.07075583e-12 
 9.67647328e-05  8.96401315e-01  8.96514112e-01  8.96469273e-01 -1.56048227e-05  4.49615388e-13  1.34347499e-11 
 9.68647328e-05  8.96401127e-01  8.96514074e-01  8.96469266e-01 -1.55982663e-05 -1.39076381e-12 -5.06808576e-12 
 9.69647328e-05  8.96401300e-01  8.96514098e-01  8.96469259e-01 -1.56048205e-05  4.49390742e-13  1.34321028e-11 
 9.70647328e-05  8.96401113e-01  8.96514060e-01  8.96469252e-01 -1.55982685e-05 -1.39053938e-12 -5.06542052e-12 
 9.71647328e-05  8.96401286e-01  8.96514083e-01  8.96469245e-01 -1.56048184e-05  4.49167830e-13  1.34294395e-11 
 9.72647328e-05  8.96401099e-01  8.96514046e-01  8.96469238e-01 -1.55982707e-05 -1.39031625e-12 -5.06277155e-12 
 9.73647328e-05  8.96401272e-01  8.96514069e-01  8.96469231e-01 -1.56048162e-05  4.48942966e-13  1.34267882e-11 
 9.74647328e-05  8.96401084e-01  8.96514031e-01  8.96469223e-01 -1.55982729e-05 -1.39009377e-12 -5.06011883e-12 
 9.75647328e-05  8.96401257e-01  8.96514055e-01  8.96469216e-01 -1.56048140e-05  4.48719187e-13  1.34241355e-11 
 9.76647328e-05  8.96401070e-01  8.96514017e-01  8.96469209e-01 -1.55982751e-05 -1.38986999e-12 -5.05744589e-12 
 9.77647328e-05  8.96401243e-01  8.96514041e-01  8.96469202e-01 -1.56048118e-05  4.48498010e-13  1.34214697e-11 
 9.78647328e-05  8.96401056e-01  8.96514003e-01  8.96469195e-01 -1.55982773e-05 -1.38964664e-12 -5.05479708e-12 
 9.79647328e-05  8.96401229e-01  8.96514026e-01  8.96469188e-01 -1.56048096e-05  4.48275314e-13  1.34188289e-11 
 9.80647328e-05  8.96401041e-01  8.96513988e-01  8.96469180e-01 -1.55982794e-05 -1.38942503e-12 -5.05216057e-12 
 9.81647328e-05  8.96401214e-01  8.96514012e-01  8.96469173e-01 -1.56048075e-05  4.48053270e-13  1.34161525e-11 
 9.82647328e-05  8.96401027e-01  8.96513974e-01  8.96469166e-01 -1.55982816e-05 -1.38920342e-12 -5.04950221e-12 
 9.83647328e-05  8.96401200e-01  8.96513998e-01  8.96469159e-01 -1.56048053e-05  4.47831442e-13  1.34135023e-11 
 9.84647328e-05  8.96401013e-01  8.96513960e-01  8.96469152e-01 -1.55982838e-05 -1.38898355e-12 -5.04683562e-12 
 9.85647328e-05  8.96401186e-01  8.96513983e-01  8.96469145e-01 -1.56048031e-05  4.47610265e-13  1.34108604e-11 
 9.86647328e-05  8.96400999e-01  8.96513945e-01  8.96469138e-01 -1.55982860e-05 -1.38876128e-12 -5.04420697e-12 
 9.87647328e-05  8.96401171e-01  8.96513969e-01  8.96469130e-01 -1.56048009e-05  4.47389304e-13  1.34082022e-11 
 9.88647328e-05  8.96400984e-01  8.96513931e-01  8.96469123e-01 -1.55982882e-05 -1.38854141e-12 -5.04152232e-12 
 9.89647328e-05  8.96401157e-01  8.96513955e-01  8.96469116e-01 -1.56047987e-05  4.47168778e-13  1.34055819e-11 
 9.90647328e-05  8.96400970e-01  8.96513917e-01  8.96469109e-01 -1.55982904e-05 -1.38832067e-12 -5.03886077e-12 
 9.91647328e-05  8.96401143e-01  8.96513940e-01  8.96469102e-01 -1.56047966e-05  4.46949335e-13  1.34029156e-11 
 9.92647328e-05  8.96400956e-01  8.96513903e-01  8.96469095e-01 -1.55982925e-05 -1.38810036e-12 -5.03622637e-12 
 9.93647328e-05  8.96401128e-01  8.96513926e-01  8.96469087e-01 -1.56047944e-05  4.46729893e-13  1.34002706e-11 
 9.94647328e-05  8.96400941e-01  8.96513888e-01  8.96469080e-01 -1.55982947e-05 -1.38788135e-12 -5.03358509e-12 
 9.95647328e-05  8.96401114e-01  8.96513912e-01  8.96469073e-01 -1.56047922e-05  4.46509800e-13  1.33975965e-11 
 9.96647328e-05  8.96400927e-01  8.96513874e-01  8.96469066e-01 -1.55982969e-05 -1.38766212e-12 -5.03091720e-12 
 9.97647328e-05  8.96401100e-01  8.96513897e-01  8.96469059e-01 -1.56047900e-05  4.46290791e-13  1.33949651e-11 
 9.98647328e-05  8.96400913e-01  8.96513860e-01  8.96469052e-01 -1.55982991e-05 -1.38744268e-12 -5.02827456e-12 
 9.99647328e-05  8.96401085e-01  8.96513883e-01  8.96469044e-01 -1.56047879e-05  4.46072432e-13  1.33923064e-11 
 1.00064733e-04  8.96400899e-01  8.96513845e-01  8.96469037e-01 -1.55983013e-05 -1.38722454e-12 -5.02561908e-12 
 1.00164733e-04  8.96401071e-01  8.96513869e-01  8.96469030e-01 -1.56047857e-05  4.45852990e-13  1.33897088e-11 
 1.00264733e-04  8.96400884e-01  8.96513831e-01  8.96469023e-01 -1.55983035e-05 -1.38700640e-12 -5.02297737e-12 
 1.00364733e-04  8.96401057e-01  8.96513854e-01  8.96469016e-01 -1.56047835e-05  4.45636366e-13  1.33870262e-11 
 1.00464733e-04  8.96400870e-01  8.96513817e-01  8.96469009e-01 -1.55983056e-05 -1.38678760e-12 -5.02034259e-12 
 1.00564733e-04  8.96401042e-01  8.96513840e-01  8.96469002e-01 -1.56047813e-05  4.45418225e-13  1.33843779e-11 
 1.00664733e-04  8.96400856e-01  8.96513802e-01  8.96468994e-01 -1.55983078e-05 -1.38657055e-12 -5.01768977e-12 
 1.00764733e-04  8.96401028e-01  8.96513826e-01  8.96468987e-01 -1.56047792e-05  4.45200517e-13  1.33817628e-11 
 1.00864733e-04  8.96400841e-01  8.96513788e-01  8.96468980e-01 -1.55983100e-05 -1.38635371e-12 -5.01503277e-12 
 1.00964733e-04  8.96401014e-01  8.96513811e-01  8.96468973e-01 -1.56047770e-05  4.44983460e-13  1.33790749e-11 
 1.01064733e-04  8.96400827e-01  8.96513774e-01  8.96468966e-01 -1.55983122e-05 -1.38613665e-12 -5.01242022e-12 
 1.01164733e-04  8.96400999e-01  8.96513797e-01  8.96468959e-01 -1.56047748e-05  4.44767704e-13  1.33764494e-11 
 1.01264733e-04  8.96400813e-01  8.96513759e-01  8.96468951e-01 -1.55983144e-05 -1.38592154e-12 -5.00976436e-12 
 1.01364733e-04  8.96400985e-01  8.96513783e-01  8.96468944e-01 -1.56047726e-05  4.44551080e-13  1.33738220e-11 
 1.01464733e-04  8.96400799e-01  8.96513745e-01  8.96468937e-01 -1.55983165e-05 -1.38570405e-12 -5.00712102e-12 
 1.01564733e-04  8.96400971e-01  8.96513768e-01  8.96468930e-01 -1.56047705e-05  4.44335757e-13  1.33711564e-11 
 1.01664733e-04  8.96400784e-01  8.96513731e-01  8.96468923e-01 -1.55983187e-05 -1.38548873e-12 -5.00447925e-12 
 1.01764733e-04  8.96400956e-01  8.96513754e-01  8.96468916e-01 -1.56047683e-05  4.44119568e-13  1.33685200e-11 
 1.01864733e-04  8.96400770e-01  8.96513717e-01  8.96468909e-01 -1.55983209e-05 -1.38527427e-12 -5.00184329e-12 
 1.01964733e-04  8.96400942e-01  8.96513740e-01  8.96468901e-01 -1.56047661e-05  4.43904462e-13  1.33658851e-11 
 1.02064733e-04  8.96400756e-01  8.96513702e-01  8.96468894e-01 -1.55983231e-05 -1.38505657e-12 -4.99920705e-12 
 1.02164733e-04  8.96400928e-01  8.96513726e-01  8.96468887e-01 -1.56047639e-05  4.43690440e-13  1.33632399e-11 
 1.02264733e-04  8.96400741e-01  8.96513688e-01  8.96468880e-01 -1.55983253e-05 -1.38484254e-12 -4.99655715e-12 
 1.02364733e-04  8.96400913e-01  8.96513711e-01  8.96468873e-01 -1.56047618e-05  4.43473600e-13  1.33606095e-11 
 1.02464733e-04  8.96400727e-01  8.96513674e-01  8.96468866e-01 -1.55983274e-05 -1.38462896e-12 -4.99393013e-12 
 1.02564733e-04  8.96400899e-01  8.96513697e-01  8.96468858e-01 -1.56047596e-05  4.43259795e-13  1.33579428e-11 
 1.02664733e-04  8.96400713e-01  8.96513659e-01  8.96468851e-01 -1.55983296e-05 -1.38441494e-12 -4.99127969e-12 
 1.02764733e-04  8.96400885e-01  8.96513683e-01  8.96468844e-01 -1.56047574e-05  4.43046207e-13  1.33553268e-11 
 1.02864733e-04  8.96400698e-01  8.96513645e-01  8.96468837e-01 -1.55983318e-05 -1.38420200e-12 -4.98867375e-12 
 1.02964733e-04  8.96400870e-01  8.96513668e-01  8.96468830e-01 -1.56047553e-05  4.42832620e-13  1.33526739e-11 
 1.03064733e-04  8.96400684e-01  8.96513631e-01  8.96468823e-01 -1.55983340e-05 -1.38398819e-12 -4.98602868e-12 
 1.03164733e-04  8.96400856e-01  8.96513654e-01  8.96468815e-01 -1.56047531e-05  4.42621634e-13  1.33500702e-11 
 1.03264733e-04  8.96400670e-01  8.96513616e-01  8.96468808e-01 -1.55983362e-05 -1.38377591e-12 -4.98336452e-12 
 1.03364733e-04  8.96400842e-01  8.96513640e-01  8.96468801e-01 -1.56047509e-05  4.42407612e-13  1.33474149e-11 
 1.03464733e-04  8.96400656e-01  8.96513602e-01  8.96468794e-01 -1.55983383e-05 -1.38356340e-12 -4.98072877e-12 
 1.03564733e-04  8.96400827e-01  8.96513625e-01  8.96468787e-01 -1.56047488e-05  4.42195542e-13  1.33447978e-11 
 1.03664733e-04  8.96400641e-01  8.96513588e-01  8.96468780e-01 -1.55983405e-05 -1.38335133e-12 -4.97809004e-12 
 1.03764733e-04  8.96400813e-01  8.96513611e-01  8.96468773e-01 -1.56047466e-05  4.41983906e-13  1.33421634e-11 
 1.03864733e-04  8.96400627e-01  8.96513573e-01  8.96468765e-01 -1.55983427e-05 -1.38313883e-12 -4.97547912e-12 
 1.03964733e-04  8.96400799e-01  8.96513597e-01  8.96468758e-01 -1.56047444e-05  4.41771619e-13  1.33395076e-11 
 1.04064733e-04  8.96400613e-01  8.96513559e-01  8.96468751e-01 -1.55983449e-05 -1.38292828e-12 -4.97284733e-12 
 1.04164733e-04  8.96400784e-01  8.96513582e-01  8.96468744e-01 -1.56047422e-05  4.41560850e-13  1.33368856e-11 
 1.04264733e-04  8.96400598e-01  8.96513545e-01  8.96468737e-01 -1.55983470e-05 -1.38271707e-12 -4.97022323e-12 
 1.04364733e-04  8.96400770e-01  8.96513568e-01  8.96468730e-01 -1.56047401e-05  4.41350081e-13  1.33342437e-11 
 1.04464733e-04  8.96400584e-01  8.96513530e-01  8.96468722e-01 -1.55983492e-05 -1.38250717e-12 -4.96756634e-12 
 1.04564733e-04  8.96400756e-01  8.96513554e-01  8.96468715e-01 -1.56047379e-05  4.41139529e-13  1.33316497e-11 
 1.04664733e-04  8.96400570e-01  8.96513516e-01  8.96468708e-01 -1.55983514e-05 -1.38229575e-12 -4.96492159e-12 
 1.04764733e-04  8.96400741e-01  8.96513539e-01  8.96468701e-01 -1.56047357e-05  4.40928761e-13  1.33290007e-11 
 1.04864733e-04  8.96400556e-01  8.96513502e-01  8.96468694e-01 -1.55983536e-05 -1.38208520e-12 -4.96231696e-12 
 1.04964733e-04  8.96400727e-01  8.96513525e-01  8.96468687e-01 -1.56047336e-05  4.40718425e-13  1.33263721e-11 
 1.05064733e-04  8.96400541e-01  8.96513488e-01  8.96468680e-01 -1.55983557e-05 -1.38187573e-12 -4.95966343e-12 
 1.05164733e-04  8.96400713e-01  8.96513511e-01  8.96468672e-01 -1.56047314e-05  4.40508524e-13  1.33237595e-11 
 1.05264733e-04  8.96400527e-01  8.96513473e-01  8.96468665e-01 -1.55983579e-05 -1.38166583e-12 -4.95706151e-12 
 1.05364733e-04  8.96400698e-01  8.96513496e-01  8.96468658e-01 -1.56047292e-05  4.40299490e-13  1.33210953e-11 
 1.05464733e-04  8.96400513e-01  8.96513459e-01  8.96468651e-01 -1.55983601e-05 -1.38145723e-12 -4.95440619e-12 
 1.05564733e-04  8.96400684e-01  8.96513482e-01  8.96468644e-01 -1.56047271e-05  4.40091106e-13  1.33184864e-11 
 1.05664733e-04  8.96400498e-01  8.96513445e-01  8.96468637e-01 -1.55983622e-05 -1.38124885e-12 -4.95181495e-12 
 1.05764733e-04  8.96400670e-01  8.96513468e-01  8.96468629e-01 -1.56047249e-05  4.39883373e-13  1.33158435e-11 
 1.05864733e-04  8.96400484e-01  8.96513430e-01  8.96468622e-01 -1.55983644e-05 -1.38104003e-12 -4.94918895e-12 
 1.05964733e-04  8.96400655e-01  8.96513454e-01  8.96468615e-01 -1.56047227e-05  4.39673688e-13  1.33132473e-11 
 1.06064733e-04  8.96400470e-01  8.96513416e-01  8.96468608e-01 -1.55983666e-05 -1.38083143e-12 -4.94655028e-12 
 1.06164733e-04  8.96400641e-01  8.96513439e-01  8.96468601e-01 -1.56047206e-05  4.39465088e-13  1.33106123e-11 
 1.06264733e-04  8.96400455e-01  8.96513402e-01  8.96468594e-01 -1.55983688e-05 -1.38062391e-12 -4.94392288e-12 
 1.06364733e-04  8.96400627e-01  8.96513425e-01  8.96468586e-01 -1.56047184e-05  4.39258872e-13  1.33079767e-11 
 1.06464733e-04  8.96400441e-01  8.96513387e-01  8.96468579e-01 -1.55983709e-05 -1.38041683e-12 -4.94131195e-12 
 1.06564733e-04  8.96400612e-01  8.96513411e-01  8.96468572e-01 -1.56047162e-05  4.39051356e-13  1.33053620e-11 
 1.06664733e-04  8.96400427e-01  8.96513373e-01  8.96468565e-01 -1.55983731e-05 -1.38021040e-12 -4.93869165e-12 
 1.06764733e-04  8.96400598e-01  8.96513396e-01  8.96468558e-01 -1.56047141e-05  4.38844273e-13  1.33027182e-11 
 1.06864733e-04  8.96400413e-01  8.96513359e-01  8.96468551e-01 -1.55983753e-05 -1.38000245e-12 -4.93605005e-12 
 1.06964733e-04  8.96400584e-01  8.96513382e-01  8.96468543e-01 -1.56047119e-05  4.38637624e-13  1.33001068e-11 
 1.07064733e-04  8.96400398e-01  8.96513344e-01  8.96468536e-01 -1.55983774e-05 -1.37979493e-12 -4.93343186e-12 
 1.07164733e-04  8.96400569e-01  8.96513368e-01  8.96468529e-01 -1.56047098e-05  4.38430759e-13  1.32974887e-11 
 1.07264733e-04  8.96400384e-01  8.96513330e-01  8.96468522e-01 -1.55983796e-05 -1.37958828e-12 -4.93081530e-12 
 1.07364733e-04  8.96400555e-01  8.96513353e-01  8.96468515e-01 -1.56047076e-05  4.38224977e-13  1.32948793e-11 
 1.07464733e-04  8.96400370e-01  8.96513316e-01  8.96468508e-01 -1.55983818e-05 -1.37938272e-12 -4.92819918e-12 
 1.07564733e-04  8.96400541e-01  8.96513339e-01  8.96468501e-01 -1.56047054e-05  4.38019412e-13  1.32922311e-11 
 1.07664733e-04  8.96400355e-01  8.96513302e-01  8.96468493e-01 -1.55983839e-05 -1.37917759e-12 -4.92558853e-12 
 1.07764733e-04  8.96400526e-01  8.96513325e-01  8.96468486e-01 -1.56047033e-05  4.37812547e-13  1.32896105e-11 
 1.07864733e-04  8.96400341e-01  8.96513287e-01  8.96468479e-01 -1.55983861e-05 -1.37897311e-12 -4.92297370e-12 
 1.07964733e-04  8.96400512e-01  8.96513310e-01  8.96468472e-01 -1.56047011e-05  4.37608500e-13  1.32870276e-11 
 1.08064733e-04  8.96400327e-01  8.96513273e-01  8.96468465e-01 -1.55983883e-05 -1.37876733e-12 -4.92035443e-12 
 1.08164733e-04  8.96400498e-01  8.96513296e-01  8.96468458e-01 -1.56046989e-05  4.37405103e-13  1.32843902e-11 
 1.08264733e-04  8.96400313e-01  8.96513259e-01  8.96468451e-01 -1.55983905e-05 -1.37856371e-12 -4.91772145e-12 
 1.08364733e-04  8.96400483e-01  8.96513282e-01  8.96468443e-01 -1.56046968e-05  4.37200406e-13  1.32817633e-11 
 1.08464733e-04  8.96400298e-01  8.96513244e-01  8.96468436e-01 -1.55983926e-05 -1.37835945e-12 -4.91509025e-12 
 1.08564733e-04  8.96400469e-01  8.96513267e-01  8.96468429e-01 -1.56046946e-05  4.36995926e-13  1.32791610e-11 
 1.08664733e-04  8.96400284e-01  8.96513230e-01  8.96468422e-01 -1.55983948e-05 -1.37815540e-12 -4.91250833e-12 
 1.08764733e-04  8.96400455e-01  8.96513253e-01  8.96468415e-01 -1.56046925e-05  4.36792096e-13  1.32765316e-11 
 1.08864733e-04  8.96400270e-01  8.96513216e-01  8.96468408e-01 -1.55983970e-05 -1.37795266e-12 -4.90987546e-12 
 1.08964733e-04  8.96400440e-01  8.96513239e-01  8.96468400e-01 -1.56046903e-05  4.36588916e-13  1.32739272e-11 
 1.09064733e-04  8.96400255e-01  8.96513201e-01  8.96468393e-01 -1.55983991e-05 -1.37774883e-12 -4.90724307e-12 
 1.09164733e-04  8.96400426e-01  8.96513224e-01  8.96468386e-01 -1.56046881e-05  4.36385737e-13  1.32713299e-11 
 1.09264733e-04  8.96400241e-01  8.96513187e-01  8.96468379e-01 -1.55984013e-05 -1.37754565e-12 -4.90465969e-12 
 1.09364733e-04  8.96400412e-01  8.96513210e-01  8.96468372e-01 -1.56046860e-05  4.36182774e-13  1.32686957e-11 
 1.09464733e-04  8.96400227e-01  8.96513173e-01  8.96468365e-01 -1.55984034e-05 -1.37734312e-12 -4.90202291e-12 
 1.09564733e-04  8.96400397e-01  8.96513196e-01  8.96468357e-01 -1.56046838e-05  4.35981329e-13  1.32660832e-11 
 1.09664733e-04  8.96400213e-01  8.96513158e-01  8.96468350e-01 -1.55984056e-05 -1.37714146e-12 -4.89943524e-12 
 1.09764733e-04  8.96400383e-01  8.96513181e-01  8.96468343e-01 -1.56046817e-05  4.35779017e-13  1.32634697e-11 
 1.09864733e-04  8.96400198e-01  8.96513144e-01  8.96468336e-01 -1.55984078e-05 -1.37693914e-12 -4.89681624e-12 
 1.09964733e-04  8.96400368e-01  8.96513167e-01  8.96468329e-01 -1.56046795e-05  4.35576705e-13  1.32608402e-11 
 1.10064733e-04  8.96400184e-01  8.96513130e-01  8.96468322e-01 -1.55984099e-05 -1.37673770e-12 -4.89419925e-12 
 1.10164733e-04  8.96400354e-01  8.96513153e-01  8.96468315e-01 -1.56046774e-05  4.35375911e-13  1.32582680e-11 
 1.10264733e-04  8.96400170e-01  8.96513116e-01  8.96468307e-01 -1.55984121e-05 -1.37653625e-12 -4.89158291e-12 
 1.10364733e-04  8.96400340e-01  8.96513139e-01  8.96468300e-01 -1.56046752e-05  4.35174466e-13  1.32556444e-11 
 1.10464733e-04  8.96400155e-01  8.96513101e-01  8.96468293e-01 -1.55984143e-05 -1.37633481e-12 -4.88897339e-12 
 1.10564733e-04  8.96400325e-01  8.96513124e-01  8.96468286e-01 -1.56046730e-05  4.34973238e-13  1.32530443e-11 
 1.10664733e-04  8.96400141e-01  8.96513087e-01  8.96468279e-01 -1.55984164e-05 -1.37613532e-12 -4.88635711e-12 
 1.10764733e-04  8.96400311e-01  8.96513110e-01  8.96468272e-01 -1.56046709e-05  4.34773528e-13  1.32504380e-11 
 1.10864733e-04  8.96400127e-01  8.96513073e-01  8.96468264e-01 -1.55984186e-05 -1.37593366e-12 -4.88374602e-12 
 1.10964733e-04  8.96400297e-01  8.96513096e-01  8.96468257e-01 -1.56046687e-05  4.34572083e-13  1.32478340e-11 
 1.11064733e-04  8.96400112e-01  8.96513058e-01  8.96468250e-01 -1.55984208e-05 -1.37573438e-12 -4.88114649e-12 
 1.11164733e-04  8.96400282e-01  8.96513081e-01  8.96468243e-01 -1.56046666e-05  4.34372807e-13  1.32451952e-11 
 1.11264733e-04  8.96400098e-01  8.96513044e-01  8.96468236e-01 -1.55984229e-05 -1.37553424e-12 -4.87854012e-12 
 1.11364733e-04  8.96400268e-01  8.96513067e-01  8.96468229e-01 -1.56046644e-05  4.34172663e-13  1.32426042e-11 
 1.11464733e-04  8.96400084e-01  8.96513030e-01  8.96468222e-01 -1.55984251e-05 -1.37533518e-12 -4.87595121e-12 
 1.11564733e-04  8.96400254e-01  8.96513053e-01  8.96468214e-01 -1.56046623e-05  4.33973820e-13  1.32400078e-11 
 1.11664733e-04  8.96400070e-01  8.96513015e-01  8.96468207e-01 -1.55984272e-05 -1.37513568e-12 -4.87332885e-12 
 1.11764733e-04  8.96400239e-01  8.96513038e-01  8.96468200e-01 -1.56046601e-05  4.33775411e-13  1.32374034e-11 
 1.11864733e-04  8.96400055e-01  8.96513001e-01  8.96468193e-01 -1.55984294e-05 -1.37493619e-12 -4.87071592e-12 
 1.11964733e-04  8.96400225e-01  8.96513024e-01  8.96468186e-01 -1.56046580e-05  4.33575701e-13  1.32347970e-11 
 1.12064733e-04  8.96400041e-01  8.96512987e-01  8.96468179e-01 -1.55984316e-05 -1.37473756e-12 -4.86812538e-12 
 1.12164733e-04  8.96400211e-01  8.96513010e-01  8.96468171e-01 -1.56046558e-05  4.33377509e-13  1.32321827e-11 
 1.12264733e-04  8.96400027e-01  8.96512972e-01  8.96468164e-01 -1.55984337e-05 -1.37454067e-12 -4.86551001e-12 
 1.12364733e-04  8.96400196e-01  8.96512995e-01  8.96468157e-01 -1.56046536e-05  4.33180401e-13  1.32296032e-11 
 1.12464733e-04  8.96400012e-01  8.96512958e-01  8.96468150e-01 -1.55984359e-05 -1.37434183e-12 -4.86290121e-12 
 1.12564733e-04  8.96400182e-01  8.96512981e-01  8.96468143e-01 -1.56046515e-05  4.32982643e-13  1.32269690e-11 
 1.12664733e-04  8.96399998e-01  8.96512944e-01  8.96468136e-01 -1.55984380e-05 -1.37414299e-12 -4.86033289e-12 
 1.12764733e-04  8.96400168e-01  8.96512967e-01  8.96468128e-01 -1.56046493e-05  4.32784884e-13  1.32243749e-11 
 1.12864733e-04  8.96399984e-01  8.96512930e-01  8.96468121e-01 -1.55984402e-05 -1.37394653e-12 -4.85770208e-12 
 1.12964733e-04  8.96400153e-01  8.96512952e-01  8.96468114e-01 -1.56046472e-05  4.32586042e-13  1.32217874e-11 
 1.13064733e-04  8.96399970e-01  8.96512915e-01  8.96468107e-01 -1.55984424e-05 -1.37374986e-12 -4.85509940e-12 
 1.13164733e-04  8.96400139e-01  8.96512938e-01  8.96468100e-01 -1.56046450e-05  4.32389151e-13  1.32191923e-11 
 1.13264733e-04  8.96399955e-01  8.96512901e-01  8.96468093e-01 -1.55984445e-05 -1.37355296e-12 -4.85251563e-12 
 1.13364733e-04  8.96400125e-01  8.96512924e-01  8.96468086e-01 -1.56046429e-05  4.32192693e-13  1.32165763e-11 
 1.13464733e-04  8.96399941e-01  8.96512887e-01  8.96468078e-01 -1.55984467e-05 -1.37335586e-12 -4.84991870e-12 
 1.13564733e-04  8.96400110e-01  8.96512909e-01  8.96468071e-01 -1.56046407e-05  4.31996236e-13  1.32139925e-11 
 1.13664733e-04  8.96399927e-01  8.96512872e-01  8.96468064e-01 -1.55984488e-05 -1.37316070e-12 -4.84731905e-12 
 1.13764733e-04  8.96400096e-01  8.96512895e-01  8.96468057e-01 -1.56046386e-05  4.31800212e-13  1.32113899e-11 
 1.13864733e-04  8.96399912e-01  8.96512858e-01  8.96468050e-01 -1.55984510e-05 -1.37296511e-12 -4.84470238e-12 
 1.13964733e-04  8.96400082e-01  8.96512881e-01  8.96468043e-01 -1.56046364e-05  4.31605272e-13  1.32087963e-11 
 1.14064733e-04  8.96399898e-01  8.96512844e-01  8.96468035e-01 -1.55984532e-05 -1.37276974e-12 -4.84210735e-12 
 1.14164733e-04  8.96400067e-01  8.96512866e-01  8.96468028e-01 -1.56046343e-05  4.31410333e-13  1.32061789e-11 
 1.14264733e-04  8.96399884e-01  8.96512829e-01  8.96468021e-01 -1.55984553e-05 -1.37257458e-12 -4.83952212e-12 
 1.14364733e-04  8.96400053e-01  8.96512852e-01  8.96468014e-01 -1.56046321e-05  4.31214526e-13  1.32035866e-11 
 1.14464733e-04  8.96399870e-01  8.96512815e-01  8.96468007e-01 -1.55984575e-05 -1.37237899e-12 -4.83693034e-12 
 1.14564733e-04  8.96400039e-01  8.96512838e-01  8.96468000e-01 -1.56046300e-05  4.31020454e-13  1.32010136e-11 
 1.14664733e-04  8.96399855e-01  8.96512801e-01  8.96467993e-01 -1.55984596e-05 -1.37218492e-12 -4.83431969e-12 
 1.14764733e-04  8.96400024e-01  8.96512824e-01  8.96467985e-01 -1.56046278e-05  4.30825948e-13  1.31984127e-11 
 1.14864733e-04  8.96399841e-01  8.96512786e-01  8.96467978e-01 -1.55984618e-05 -1.37199128e-12 -4.83173310e-12 
 1.14964733e-04  8.96400010e-01  8.96512809e-01  8.96467971e-01 -1.56046257e-05  4.30632092e-13  1.31958241e-11 
 1.15064733e-04  8.96399827e-01  8.96512772e-01  8.96467964e-01 -1.55984639e-05 -1.37179677e-12 -4.82913541e-12 
 1.15164733e-04  8.96399996e-01  8.96512795e-01  8.96467957e-01 -1.56046235e-05  4.30438237e-13  1.31932100e-11 
 1.15264733e-04  8.96399812e-01  8.96512758e-01  8.96467950e-01 -1.55984661e-05 -1.37160292e-12 -4.82653961e-12 
 1.15364733e-04  8.96399981e-01  8.96512781e-01  8.96467942e-01 -1.56046214e-05  4.30242864e-13  1.31906343e-11 
 1.15464733e-04  8.96399798e-01  8.96512743e-01  8.96467935e-01 -1.55984682e-05 -1.37140928e-12 -4.82395954e-12 
 1.15564733e-04  8.96399967e-01  8.96512766e-01  8.96467928e-01 -1.56046192e-05  4.30050526e-13  1.31880287e-11 
 1.15664733e-04  8.96399784e-01  8.96512729e-01  8.96467921e-01 -1.55984704e-05 -1.37121586e-12 -4.82136070e-12 
 1.15764733e-04  8.96399953e-01  8.96512752e-01  8.96467914e-01 -1.56046171e-05  4.29857755e-13  1.31854217e-11 
 1.15864733e-04  8.96399769e-01  8.96512715e-01  8.96467907e-01 -1.55984726e-05 -1.37102417e-12 -4.81879039e-12 
 1.15964733e-04  8.96399938e-01  8.96512738e-01  8.96467899e-01 -1.56046149e-05  4.29665201e-13  1.31828550e-11 
 1.16064733e-04  8.96399755e-01  8.96512701e-01  8.96467892e-01 -1.55984747e-05 -1.37083140e-12 -4.81617974e-12 
 1.16164733e-04  8.96399924e-01  8.96512723e-01  8.96467885e-01 -1.56046128e-05  4.29473080e-13  1.31802509e-11 
 1.16264733e-04  8.96399741e-01  8.96512686e-01  8.96467878e-01 -1.55984769e-05 -1.37063906e-12 -4.81358676e-12 
 1.16364733e-04  8.96399910e-01  8.96512709e-01  8.96467871e-01 -1.56046106e-05  4.29280309e-13  1.31776930e-11 
 1.16464733e-04  8.96399727e-01  8.96512672e-01  8.96467864e-01 -1.55984790e-05 -1.37044607e-12 -4.81101302e-12 
 1.16564733e-04  8.96399895e-01  8.96512695e-01  8.96467857e-01 -1.56046085e-05  4.29088839e-13  1.31750898e-11 
 1.16664733e-04  8.96399712e-01  8.96512658e-01  8.96467849e-01 -1.55984812e-05 -1.37025460e-12 -4.80840275e-12 
 1.16764733e-04  8.96399881e-01  8.96512680e-01  8.96467842e-01 -1.56046064e-05  4.28896935e-13  1.31725060e-11 
 1.16864733e-04  8.96399698e-01  8.96512643e-01  8.96467835e-01 -1.55984833e-05 -1.37006313e-12 -4.80582485e-12 
 1.16964733e-04  8.96399867e-01  8.96512666e-01  8.96467828e-01 -1.56046042e-05  4.28705899e-13  1.31699243e-11 
 1.17064733e-04  8.96399684e-01  8.96512629e-01  8.96467821e-01 -1.55984855e-05 -1.36987275e-12 -4.80324358e-12 
 1.17164733e-04  8.96399852e-01  8.96512652e-01  8.96467814e-01 -1.56046021e-05  4.28514862e-13  1.31673327e-11 
 1.17264733e-04  8.96399669e-01  8.96512615e-01  8.96467806e-01 -1.55984876e-05 -1.36968149e-12 -4.80065472e-12 
 1.17364733e-04  8.96399838e-01  8.96512637e-01  8.96467799e-01 -1.56045999e-05  4.28324260e-13  1.31647439e-11 
 1.17464733e-04  8.96399655e-01  8.96512600e-01  8.96467792e-01 -1.55984898e-05 -1.36949133e-12 -4.79807735e-12 
 1.17564733e-04  8.96399824e-01  8.96512623e-01  8.96467785e-01 -1.56045978e-05  4.28134091e-13  1.31621686e-11 
 1.17664733e-04  8.96399641e-01  8.96512586e-01  8.96467778e-01 -1.55984919e-05 -1.36930051e-12 -4.79544898e-12 
 1.17764733e-04  8.96399809e-01  8.96512609e-01  8.96467771e-01 -1.56045956e-05  4.27942837e-13  1.31595858e-11 
 1.17864733e-04  8.96399627e-01  8.96512572e-01  8.96467764e-01 -1.55984941e-05 -1.36911142e-12 -4.79289747e-12 
 1.17964733e-04  8.96399795e-01  8.96512594e-01  8.96467756e-01 -1.56045935e-05  4.27753536e-13  1.31569930e-11 
 1.18064733e-04  8.96399612e-01  8.96512557e-01  8.96467749e-01 -1.55984962e-05 -1.36892060e-12 -4.79031848e-12 
 1.18164733e-04  8.96399781e-01  8.96512580e-01  8.96467742e-01 -1.56045913e-05  4.27564668e-13  1.31544187e-11 
 1.18264733e-04  8.96399598e-01  8.96512543e-01  8.96467735e-01 -1.55984984e-05 -1.36872826e-12 -4.78774561e-12 
 1.18364733e-04  8.96399766e-01  8.96512566e-01  8.96467728e-01 -1.56045892e-05  4.27374499e-13  1.31518066e-11 
 1.18464733e-04  8.96399584e-01  8.96512529e-01  8.96467721e-01 -1.55985005e-05 -1.36854070e-12 -4.78514429e-12 
 1.18564733e-04  8.96399752e-01  8.96512552e-01  8.96467713e-01 -1.56045871e-05  4.27185847e-13  1.31492304e-11 
 1.18664733e-04  8.96399569e-01  8.96512515e-01  8.96467706e-01 -1.55985027e-05 -1.36835161e-12 -4.78257711e-12 
 1.18764733e-04  8.96399738e-01  8.96512537e-01  8.96467699e-01 -1.56045849e-05  4.26995895e-13  1.31466556e-11 
 1.18864733e-04  8.96399555e-01  8.96512500e-01  8.96467692e-01 -1.55985048e-05 -1.36816253e-12 -4.77998544e-12 
 1.18964733e-04  8.96399723e-01  8.96512523e-01  8.96467685e-01 -1.56045828e-05  4.26807027e-13  1.31440837e-11 
 1.19064733e-04  8.96399541e-01  8.96512486e-01  8.96467678e-01 -1.55985070e-05 -1.36797539e-12 -4.77742531e-12 
 1.19164733e-04  8.96399709e-01  8.96512509e-01  8.96467670e-01 -1.56045806e-05  4.26619460e-13  1.31415073e-11 
 1.19264733e-04  8.96399526e-01  8.96512472e-01  8.96467663e-01 -1.55985091e-05 -1.36778739e-12 -4.77483618e-12 
 1.19364733e-04  8.96399695e-01  8.96512494e-01  8.96467656e-01 -1.56045785e-05  4.26431893e-13  1.31389145e-11 
 1.19464733e-04  8.96399512e-01  8.96512457e-01  8.96467649e-01 -1.55985113e-05 -1.36759918e-12 -4.77225768e-12 
 1.19564733e-04  8.96399680e-01  8.96512480e-01  8.96467642e-01 -1.56045764e-05  4.26243242e-13  1.31363499e-11 
 1.19664733e-04  8.96399498e-01  8.96512443e-01  8.96467635e-01 -1.55985134e-05 -1.36741226e-12 -4.76969945e-12 
 1.19764733e-04  8.96399666e-01  8.96512466e-01  8.96467628e-01 -1.56045742e-05  4.26056759e-13  1.31337691e-11 
 1.19864733e-04  8.96399484e-01  8.96512429e-01  8.96467620e-01 -1.55985156e-05 -1.36722534e-12 -4.76708766e-12 
 1.19964733e-04  8.96399652e-01  8.96512451e-01  8.96467613e-01 -1.56045721e-05  4.25869843e-13  1.31311990e-11 
 1.20064733e-04  8.96399469e-01  8.96512414e-01  8.96467606e-01 -1.55985177e-05 -1.36703843e-12 -4.76452856e-12 
 1.20164733e-04  8.96399637e-01  8.96512437e-01  8.96467599e-01 -1.56045699e-05  4.25681409e-13  1.31286018e-11 
 1.20264733e-04  8.96399455e-01  8.96512400e-01  8.96467592e-01 -1.55985198e-05 -1.36685021e-12 -4.76194675e-12 
 1.20364733e-04  8.96399623e-01  8.96512423e-01  8.96467585e-01 -1.56045678e-05  4.25496227e-13  1.31260427e-11 
 1.20464733e-04  8.96399441e-01  8.96512386e-01  8.96467577e-01 -1.55985220e-05 -1.36666546e-12 -4.75935605e-12 
 1.20564733e-04  8.96399609e-01  8.96512408e-01  8.96467570e-01 -1.56045657e-05  4.25309744e-13  1.31234882e-11 
 1.20664733e-04  8.96399426e-01  8.96512371e-01  8.96467563e-01 -1.55985241e-05 -1.36647854e-12 -4.75680779e-12 
 1.20764733e-04  8.96399594e-01  8.96512394e-01  8.96467556e-01 -1.56045635e-05  4.25124562e-13  1.31208962e-11 
 1.20864733e-04  8.96399412e-01  8.96512357e-01  8.96467549e-01 -1.55985263e-05 -1.36629250e-12 -4.75422078e-12 
 1.20964733e-04  8.96399580e-01  8.96512380e-01  8.96467542e-01 -1.56045614e-05  4.24938080e-13  1.31183299e-11 
 1.21064733e-04  8.96399398e-01  8.96512343e-01  8.96467535e-01 -1.55985284e-05 -1.36610753e-12 -4.75165588e-12 
 1.21164733e-04  8.96399566e-01  8.96512365e-01  8.96467527e-01 -1.56045592e-05  4.24752247e-13  1.31157461e-11 
 1.21264733e-04  8.96399384e-01  8.96512329e-01  8.96467520e-01 -1.55985306e-05 -1.36592126e-12 -4.74904507e-12 
 1.21364733e-04  8.96399551e-01  8.96512351e-01  8.96467513e-01 -1.56045571e-05  4.24567499e-13  1.31131721e-11 
 1.21464733e-04  8.96399369e-01  8.96512314e-01  8.96467506e-01 -1.55985327e-05 -1.36573587e-12 -4.74650305e-12 
 1.21564733e-04  8.96399537e-01  8.96512337e-01  8.96467499e-01 -1.56045550e-05  4.24382534e-13  1.31106172e-11 
 1.21664733e-04  8.96399355e-01  8.96512300e-01  8.96467492e-01 -1.55985349e-05 -1.36555220e-12 -4.74393859e-12 
 1.21764733e-04  8.96399523e-01  8.96512322e-01  8.96467484e-01 -1.56045528e-05  4.24198003e-13  1.31080450e-11 
 1.21864733e-04  8.96399341e-01  8.96512286e-01  8.96467477e-01 -1.55985370e-05 -1.36536680e-12 -4.74134794e-12 
 1.21964733e-04  8.96399508e-01  8.96512308e-01  8.96467470e-01 -1.56045507e-05  4.24013472e-13  1.31054902e-11 
 1.22064733e-04  8.96399326e-01  8.96512271e-01  8.96467463e-01 -1.55985391e-05 -1.36518401e-12 -4.73875182e-12 
 1.22164733e-04  8.96399494e-01  8.96512294e-01  8.96467456e-01 -1.56045486e-05  4.23829591e-13  1.31029086e-11 
 1.22264733e-04  8.96399312e-01  8.96512257e-01  8.96467449e-01 -1.55985413e-05 -1.36499818e-12 -4.73623338e-12 
 1.22364733e-04  8.96399480e-01  8.96512279e-01  8.96467441e-01 -1.56045464e-05  4.23645060e-13  1.31003133e-11 
 1.22464733e-04  8.96399298e-01  8.96512243e-01  8.96467434e-01 -1.55985434e-05 -1.36481473e-12 -4.73364181e-12 
 1.22564733e-04  8.96399465e-01  8.96512265e-01  8.96467427e-01 -1.56045443e-05  4.23461396e-13  1.30977943e-11 
 1.22664733e-04  8.96399284e-01  8.96512228e-01  8.96467420e-01 -1.55985456e-05 -1.36463193e-12 -4.73109529e-12 
 1.22764733e-04  8.96399451e-01  8.96512251e-01  8.96467413e-01 -1.56045422e-05  4.23277949e-13  1.30951985e-11 
 1.22864733e-04  8.96399269e-01  8.96512214e-01  8.96467406e-01 -1.55985477e-05 -1.36444827e-12 -4.72850573e-12 
 1.22964733e-04  8.96399437e-01  8.96512237e-01  8.96467399e-01 -1.56045400e-05  4.23094936e-13  1.30926250e-11 
 1.23064733e-04  8.96399255e-01  8.96512200e-01  8.96467391e-01 -1.55985498e-05 -1.36426525e-12 -4.72595173e-12 
 1.23164733e-04  8.96399422e-01  8.96512222e-01  8.96467384e-01 -1.56045379e-05  4.22912356e-13  1.30900756e-11 
 1.23264733e-04  8.96399241e-01  8.96512185e-01  8.96467377e-01 -1.55985520e-05 -1.36408267e-12 -4.72336607e-12 
 1.23364733e-04  8.96399408e-01  8.96512208e-01  8.96467370e-01 -1.56045358e-05  4.22729560e-13  1.30875022e-11 
 1.23464733e-04  8.96399226e-01  8.96512171e-01  8.96467363e-01 -1.55985541e-05 -1.36389858e-12 -4.72082264e-12 
 1.23564733e-04  8.96399394e-01  8.96512194e-01  8.96467356e-01 -1.56045336e-05  4.22546763e-13  1.30849319e-11 
 1.23664733e-04  8.96399212e-01  8.96512157e-01  8.96467348e-01 -1.55985563e-05 -1.36371730e-12 -4.71826002e-12 
 1.23764733e-04  8.96399379e-01  8.96512179e-01  8.96467341e-01 -1.56045315e-05  4.22363967e-13  1.30823908e-11 
 1.23864733e-04  8.96399198e-01  8.96512143e-01  8.96467334e-01 -1.55985584e-05 -1.36353515e-12 -4.71569837e-12 
 1.23964733e-04  8.96399365e-01  8.96512165e-01  8.96467327e-01 -1.56045294e-05  4.22182905e-13  1.30798169e-11 
 1.24064733e-04  8.96399183e-01  8.96512128e-01  8.96467320e-01 -1.55985605e-05 -1.36335236e-12 -4.71311320e-12 
 1.24164733e-04  8.96399351e-01  8.96512151e-01  8.96467313e-01 -1.56045272e-05  4.22000325e-13  1.30772458e-11 
 1.24264733e-04  8.96399169e-01  8.96512114e-01  8.96467306e-01 -1.55985627e-05 -1.36317129e-12 -4.71057796e-12 
 1.24364733e-04  8.96399336e-01  8.96512136e-01  8.96467298e-01 -1.56045251e-05  4.21819480e-13  1.30746777e-11 
 1.24464733e-04  8.96399155e-01  8.96512100e-01  8.96467291e-01 -1.55985648e-05 -1.36298980e-12 -4.70799696e-12 
 1.24564733e-04  8.96399322e-01  8.96512122e-01  8.96467284e-01 -1.56045230e-05  4.21636684e-13  1.30721449e-11 
 1.24664733e-04  8.96399141e-01  8.96512085e-01  8.96467277e-01 -1.55985670e-05 -1.36281004e-12 -4.70542816e-12 
 1.24764733e-04  8.96399308e-01  8.96512108e-01  8.96467270e-01 -1.56045208e-05  4.21456923e-13  1.30695753e-11 
 1.24864733e-04  8.96399126e-01  8.96512071e-01  8.96467263e-01 -1.55985691e-05 -1.36262919e-12 -4.70285762e-12 
 1.24964733e-04  8.96399293e-01  8.96512093e-01  8.96467255e-01 -1.56045187e-05  4.21276729e-13  1.30670056e-11 
 1.25064733e-04  8.96399112e-01  8.96512057e-01  8.96467248e-01 -1.55985712e-05 -1.36244791e-12 -4.70030379e-12 
 1.25164733e-04  8.96399279e-01  8.96512079e-01  8.96467241e-01 -1.56045166e-05  4.21095450e-13  1.30644621e-11 
 1.25264733e-04  8.96399098e-01  8.96512042e-01  8.96467234e-01 -1.55985734e-05 -1.36226815e-12 -4.69775873e-12 
 1.25364733e-04  8.96399265e-01  8.96512065e-01  8.96467227e-01 -1.56045144e-05  4.20915256e-13  1.30619120e-11 
 1.25464733e-04  8.96399083e-01  8.96512028e-01  8.96467220e-01 -1.55985755e-05 -1.36208861e-12 -4.69518847e-12 
 1.25564733e-04  8.96399250e-01  8.96512050e-01  8.96467212e-01 -1.56045123e-05  4.20735712e-13  1.30593459e-11 
 1.25664733e-04  8.96399069e-01  8.96512014e-01  8.96467205e-01 -1.55985776e-05 -1.36190842e-12 -4.69266206e-12 
 1.25764733e-04  8.96399236e-01  8.96512036e-01  8.96467198e-01 -1.56045102e-05  4.20555734e-13  1.30568049e-11 
 1.25864733e-04  8.96399055e-01  8.96511999e-01  8.96467191e-01 -1.55985798e-05 -1.36172866e-12 -4.69007239e-12 
 1.25964733e-04  8.96399222e-01  8.96512022e-01  8.96467184e-01 -1.56045080e-05  4.20377275e-13  1.30542395e-11 
 1.26064733e-04  8.96399041e-01  8.96511985e-01  8.96467177e-01 -1.55985819e-05 -1.36154954e-12 -4.68751107e-12 
 1.26164733e-04  8.96399207e-01  8.96512007e-01  8.96467170e-01 -1.56045059e-05  4.20197297e-13  1.30516854e-11 
 1.26264733e-04  8.96399026e-01  8.96511971e-01  8.96467162e-01 -1.55985840e-05 -1.36137065e-12 -4.68497252e-12 
 1.26364733e-04  8.96399193e-01  8.96511993e-01  8.96467155e-01 -1.56045038e-05  4.20018404e-13  1.30491299e-11 
 1.26464733e-04  8.96399012e-01  8.96511956e-01  8.96467148e-01 -1.55985862e-05 -1.36119198e-12 -4.68239694e-12 
 1.26564733e-04  8.96399178e-01  8.96511979e-01  8.96467141e-01 -1.56045017e-05  4.19839944e-13  1.30465740e-11 
 1.26664733e-04  8.96398998e-01  8.96511942e-01  8.96467134e-01 -1.55985883e-05 -1.36101286e-12 -4.67988202e-12 
 1.26764733e-04  8.96399164e-01  8.96511965e-01  8.96467127e-01 -1.56044995e-05  4.19661484e-13  1.30440041e-11 
 1.26864733e-04  8.96398983e-01  8.96511928e-01  8.96467119e-01 -1.55985905e-05 -1.36083527e-12 -4.67729561e-12 
 1.26964733e-04  8.96399150e-01  8.96511950e-01  8.96467112e-01 -1.56044974e-05  4.19482808e-13  1.30414742e-11 
 1.27064733e-04  8.96398969e-01  8.96511914e-01  8.96467105e-01 -1.55985926e-05 -1.36065703e-12 -4.67473120e-12 
 1.27164733e-04  8.96399135e-01  8.96511936e-01  8.96467098e-01 -1.56044953e-05  4.19305649e-13  1.30389123e-11 
 1.27264733e-04  8.96398955e-01  8.96511899e-01  8.96467091e-01 -1.55985947e-05 -1.36047922e-12 -4.67218164e-12 
 1.27364733e-04  8.96399121e-01  8.96511922e-01  8.96467084e-01 -1.56044932e-05  4.19128491e-13  1.30363664e-11 
 1.27464733e-04  8.96398940e-01  8.96511885e-01  8.96467077e-01 -1.55985968e-05 -1.36030206e-12 -4.66964222e-12 
 1.27564733e-04  8.96399107e-01  8.96511907e-01  8.96467069e-01 -1.56044910e-05  4.18950681e-13  1.30338281e-11 
 1.27664733e-04  8.96398926e-01  8.96511871e-01  8.96467062e-01 -1.55985990e-05 -1.36012382e-12 -4.66706361e-12 
 1.27764733e-04  8.96399092e-01  8.96511893e-01  8.96467055e-01 -1.56044889e-05  4.18772439e-13  1.30312687e-11 
 1.27864733e-04  8.96398912e-01  8.96511856e-01  8.96467048e-01 -1.55986011e-05 -1.35994731e-12 -4.66456507e-12 
 1.27964733e-04  8.96399078e-01  8.96511879e-01  8.96467041e-01 -1.56044868e-05  4.18595280e-13  1.30286956e-11 
 1.28064733e-04  8.96398898e-01  8.96511842e-01  8.96467034e-01 -1.55986032e-05 -1.35976994e-12 -4.66199155e-12 
 1.28164733e-04  8.96399064e-01  8.96511864e-01  8.96467026e-01 -1.56044847e-05  4.18419856e-13  1.30261699e-11 
 1.28264733e-04  8.96398883e-01  8.96511828e-01  8.96467019e-01 -1.55986054e-05 -1.35959321e-12 -4.65945712e-12 
 1.28364733e-04  8.96399049e-01  8.96511850e-01  8.96467012e-01 -1.56044825e-05  4.18242697e-13  1.30236044e-11 
 1.28464733e-04  8.96398869e-01  8.96511813e-01  8.96467005e-01 -1.55986075e-05 -1.35941757e-12 -4.65690377e-12 
 1.28564733e-04  8.96399035e-01  8.96511836e-01  8.96466998e-01 -1.56044804e-05  4.18066840e-13  1.30210727e-11 
 1.28664733e-04  8.96398855e-01  8.96511799e-01  8.96466991e-01 -1.55986096e-05 -1.35924063e-12 -4.65435042e-12 
 1.28764733e-04  8.96399021e-01  8.96511821e-01  8.96466983e-01 -1.56044783e-05  4.17890765e-13  1.30185162e-11 
 1.28864733e-04  8.96398840e-01  8.96511785e-01  8.96466976e-01 -1.55986118e-05 -1.35906477e-12 -4.65179636e-12 
 1.28964733e-04  8.96399006e-01  8.96511807e-01  8.96466969e-01 -1.56044762e-05  4.17714040e-13  1.30159768e-11 
 1.29064733e-04  8.96398826e-01  8.96511770e-01  8.96466962e-01 -1.55986139e-05 -1.35888913e-12 -4.64925190e-12 
 1.29164733e-04  8.96398992e-01  8.96511793e-01  8.96466955e-01 -1.56044740e-05  4.17538833e-13  1.30134496e-11 
 1.29264733e-04  8.96398812e-01  8.96511756e-01  8.96466948e-01 -1.55986160e-05 -1.35871327e-12 -4.64671709e-12 
 1.29364733e-04  8.96398978e-01  8.96511778e-01  8.96466941e-01 -1.56044719e-05  4.17363626e-13  1.30108704e-11 
 1.29464733e-04  8.96398798e-01  8.96511742e-01  8.96466933e-01 -1.55986182e-05 -1.35853850e-12 -4.64414775e-12 
 1.29564733e-04  8.96398963e-01  8.96511764e-01  8.96466926e-01 -1.56044698e-05  4.17188419e-13  1.30083463e-11 
 1.29664733e-04  8.96398783e-01  8.96511728e-01  8.96466919e-01 -1.55986203e-05 -1.35836242e-12 -4.64163419e-12 
 1.29764733e-04  8.96398949e-01  8.96511750e-01  8.96466912e-01 -1.56044677e-05  4.17013863e-13  1.30057627e-11 
 1.29864733e-04  8.96398769e-01  8.96511713e-01  8.96466905e-01 -1.55986224e-05 -1.35818874e-12 -4.63909065e-12 
 1.29964733e-04  8.96398935e-01  8.96511735e-01  8.96466898e-01 -1.56044655e-05  4.16838222e-13  1.30032368e-11 
 1.30064733e-04  8.96398755e-01  8.96511699e-01  8.96466890e-01 -1.55986245e-05 -1.35801440e-12 -4.63652738e-12 
 1.30164733e-04  8.96398920e-01  8.96511721e-01  8.96466883e-01 -1.56044634e-05  4.16663882e-13  1.30006994e-11 
 1.30264733e-04  8.96398740e-01  8.96511685e-01  8.96466876e-01 -1.55986267e-05 -1.35783637e-12 -4.63402824e-12 
 1.30364733e-04  8.96398906e-01  8.96511707e-01  8.96466869e-01 -1.56044613e-05  4.16489976e-13  1.29981613e-11 
 1.30464733e-04  8.96398726e-01  8.96511670e-01  8.96466862e-01 -1.55986288e-05 -1.35766311e-12 -4.63145960e-12 
 1.30564733e-04  8.96398892e-01  8.96511692e-01  8.96466855e-01 -1.56044592e-05  4.16316721e-13  1.29956285e-11 
 1.30664733e-04  8.96398712e-01  8.96511656e-01  8.96466848e-01 -1.55986309e-05 -1.35748986e-12 -4.62891493e-12 
 1.30764733e-04  8.96398877e-01  8.96511678e-01  8.96466840e-01 -1.56044571e-05  4.16142598e-13  1.29930821e-11 
 1.30864733e-04  8.96398697e-01  8.96511642e-01  8.96466833e-01 -1.55986331e-05 -1.35731552e-12 -4.62636353e-12 
 1.30964733e-04  8.96398863e-01  8.96511664e-01  8.96466826e-01 -1.56044549e-05  4.15968909e-13  1.29905269e-11 
 1.31064733e-04  8.96398683e-01  8.96511627e-01  8.96466819e-01 -1.55986352e-05 -1.35714248e-12 -4.62385886e-12 
 1.31164733e-04  8.96398849e-01  8.96511650e-01  8.96466812e-01 -1.56044528e-05  4.15795219e-13  1.29879988e-11 
 1.31264733e-04  8.96398669e-01  8.96511613e-01  8.96466805e-01 -1.55986373e-05 -1.35696814e-12 -4.62132139e-12 
 1.31364733e-04  8.96398834e-01  8.96511635e-01  8.96466797e-01 -1.56044507e-05  4.15622831e-13  1.29854498e-11 
 1.31464733e-04  8.96398655e-01  8.96511599e-01  8.96466790e-01 -1.55986394e-05 -1.35679727e-12 -4.61874782e-12 
 1.31564733e-04  8.96398820e-01  8.96511621e-01  8.96466783e-01 -1.56044486e-05  4.15449576e-13  1.29829257e-11 
 1.31664733e-04  8.96398640e-01  8.96511584e-01  8.96466776e-01 -1.55986416e-05 -1.35662467e-12 -4.61623827e-12 
 1.31764733e-04  8.96398806e-01  8.96511607e-01  8.96466769e-01 -1.56044465e-05  4.15276971e-13  1.29803713e-11 
 1.31864733e-04  8.96398626e-01  8.96511570e-01  8.96466762e-01 -1.55986437e-05 -1.35644989e-12 -4.61368964e-12 
 1.31964733e-04  8.96398791e-01  8.96511592e-01  8.96466754e-01 -1.56044443e-05  4.15105233e-13  1.29778601e-11 
 1.32064733e-04  8.96398612e-01  8.96511556e-01  8.96466747e-01 -1.55986458e-05 -1.35627794e-12 -4.61117478e-12 
 1.32164733e-04  8.96398777e-01  8.96511578e-01  8.96466740e-01 -1.56044422e-05  4.14932628e-13  1.29753053e-11 
 1.32264733e-04  8.96398597e-01  8.96511542e-01  8.96466733e-01 -1.55986479e-05 -1.35610663e-12 -4.60862750e-12 
 1.32364733e-04  8.96398763e-01  8.96511564e-01  8.96466726e-01 -1.56044401e-05  4.14760891e-13  1.29727686e-11 
 1.32464733e-04  8.96398583e-01  8.96511527e-01  8.96466719e-01 -1.55986500e-05 -1.35593533e-12 -4.60605680e-12 
 1.32564733e-04  8.96398748e-01  8.96511549e-01  8.96466712e-01 -1.56044380e-05  4.14588286e-13  1.29702494e-11 
 1.32664733e-04  8.96398569e-01  8.96511513e-01  8.96466704e-01 -1.55986522e-05 -1.35576337e-12 -4.60355056e-12 
 1.32764733e-04  8.96398734e-01  8.96511535e-01  8.96466697e-01 -1.56044359e-05  4.14416765e-13  1.29677247e-11 
 1.32864733e-04  8.96398555e-01  8.96511499e-01  8.96466690e-01 -1.55986543e-05 -1.35559185e-12 -4.60102654e-12 
 1.32964733e-04  8.96398720e-01  8.96511521e-01  8.96466683e-01 -1.56044338e-05  4.14246545e-13  1.29651695e-11 
 1.33064733e-04  8.96398540e-01  8.96511484e-01  8.96466676e-01 -1.55986564e-05 -1.35542163e-12 -4.59848837e-12 
 1.33164733e-04  8.96398705e-01  8.96511506e-01  8.96466669e-01 -1.56044316e-05  4.14074374e-13  1.29626272e-11 
 1.33264733e-04  8.96398526e-01  8.96511470e-01  8.96466661e-01 -1.55986585e-05 -1.35524968e-12 -4.59592640e-12 
 1.33364733e-04  8.96398691e-01  8.96511492e-01  8.96466654e-01 -1.56044295e-05  4.13903720e-13  1.29600947e-11 
 1.33464733e-04  8.96398512e-01  8.96511456e-01  8.96466647e-01 -1.55986607e-05 -1.35507924e-12 -4.59339484e-12 
 1.33564733e-04  8.96398677e-01  8.96511478e-01  8.96466640e-01 -1.56044274e-05  4.13733284e-13  1.29575544e-11 
 1.33664733e-04  8.96398497e-01  8.96511441e-01  8.96466633e-01 -1.55986628e-05 -1.35490837e-12 -4.59085509e-12 
 1.33764733e-04  8.96398662e-01  8.96511463e-01  8.96466626e-01 -1.56044253e-05  4.13562630e-13  1.29549980e-11 
 1.33864733e-04  8.96398483e-01  8.96511427e-01  8.96466619e-01 -1.55986649e-05 -1.35473750e-12 -4.58834479e-12 
 1.33964733e-04  8.96398648e-01  8.96511449e-01  8.96466611e-01 -1.56044232e-05  4.13392627e-13  1.29524675e-11 
 1.34064733e-04  8.96398469e-01  8.96511413e-01  8.96466604e-01 -1.55986670e-05 -1.35456815e-12 -4.58577859e-12 
 1.34164733e-04  8.96398634e-01  8.96511435e-01  8.96466597e-01 -1.56044211e-05  4.13221540e-13  1.29499130e-11 
 1.34264733e-04  8.96398455e-01  8.96511398e-01  8.96466590e-01 -1.55986691e-05 -1.35439750e-12 -4.58323418e-12 
 1.34364733e-04  8.96398619e-01  8.96511420e-01  8.96466583e-01 -1.56044190e-05  4.13052838e-13  1.29473810e-11 
 1.34464733e-04  8.96398440e-01  8.96511384e-01  8.96466576e-01 -1.55986713e-05 -1.35422728e-12 -4.58072257e-12 
 1.34564733e-04  8.96398605e-01  8.96511406e-01  8.96466568e-01 -1.56044168e-05  4.12882402e-13  1.29448243e-11 
 1.34664733e-04  8.96398426e-01  8.96511370e-01  8.96466561e-01 -1.55986734e-05 -1.35405792e-12 -4.57817752e-12 
 1.34764733e-04  8.96398591e-01  8.96511392e-01  8.96466554e-01 -1.56044147e-05  4.12712833e-13  1.29423103e-11 
 1.34864733e-04  8.96398412e-01  8.96511356e-01  8.96466547e-01 -1.55986755e-05 -1.35388771e-12 -4.57564715e-12 
 1.34964733e-04  8.96398576e-01  8.96511378e-01  8.96466540e-01 -1.56044126e-05  4.12544131e-13  1.29397554e-11 
 1.35064733e-04  8.96398397e-01  8.96511341e-01  8.96466533e-01 -1.55986776e-05 -1.35371944e-12 -4.57309890e-12 
 1.35164733e-04  8.96398562e-01  8.96511363e-01  8.96466525e-01 -1.56044105e-05  4.12374995e-13  1.29372666e-11 
 1.35264733e-04  8.96398383e-01  8.96511327e-01  8.96466518e-01 -1.55986797e-05 -1.35355117e-12 -4.57053926e-12 
 1.35364733e-04  8.96398548e-01  8.96511349e-01  8.96466511e-01 -1.56044084e-05  4.12205860e-13  1.29347318e-11 
 1.35464733e-04  8.96398369e-01  8.96511313e-01  8.96466504e-01 -1.55986819e-05 -1.35338095e-12 -4.56799892e-12 
 1.35564733e-04  8.96398533e-01  8.96511335e-01  8.96466497e-01 -1.56044063e-05  4.12037375e-13  1.29321515e-11 
 1.35664733e-04  8.96398354e-01  8.96511298e-01  8.96466490e-01 -1.55986840e-05 -1.35321355e-12 -4.56546476e-12 
 1.35764733e-04  8.96398519e-01  8.96511320e-01  8.96466483e-01 -1.56044042e-05  4.11869107e-13  1.29296243e-11 
 1.35864733e-04  8.96398340e-01  8.96511284e-01  8.96466475e-01 -1.55986861e-05 -1.35304463e-12 -4.56294507e-12 
 1.35964733e-04  8.96398505e-01  8.96511306e-01  8.96466468e-01 -1.56044021e-05  4.11700405e-13  1.29270834e-11 
 1.36064733e-04  8.96398326e-01  8.96511270e-01  8.96466461e-01 -1.55986882e-05 -1.35287679e-12 -4.56038934e-12 
 1.36164733e-04  8.96398490e-01  8.96511292e-01  8.96466454e-01 -1.56044000e-05  4.11532136e-13  1.29245147e-11 
 1.36264733e-04  8.96398312e-01  8.96511255e-01  8.96466447e-01 -1.55986903e-05 -1.35270918e-12 -4.55787150e-12 
 1.36364733e-04  8.96398476e-01  8.96511277e-01  8.96466440e-01 -1.56043978e-05  4.11364736e-13  1.29220210e-11 
 1.36464733e-04  8.96398297e-01  8.96511241e-01  8.96466432e-01 -1.55986924e-05 -1.35254026e-12 -4.55533587e-12 
 1.36564733e-04  8.96398462e-01  8.96511263e-01  8.96466425e-01 -1.56043957e-05  4.11196034e-13  1.29194615e-11 
 1.36664733e-04  8.96398283e-01  8.96511227e-01  8.96466418e-01 -1.55986946e-05 -1.35237351e-12 -4.55280502e-12 
 1.36764733e-04  8.96398447e-01  8.96511249e-01  8.96466411e-01 -1.56043936e-05  4.11029067e-13  1.29169455e-11 
 1.36864733e-04  8.96398269e-01  8.96511212e-01  8.96466404e-01 -1.55986967e-05 -1.35220546e-12 -4.55027211e-12 
 1.36964733e-04  8.96398433e-01  8.96511234e-01  8.96466397e-01 -1.56043915e-05  4.10863184e-13  1.29143916e-11 
 1.37064733e-04  8.96398254e-01  8.96511198e-01  8.96466390e-01 -1.55986988e-05 -1.35203892e-12 -4.54772342e-12 
 1.37164733e-04  8.96398419e-01  8.96511220e-01  8.96466382e-01 -1.56043894e-05  4.10693615e-13  1.29118588e-11 
 1.37264733e-04  8.96398240e-01  8.96511184e-01  8.96466375e-01 -1.55987009e-05 -1.35187174e-12 -4.54521186e-12 
 1.37364733e-04  8.96398404e-01  8.96511206e-01  8.96466368e-01 -1.56043873e-05  4.10527298e-13  1.29093001e-11 
 1.37464733e-04  8.96398226e-01  8.96511169e-01  8.96466361e-01 -1.55987030e-05 -1.35170521e-12 -4.54272942e-12 
 1.37564733e-04  8.96398390e-01  8.96511191e-01  8.96466354e-01 -1.56043852e-05  4.10359897e-13  1.29067605e-11 
 1.37664733e-04  8.96398212e-01  8.96511155e-01  8.96466347e-01 -1.55987051e-05 -1.35153889e-12 -4.54019775e-12 
 1.37764733e-04  8.96398376e-01  8.96511177e-01  8.96466339e-01 -1.56043831e-05  4.10193364e-13  1.29042125e-11 
 1.37864733e-04  8.96398197e-01  8.96511141e-01  8.96466332e-01 -1.55987072e-05 -1.35137344e-12 -4.53766170e-12 
 1.37964733e-04  8.96398361e-01  8.96511163e-01  8.96466325e-01 -1.56043810e-05  4.10028782e-13  1.29017016e-11 
 1.38064733e-04  8.96398183e-01  8.96511127e-01  8.96466318e-01 -1.55987094e-05 -1.35120712e-12 -4.53514553e-12 
 1.38164733e-04  8.96398347e-01  8.96511148e-01  8.96466311e-01 -1.56043789e-05  4.09861164e-13  1.28991571e-11 
 1.38264733e-04  8.96398169e-01  8.96511112e-01  8.96466304e-01 -1.55987115e-05 -1.35104124e-12 -4.53261441e-12 
 1.38364733e-04  8.96398333e-01  8.96511134e-01  8.96466296e-01 -1.56043768e-05  4.09695498e-13  1.28965993e-11 
 1.38464733e-04  8.96398154e-01  8.96511098e-01  8.96466289e-01 -1.55987136e-05 -1.35087471e-12 -4.53009239e-12 
 1.38564733e-04  8.96398318e-01  8.96511120e-01  8.96466282e-01 -1.56043747e-05  4.09530699e-13  1.28940718e-11 
 1.38664733e-04  8.96398140e-01  8.96511084e-01  8.96466275e-01 -1.55987157e-05 -1.35071034e-12 -4.52755715e-12 
 1.38764733e-04  8.96398304e-01  8.96511105e-01  8.96466268e-01 -1.56043726e-05  4.09364383e-13  1.28915416e-11 
 1.38864733e-04  8.96398126e-01  8.96511069e-01  8.96466261e-01 -1.55987178e-05 -1.35054489e-12 -4.52503800e-12 
 1.38964733e-04  8.96398290e-01  8.96511091e-01  8.96466254e-01 -1.56043705e-05  4.09200451e-13  1.28890227e-11 
 1.39064733e-04  8.96398111e-01  8.96511055e-01  8.96466246e-01 -1.55987199e-05 -1.35037923e-12 -4.52248601e-12 
 1.39164733e-04  8.96398275e-01  8.96511077e-01  8.96466239e-01 -1.56043683e-05  4.09035653e-13  1.28865092e-11 
 1.39264733e-04  8.96398097e-01  8.96511041e-01  8.96466232e-01 -1.55987220e-05 -1.35021443e-12 -4.52000216e-12 
 1.39364733e-04  8.96398261e-01  8.96511063e-01  8.96466225e-01 -1.56043662e-05  4.08870420e-13  1.28839489e-11 
 1.39464733e-04  8.96398083e-01  8.96511026e-01  8.96466218e-01 -1.55987241e-05 -1.35004941e-12 -4.51745417e-12 
 1.39564733e-04  8.96398247e-01  8.96511048e-01  8.96466211e-01 -1.56043641e-05  4.08705405e-13  1.28814305e-11 
 1.39664733e-04  8.96398069e-01  8.96511012e-01  8.96466203e-01 -1.55987263e-05 -1.34988548e-12 -4.51496073e-12 
 1.39764733e-04  8.96398232e-01  8.96511034e-01  8.96466196e-01 -1.56043620e-05  4.08540172e-13  1.28788906e-11 
 1.39864733e-04  8.96398054e-01  8.96510998e-01  8.96466189e-01 -1.55987284e-05 -1.34972155e-12 -4.51242087e-12 
 1.39964733e-04  8.96398218e-01  8.96511020e-01  8.96466182e-01 -1.56043599e-05  4.08376458e-13  1.28763527e-11 
 1.40064733e-04  8.96398040e-01  8.96510983e-01  8.96466175e-01 -1.55987305e-05 -1.34955588e-12 -4.50991057e-12 
 1.40164733e-04  8.96398204e-01  8.96511005e-01  8.96466168e-01 -1.56043578e-05  4.08212960e-13  1.28738467e-11 
 1.40264733e-04  8.96398026e-01  8.96510969e-01  8.96466161e-01 -1.55987326e-05 -1.34939369e-12 -4.50740107e-12 
 1.40364733e-04  8.96398189e-01  8.96510991e-01  8.96466153e-01 -1.56043557e-05  4.08047944e-13  1.28713048e-11 
 1.40464733e-04  8.96398011e-01  8.96510955e-01  8.96466146e-01 -1.55987347e-05 -1.34922845e-12 -4.50488816e-12 
 1.40564733e-04  8.96398175e-01  8.96510977e-01  8.96466139e-01 -1.56043536e-05  4.07884664e-13  1.28688189e-11 
 1.40664733e-04  8.96397997e-01  8.96510941e-01  8.96466132e-01 -1.55987368e-05 -1.34906626e-12 -4.50241071e-12 
 1.40764733e-04  8.96398161e-01  8.96510962e-01  8.96466125e-01 -1.56043515e-05  4.07721166e-13  1.28662929e-11 
 1.40864733e-04  8.96397983e-01  8.96510926e-01  8.96466118e-01 -1.55987389e-05 -1.34890254e-12 -4.49989471e-12 
 1.40964733e-04  8.96398146e-01  8.96510948e-01  8.96466110e-01 -1.56043494e-05  4.07558536e-13  1.28637606e-11 
 1.41064733e-04  8.96397969e-01  8.96510912e-01  8.96466103e-01 -1.55987410e-05 -1.34873883e-12 -4.49737133e-12 
 1.41164733e-04  8.96398132e-01  8.96510934e-01  8.96466096e-01 -1.56043473e-05  4.07394170e-13  1.28612440e-11 
 1.41264733e-04  8.96397954e-01  8.96510898e-01  8.96466089e-01 -1.55987431e-05 -1.34857598e-12 -4.49487924e-12 
 1.41364733e-04  8.96398118e-01  8.96510919e-01  8.96466082e-01 -1.56043452e-05  4.07231757e-13  1.28587330e-11 
 1.41464733e-04  8.96397940e-01  8.96510883e-01  8.96466075e-01 -1.55987452e-05 -1.34841248e-12 -4.49236481e-12 
 1.41564733e-04  8.96398103e-01  8.96510905e-01  8.96466067e-01 -1.56043431e-05  4.07069344e-13  1.28562261e-11 
 1.41664733e-04  8.96397926e-01  8.96510869e-01  8.96466060e-01 -1.55987473e-05 -1.34825072e-12 -4.48987511e-12 
 1.41764733e-04  8.96398089e-01  8.96510891e-01  8.96466053e-01 -1.56043410e-05  4.06906713e-13  1.28537107e-11 
 1.41864733e-04  8.96397911e-01  8.96510855e-01  8.96466046e-01 -1.55987494e-05 -1.34808831e-12 -4.48734707e-12 
 1.41964733e-04  8.96398075e-01  8.96510876e-01  8.96466039e-01 -1.56043389e-05  4.06744300e-13  1.28512049e-11 
 1.42064733e-04  8.96397897e-01  8.96510840e-01  8.96466032e-01 -1.55987516e-05 -1.34792416e-12 -4.48486528e-12 
 1.42164733e-04  8.96398060e-01  8.96510862e-01  8.96466025e-01 -1.56043368e-05  4.06582103e-13  1.28486745e-11 
 1.42264733e-04  8.96397883e-01  8.96510826e-01  8.96466017e-01 -1.55987537e-05 -1.34776348e-12 -4.48237525e-12 
 1.42364733e-04  8.96398046e-01  8.96510848e-01  8.96466010e-01 -1.56043347e-05  4.06419690e-13  1.28461682e-11 
 1.42464733e-04  8.96397868e-01  8.96510812e-01  8.96466003e-01 -1.55987558e-05 -1.34760237e-12 -4.47989063e-12 
 1.42564733e-04  8.96398032e-01  8.96510833e-01  8.96465996e-01 -1.56043326e-05  4.06259011e-13  1.28436522e-11 
 1.42664733e-04  8.96397854e-01  8.96510797e-01  8.96465989e-01 -1.55987579e-05 -1.34744082e-12 -4.47738109e-12 
 1.42764733e-04  8.96398017e-01  8.96510819e-01  8.96465982e-01 -1.56043305e-05  4.06097248e-13  1.28411424e-11 
 1.42864733e-04  8.96397840e-01  8.96510783e-01  8.96465974e-01 -1.55987600e-05 -1.34727841e-12 -4.47488032e-12 
 1.42964733e-04  8.96398003e-01  8.96510805e-01  8.96465967e-01 -1.56043284e-05  4.05935919e-13  1.28386585e-11 
 1.43064733e-04  8.96397826e-01  8.96510769e-01  8.96465960e-01 -1.55987621e-05 -1.34711534e-12 -4.47237912e-12 
 1.43164733e-04  8.96397989e-01  8.96510791e-01  8.96465953e-01 -1.56043263e-05  4.05772855e-13  1.28361550e-11 
 1.43264733e-04  8.96397811e-01  8.96510755e-01  8.96465946e-01 -1.55987642e-05 -1.34695532e-12 -4.46986946e-12 
 1.43364733e-04  8.96397974e-01  8.96510776e-01  8.96465939e-01 -1.56043242e-05  4.05612393e-13  1.28336413e-11 
 1.43464733e-04  8.96397797e-01  8.96510740e-01  8.96465932e-01 -1.55987663e-05 -1.34679507e-12 -4.46738469e-12 
 1.43564733e-04  8.96397960e-01  8.96510762e-01  8.96465924e-01 -1.56043221e-05  4.05451714e-13  1.28311325e-11 
 1.43664733e-04  8.96397783e-01  8.96510726e-01  8.96465917e-01 -1.55987684e-05 -1.34663157e-12 -4.46489823e-12 
 1.43764733e-04  8.96397946e-01  8.96510748e-01  8.96465910e-01 -1.56043200e-05  4.05291252e-13  1.28286353e-11 
 1.43864733e-04  8.96397768e-01  8.96510712e-01  8.96465903e-01 -1.55987705e-05 -1.34647133e-12 -4.46242013e-12 
 1.43964733e-04  8.96397931e-01  8.96510733e-01  8.96465896e-01 -1.56043179e-05  4.05130356e-13  1.28261169e-11 
 1.44064733e-04  8.96397754e-01  8.96510697e-01  8.96465889e-01 -1.55987726e-05 -1.34631065e-12 -4.45990597e-12 
 1.44164733e-04  8.96397917e-01  8.96510719e-01  8.96465881e-01 -1.56043158e-05  4.04970111e-13  1.28236290e-11 
 1.44264733e-04  8.96397740e-01  8.96510683e-01  8.96465874e-01 -1.55987747e-05 -1.34615062e-12 -4.45742672e-12 
 1.44364733e-04  8.96397903e-01  8.96510705e-01  8.96465867e-01 -1.56043137e-05  4.04809866e-13  1.28211050e-11 
 1.44464733e-04  8.96397726e-01  8.96510669e-01  8.96465860e-01 -1.55987768e-05 -1.34599103e-12 -4.45494076e-12 
 1.44564733e-04  8.96397888e-01  8.96510690e-01  8.96465853e-01 -1.56043117e-05  4.04650488e-13  1.28186325e-11 
 1.44664733e-04  8.96397711e-01  8.96510654e-01  8.96465846e-01 -1.55987789e-05 -1.34583122e-12 -4.45243148e-12 
 1.44764733e-04  8.96397874e-01  8.96510676e-01  8.96465838e-01 -1.56043096e-05  4.04490027e-13  1.28161163e-11 
 1.44864733e-04  8.96397697e-01  8.96510640e-01  8.96465831e-01 -1.55987810e-05 -1.34567119e-12 -4.44994871e-12 
 1.44964733e-04  8.96397860e-01  8.96510662e-01  8.96465824e-01 -1.56043075e-05  4.04331083e-13  1.28135992e-11 
 1.45064733e-04  8.96397683e-01  8.96510626e-01  8.96465817e-01 -1.55987831e-05 -1.34551159e-12 -4.44750205e-12 
 1.45164733e-04  8.96397845e-01  8.96510647e-01  8.96465810e-01 -1.56043054e-05  4.04170621e-13  1.28111060e-11 
 1.45264733e-04  8.96397668e-01  8.96510611e-01  8.96465803e-01 -1.55987852e-05 -1.34535308e-12 -4.44499862e-12 
 1.45364733e-04  8.96397831e-01  8.96510633e-01  8.96465796e-01 -1.56043033e-05  4.04012110e-13  1.28086062e-11 
 1.45464733e-04  8.96397654e-01  8.96510597e-01  8.96465788e-01 -1.55987873e-05 -1.34519392e-12 -4.44248907e-12 
 1.45564733e-04  8.96397817e-01  8.96510619e-01  8.96465781e-01 -1.56043012e-05  4.03853166e-13  1.28061001e-11 
 1.45664733e-04  8.96397640e-01  8.96510583e-01  8.96465774e-01 -1.55987894e-05 -1.34503368e-12 -4.44000224e-12 
 1.45764733e-04  8.96397802e-01  8.96510604e-01  8.96465767e-01 -1.56042991e-05  4.03693788e-13  1.28036218e-11 
 1.45864733e-04  8.96397625e-01  8.96510569e-01  8.96465760e-01 -1.55987915e-05 -1.34487517e-12 -4.43754641e-12 
 1.45964733e-04  8.96397788e-01  8.96510590e-01  8.96465753e-01 -1.56042970e-05  4.03534844e-13  1.28011149e-11 
 1.46064733e-04  8.96397611e-01  8.96510554e-01  8.96465745e-01 -1.55987936e-05 -1.34471579e-12 -4.43503307e-12 
 1.46164733e-04  8.96397774e-01  8.96510576e-01  8.96465738e-01 -1.56042949e-05  4.03375684e-13  1.27986105e-11 
 1.46264733e-04  8.96397597e-01  8.96510540e-01  8.96465731e-01 -1.55987957e-05 -1.34455836e-12 -4.43256987e-12 
 1.46364733e-04  8.96397759e-01  8.96510561e-01  8.96465724e-01 -1.56042928e-05  4.03218041e-13  1.27961277e-11 
 1.46464733e-04  8.96397583e-01  8.96510526e-01  8.96465717e-01 -1.55987978e-05 -1.34439942e-12 -4.43007442e-12 
 1.46564733e-04  8.96397745e-01  8.96510547e-01  8.96465710e-01 -1.56042907e-05  4.03059964e-13  1.27936282e-11 
 1.46664733e-04  8.96397568e-01  8.96510511e-01  8.96465703e-01 -1.55987999e-05 -1.34424047e-12 -4.42758395e-12 
 1.46764733e-04  8.96397731e-01  8.96510533e-01  8.96465695e-01 -1.56042886e-05  4.02901454e-13  1.27911455e-11 
 1.46832366e-04  8.96397556e-01  8.96510499e-01  8.96465690e-01 -1.55988025e-05 -1.34407047e-12 -4.41736518e-12 
 1.46900000e-04  8.96397721e-01  8.96510523e-01  8.96465686e-01 -1.56042855e-05  4.02689817e-13  1.27835334e-11 
