 time            v(XDUT.HOLD)    v(out)          v(pad)          i(VDD)          i(VHI)          i(VLO)         
 0.00000000e+00  6.98846231e-01  6.98987739e-01  6.98952792e-01 -1.51815309e-05 -4.02011974e-13  1.00730188e-12 
 1.00000000e-09  6.98846231e-01  6.98987704e-01  6.98952782e-01 -1.51815319e-05 -4.71684540e-13  9.61795422e-13 
 2.00000000e-09  6.98846231e-01  6.98987690e-01  6.98952770e-01 -1.51815314e-05 -4.80776009e-13  9.54963756e-13 
 4.00000000e-09  6.98846231e-01  6.98987667e-01  6.98952748e-01 -1.51815313e-05 -4.81926131e-13  9.52841972e-13 
 8.00000000e-09  6.98846231e-01  6.98987628e-01  6.98952705e-01 -1.51815314e-05 -4.74572638e-13  9.55846893e-13 
 1.60000000e-08  6.98846231e-01  6.98987563e-01  6.98952635e-01 -1.51815314e-05 -4.59752895e-13  9.63546734e-13 
 3.20000000e-08  6.98846230e-01  6.98987498e-01  6.98952555e-01 -1.51815314e-05 -4.20868852e-13  9.89137266e-13 
 6.40000000e-08  6.98846230e-01  6.98987523e-01  6.98952568e-01 -1.51815310e-05 -3.81956402e-13  1.01953754e-12 
 1.00000000e-07  6.98846230e-01  6.98987611e-01  6.98952658e-01 -1.51815308e-05 -3.87112000e-13  1.01878776e-12 
 1.00017698e-07  6.98860357e-01  6.99016302e-01  6.98952860e-01 -1.20673939e-05  3.81668107e-09  5.08179723e-09 
 1.00053093e-07  6.98870745e-01  6.99062682e-01  6.98953586e-01 -1.02941143e-05  1.08742208e-08  1.51366436e-08 
 1.00114903e-07  6.98875323e-01  6.99117601e-01  6.98956068e-01 -8.91724041e-06  2.06310890e-08  3.19844707e-08 
 1.00178779e-07  6.98885631e-01  6.99155281e-01  6.98959737e-01 -7.74207804e-06  2.83959456e-08  4.86686784e-08 
 1.00300336e-07  6.98898959e-01  6.99185736e-01  6.98968083e-01 -7.05226123e-06  3.98575569e-08  7.89125459e-08 
 1.00490103e-07  6.98924063e-01  6.99184313e-01  6.98981392e-01 -6.52433142e-06  5.36981729e-08  1.22965379e-07 
 1.00807884e-07  6.98962019e-01  6.99139977e-01  6.98998818e-01 -6.63186179e-06  7.30451124e-08  1.89771040e-07 
 1.01246188e-07  6.99018019e-01  6.99060445e-01  6.99009528e-01 -6.60149613e-06  9.57741540e-08  2.69886052e-07 
 1.01502105e-07  6.99051429e-01  6.99008949e-01  6.99008575e-01 -7.21062679e-06  1.05322976e-07  3.11170332e-07 
 1.01693434e-07  6.99085100e-01  6.98967587e-01  6.99004502e-01 -8.31299000e-06  1.05207538e-07  3.39637087e-07 
 1.01838177e-07  6.99118360e-01  6.98932721e-01  6.98999478e-01 -1.06496484e-05  9.37913761e-08  3.59754956e-07 
 1.01965900e-07  6.99161146e-01  6.98898463e-01  6.98993558e-01 -1.40807161e-05  6.70950527e-08  3.76518442e-07 
 1.02090698e-07  6.99215464e-01  6.98859910e-01  6.98986285e-01 -1.95346843e-05  1.58790611e-08  3.92684791e-07 
 1.02217335e-07  6.99287156e-01  6.98814660e-01  6.98977197e-01 -2.69394542e-05 -7.34645665e-08  4.11286324e-07 
 1.02343371e-07  6.99370834e-01  6.98761955e-01  6.98966190e-01 -3.59316583e-05 -2.13373173e-07  4.38337509e-07 
 1.02462938e-07  6.99458801e-01  6.98703201e-01  6.98953646e-01 -4.44216878e-05 -4.07688205e-07  4.83967253e-07 
 1.02570071e-07  6.99538042e-01  6.98640701e-01  6.98940361e-01 -5.04930518e-05 -6.47570237e-07  5.58536654e-07 
 1.02667847e-07  6.99606908e-01  6.98572443e-01  6.98926217e-01 -5.29788145e-05 -9.35831003e-07  6.75242389e-07 
 1.02780050e-07  6.99675637e-01  6.98480151e-01  6.98907128e-01 -5.29802638e-05 -1.36318792e-06  9.02581725e-07 
 1.02888479e-07  6.99729071e-01  6.98382464e-01  6.98885445e-01 -5.27416175e-05 -1.87600164e-06  1.26137950e-06 
 1.03047247e-07  6.99779338e-01  6.98243201e-01  6.98848049e-01 -5.34080694e-05 -2.78378283e-06  2.14857410e-06 
 1.03178632e-07  6.99794182e-01  6.98140051e-01  6.98812645e-01 -5.43067474e-05 -3.65460330e-06  3.29428706e-06 
 1.03291966e-07  6.99784888e-01  6.98064251e-01  6.98779601e-01 -5.52793643e-05 -4.47229479e-06  4.64174849e-06 
 1.03375116e-07  6.99760134e-01  6.98018619e-01  6.98754308e-01 -5.56624308e-05 -5.09847993e-06  5.86199827e-06 
 1.03420117e-07  6.99734442e-01  6.97998710e-01  6.98740382e-01 -5.56739827e-05 -5.44097290e-06  6.60787853e-06 
 1.03454283e-07  6.99703084e-01  6.97986978e-01  6.98729761e-01 -5.53255104e-05 -5.69853552e-06  7.21566013e-06 
 1.03480901e-07  6.99664838e-01  6.97980950e-01  6.98721493e-01 -5.47571913e-05 -5.89430680e-06  7.71516573e-06 
 1.03505338e-07  6.99611797e-01  6.97979091e-01  6.98713940e-01 -5.37904678e-05 -6.06620238e-06  8.19532437e-06 
 1.03531016e-07  6.99532023e-01  6.97983118e-01  6.98706095e-01 -5.22201258e-05 -6.23314644e-06  8.72449368e-06 
 1.03564219e-07  6.99397560e-01  6.98001317e-01  6.98696215e-01 -4.93919950e-05 -6.41915803e-06  9.45109798e-06 
 1.03594686e-07  6.99258378e-01  6.98032889e-01  6.98687566e-01 -4.62574722e-05 -6.55488069e-06  1.01641520e-05 
 1.03637011e-07  6.99065670e-01  6.98097856e-01  6.98676534e-01 -4.14775422e-05 -6.68566617e-06  1.12335246e-05 
 1.03677065e-07  6.98901521e-01  6.98175345e-01  6.98667397e-01 -3.69142676e-05 -6.75221501e-06  1.23300209e-05 
 1.03712152e-07  6.98779135e-01  6.98249381e-01  6.98660568e-01 -3.30837781e-05 -6.77167985e-06  1.33550320e-05 
 1.03749216e-07  6.98672101e-01  6.98327752e-01  6.98654580e-01 -2.93788179e-05 -6.76086929e-06  1.44980948e-05 
 1.03791517e-07  6.98574987e-01  6.98412011e-01  6.98649217e-01 -2.56562131e-05 -6.71863741e-06  1.58717518e-05 
 1.03833113e-07  6.98500740e-01  6.98485926e-01  6.98645336e-01 -2.25554534e-05 -6.65454528e-06  1.72880280e-05 
 1.03879955e-07  6.98435858e-01  6.98556397e-01  6.98642383e-01 -1.96953192e-05 -6.56452729e-06  1.89538983e-05 
 1.03929124e-07  6.98382555e-01  6.98615653e-01  6.98640605e-01 -1.73284438e-05 -6.45714298e-06  2.07773909e-05 
 1.03986506e-07  6.98332483e-01  6.98667549e-01  6.98639835e-01 -1.52504939e-05 -6.32257684e-06  2.29960543e-05 
 1.04049902e-07  6.98285650e-01  6.98706962e-01  6.98640147e-01 -1.36194009e-05 -6.16854919e-06  2.55545502e-05 
 1.04127137e-07  6.98233687e-01  6.98735907e-01  6.98641558e-01 -1.22865814e-05 -5.97929041e-06  2.88159318e-05 
 1.04217983e-07  6.98172662e-01  6.98751616e-01  6.98643959e-01 -1.13408871e-05 -5.75917652e-06  3.28451430e-05 
 1.04336357e-07  6.98084227e-01  6.98754470e-01  6.98647388e-01 -1.06846398e-05 -5.48048663e-06  3.83899318e-05 
 1.04489652e-07  6.97939907e-01  6.98742992e-01  6.98651339e-01 -1.03122267e-05 -5.13574104e-06  4.60261407e-05 
 1.04715724e-07  6.97629247e-01  6.98713272e-01  6.98654961e-01 -1.01371023e-05 -4.66105297e-06  5.80947427e-05 
 1.05000000e-07  6.97006669e-01  6.98667632e-01  6.98655021e-01 -1.00949623e-05 -4.11826594e-06  7.42926735e-05 
 1.05004880e-07  6.96985254e-01  6.98657263e-01  6.98654957e-01 -1.21657789e-05 -4.11049284e-06  7.45768715e-05 
 1.05014640e-07  6.96949952e-01  6.98638718e-01  6.98654794e-01 -1.29693582e-05 -4.09490045e-06  7.51439172e-05 
 1.05034160e-07  6.96898382e-01  6.98609472e-01  6.98654284e-01 -1.31401354e-05 -4.06341607e-06  7.62691359e-05 
 1.05066873e-07  6.96813553e-01  6.98568705e-01  6.98652982e-01 -1.37500366e-05 -4.01024890e-06  7.81277088e-05 
 1.05099315e-07  6.96728116e-01  6.98534182e-01  6.98651223e-01 -1.40401714e-05 -3.95745163e-06  7.99374779e-05 
 1.05164198e-07  6.96553656e-01  6.98481989e-01  6.98646660e-01 -1.46270168e-05 -3.85276368e-06  8.34589201e-05 
 1.05286192e-07  6.96204469e-01  6.98424840e-01  6.98635791e-01 -1.50967477e-05 -3.66184064e-06  8.97376720e-05 
 1.05432088e-07  6.95749240e-01  6.98395749e-01  6.98621024e-01 -1.53770939e-05 -3.44545818e-06  9.66882196e-05 
 1.05679821e-07  6.94881808e-01  6.98378536e-01  6.98595644e-01 -1.54437690e-05 -3.10761535e-06  1.07218322e-04 
 1.06049983e-07  6.93378325e-01  6.98372537e-01  6.98560485e-01 -1.55025244e-05 -2.66538760e-06  1.20323911e-04 
 1.06706134e-07  6.90156556e-01  6.98371237e-01  6.98508624e-01 -1.54804536e-05 -2.03406328e-06  1.37343564e-04 
 1.07327758e-07  6.86515254e-01  6.98375041e-01  6.98470937e-01 -1.55394807e-05 -1.58131680e-06  1.47759049e-04 
 1.08101650e-07  6.81297147e-01  6.98380840e-01  6.98436646e-01 -1.55300282e-05 -1.16222518e-06  1.55390608e-04 
 1.08843578e-07  6.75683559e-01  6.98381909e-01  6.98413338e-01 -1.55956403e-05 -8.72327923e-07  1.58851793e-04 
 1.09789282e-07  6.67815645e-01  6.98366369e-01  6.98389760e-01 -1.55983564e-05 -6.12360022e-07  1.59859501e-04 
 1.10761494e-07  6.59049410e-01  6.98318874e-01  6.98363044e-01 -1.56743102e-05 -4.33944673e-07  1.58456613e-04 
 1.12010352e-07  6.47023878e-01  6.98187208e-01  6.98305119e-01 -1.56919399e-05 -2.87991487e-07  1.54799526e-04 
 1.13374525e-07  6.33179996e-01  6.97920146e-01  6.98182358e-01 -1.57822739e-05 -1.94517069e-07  1.49740269e-04 
 1.15193606e-07  6.14031386e-01  6.97289917e-01  6.97855718e-01 -1.58195375e-05 -1.27433239e-07  1.42614738e-04 
 1.17390383e-07  5.90476611e-01  6.95981767e-01  6.97089707e-01 -1.59318075e-05 -9.02248661e-08  1.34318050e-04 
 1.20413718e-07  5.58332637e-01  6.92901711e-01  6.95067875e-01 -1.59920651e-05 -7.07076908e-08  1.23937863e-04 
 1.23456317e-07  5.27160518e-01  6.87981778e-01  6.91541420e-01 -1.61020367e-05 -6.52086888e-08  1.14582722e-04 
 1.26850282e-07  4.94483714e-01  6.80063943e-01  6.85433564e-01 -1.61350628e-05 -6.43579868e-08  1.05081734e-04 
 1.30442358e-07  4.62658259e-01  6.68906172e-01  6.76250649e-01 -1.62171260e-05 -6.54810530e-08  9.57924176e-05 
 1.34479697e-07  4.30363671e-01  6.53439726e-01  6.62749124e-01 -1.62170460e-05 -6.69650591e-08  8.60835830e-05 
 1.38808941e-07  3.99667076e-01  6.34448902e-01  6.45265995e-01 -1.62609600e-05 -6.73848657e-08  7.64352109e-05 
 1.43703660e-07  3.69467589e-01  6.11622543e-01  6.23240882e-01 -1.62167463e-05 -6.56749005e-08  6.64494053e-05 
 1.49556461e-07  3.38921073e-01  5.84714634e-01  5.96165555e-01 -1.62079508e-05 -6.07746908e-08  5.57939299e-05 
 1.55492536e-07  3.13292595e-01  5.59699235e-01  5.70124539e-01 -1.61129092e-05 -5.37311617e-08  4.64002141e-05 
 1.61514158e-07  2.91936991e-01  5.37702299e-01  5.46684436e-01 -1.60680374e-05 -4.58148710e-08  3.82551793e-05 
 1.67536852e-07  2.74480451e-01  5.19276481e-01  5.26771913e-01 -1.59530511e-05 -3.82067219e-08  3.13857234e-05 
 1.74259626e-07  2.58775724e-01  5.02475884e-01  5.08510467e-01 -1.58917748e-05 -3.07803165e-08  2.50451384e-05 
 1.80788905e-07  2.46641990e-01  4.89244135e-01  4.94153622e-01 -1.57736341e-05 -2.49123544e-08  2.00427845e-05 
 1.88376786e-07  2.35593367e-01  4.76641209e-01  4.80608488e-01 -1.57139991e-05 -1.96822486e-08  1.54109785e-05 
 1.96662736e-07  2.26454321e-01  4.65153014e-01  4.68465649e-01 -1.55960998e-05 -1.56427718e-08  1.15245610e-05 
 2.05917564e-07  2.18959931e-01  4.53922840e-01  4.56843113e-01 -1.55486599e-05 -1.26813688e-08  8.30024968e-06 
 2.13126959e-07  2.14630956e-01  4.45760024e-01  4.48547686e-01 -1.54677507e-05 -1.12281862e-08  6.42268103e-06 
 2.20474809e-07  2.11229352e-01  4.37594240e-01  4.40344300e-01 -1.54584703e-05 -1.02585887e-08  4.93962313e-06 
 2.29338895e-07  2.08149378e-01  4.27685787e-01  4.30464899e-01 -1.53890191e-05 -9.56701737e-09  3.59122826e-06 
 2.41197798e-07  2.05287898e-01  4.14121278e-01  4.16983766e-01 -1.53837544e-05 -9.07090782e-09  2.33325086e-06 
 2.55547172e-07  2.03116388e-01  3.97280382e-01  4.00218756e-01 -1.53234566e-05 -8.73688933e-09  1.37569912e-06 
 2.71343522e-07  2.01731805e-01  3.78662115e-01  3.81583307e-01 -1.53336465e-05 -8.32213924e-09  7.63642821e-07 
 2.89842465e-07  2.00857844e-01  3.57717904e-01  3.60467036e-01 -1.52846424e-05 -7.60577150e-09  3.77255639e-07 
 3.11681461e-07  2.00362765e-01  3.35522486e-01  3.37904165e-01 -1.52992555e-05 -6.43729601e-09  1.58334525e-07 
 3.31566536e-07  2.00160980e-01  3.18543535e-01  3.20504094e-01 -1.52574339e-05 -5.24192815e-09  6.95679038e-08 
 3.49807144e-07  2.00072944e-01  3.05922585e-01  3.07496253e-01 -1.52831634e-05 -4.18330274e-09  3.08417258e-08 
 3.69523062e-07  2.00027123e-01  2.95035555e-01  2.96276940e-01 -1.52505594e-05 -3.29973270e-09  1.09601346e-08 
 3.92317670e-07  2.00005529e-01  2.84801927e-01  2.85824238e-01 -1.52825907e-05 -2.71035895e-09  1.45030886e-09 
 4.15158219e-07  1.99997605e-01  2.75808426e-01  2.76745421e-01 -1.52535836e-05 -2.49652834e-09 -1.88750668e-09 
 4.38500473e-07  1.99995024e-01  2.67231505e-01  2.68115772e-01 -1.52864849e-05 -2.36773127e-09 -3.08573294e-09 
 4.69037948e-07  1.99993293e-01  2.57062896e-01  2.57835547e-01 -1.52572081e-05 -2.09336218e-09 -3.62526851e-09 
 5.00444470e-07  1.99993517e-01  2.48218788e-01  2.48851143e-01 -1.52884795e-05 -1.71596866e-09 -3.49832510e-09 
 5.46470669e-07  1.99994473e-01  2.37921697e-01  2.38400294e-01 -1.52569845e-05 -1.30864349e-09 -2.82850137e-09 
 5.94424977e-07  1.99996050e-01  2.29597368e-01  2.29973934e-01 -1.52872676e-05 -1.03242284e-09 -2.14384254e-09 
 6.43698934e-07  1.99996612e-01  2.22900777e-01  2.23189947e-01 -1.52560164e-05 -8.06924874e-10 -1.70931050e-09 
 7.03867394e-07  1.99997727e-01  2.16788822e-01  2.16992639e-01 -1.52862801e-05 -5.71860848e-10 -1.24537892e-09 
 7.69250021e-07  1.99998191e-01  2.12039737e-01  2.12182320e-01 -1.52548778e-05 -4.13518121e-10 -8.81067389e-10 
 8.43023038e-07  1.99998983e-01  2.08302829e-01  2.08395847e-01 -1.52853198e-05 -2.75158392e-10 -5.91546829e-10 
 9.22922471e-07  1.99999114e-01  2.05618296e-01  2.05674851e-01 -1.52541334e-05 -1.82481421e-10 -3.97046516e-10 
 1.01714150e-06  1.99999693e-01  2.03618786e-01  2.03649259e-01 -1.52846938e-05 -1.06720013e-10 -2.22647621e-10 
 1.11714150e-06  1.99999602e-01  2.02353721e-01  2.02367057e-01 -1.52537139e-05 -6.62846245e-11 -1.43032012e-10 
 1.21714150e-06  1.99999992e-01  2.01621872e-01  2.01625418e-01 -1.52844170e-05 -3.41088607e-11 -6.66699893e-11 
 1.31714150e-06  1.99999782e-01  2.01193829e-01  2.01191822e-01 -1.52535549e-05 -2.49413344e-11 -5.01514511e-11 
 1.41714150e-06  2.00000092e-01  2.00946034e-01  2.00940500e-01 -1.52843202e-05 -9.64662942e-12 -1.43160016e-11 
 1.51714150e-06  1.99999843e-01  2.00802006e-01  2.00794741e-01 -1.52535030e-05 -1.07389271e-11 -1.85793066e-11 
 1.61714150e-06  2.00000126e-01  2.00717871e-01  2.00709331e-01 -1.52842835e-05 -1.56146385e-12  3.60939387e-12 
 1.71714150e-06  1.99999863e-01  2.00669410e-01  2.00660331e-01 -1.52534899e-05 -5.83727511e-12 -8.23569435e-12 
 1.81714150e-06  2.00000138e-01  2.00640999e-01  2.00631457e-01 -1.52842665e-05  1.13913761e-12  9.93647672e-12 
 1.91714150e-06  1.99999870e-01  2.00624519e-01  2.00614830e-01 -1.52534899e-05 -4.19493390e-12 -4.90517902e-12 
 2.01714150e-06  2.00000143e-01  2.00615064e-01  2.00605175e-01 -1.52842567e-05  2.08061476e-12  1.21405754e-11 
 2.11714150e-06  1.99999872e-01  2.00609374e-01  2.00599487e-01 -1.52534937e-05 -3.66712498e-12 -3.78814943e-12 
 2.21714150e-06  2.00000144e-01  2.00606274e-01  2.00596262e-01 -1.52842496e-05  2.41549987e-12  1.28705026e-11 
 2.31714150e-06  1.99999873e-01  2.00604286e-01  2.00594335e-01 -1.52534988e-05 -3.49577463e-12 -3.39792354e-12 
 2.41714150e-06  2.00000144e-01  2.00603289e-01  2.00593236e-01 -1.52842435e-05  2.52899286e-12  1.31154151e-11 
 2.51714150e-06  1.99999873e-01  2.00602573e-01  2.00592598e-01 -1.52535043e-05 -3.43562049e-12 -3.27587588e-12 
 2.61714150e-06  2.00000145e-01  2.00602282e-01  2.00592216e-01 -1.52842375e-05  2.56504974e-12  1.32147932e-11 
 2.71714150e-06  1.99999873e-01  2.00601990e-01  2.00592007e-01 -1.52535100e-05 -3.41424718e-12 -3.25327048e-12 
 2.81714150e-06  2.00000145e-01  2.00601946e-01  2.00591877e-01 -1.52842317e-05  2.57749724e-12  1.32656803e-11 
 2.91714150e-06  1.99999873e-01  2.00601790e-01  2.00591805e-01 -1.52535157e-05 -3.40818671e-12 -3.26028267e-12 
 3.01714150e-06  2.00000145e-01  2.00601834e-01  2.00591762e-01 -1.52842259e-05  2.58321337e-12  1.32946948e-11 
 3.11714150e-06  1.99999873e-01  2.00601723e-01  2.00591737e-01 -1.52535215e-05 -3.40761078e-12 -3.27238096e-12 
 3.21714150e-06  2.00000145e-01  2.00601795e-01  2.00591723e-01 -1.52842201e-05  2.58637621e-12  1.33128539e-11 
 3.31714150e-06  1.99999873e-01  2.00601701e-01  2.00591714e-01 -1.52535273e-05 -3.40837883e-12 -3.28408795e-12 
 3.41714150e-06  2.00000145e-01  2.00601782e-01  2.00591710e-01 -1.52842143e-05  2.58819593e-12  1.33261839e-11 
 3.51714150e-06  1.99999873e-01  2.00601694e-01  2.00591707e-01 -1.52535331e-05 -3.40925682e-12 -3.29490921e-12 
 3.61714150e-06  2.00000145e-01  2.00601777e-01  2.00591705e-01 -1.52842085e-05  2.58935690e-12  1.33371747e-11 
 3.71714150e-06  1.99999873e-01  2.00601692e-01  2.00591705e-01 -1.52535389e-05 -3.41006411e-12 -3.30462247e-12 
 3.81714150e-06  2.00000145e-01  2.00601776e-01  2.00591703e-01 -1.52842027e-05  2.59023619e-12  1.33464983e-11 
 3.91714150e-06  1.99999873e-01  2.00601691e-01  2.00591704e-01 -1.52535447e-05 -3.41079660e-12 -3.31310446e-12 
 4.01714150e-06  2.00000144e-01  2.00601775e-01  2.00591703e-01 -1.52841968e-05  2.59096282e-12  1.33543803e-11 
 4.11714150e-06  1.99999873e-01  2.00601691e-01  2.00591703e-01 -1.52535505e-05 -3.41143932e-12 -3.32025238e-12 
 4.21714150e-06  2.00000144e-01  2.00601775e-01  2.00591703e-01 -1.52841910e-05  2.59156694e-12  1.33610069e-11 
 4.31714150e-06  1.99999873e-01  2.00601690e-01  2.00591703e-01 -1.52535564e-05 -3.41198033e-12 -3.32628738e-12 
 4.41714150e-06  2.00000144e-01  2.00601775e-01  2.00591703e-01 -1.52841852e-05  2.59206502e-12  1.33665088e-11 
 4.51714150e-06  1.99999873e-01  2.00601691e-01  2.00591703e-01 -1.52535622e-05 -3.41243180e-12 -3.33133656e-12 
 4.61714150e-06  2.00000144e-01  2.00601775e-01  2.00591703e-01 -1.52841794e-05  2.59247593e-12  1.33711541e-11 
 4.71714150e-06  1.99999873e-01  2.00601691e-01  2.00591703e-01 -1.52535680e-05 -3.41280606e-12 -3.33555758e-12 
 4.81714150e-06  2.00000144e-01  2.00601774e-01  2.00591703e-01 -1.52841736e-05  2.59282071e-12  1.33749147e-11 
 4.91714150e-06  1.99999873e-01  2.00601691e-01  2.00591703e-01 -1.52535738e-05 -3.41312005e-12 -3.33898165e-12 
 5.01714150e-06  2.00000144e-01  2.00601774e-01  2.00591703e-01 -1.52841678e-05  2.59310954e-12  1.33780312e-11 
 5.11714150e-06  1.99999873e-01  2.00601691e-01  2.00591703e-01 -1.52535796e-05 -3.41338654e-12 -3.34172040e-12 
 5.21714150e-06  2.00000144e-01  2.00601774e-01  2.00591703e-01 -1.52841620e-05  2.59335522e-12  1.33804560e-11 
 5.31714150e-06  1.99999874e-01  2.00601691e-01  2.00591703e-01 -1.52535854e-05 -3.41361509e-12 -3.34394811e-12 
 5.41714150e-06  2.00000144e-01  2.00601774e-01  2.00591703e-01 -1.52841562e-05  2.59356729e-12  1.33823221e-11 
 5.51714150e-06  1.99999874e-01  2.00601691e-01  2.00591703e-01 -1.52535912e-05 -3.41380982e-12 -3.34554482e-12 
 5.61714150e-06  2.00000144e-01  2.00601774e-01  2.00591703e-01 -1.52841504e-05  2.59374878e-12  1.33837198e-11 
 5.71714150e-06  1.99999874e-01  2.00601691e-01  2.00591703e-01 -1.52535970e-05 -3.41397960e-12 -3.34673348e-12 
 5.81714150e-06  2.00000144e-01  2.00601774e-01  2.00591703e-01 -1.52841446e-05  2.59390729e-12  1.33846703e-11 
 5.91714150e-06  1.99999874e-01  2.00601691e-01  2.00591703e-01 -1.52536028e-05 -3.41412944e-12 -3.34744613e-12 
 6.01714150e-06  2.00000144e-01  2.00601774e-01  2.00591703e-01 -1.52841388e-05  2.59404824e-12  1.33852130e-11 
 6.11714150e-06  1.99999874e-01  2.00601691e-01  2.00591703e-01 -1.52536086e-05 -3.41426193e-12 -3.34786289e-12 
 6.21714150e-06  2.00000144e-01  2.00601774e-01  2.00591703e-01 -1.52841330e-05  2.59417401e-12  1.33853767e-11 
 6.31714150e-06  1.99999874e-01  2.00601691e-01  2.00591703e-01 -1.52536144e-05 -3.41437967e-12 -3.34789065e-12 
 6.41714150e-06  2.00000144e-01  2.00601774e-01  2.00591703e-01 -1.52841272e-05  2.59428525e-12  1.33852555e-11 
 6.51714150e-06  1.99999874e-01  2.00601691e-01  2.00591703e-01 -1.52536201e-05 -3.41448766e-12 -3.34763077e-12 
 6.61714150e-06  2.00000144e-01  2.00601774e-01  2.00591703e-01 -1.52841214e-05  2.59438716e-12  1.33848691e-11 
 6.71714150e-06  1.99999874e-01  2.00601691e-01  2.00591703e-01 -1.52536259e-05 -3.41458611e-12 -3.34712157e-12 
 6.81714150e-06  2.00000144e-01  2.00601774e-01  2.00591703e-01 -1.52841157e-05  2.59448105e-12  1.33842177e-11 
 6.91714150e-06  1.99999874e-01  2.00601692e-01  2.00591703e-01 -1.52536317e-05 -3.41467523e-12 -3.34637960e-12 
 7.01714150e-06  2.00000144e-01  2.00601774e-01  2.00591703e-01 -1.52841099e-05  2.59456779e-12  1.33833768e-11 
 7.11714150e-06  1.99999874e-01  2.00601692e-01  2.00591703e-01 -1.52536375e-05 -3.41475828e-12 -3.34539026e-12 
 7.21714150e-06  2.00000144e-01  2.00601773e-01  2.00591703e-01 -1.52841041e-05  2.59464824e-12  1.33823399e-11 
 7.31714150e-06  1.99999874e-01  2.00601692e-01  2.00591703e-01 -1.52536433e-05 -3.41483916e-12 -3.34429159e-12 
 7.41714150e-06  2.00000144e-01  2.00601773e-01  2.00591703e-01 -1.52840983e-05  2.59472500e-12  1.33810932e-11 
 7.51714150e-06  1.99999874e-01  2.00601692e-01  2.00591703e-01 -1.52536491e-05 -3.41491288e-12 -3.34300182e-12 
 7.61714150e-06  2.00000144e-01  2.00601773e-01  2.00591703e-01 -1.52840925e-05  2.59479851e-12  1.33797225e-11 
 7.71714150e-06  1.99999874e-01  2.00601692e-01  2.00591703e-01 -1.52536549e-05 -3.41498401e-12 -3.34155896e-12 
 7.81714150e-06  2.00000144e-01  2.00601773e-01  2.00591703e-01 -1.52840867e-05  2.59486746e-12  1.33782681e-11 
 7.90857075e-06  1.99999874e-01  2.00601692e-01  2.00591703e-01 -1.52536609e-05 -3.41505708e-12 -3.33726688e-12 
 8.00000000e-06  2.00000144e-01  2.00601773e-01  2.00591703e-01 -1.52840804e-05  2.59495572e-12  1.33768943e-11 
 8.00008854e-06  1.99963528e-01  2.00511230e-01  2.00588607e-01 -1.88703008e-05 -1.23291542e-08 -2.98483572e-08 
 8.00026561e-06  1.99928338e-01  2.00408068e-01  2.00579099e-01 -2.03634175e-05 -3.03272035e-08 -8.77788802e-08 
 8.00045284e-06  1.99902475e-01  2.00396970e-01  2.00565629e-01 -2.06721321e-05 -4.26077291e-08 -1.44947614e-07 
 8.00066450e-06  1.99867849e-01  2.00419173e-01  2.00552016e-01 -2.10220033e-05 -5.58716560e-08 -2.05657810e-07 
 8.00088683e-06  1.99835169e-01  2.00453404e-01  2.00541309e-01 -2.14706870e-05 -6.77891066e-08 -2.65033297e-07 
 8.00123418e-06  1.99787279e-01  2.00514409e-01  2.00532549e-01 -2.43902019e-05 -7.90136777e-08 -3.48316999e-07 
 8.00145045e-06  1.99768751e-01  2.00559851e-01  2.00532097e-01 -2.92541978e-05 -7.57865157e-08 -3.93596514e-07 
 8.00162647e-06  1.99761842e-01  2.00601323e-01  2.00534713e-01 -3.63413879e-05 -6.09050038e-08 -4.25819558e-07 
 8.00180301e-06  1.99767549e-01  2.00649729e-01  2.00540223e-01 -4.65686856e-05 -2.90958375e-08 -4.53306826e-07 
 8.00196437e-06  1.99779865e-01  2.00699006e-01  2.00547984e-01 -5.89125192e-05  2.10375773e-08 -4.73544590e-07 
 8.00209959e-06  1.99795794e-01  2.00746225e-01  2.00556653e-01 -7.11582912e-05  8.52217790e-08 -4.86409917e-07 
 8.00221075e-06  1.99808026e-01  2.00789300e-01  2.00565399e-01 -8.24658633e-05  1.59669726e-07 -4.93655365e-07 
 8.00230439e-06  1.99816668e-01  2.00830417e-01  2.00574018e-01 -9.25449627e-05  2.43897115e-07 -4.96970479e-07 
 8.00238598e-06  1.99818625e-01  2.00870616e-01  2.00582576e-01 -1.01663215e-04  3.39601426e-07 -4.97245700e-07 
 8.00245965e-06  1.99814237e-01  2.00912071e-01  2.00591251e-01 -1.09872211e-04  4.50342383e-07 -4.94899100e-07 
 8.00253044e-06  1.99801271e-01  2.00957749e-01  2.00600566e-01 -1.17631372e-04  5.85552886e-07 -4.89701761e-07 
 8.00261492e-06  1.99778107e-01  2.01021241e-01  2.00613157e-01 -1.26486318e-04  7.92554640e-07 -4.79007013e-07 
 8.00269335e-06  1.99756299e-01  2.01087718e-01  2.00626479e-01 -1.34434491e-04  1.03208454e-06 -4.64419682e-07 
 8.00281875e-06  1.99732155e-01  2.01199352e-01  2.00651288e-01 -1.46706292e-04  1.50243302e-06 -4.32535848e-07 
 8.00292661e-06  1.99722700e-01  2.01292992e-01  2.00675988e-01 -1.56883654e-04  1.98163432e-06 -3.97740152e-07 
 8.00305710e-06  1.99724134e-01  2.01395910e-01  2.00709482e-01 -1.68532818e-04  2.63345154e-06 -3.48435474e-07 
 8.00317695e-06  1.99734815e-01  2.01477709e-01  2.00743063e-01 -1.78199052e-04  3.28521687e-06 -2.97729149e-07 
 8.00329993e-06  1.99752989e-01  2.01547247e-01  2.00779522e-01 -1.86335405e-04  3.98871034e-06 -2.42033389e-07 
 8.00341090e-06  1.99773251e-01  2.01595064e-01  2.00813463e-01 -1.90676497e-04  4.63624243e-06 -1.90228485e-07 
 8.00348689e-06  1.99787926e-01  2.01616035e-01  2.00836879e-01 -1.89301139e-04  5.07275470e-06 -1.55213817e-07 
 8.00354029e-06  1.99797263e-01  2.01620647e-01  2.00853181e-01 -1.83170444e-04  5.36407616e-06 -1.31943368e-07 
 8.00358990e-06  1.99804396e-01  2.01612452e-01  2.00867983e-01 -1.72612823e-04  5.61110319e-06 -1.12432582e-07 
 8.00364903e-06  1.99810408e-01  2.01583094e-01  2.00884808e-01 -1.55381850e-04  5.86232718e-06 -9.30248084e-08 
 8.00371338e-06  1.99813990e-01  2.01528176e-01  2.00901600e-01 -1.33578174e-04  6.07254563e-06 -7.74945920e-08 
 8.00379372e-06  1.99814527e-01  2.01435621e-01  2.00919636e-01 -1.06091410e-04  6.23882472e-06 -6.65228437e-08 
 8.00390979e-06  1.99809407e-01  2.01285218e-01  2.00939181e-01 -7.26226317e-05  6.31120890e-06 -6.51367397e-08 
 8.00399234e-06  1.99802833e-01  2.01184083e-01  2.00948453e-01 -5.57223261e-05  6.26565057e-06 -7.23660007e-08 
 8.00406862e-06  1.99795467e-01  2.01105569e-01  2.00954052e-01 -4.47273880e-05  6.17500276e-06 -8.30318178e-08 
 8.00415617e-06  1.99786044e-01  2.01035917e-01  2.00957722e-01 -3.62946173e-05  6.03363326e-06 -9.82319621e-08 
 8.00424313e-06  1.99776069e-01  2.00987093e-01  2.00959217e-01 -3.11373866e-05  5.86912605e-06 -1.15148070e-07 
 8.00434446e-06  1.99764018e-01  2.00951396e-01  2.00959217e-01 -2.76483074e-05  5.66252346e-06 -1.35861674e-07 
 8.00445207e-06  1.99750951e-01  2.00932106e-01  2.00958057e-01 -2.57386774e-05  5.43705698e-06 -1.58107730e-07 
 8.00458396e-06  1.99734789e-01  2.00925669e-01  2.00956042e-01 -2.46583955e-05  5.16296280e-06 -1.84873184e-07 
 8.00473552e-06  1.99716136e-01  2.00932041e-01  2.00953851e-01 -2.42076648e-05  4.85857952e-06 -2.14388990e-07 
 8.00486776e-06  1.99699869e-01  2.00944204e-01  2.00952522e-01 -2.40792462e-05  4.60511908e-06 -2.38860425e-07 
 8.00500000e-06  1.99683611e-01  2.00959478e-01  2.00951969e-01 -2.40388271e-05  4.36370481e-06 -2.62105309e-07 
 8.00500149e-06  1.99686735e-01  2.00962868e-01  2.00951970e-01 -2.23724046e-05  4.36137601e-06 -2.61944114e-07 
 8.00500447e-06  1.99691950e-01  2.00969362e-01  2.00951975e-01 -2.16489831e-05  4.35674094e-06 -2.61603522e-07 
 8.00501044e-06  1.99697206e-01  2.00981073e-01  2.00952006e-01 -2.09492079e-05  4.34753115e-06 -2.60871660e-07 
 8.00501934e-06  1.99699062e-01  2.00995850e-01  2.00952100e-01 -2.05939873e-05  4.33373937e-06 -2.59796051e-07 
 8.00503327e-06  1.99699538e-01  2.01015685e-01  2.00952342e-01 -1.99283795e-05  4.31207159e-06 -2.58177308e-07 
 8.00506111e-06  1.99699730e-01  2.01050628e-01  2.00953126e-01 -1.89924868e-05  4.26853594e-06 -2.55051386e-07 
 8.00511679e-06  1.99700027e-01  2.01106884e-01  2.00955672e-01 -1.75227723e-05  4.18117170e-06 -2.49149429e-07 
 8.00522815e-06  1.99700239e-01  2.01177132e-01  2.00963354e-01 -1.61200856e-05  4.00795833e-06 -2.38285218e-07 
 8.00545088e-06  1.99700736e-01  2.01229308e-01  2.00982955e-01 -1.52796464e-05  3.67670367e-06 -2.18740085e-07 
 8.00569255e-06  1.99701192e-01  2.01238681e-01  2.01005177e-01 -1.53062942e-05  3.34563489e-06 -1.99627607e-07 
 8.00609562e-06  1.99702003e-01  2.01240626e-01  2.01038662e-01 -1.52506779e-05  2.85750450e-06 -1.71346652e-07 
 8.00669447e-06  1.99702996e-01  2.01234491e-01  2.01079059e-01 -1.53015756e-05  2.25920424e-06 -1.36444416e-07 
 8.00789217e-06  1.99704753e-01  2.01200004e-01  2.01128582e-01 -1.52485072e-05  1.40280474e-06 -8.59307617e-08 
 8.01028757e-06  1.99707058e-01  2.01061548e-01  2.01123489e-01 -1.52974725e-05  5.08676791e-07 -3.21452427e-08 
 8.01507838e-06  1.99709048e-01  2.00638253e-01  2.00845911e-01 -1.52418227e-05  1.66301485e-08 -1.53758961e-09 
 8.02054716e-06  1.99708883e-01  2.00104112e-01  2.00339446e-01 -1.52896442e-05 -1.12657327e-09 -2.72783709e-10 
 8.02721349e-06  1.99707693e-01  1.99583770e-01  1.99761736e-01 -1.52355957e-05 -4.64824873e-10 -4.18172490e-10 
 8.03385961e-06  1.99706319e-01  1.99277678e-01  1.99372548e-01 -1.52855719e-05 -3.44361143e-10 -3.06064604e-10 
 8.04303995e-06  1.99705042e-01  1.99169629e-01  1.99166859e-01 -1.52328043e-05 -5.76248457e-11 -1.09836450e-10 
 8.05497764e-06  1.99704308e-01  1.99380187e-01  1.99305123e-01 -1.52824162e-05  1.63383157e-10  7.63955234e-11 
 8.07257179e-06  1.99704654e-01  1.99915064e-01  1.99822999e-01 -1.52287627e-05  2.33285951e-10  1.60869188e-10 
 8.09174264e-06  1.99705522e-01  2.00356690e-01  2.00303443e-01 -1.52788374e-05  1.31912863e-10  1.06829818e-10 
 8.11604950e-06  1.99706279e-01  2.00506717e-01  2.00499578e-01 -1.52275444e-05 -3.39082733e-12  9.03533802e-12 
 8.14159846e-06  1.99706294e-01  2.00401865e-01  2.00407064e-01 -1.52795720e-05 -4.29302312e-11 -2.78746404e-11 
 8.17079923e-06  1.99706108e-01  2.00294747e-01  2.00289623e-01 -1.52285802e-05 -1.67972658e-11 -1.32491622e-11 
 8.20000000e-06  1.99705975e-01  2.00289553e-01  2.00276838e-01 -1.52798230e-05  7.52670560e-12  5.46677379e-12 
 8.20001440e-06  1.99710921e-01  2.00299581e-01  2.00276911e-01 -1.39904568e-05  9.92672786e-10  3.36908271e-09 
 8.20004320e-06  1.99714324e-01  2.00315867e-01  2.00277149e-01 -1.34175673e-05  2.84159002e-09  1.01659152e-08 
 8.20009501e-06  1.99714333e-01  2.00336378e-01  2.00277948e-01 -1.30857818e-05  5.66167506e-09  2.21374222e-08 
 8.20014818e-06  1.99716505e-01  2.00352369e-01  2.00279135e-01 -1.26870606e-05  8.11457281e-09  3.40339725e-08 
 8.20025453e-06  1.99718474e-01  2.00370466e-01  2.00282145e-01 -1.24783611e-05  1.23284101e-08  5.69745826e-08 
 8.20046721e-06  1.99724176e-01  2.00379554e-01  2.00288906e-01 -1.22458607e-05  1.96143427e-08  9.98039265e-08 
 8.20084289e-06  1.99732780e-01  2.00368422e-01  2.00299398e-01 -1.23245121e-05  3.10600193e-08  1.67363386e-07 
 8.20129428e-06  1.99744496e-01  2.00347873e-01  2.00307469e-01 -1.23287479e-05  4.29385653e-08  2.37227937e-07 
 8.20147232e-06  1.99749435e-01  2.00339192e-01  2.00309260e-01 -1.25562141e-05  4.69228134e-08  2.61995907e-07 
 8.20176005e-06  1.99764806e-01  2.00323652e-01  2.00310582e-01 -1.37428863e-05  5.15237404e-08  2.98837343e-07 
 8.20191694e-06  1.99780953e-01  2.00313529e-01  2.00310460e-01 -1.56206848e-05  5.21195264e-08  3.16929457e-07 
 8.20203792e-06  1.99801097e-01  2.00304017e-01  2.00309907e-01 -1.80072462e-05  5.06907428e-08  3.29269759e-07 
 8.20216120e-06  1.99828749e-01  2.00292279e-01  2.00308859e-01 -2.17292042e-05  4.69246773e-08  3.39782207e-07 
 8.20229147e-06  1.99867030e-01  2.00277247e-01  2.00307127e-01 -2.67917380e-05  3.98566708e-08  3.47796158e-07 
 8.20242181e-06  1.99912371e-01  2.00258918e-01  2.00304634e-01 -3.27840154e-05  2.90663647e-08  3.51678690e-07 
 8.20254410e-06  1.99959677e-01  2.00237762e-01  2.00301468e-01 -3.83038284e-05  1.49365506e-08  3.50433833e-07 
 8.20265473e-06  2.00003670e-01  2.00214021e-01  2.00297762e-01 -4.24552160e-05 -1.97224912e-09  3.44116300e-07 
 8.20276540e-06  2.00047261e-01  2.00184968e-01  2.00293073e-01 -4.53156995e-05 -2.33517240e-08  3.31755621e-07 
 8.20288340e-06  2.00091471e-01  2.00150424e-01  2.00286830e-01 -4.83469019e-05 -5.00629633e-08  3.11587733e-07 
 8.20303581e-06  2.00143956e-01  2.00107584e-01  2.00276900e-01 -5.28160209e-05 -8.70921558e-08  2.75895590e-07 
 8.20316092e-06  2.00181755e-01  2.00077705e-01  2.00267415e-01 -5.67168636e-05 -1.17510839e-07  2.39721376e-07 
 8.20329433e-06  2.00215645e-01  2.00052685e-01  2.00256384e-01 -6.07344493e-05 -1.48441565e-07  1.95831576e-07 
 8.20340798e-06  2.00236934e-01  2.00037813e-01  2.00246554e-01 -6.38615767e-05 -1.72622380e-07  1.55288155e-07 
 8.20347692e-06  2.00243763e-01  2.00032191e-01  2.00240527e-01 -6.54310714e-05 -1.85673613e-07  1.29842209e-07 
 8.20351546e-06  2.00243292e-01  2.00030576e-01  2.00237175e-01 -6.61113596e-05 -1.92038888e-07  1.15582786e-07 
 8.20355388e-06  2.00236036e-01  2.00030556e-01  2.00233871e-01 -6.64585220e-05 -1.97126468e-07  1.01612456e-07 
 8.20358201e-06  2.00222335e-01  2.00032082e-01  2.00231493e-01 -6.63455150e-05 -1.99479380e-07  9.17850541e-08 
 8.20360823e-06  2.00199001e-01  2.00035411e-01  2.00229325e-01 -6.57649869e-05 -1.99897841e-07  8.32350528e-08 
 8.20363740e-06  2.00160365e-01  2.00042686e-01  2.00227001e-01 -6.44412256e-05 -1.97522164e-07  7.48264897e-08 
 8.20367204e-06  2.00102666e-01  2.00057940e-01  2.00224433e-01 -6.19590948e-05 -1.90206103e-07  6.68018378e-08 
 8.20370880e-06  2.00036304e-01  2.00082465e-01  2.00222035e-01 -5.84166253e-05 -1.77288121e-07  6.08670798e-08 
 8.20376160e-06  1.99945826e-01  2.00129088e-01  2.00219396e-01 -5.23264371e-05 -1.51722877e-07  5.68484421e-08 
 8.20379307e-06  1.99899076e-01  2.00160908e-01  2.00218340e-01 -4.84218762e-05 -1.33875935e-07  5.67215713e-08 
 8.20382838e-06  1.99854863e-01  2.00197277e-01  2.00217649e-01 -4.40851118e-05 -1.13075461e-07  5.81785230e-08 
 8.20387027e-06  1.99812997e-01  2.00238669e-01  2.00217488e-01 -3.92108561e-05 -8.87197837e-08  6.16029180e-08 
 8.20391575e-06  1.99779271e-01  2.00279251e-01  2.00218056e-01 -3.44527369e-05 -6.39797542e-08  6.68245630e-08 
 8.20396219e-06  1.99754843e-01  2.00314597e-01  2.00219323e-01 -3.02613738e-05 -4.14667707e-08  7.32069875e-08 
 8.20401266e-06  1.99736813e-01  2.00345696e-01  2.00221338e-01 -2.64981625e-05 -2.05864939e-08  8.08393078e-08 
 8.20406788e-06  1.99724127e-01  2.00371729e-01  2.00224120e-01 -2.32353268e-05 -1.93564310e-09  8.95893100e-08 
 8.20413147e-06  1.99715466e-01  2.00393201e-01  2.00227846e-01 -2.04253685e-05  1.47425129e-08  9.98057921e-08 
 8.20420460e-06  1.99710276e-01  2.00409549e-01  2.00232560e-01 -1.81556943e-05  2.88032695e-08  1.11436973e-07 
 8.20429269e-06  1.99707793e-01  2.00421471e-01  2.00238548e-01 -1.64016608e-05  4.04340198e-08  1.25053897e-07 
 8.20439997e-06  1.99707574e-01  2.00429500e-01  2.00245981e-01 -1.51703882e-05  4.94778709e-08  1.40935127e-07 
 8.20453798e-06  1.99709301e-01  2.00435044e-01  2.00255451e-01 -1.43991481e-05  5.64325169e-08  1.60248776e-07 
 8.20472059e-06  1.99712895e-01  2.00439600e-01  2.00267562e-01 -1.39992852e-05  6.18065429e-08  1.84106835e-07 
 8.20486030e-06  1.99716011e-01  2.00442524e-01  2.00276450e-01 -1.38981905e-05  6.45855426e-08  2.01249546e-07 
 8.20500000e-06  1.99719214e-01  2.00445368e-01  2.00285011e-01 -1.38486197e-05  6.69106212e-08  2.17610200e-07 
 8.20500420e-06  1.99716269e-01  2.00441971e-01  2.00285257e-01 -1.47603078e-05  6.66821556e-08  2.17030180e-07 
 8.20501260e-06  1.99712400e-01  2.00435882e-01  2.00285739e-01 -1.50939994e-05  6.62403673e-08  2.15642194e-07 
 8.20502940e-06  1.99710701e-01  2.00426562e-01  2.00286646e-01 -1.50858933e-05  6.54536121e-08  2.12484386e-07 
 8.20505846e-06  1.99709590e-01  2.00413829e-01  2.00288074e-01 -1.51899778e-05  6.42931014e-08  2.07241664e-07 
 8.20511021e-06  1.99708040e-01  2.00395750e-01  2.00290260e-01 -1.52278431e-05  6.25935335e-08  1.98178346e-07 
 8.20521371e-06  1.99707115e-01  2.00374190e-01  2.00293695e-01 -1.52789298e-05  5.98587794e-08  1.81083897e-07 
 8.20535987e-06  1.99706629e-01  2.00364426e-01  2.00297422e-01 -1.52569386e-05  5.65087271e-08  1.58818375e-07 
 8.20556202e-06  1.99706514e-01  2.00367888e-01  2.00301985e-01 -1.52632331e-05  5.21910226e-08  1.31184345e-07 
 8.20590246e-06  1.99706014e-01  2.00385086e-01  2.00310207e-01 -1.52477405e-05  4.55973094e-08  9.17083935e-08 
 8.20658332e-06  1.99705514e-01  2.00426247e-01  2.00330688e-01 -1.52592196e-05  3.47737799e-08  3.35905161e-08 
 8.20794505e-06  1.99704520e-01  2.00514539e-01  2.00386207e-01 -1.52463455e-05  2.00916430e-08 -2.93154249e-08 
 8.21066850e-06  1.99703817e-01  2.00703680e-01  2.00536339e-01 -1.52575437e-05  6.27333415e-09 -6.13432534e-08 
 8.21611541e-06  1.99703682e-01  2.01063943e-01  2.00888211e-01 -1.52468897e-05  2.13077829e-10 -4.44931181e-08 
 8.22301460e-06  1.99704775e-01  2.01394172e-01  2.01271800e-01 -1.52603558e-05  3.84022813e-10 -2.34193694e-08 
 8.23081924e-06  1.99705748e-01  2.01548656e-01  2.01502861e-01 -1.52503690e-05  1.39384611e-10 -1.22142344e-08 
 8.24053337e-06  1.99706686e-01  2.01475711e-01  2.01501868e-01 -1.52635630e-05 -6.74472303e-11 -4.87316725e-09 
 8.25502125e-06  1.99706736e-01  2.01095521e-01  2.01165364e-01 -1.52542242e-05 -2.19853013e-10 -1.32005264e-09 
 8.27679376e-06  1.99706036e-01  2.00518338e-01  2.00566041e-01 -1.52677761e-05 -1.69935213e-10 -2.56553026e-10 
 8.29744225e-06  1.99705133e-01  2.00270407e-01  2.00273501e-01 -1.52566765e-05 -4.62238913e-11 -2.57698897e-10 
 8.32479265e-06  1.99704965e-01  2.00295289e-01  2.00272375e-01 -1.52675743e-05  3.62555470e-11 -1.82888687e-11 
 8.35730244e-06  1.99705048e-01  2.00411570e-01  2.00395513e-01 -1.52555867e-05  1.76954276e-11  3.26826514e-11 
 8.39984352e-06  1.99705312e-01  2.00409710e-01  2.00404653e-01 -1.52671294e-05 -1.29601414e-11  3.11303802e-11 
 8.45383880e-06  1.99705096e-01  2.00345702e-01  2.00336988e-01 -1.52558420e-05 -5.63483418e-12 -3.24418314e-11 
 8.55267315e-06  1.99705204e-01  2.00342228e-01  2.00331202e-01 -1.52671747e-05  3.89534802e-12  2.90506488e-11 
 8.65267315e-06  1.99705119e-01  2.00328976e-01  2.00320505e-01 -1.52557672e-05 -5.87976044e-12 -1.50219080e-11 
 8.75267315e-06  1.99705215e-01  2.00313786e-01  2.00303096e-01 -1.52672158e-05  2.47599293e-12  1.67241236e-11 
 8.85267315e-06  1.99705128e-01  2.00318374e-01  2.00308750e-01 -1.52557492e-05 -2.38248006e-12 -6.82322346e-12 
 8.95267315e-06  1.99705252e-01  2.00309580e-01  2.00299630e-01 -1.52672118e-05  2.76661723e-13  1.39006737e-11 
 9.05267315e-06  1.99705146e-01  2.00311045e-01  2.00300902e-01 -1.52557606e-05 -9.24059006e-13 -6.35789452e-12 
 9.15267315e-06  1.99705285e-01  2.00309899e-01  2.00300054e-01 -1.52671985e-05  1.45853381e-14  1.46382641e-11 
 9.25267315e-06  1.99705175e-01  2.00308421e-01  2.00298322e-01 -1.52557702e-05 -1.09086568e-12 -6.78403172e-12 
 9.35267315e-06  1.99705314e-01  2.00309430e-01  2.00299443e-01 -1.52671924e-05  4.35218268e-13  1.45346155e-11 
 9.45267315e-06  1.99705207e-01  2.00308298e-01  2.00298312e-01 -1.52557733e-05 -1.40781419e-12 -6.05847875e-12 
 9.55267315e-06  1.99705343e-01  2.00308738e-01  2.00298676e-01 -1.52671907e-05  6.30312426e-13  1.34990834e-11 
 9.65267315e-06  1.99705239e-01  2.00308552e-01  2.00298588e-01 -1.52557747e-05 -1.45128657e-12 -4.91758576e-12 
 9.75267315e-06  1.99705374e-01  2.00308474e-01  2.00298416e-01 -1.52671889e-05  5.98629002e-13  1.24425842e-11 
 9.85267315e-06  1.99705270e-01  2.00308588e-01  2.00298606e-01 -1.52557770e-05 -1.38441060e-12 -3.99908551e-12 
 9.95267315e-06  1.99705405e-01  2.00308507e-01  2.00298466e-01 -1.52671861e-05  5.40037416e-13  1.16692752e-11 
 1.00526732e-05  1.99705301e-01  2.00308540e-01  2.00298547e-01 -1.52557799e-05 -1.34422183e-12 -3.33214695e-12 
 1.01263366e-05  1.99705432e-01  2.00308583e-01  2.00298546e-01 -1.52671826e-05  5.20112816e-13  1.09700058e-11 
 1.02000000e-05  1.99705323e-01  2.00308524e-01  2.00298532e-01 -1.52557839e-05 -1.33827801e-12 -2.58694227e-12 
 1.02001038e-05  1.99693464e-01  2.00267695e-01  2.00296903e-01 -1.65915041e-05 -5.23715212e-09 -2.95041776e-08 
 1.02003115e-05  1.99685155e-01  2.00222902e-01  2.00291989e-01 -1.67960008e-05 -1.38939621e-08 -8.64901616e-08 
 1.02005845e-05  1.99679789e-01  2.00220058e-01  2.00283650e-01 -1.68035363e-05 -2.28872310e-08 -1.54457935e-07 
 1.02009248e-05  1.99671834e-01  2.00233789e-01  2.00275144e-01 -1.72096477e-05 -3.31131055e-08 -2.29949173e-07 
 1.02012607e-05  1.99668855e-01  2.00250627e-01  2.00269737e-01 -1.86617289e-05 -4.14128022e-08 -2.95022944e-07 
 1.02014867e-05  1.99671056e-01  2.00264397e-01  2.00267814e-01 -2.13870983e-05 -4.56899793e-08 -3.33286298e-07 
 1.02016630e-05  1.99678449e-01  2.00277856e-01  2.00267357e-01 -2.49745648e-05 -4.79308664e-08 -3.59595838e-07 
 1.02018380e-05  1.99689791e-01  2.00293096e-01  2.00267906e-01 -3.00936486e-05 -4.90359454e-08 -3.82183659e-07 
 1.02019991e-05  1.99704369e-01  2.00309926e-01  2.00269378e-01 -3.60626542e-05 -4.87515076e-08 -3.99458513e-07 
 1.02021343e-05  1.99717262e-01  2.00325934e-01  2.00271408e-01 -4.19370600e-05 -4.71208355e-08 -4.10868933e-07 
 1.02022463e-05  1.99727612e-01  2.00341461e-01  2.00273698e-01 -4.71798002e-05 -4.43136777e-08 -4.17772973e-07 
 1.02023417e-05  1.99733841e-01  2.00356492e-01  2.00276142e-01 -5.18025077e-05 -4.03744549e-08 -4.21356185e-07 
 1.02024259e-05  1.99736287e-01  2.00371973e-01  2.00278730e-01 -5.57950651e-05 -3.51791307e-08 -4.22355360e-07 
 1.02025036e-05  1.99733899e-01  2.00388498e-01  2.00281528e-01 -5.92714278e-05 -2.84157099e-08 -4.20972569e-07 
 1.02025820e-05  1.99726732e-01  2.00408072e-01  2.00284823e-01 -6.23874344e-05 -1.91610818e-08 -4.16861478e-07 
 1.02026702e-05  1.99715580e-01  2.00433437e-01  2.00289190e-01 -6.54560139e-05 -5.84646836e-09 -4.08516670e-07 
 1.02027672e-05  1.99704936e-01  2.00463446e-01  2.00294871e-01 -6.84682474e-05  1.11679000e-08 -3.94887666e-07 
 1.02028706e-05  1.99697315e-01  2.00494649e-01  2.00301927e-01 -7.15482077e-05  3.02921002e-08 -3.75742985e-07 
 1.02029858e-05  1.99693506e-01  2.00525940e-01  2.00310861e-01 -7.49624819e-05  5.12472623e-08 -3.49651859e-07 
 1.02031154e-05  1.99693938e-01  2.00555462e-01  2.00321969e-01 -7.87980333e-05  7.33226061e-08 -3.15372089e-07 
 1.02032555e-05  1.99698600e-01  2.00580218e-01  2.00334827e-01 -8.26854408e-05  9.48436951e-08 -2.73775968e-07 
 1.02034116e-05  1.99707062e-01  2.00598524e-01  2.00349635e-01 -8.60789171e-05  1.15372619e-07 -2.23735147e-07 
 1.02035228e-05  1.99714188e-01  2.00604179e-01  2.00360149e-01 -8.68288823e-05  1.26886756e-07 -1.87146103e-07 
 1.02035938e-05  1.99718536e-01  2.00602536e-01  2.00366682e-01 -8.50487810e-05  1.31707228e-07 -1.64373582e-07 
 1.02036492e-05  1.99721356e-01  2.00595999e-01  2.00371559e-01 -8.12454328e-05  1.32801640e-07 -1.47844456e-07 
 1.02037070e-05  1.99723448e-01  2.00581912e-01  2.00376294e-01 -7.51270048e-05  1.30277749e-07 -1.32697933e-07 
 1.02037813e-05  1.99724921e-01  2.00552150e-01  2.00381591e-01 -6.53136800e-05  1.20983181e-07 -1.17395446e-07 
 1.02038532e-05  1.99725227e-01  2.00513420e-01  2.00385594e-01 -5.52809968e-05  1.06338902e-07 -1.07584401e-07 
 1.02039534e-05  1.99724294e-01  2.00451722e-01  2.00389009e-01 -4.25835494e-05  8.01382505e-08 -1.01869110e-07 
 1.02040627e-05  1.99722177e-01  2.00385434e-01  2.00389845e-01 -3.22054682e-05  4.91018630e-08 -1.04538157e-07 
 1.02041483e-05  1.99720126e-01  2.00340457e-01  2.00388602e-01 -2.67931668e-05  2.62500271e-08 -1.11503720e-07 
 1.02042335e-05  1.99717956e-01  2.00304399e-01  2.00386048e-01 -2.32779931e-05  6.56758517e-09 -1.21218591e-07 
 1.02043303e-05  1.99715449e-01  2.00273573e-01  2.00381983e-01 -2.08473813e-05 -1.15824781e-08 -1.34337863e-07 
 1.02044284e-05  1.99712920e-01  2.00251569e-01  2.00377001e-01 -1.95114762e-05 -2.56972267e-08 -1.48900226e-07 
 1.02045406e-05  1.99710071e-01  2.00234881e-01  2.00370688e-01 -1.87437688e-05 -3.74737359e-08 -1.66162987e-07 
 1.02046619e-05  1.99707042e-01  2.00223672e-01  2.00363513e-01 -1.84055919e-05 -4.63173162e-08 -1.84858451e-07 
 1.02048084e-05  1.99703444e-01  2.00215663e-01  2.00354754e-01 -1.82660783e-05 -5.34672799e-08 -2.06867461e-07 
 1.02049042e-05  1.99701118e-01  2.00212362e-01  2.00349086e-01 -1.82550531e-05 -5.67681898e-08 -2.20770354e-07 
 1.02050000e-05  1.99698806e-01  2.00209864e-01  2.00343522e-01 -1.82488403e-05 -5.94175780e-08 -2.34225332e-07 
 1.02050015e-05  1.99700050e-01  2.00211171e-01  2.00343437e-01 -1.74920968e-05 -5.93480955e-08 -2.34104409e-07 
 1.02050045e-05  1.99702170e-01  2.00213673e-01  2.00343267e-01 -1.71828696e-05 -5.92070067e-08 -2.33840098e-07 
 1.02050105e-05  1.99704364e-01  2.00218131e-01  2.00342936e-01 -1.68890362e-05 -5.89237349e-08 -2.33237393e-07 
 1.02050195e-05  1.99705112e-01  2.00223552e-01  2.00342464e-01 -1.67898188e-05 -5.85317897e-08 -2.32320819e-07 
 1.02050335e-05  1.99705287e-01  2.00230618e-01  2.00341761e-01 -1.65711658e-05 -5.79679903e-08 -2.30915520e-07 
 1.02050617e-05  1.99705340e-01  2.00242811e-01  2.00340475e-01 -1.62936551e-05 -5.69699943e-08 -2.28165070e-07 
 1.02051179e-05  1.99705436e-01  2.00261898e-01  2.00338293e-01 -1.58451841e-05 -5.53441487e-08 -2.22872022e-07 
 1.02052303e-05  1.99705504e-01  2.00283614e-01  2.00334970e-01 -1.54542169e-05 -5.28647972e-08 -2.12904881e-07 
 1.02054551e-05  1.99705697e-01  2.00292174e-01  2.00330057e-01 -1.52383561e-05 -4.88120868e-08 -1.94694831e-07 
 1.02057419e-05  1.99705918e-01  2.00280627e-01  2.00324234e-01 -1.52745297e-05 -4.39067578e-08 -1.73917876e-07 
 1.02061479e-05  1.99706247e-01  2.00258885e-01  2.00314547e-01 -1.52546770e-05 -3.74422111e-08 -1.48246192e-07 
 1.02067531e-05  1.99706638e-01  2.00224092e-01  2.00296606e-01 -1.52779381e-05 -2.94520269e-08 -1.16766984e-07 
 1.02079636e-05  1.99707280e-01  2.00148765e-01  2.00249752e-01 -1.52556013e-05 -1.81354437e-08 -7.19448096e-08 
 1.02103847e-05  1.99707972e-01  1.99984706e-01  2.00123807e-01 -1.52785394e-05 -6.55773735e-09 -2.56483753e-08 
 1.02152267e-05  1.99708166e-01  1.99657773e-01  1.99816258e-01 -1.52540829e-05 -4.93622455e-10 -8.39712105e-10 
 1.02229670e-05  1.99707164e-01  1.99266326e-01  1.99373737e-01 -1.52739730e-05 -3.08441055e-10 -1.33443932e-10 
 1.02306235e-05  1.99706066e-01  1.99099559e-01  1.99130842e-01 -1.52489504e-05 -1.57762678e-10 -1.96873762e-10 
 1.02407024e-05  1.99705175e-01  1.99160128e-01  1.99116197e-01 -1.52697061e-05  7.09346525e-11  8.47004053e-12 
 1.02536337e-05  1.99704988e-01  1.99484869e-01  1.99399379e-01 -1.52446160e-05  2.02405403e-10  1.17708551e-10 
 1.02731578e-05  1.99705632e-01  2.00016139e-01  1.99942557e-01 -1.52652850e-05  1.86609768e-10  1.40154401e-10 
 1.02941238e-05  1.99706483e-01  2.00323000e-01  2.00292997e-01 -1.52417164e-05  6.32371998e-11  5.66049713e-11 
 1.03204667e-05  1.99706864e-01  2.00341884e-01  2.00342466e-01 -1.52650208e-05 -2.76528384e-11 -1.23468306e-11 
 1.03517649e-05  1.99706741e-01  2.00226377e-01  2.00224597e-01 -1.52427365e-05 -2.61613407e-11 -2.01104750e-11 
 1.03758824e-05  1.99706590e-01  2.00199836e-01  2.00188980e-01 -1.52656395e-05  1.10871533e-12  3.72577620e-13 
 1.04000000e-05  1.99706597e-01  2.00224838e-01  2.00211090e-01 -1.52426617e-05  9.48066755e-12  7.07994785e-12 
 1.04000130e-05  1.99714380e-01  2.00237957e-01  2.00211177e-01 -1.36332808e-05  1.96963612e-09  7.13757217e-10 
 1.04000389e-05  1.99721003e-01  2.00259751e-01  2.00211463e-01 -1.26387912e-05  5.69822850e-09  2.01898645e-09 
 1.04000908e-05  1.99724542e-01  2.00290640e-01  2.00212567e-01 -1.16615391e-05  1.17448642e-08  4.35321032e-09 
 1.04001417e-05  1.99730870e-01  2.00312683e-01  2.00214162e-01 -1.08421809e-05  1.62771540e-08  6.48231110e-09 
 1.04002436e-05  1.99740211e-01  2.00335940e-01  2.00218160e-01 -1.01689274e-05  2.29949722e-08  1.03819144e-08 
 1.04004473e-05  1.99761317e-01  2.00340767e-01  2.00226787e-01 -9.60485866e-06  3.18852995e-08  1.74368716e-08 
 1.04007052e-05  1.99786445e-01  2.00317286e-01  2.00235833e-01 -9.63869848e-06  3.99567625e-08  2.54568013e-08 
 1.04010535e-05  1.99822052e-01  2.00275084e-01  2.00242390e-01 -9.56891406e-06  4.92562278e-08  3.50960915e-08 
 1.04015415e-05  1.99873356e-01  2.00207416e-01  2.00240407e-01 -1.00511915e-05  5.66269086e-08  4.64621142e-08 
 1.04016449e-05  1.99886833e-01  2.00191871e-01  2.00238349e-01 -1.02404980e-05  5.57331920e-08  4.85489800e-08 
 1.04018517e-05  1.99919007e-01  2.00158052e-01  2.00232518e-01 -1.17669529e-05  3.91577600e-08  5.21329573e-08 
 1.04020045e-05  1.99952950e-01  2.00130125e-01  2.00226680e-01 -1.39894904e-05  3.84697240e-09  5.40815831e-08 
 1.04021340e-05  1.99989852e-01  2.00103365e-01  2.00220623e-01 -1.71050222e-05 -5.44829648e-08  5.49866750e-08 
 1.04022629e-05  2.00035351e-01  2.00073092e-01  2.00213466e-01 -2.11697121e-05 -1.51044346e-07  5.49544549e-08 
 1.04023938e-05  2.00088242e-01  2.00037996e-01  2.00204897e-01 -2.60754800e-05 -3.01872953e-07  5.36929014e-08 
 1.04025194e-05  2.00143519e-01  1.99999010e-01  2.00195272e-01 -3.06007195e-05 -5.11020511e-07  5.10271446e-08 
 1.04026316e-05  2.00193487e-01  1.99958389e-01  2.00185331e-01 -3.36661070e-05 -7.65837979e-07  4.71303669e-08 
 1.04027394e-05  2.00240179e-01  1.99912613e-01  2.00174360e-01 -3.49817656e-05 -1.08620764e-06  4.17290447e-08 
 1.04028576e-05  2.00287595e-01  1.99856170e-01  2.00160504e-01 -3.57301676e-05 -1.53134534e-06  3.38124303e-08 
 1.04029937e-05  2.00336266e-01  1.99788750e-01  2.00142054e-01 -3.68851590e-05 -2.16033792e-06  2.23744547e-08 
 1.04031144e-05  2.00372970e-01  1.99731466e-01  2.00123575e-01 -3.82356219e-05 -2.81032112e-06  1.05139429e-08 
 1.04032383e-05  2.00403670e-01  1.99677349e-01  2.00102827e-01 -3.96960601e-05 -3.55270437e-06 -2.97510786e-09 
 1.04033619e-05  2.00425798e-01  1.99629377e-01  2.00080651e-01 -4.11734984e-05 -4.35429079e-06 -1.74295825e-08 
 1.04034603e-05  2.00434626e-01  1.99596479e-01  2.00062208e-01 -4.21487938e-05 -5.02193693e-06 -2.93535656e-08 
 1.04035124e-05  2.00433240e-01  1.99581598e-01  2.00052256e-01 -4.25257784e-05 -5.37931318e-06 -3.56771455e-08 
 1.04035493e-05  2.00426537e-01  1.99572556e-01  2.00045141e-01 -4.26014389e-05 -5.63047965e-06 -4.00833721e-08 
 1.04035792e-05  2.00413954e-01  1.99566684e-01  2.00039365e-01 -4.24663338e-05 -5.82856709e-06 -4.35218815e-08 
 1.04036060e-05  2.00393077e-01  1.99563140e-01  2.00034202e-01 -4.20490123e-05 -5.99723091e-06 -4.64042291e-08 
 1.04036342e-05  2.00358822e-01  1.99562386e-01  2.00028810e-01 -4.12149435e-05 -6.15975722e-06 -4.90887126e-08 
 1.04036708e-05  2.00299393e-01  1.99568374e-01  2.00021931e-01 -3.94996399e-05 -6.33947028e-06 -5.17968867e-08 
 1.04037044e-05  2.00237737e-01  1.99582147e-01  2.00015823e-01 -3.74049488e-05 -6.46854527e-06 -5.33588542e-08 
 1.04037524e-05  2.00151546e-01  1.99613997e-01  2.00007696e-01 -3.38983924e-05 -6.59093035e-06 -5.40271988e-08 
 1.04037945e-05  2.00085102e-01  1.99650413e-01  2.00001247e-01 -3.06131300e-05 -6.64362698e-06 -5.32766690e-08 
 1.04038311e-05  2.00037917e-01  1.99684895e-01  1.99996260e-01 -2.78312243e-05 -6.65432397e-06 -5.18373213e-08 
 1.04038707e-05  1.99997663e-01  1.99722115e-01  1.99991498e-01 -2.50243327e-05 -6.63689588e-06 -4.96976128e-08 
 1.04039179e-05  1.99963110e-01  1.99763107e-01  1.99986664e-01 -2.20898310e-05 -6.58667846e-06 -4.66629289e-08 
 1.04039630e-05  1.99941160e-01  1.99797134e-01  1.99982793e-01 -1.97252569e-05 -6.51708842e-06 -4.34937495e-08 
 1.04040143e-05  1.99925974e-01  1.99828611e-01  1.99979133e-01 -1.75569119e-05 -6.42123505e-06 -3.97935637e-08 
 1.04040673e-05  1.99918059e-01  1.99853053e-01  1.99976026e-01 -1.58325484e-05 -6.31104622e-06 -3.60259798e-08 
 1.04041306e-05  1.99915241e-01  1.99872971e-01  1.99972947e-01 -1.43309671e-05 -6.17114515e-06 -3.16875386e-08 
 1.04042002e-05  1.99917272e-01  1.99885439e-01  1.99970099e-01 -1.32064378e-05 -6.01336990e-06 -2.71870855e-08 
 1.04042868e-05  1.99923852e-01  1.99891140e-01  1.99966973e-01 -1.23379132e-05 -5.81681316e-06 -2.19629137e-08 
 1.04043886e-05  1.99934453e-01  1.99888854e-01  1.99963503e-01 -1.17696075e-05 -5.58997565e-06 -1.62785902e-08 
 1.04045239e-05  1.99950541e-01  1.99877603e-01  1.99958746e-01 -1.14159915e-05 -5.29919392e-06 -9.31659520e-09 
 1.04046999e-05  1.99972723e-01  1.99856402e-01  1.99951826e-01 -1.12403244e-05 -4.94146097e-06 -1.03419611e-09 
 1.04048500e-05  1.99992023e-01  1.99835731e-01  1.99945081e-01 -1.11920989e-05 -4.65486998e-06  5.46887931e-09 
 1.04050000e-05  2.00011459e-01  1.99813984e-01  1.99937493e-01 -1.11651166e-05 -4.38443442e-06  1.15373356e-08 
 1.04050031e-05  2.00007826e-01  1.99809772e-01  1.99937322e-01 -1.22233860e-05 -4.37943946e-06  1.14717794e-08 
 1.04050094e-05  2.00002658e-01  1.99801937e-01  1.99936969e-01 -1.27122646e-05 -4.36945715e-06  1.13572199e-08 
 1.04050218e-05  1.99999850e-01  1.99788788e-01  1.99936215e-01 -1.29640629e-05 -4.34941620e-06  1.11996679e-08 
 1.04050458e-05  1.99998864e-01  1.99767785e-01  1.99934614e-01 -1.34218198e-05 -4.31070723e-06  1.09828299e-08 
 1.04050806e-05  1.99997461e-01  1.99741555e-01  1.99931989e-01 -1.39177530e-05 -4.25433579e-06  1.07467126e-08 
 1.04051501e-05  1.99996588e-01  1.99701380e-01  1.99925938e-01 -1.45534392e-05 -4.14220801e-06  1.04639500e-08 
 1.04052892e-05  1.99996136e-01  1.99655184e-01  1.99911988e-01 -1.51006696e-05 -3.92427104e-06  1.02120153e-08 
 1.04054469e-05  1.99996603e-01  1.99632208e-01  1.99894972e-01 -1.52356599e-05 -3.68997763e-06  1.00796205e-08 
 1.04057190e-05  1.99996904e-01  1.99613553e-01  1.99865857e-01 -1.52726074e-05 -3.31773000e-06  9.82453446e-09 
 1.04060367e-05  1.99997574e-01  1.99600658e-01  1.99833749e-01 -1.52604515e-05 -2.93014379e-06  9.45180852e-09 
 1.04066085e-05  1.99998264e-01  1.99582248e-01  1.99781963e-01 -1.52667211e-05 -2.34142150e-06  8.64768595e-09 
 1.04075300e-05  1.99999525e-01  1.99562394e-01  1.99713607e-01 -1.52594274e-05 -1.62724692e-06  7.22683282e-09 
 1.04093729e-05  2.00000905e-01  1.99552472e-01  1.99624108e-01 -1.52657746e-05 -7.65965152e-07  4.59770170e-09 
 1.04130588e-05  2.00002534e-01  1.99614173e-01  1.99581022e-01 -1.52589018e-05 -1.24795729e-07  1.36785834e-09 
 1.04193475e-05  2.00003072e-01  1.99841305e-01  1.99733364e-01 -1.52663354e-05  1.29406328e-08 -1.00807403e-11 
 1.04261369e-05  2.00003509e-01  2.00123423e-01  2.00008647e-01 -1.52593361e-05 -1.50951117e-09  1.73944498e-10 
 1.04345881e-05  2.00003850e-01  2.00408060e-01  2.00319130e-01 -1.52655164e-05  6.72286833e-10  1.86258142e-10 
 1.04448152e-05  2.00004564e-01  2.00610918e-01  2.00561373e-01 -1.52577434e-05 -1.69613791e-11  1.11090460e-10 
 1.04607807e-05  2.00004920e-01  2.00681457e-01  2.00675270e-01 -1.52643333e-05  7.09079314e-11  1.50310129e-11 
 1.04847192e-05  2.00005153e-01  2.00545519e-01  2.00556460e-01 -1.52578538e-05 -1.06824061e-10 -3.97139307e-11 
 1.05171286e-05  2.00004727e-01  2.00399905e-01  2.00393984e-01 -1.52652412e-05  1.76835827e-11 -1.42552089e-11 
 1.05523930e-05  2.00004787e-01  2.00436270e-01  2.00418653e-01 -1.52580453e-05 -3.63483289e-12  1.49292739e-11 
 1.06008604e-05  2.00004766e-01  2.00525328e-01  2.00513150e-01 -1.52648160e-05  2.55273851e-11  6.59247125e-12 
 1.06756254e-05  2.00004976e-01  2.00538411e-01  2.00529448e-01 -1.52579810e-05 -2.03802359e-11 -1.70447266e-12 
 1.07655351e-05  2.00004831e-01  2.00559105e-01  2.00547036e-01 -1.52649333e-05  1.97496839e-11  4.58146634e-12 
 1.08655351e-05  2.00005056e-01  2.00589073e-01  2.00579464e-01 -1.52579345e-05 -1.43033235e-11  8.41464214e-13 
 1.09655351e-05  2.00004926e-01  2.00588116e-01  2.00577753e-01 -1.52649505e-05  1.16550864e-11  8.12778664e-13 
 1.10655351e-05  2.00005116e-01  2.00600571e-01  2.00590250e-01 -1.52579435e-05 -9.45075290e-12  2.32192255e-12 
 1.11655351e-05  2.00005002e-01  2.00601826e-01  2.00592000e-01 -1.52649386e-05  7.71435411e-12 -6.88904771e-14 
 1.12655351e-05  2.00005179e-01  2.00603271e-01  2.00592989e-01 -1.52579555e-05 -7.37552077e-12  2.08204721e-12 
 1.13655351e-05  2.00005065e-01  2.00606107e-01  2.00596171e-01 -1.52649330e-05  6.05456549e-12  2.68933422e-13 
 1.14655351e-05  2.00005245e-01  2.00605235e-01  2.00595162e-01 -1.52579569e-05 -6.15168767e-12  1.63990929e-12 
 1.15655351e-05  2.00005126e-01  2.00606650e-01  2.00596592e-01 -1.52649350e-05  4.73878293e-12  4.85913664e-13 
 1.16655351e-05  2.00005308e-01  2.00606526e-01  2.00596528e-01 -1.52579540e-05 -4.84563323e-12  1.54817359e-12 
 1.17655351e-05  2.00005188e-01  2.00606657e-01  2.00596593e-01 -1.52649379e-05  3.38400055e-12  4.42345813e-13 
 1.18655351e-05  2.00005371e-01  2.00606976e-01  2.00596962e-01 -1.52579518e-05 -3.56351624e-12  1.62566824e-12 
 1.19655351e-05  2.00005251e-01  2.00606831e-01  2.00596794e-01 -1.52649394e-05  2.19398956e-12  3.56160088e-13 
 1.20655351e-05  2.00005432e-01  2.00607036e-01  2.00597003e-01 -1.52579508e-05 -2.50799360e-12  1.68553246e-12 
 1.21655351e-05  2.00005313e-01  2.00607019e-01  2.00596992e-01 -1.52649403e-05  1.26093038e-12  3.18742428e-13 
 1.22655351e-05  2.00005495e-01  2.00607060e-01  2.00597026e-01 -1.52579499e-05 -1.68853473e-12  1.70286609e-12 
 1.23327675e-05  2.00005365e-01  2.00607112e-01  2.00597083e-01 -1.52649415e-05  3.76506552e-13  3.08606439e-13 
 1.24000000e-05  2.00005536e-01  2.00607109e-01  2.00597079e-01 -1.52579483e-05 -7.60298291e-13  1.71227811e-12 
 1.24000651e-05  1.99985188e-01  2.00562887e-01  2.00595957e-01 -1.75820774e-05 -6.43252461e-09 -3.04999814e-09 
 1.24001952e-05  1.99964168e-01  2.00506616e-01  2.00592343e-01 -1.89459371e-05 -1.54833698e-08 -8.48377221e-09 
 1.24004109e-05  1.99937820e-01  2.00488951e-01  2.00583694e-01 -1.93966448e-05 -2.32067716e-08 -1.61138874e-08 
 1.24006384e-05  1.99907728e-01  2.00507070e-01  2.00575360e-01 -1.95558702e-05 -2.99672157e-08 -2.33809463e-08 
 1.24008939e-05  1.99876876e-01  2.00536426e-01  2.00569173e-01 -1.97849252e-05 -3.61608406e-08 -3.07678983e-08 
 1.24012567e-05  1.99834554e-01  2.00583613e-01  2.00566577e-01 -2.13949758e-05 -3.80074851e-08 -3.99300485e-08 
 1.24014814e-05  1.99815205e-01  2.00618002e-01  2.00568659e-01 -2.40917474e-05 -2.87794738e-08 -4.47054762e-08 
 1.24016590e-05  1.99803717e-01  2.00647933e-01  2.00572383e-01 -2.78869780e-05 -9.12186271e-09 -4.78954075e-08 
 1.24018363e-05  1.99799209e-01  2.00682046e-01  2.00578038e-01 -3.32247190e-05  2.72862699e-08 -5.04452201e-08 
 1.24019992e-05  1.99798018e-01  2.00716299e-01  2.00585048e-01 -3.96311523e-05  8.17916433e-08 -5.21394536e-08 
 1.24021360e-05  1.99800004e-01  2.00748688e-01  2.00592368e-01 -4.59113307e-05  1.49881391e-07 -5.29362227e-08 
 1.24022492e-05  1.99800543e-01  2.00777967e-01  2.00599496e-01 -5.17013571e-05  2.28281183e-07 -5.30414382e-08 
 1.24023456e-05  1.99800081e-01  2.00805825e-01  2.00606397e-01 -5.68399082e-05  3.17254149e-07 -5.25875680e-08 
 1.24024308e-05  1.99796155e-01  2.00833019e-01  2.00613198e-01 -6.14958653e-05  4.19366706e-07 -5.16414440e-08 
 1.24025096e-05  1.99789125e-01  2.00861333e-01  2.00620144e-01 -6.56931045e-05  5.40287940e-07 -5.01549644e-08 
 1.24025896e-05  1.99777309e-01  2.00893778e-01  2.00627936e-01 -6.98098603e-05  6.96658934e-07 -4.78877254e-08 
 1.24026791e-05  1.99762797e-01  2.00934650e-01  2.00637658e-01 -7.41563291e-05  9.17650179e-07 -4.43202813e-08 
 1.24027799e-05  1.99749457e-01  2.00984048e-01  2.00649970e-01 -7.89090375e-05  1.22353989e-06 -3.90853774e-08 
 1.24028836e-05  1.99741317e-01  2.01035294e-01  2.00664183e-01 -8.37019389e-05  1.59506320e-06 -3.25760073e-08 
 1.24030006e-05  1.99738243e-01  2.01090560e-01  2.00681954e-01 -8.90643813e-05  2.07168141e-06 -2.41894955e-08 
 1.24031323e-05  1.99741554e-01  2.01147846e-01  2.00703884e-01 -9.48827079e-05  2.66705960e-06 -1.37557945e-08 
 1.24032750e-05  1.99751042e-01  2.01203092e-01  2.00729504e-01 -1.00658806e-04  3.36478529e-06 -1.63484120e-09 
 1.24034305e-05  1.99766422e-01  2.01254034e-01  2.00758995e-01 -1.05538925e-04  4.16253898e-06  1.20425777e-08 
 1.24035463e-05  1.99779587e-01  2.01283495e-01  2.00781611e-01 -1.06832828e-04  4.76125354e-06  2.21008152e-08 
 1.24036168e-05  1.99787405e-01  2.01295103e-01  2.00795463e-01 -1.04617227e-04  5.11267202e-06  2.78200622e-08 
 1.24036715e-05  1.99792536e-01  2.01297823e-01  2.00806086e-01 -1.00171105e-04  5.36472187e-06  3.17150895e-08 
 1.24037305e-05  1.99796803e-01  2.01292067e-01  2.00817262e-01 -9.29626422e-05  5.60412120e-06  3.50886169e-08 
 1.24038020e-05  1.99799940e-01  2.01272837e-01  2.00830082e-01 -8.21875267e-05  5.83619287e-06  3.77783321e-08 
 1.24038792e-05  1.99800947e-01  2.01240072e-01  2.00842747e-01 -6.97231694e-05  6.00983889e-06  3.89286162e-08 
 1.24039827e-05  1.99798860e-01  2.01186434e-01  2.00857362e-01 -5.43203979e-05  6.12150942e-06  3.79497322e-08 
 1.24040732e-05  1.99794514e-01  2.01139021e-01  2.00867865e-01 -4.36003261e-05  6.12151039e-06  3.52576641e-08 
 1.24041554e-05  1.99789112e-01  2.01101550e-01  2.00875712e-01 -3.63438734e-05  6.06129045e-06  3.18487662e-08 
 1.24042450e-05  1.99782163e-01  2.01069763e-01  2.00882747e-01 -3.07620278e-05  5.95002693e-06  2.75547356e-08 
 1.24043406e-05  1.99773937e-01  2.01046636e-01  2.00888953e-01 -2.68559530e-05  5.79680096e-06  2.26659630e-08 
 1.24044407e-05  1.99764767e-01  2.01033129e-01  2.00894482e-01 -2.43481702e-05  5.61433116e-06  1.74879484e-08 
 1.24045507e-05  1.99754315e-01  2.01028256e-01  2.00899914e-01 -2.27626784e-05  5.40152128e-06  1.19160224e-08 
 1.24046739e-05  1.99742352e-01  2.01031625e-01  2.00905683e-01 -2.18346249e-05  5.15945994e-06  5.94057543e-09 
 1.24048183e-05  1.99728175e-01  2.01043150e-01  2.00912514e-01 -2.13288598e-05  4.88011787e-06 -6.60450180e-10 
 1.24049091e-05  1.99719209e-01  2.01053110e-01  2.00916997e-01 -2.11859749e-05  4.70932084e-06 -4.58960683e-09 
 1.24050000e-05  1.99710242e-01  2.01064327e-01  2.00921697e-01 -2.11007299e-05  4.54338077e-06 -8.35436207e-09 
 1.24050016e-05  1.99712274e-01  2.01066584e-01  2.00921785e-01 -2.01720063e-05  4.54068382e-06 -8.32125174e-09 
 1.24050049e-05  1.99715552e-01  2.01070898e-01  2.00921964e-01 -1.97365069e-05  4.53531372e-06 -8.25967839e-09 
 1.24050114e-05  1.99718556e-01  2.01078652e-01  2.00922337e-01 -1.93319445e-05  4.52463433e-06 -8.16313455e-09 
 1.24050213e-05  1.99719478e-01  2.01088627e-01  2.00922931e-01 -1.90494325e-05  4.50851297e-06 -8.05919813e-09 
 1.24050382e-05  1.99719731e-01  2.01103531e-01  2.00924028e-01 -1.85184385e-05  4.48083939e-06 -7.91641034e-09 
 1.24050719e-05  1.99719873e-01  2.01129659e-01  2.00926474e-01 -1.77527863e-05  4.42540985e-06 -7.70035120e-09 
 1.24051393e-05  1.99720077e-01  2.01170243e-01  2.00932156e-01 -1.66497075e-05  4.31484152e-06 -7.45255521e-09 
 1.24052743e-05  1.99720232e-01  2.01217943e-01  2.00945393e-01 -1.56951968e-05  4.09793628e-06 -7.31858262e-09 
 1.24055127e-05  1.99720560e-01  2.01251772e-01  2.00970833e-01 -1.52675782e-05  3.73567091e-06 -7.39249504e-09 
 1.24057593e-05  1.99720822e-01  2.01266561e-01  2.00996988e-01 -1.52851218e-05  3.39283192e-06 -7.44260978e-09 
 1.24061311e-05  1.99721259e-01  2.01284165e-01  2.01034135e-01 -1.52479261e-05  2.93352175e-06 -7.35164864e-09 
 1.24066430e-05  1.99721750e-01  2.01304328e-01  2.01080576e-01 -1.52779277e-05  2.40036478e-06 -7.02894532e-09 
 1.24076666e-05  1.99722689e-01  2.01333204e-01  2.01158115e-01 -1.52450746e-05  1.60055512e-06 -6.03646906e-09 
 1.24097140e-05  1.99724053e-01  2.01352393e-01  2.01259575e-01 -1.52736679e-05  6.86299422e-07 -3.81692102e-09 
 1.24138086e-05  1.99725681e-01  2.01285215e-01  2.01303845e-01 -1.52402999e-05  7.64212684e-08 -9.60722204e-10 
 1.24199781e-05  1.99726378e-01  2.01052042e-01  2.01143356e-01 -1.52697174e-05 -7.28077697e-09  1.34673165e-12 
 1.24279186e-05  1.99726136e-01  2.00713076e-01  2.00810966e-01 -1.52383874e-05  1.23575521e-09 -1.98065973e-10 
 1.24362689e-05  1.99725458e-01  2.00432058e-01  2.00500189e-01 -1.52697013e-05 -6.00319520e-10 -1.83270152e-10 
 1.24475044e-05  1.99724733e-01  2.00226696e-01  2.00249907e-01 -1.52393409e-05  2.77565349e-11 -9.73806326e-11 
 1.24629106e-05  1.99724166e-01  2.00188386e-01  2.00170821e-01 -1.52702577e-05 -5.52552847e-11 -5.27233904e-12 
 1.24895373e-05  1.99724188e-01  2.00360283e-01  2.00328259e-01 -1.52386540e-05  1.09222023e-10  4.63817981e-11 
 1.25192761e-05  1.99724522e-01  2.00494775e-01  2.00481067e-01 -1.52691723e-05 -1.91541847e-11  1.47815214e-11 
 1.25576125e-05  1.99724659e-01  2.00454409e-01  2.00451877e-01 -1.52385548e-05  3.05072417e-12 -1.28413491e-11 
 1.26000000e-05  1.99724499e-01  2.00382744e-01  2.00374376e-01 -1.52696025e-05 -2.47772725e-11 -4.16387899e-12 
 1.26000208e-05  1.99730054e-01  2.00396165e-01  2.00374473e-01 -1.38786424e-05  1.36070478e-09  4.86398900e-09 
 1.26000624e-05  1.99733333e-01  2.00417313e-01  2.00374840e-01 -1.32372645e-05  3.89996981e-09  1.46140419e-08 
 1.26001342e-05  1.99733764e-01  2.00441238e-01  2.00376099e-01 -1.28487929e-05  7.47593285e-09  3.09390568e-08 
 1.26002087e-05  1.99736586e-01  2.00457313e-01  2.00377951e-01 -1.24880175e-05  1.05580382e-08  4.71938750e-08 
 1.26003575e-05  1.99739407e-01  2.00469982e-01  2.00382327e-01 -1.23708397e-05  1.59323638e-08  7.81655603e-08 
 1.26006553e-05  1.99747344e-01  2.00467850e-01  2.00390933e-01 -1.22376263e-05  2.54907685e-08  1.34789317e-07 
 1.26010726e-05  1.99756794e-01  2.00449394e-01  2.00399819e-01 -1.23413113e-05  3.73507769e-08  2.04264873e-07 
 1.26016987e-05  1.99779094e-01  2.00418097e-01  2.00405140e-01 -1.34975266e-05  5.08894197e-08  2.91322048e-07 
 1.26018450e-05  1.99790615e-01  2.00409161e-01  2.00405053e-01 -1.46672987e-05  5.23782832e-08  3.09009348e-07 
 1.26019948e-05  1.99811866e-01  2.00397987e-01  2.00404384e-01 -1.70370664e-05  5.15975306e-08  3.25232133e-07 
 1.26021238e-05  1.99837795e-01  2.00386039e-01  2.00403257e-01 -2.05071311e-05  4.84728859e-08  3.37039831e-07 
 1.26022515e-05  1.99873070e-01  2.00371975e-01  2.00401550e-01 -2.51133589e-05  4.24950659e-08  3.45961361e-07 
 1.26023815e-05  1.99916036e-01  2.00354465e-01  2.00399100e-01 -3.09035665e-05  3.29123210e-08  3.51312302e-07 
 1.26025068e-05  1.99963552e-01  2.00334006e-01  2.00395927e-01 -3.66722910e-05  1.97630907e-08  3.51893705e-07 
 1.26026209e-05  2.00008554e-01  2.00310922e-01  2.00392202e-01 -4.13382009e-05  3.71428101e-09  3.47455833e-07 
 1.26027289e-05  2.00051562e-01  2.00284004e-01  2.00387771e-01 -4.44389316e-05 -1.57953242e-08  3.37826848e-07 
 1.26028481e-05  2.00096874e-01  2.00249641e-01  2.00381672e-01 -4.73989805e-05 -4.17301236e-08  3.20474751e-07 
 1.26029792e-05  2.00143606e-01  2.00211350e-01  2.00373432e-01 -5.10908970e-05 -7.32212983e-08  2.93748403e-07 
 1.26031155e-05  2.00186865e-01  2.00176230e-01  2.00363373e-01 -5.53148143e-05 -1.06541388e-07  2.58861453e-07 
 1.26032556e-05  2.00224886e-01  2.00147341e-01  2.00351833e-01 -5.95824677e-05 -1.39651039e-07  2.16970779e-07 
 1.26033834e-05  2.00251301e-01  2.00128475e-01  2.00340669e-01 -6.32353484e-05 -1.67584329e-07  1.74919810e-07 
 1.26034654e-05  2.00261328e-01  2.00120815e-01  2.00333377e-01 -6.51846010e-05 -1.83567600e-07  1.46773832e-07 
 1.26035086e-05  2.00261869e-01  2.00118605e-01  2.00329550e-01 -6.60128957e-05 -1.90919768e-07  1.31884770e-07 
 1.26035476e-05  2.00256081e-01  2.00118201e-01  2.00326124e-01 -6.64265429e-05 -1.96363157e-07  1.18646045e-07 
 1.26035751e-05  2.00244783e-01  2.00119281e-01  2.00323745e-01 -6.64198787e-05 -1.99011200e-07  1.09657704e-07 
 1.26036015e-05  2.00224162e-01  2.00122016e-01  2.00321504e-01 -6.59623642e-05 -1.99952530e-07  1.01570078e-07 
 1.26036300e-05  2.00189346e-01  2.00128077e-01  2.00319163e-01 -6.48477261e-05 -1.98394507e-07  9.38310160e-08 
 1.26036653e-05  2.00132699e-01  2.00141961e-01  2.00316446e-01 -6.25150724e-05 -1.91978885e-07  8.61921022e-08 
 1.26036998e-05  2.00070729e-01  2.00163282e-01  2.00314063e-01 -5.93589677e-05 -1.80856625e-07  8.10683042e-08 
 1.26037487e-05  1.99984844e-01  2.00204321e-01  2.00311343e-01 -5.38794154e-05 -1.58485970e-07  7.77982666e-08 
 1.26037832e-05  1.99931144e-01  2.00238329e-01  2.00309973e-01 -4.96467822e-05 -1.39499199e-07  7.80615144e-08 
 1.26038180e-05  1.99885147e-01  2.00274057e-01  2.00309092e-01 -4.53461554e-05 -1.19159054e-07  8.00883678e-08 
 1.26038580e-05  1.99842188e-01  2.00314224e-01  2.00308695e-01 -4.05967887e-05 -9.56833179e-08  8.41414769e-08 
 1.26039040e-05  1.99804963e-01  2.00356608e-01  2.00309000e-01 -3.56170350e-05 -7.00630427e-08  9.04734835e-08 
 1.26039490e-05  1.99778934e-01  2.00392426e-01  2.00309989e-01 -3.13806873e-05 -4.74863932e-08  9.78205237e-08 
 1.26039991e-05  1.99758939e-01  2.00425225e-01  2.00311753e-01 -2.74271377e-05 -2.57441771e-08  1.06823951e-07 
 1.26040519e-05  1.99745194e-01  2.00452026e-01  2.00314194e-01 -2.40938257e-05 -6.83885487e-09  1.16778594e-07 
 1.26041140e-05  1.99735342e-01  2.00475044e-01  2.00317614e-01 -2.11069006e-05  1.06965465e-08  1.28724848e-07 
 1.26041833e-05  1.99729377e-01  2.00492363e-01  2.00321877e-01 -1.87282817e-05  2.52516912e-08  1.42004988e-07 
 1.26042680e-05  1.99726158e-01  2.00505479e-01  2.00327442e-01 -1.68086721e-05  3.77125016e-08  1.57935606e-07 
 1.26043682e-05  1.99725371e-01  2.00514173e-01  2.00334214e-01 -1.54595848e-05  4.73047445e-08  1.76172489e-07 
 1.26044981e-05  1.99726586e-01  2.00520124e-01  2.00342973e-01 -1.45603635e-05  5.48670434e-08  1.98785089e-07 
 1.26046650e-05  1.99729621e-01  2.00524475e-01  2.00353908e-01 -1.40793009e-05  6.05214240e-08  2.26227535e-07 
 1.26048325e-05  1.99733268e-01  2.00527831e-01  2.00364427e-01 -1.39118161e-05  6.41654278e-08  2.52175018e-07 
 1.26050000e-05  1.99737087e-01  2.00531008e-01  2.00374475e-01 -1.38488408e-05  6.70062180e-08  2.76743365e-07 
 1.26050042e-05  1.99734142e-01  2.00527605e-01  2.00374715e-01 -1.47597804e-05  6.67776827e-08  2.76281860e-07 
 1.26050126e-05  1.99730274e-01  2.00521504e-01  2.00375184e-01 -1.50932024e-05  6.63357707e-08  2.75130347e-07 
 1.26050294e-05  1.99728577e-01  2.00512160e-01  2.00376065e-01 -1.50854179e-05  6.55487975e-08  2.72441183e-07 
 1.26050584e-05  1.99727470e-01  2.00499392e-01  2.00377448e-01 -1.51893844e-05  6.43884941e-08  2.67997120e-07 
 1.26051102e-05  1.99725925e-01  2.00481235e-01  2.00379555e-01 -1.52276445e-05  6.26881605e-08  2.60307342e-07 
 1.26052137e-05  1.99725009e-01  2.00459527e-01  2.00382833e-01 -1.52787782e-05  5.99525346e-08  2.45799557e-07 
 1.26053599e-05  1.99724535e-01  2.00449561e-01  2.00386338e-01 -1.52571057e-05  5.66018880e-08  2.26845092e-07 
 1.26055621e-05  1.99724435e-01  2.00452746e-01  2.00390597e-01 -1.52632932e-05  5.22829122e-08  2.03186026e-07 
 1.26059025e-05  1.99723957e-01  2.00469484e-01  2.00398311e-01 -1.52479903e-05  4.56842264e-08  1.69026514e-07 
 1.26065835e-05  1.99723492e-01  2.00509747e-01  2.00417798e-01 -1.52592966e-05  3.48447855e-08  1.17533953e-07 
 1.26079454e-05  1.99722542e-01  2.00596327e-01  2.00471409e-01 -1.52465890e-05  2.01235419e-08  5.78603119e-08 
 1.26106693e-05  1.99721884e-01  2.00782355e-01  2.00618046e-01 -1.52576129e-05  6.24668996e-09  1.61183541e-08 
 1.26161169e-05  1.99721783e-01  2.01137478e-01  2.00964096e-01 -1.52471141e-05  1.59620071e-10  5.97881453e-09 
 1.26230213e-05  1.99722899e-01  2.01463102e-01  2.01342405e-01 -1.52603945e-05  3.52831391e-10  4.68017051e-09 
 1.26308275e-05  1.99723883e-01  2.01613980e-01  2.01569241e-01 -1.52505517e-05  1.22952365e-10  2.43662512e-09 
 1.26405468e-05  1.99724825e-01  2.01538449e-01  2.01565141e-01 -1.52635497e-05 -7.49969141e-11  1.44551279e-09 
 1.26550362e-05  1.99724877e-01  2.01156609e-01  2.01226600e-01 -1.52543448e-05 -2.21683427e-10  3.29699663e-10 
 1.26768938e-05  1.99724176e-01  2.00576318e-01  2.00624066e-01 -1.52677041e-05 -1.70107388e-10 -1.66083102e-10 
 1.26975849e-05  1.99723274e-01  2.00326580e-01  2.00329876e-01 -1.52567595e-05 -4.66328018e-11 -2.42632165e-10 
 1.27250374e-05  1.99723107e-01  2.00347624e-01  2.00325156e-01 -1.52674856e-05  3.50728461e-11 -2.30357063e-11 
 1.27576796e-05  1.99723186e-01  2.00457864e-01  2.00442344e-01 -1.52556710e-05  1.62411399e-11  3.53743413e-11 
 1.28003224e-05  1.99723442e-01  2.00448990e-01  2.00444243e-01 -1.52670493e-05 -1.38447923e-11  2.64619338e-11 
 1.28545387e-05  1.99723219e-01  2.00379851e-01  2.00371286e-01 -1.52559258e-05 -6.00297069e-12 -3.00889912e-11 
 1.29543533e-05  1.99723323e-01  2.00369905e-01  2.00359047e-01 -1.52670890e-05  3.41875053e-12  2.62294346e-11 
 1.30543533e-05  1.99723232e-01  2.00352151e-01  2.00343739e-01 -1.52558508e-05 -6.03135684e-12 -1.30089162e-11 
 1.31543533e-05  1.99723327e-01  2.00335075e-01  2.00324419e-01 -1.52671295e-05  2.37390945e-12  1.45139235e-11 
 1.32543533e-05  1.99723238e-01  2.00338200e-01  2.00328614e-01 -1.52558315e-05 -2.47580580e-12 -4.87946906e-12 
 1.33543533e-05  1.99723362e-01  2.00328629e-01  2.00318680e-01 -1.52671258e-05  2.59029777e-13  1.19215202e-11 
 1.34543533e-05  1.99723255e-01  2.00329729e-01  2.00319600e-01 -1.52558423e-05 -9.52325458e-13 -4.53343884e-12 
 1.35543533e-05  1.99723394e-01  2.00328240e-01  2.00318397e-01 -1.52671126e-05 -5.41016884e-15  1.28842112e-11 
 1.36543533e-05  1.99723284e-01  2.00326668e-01  2.00316570e-01 -1.52558519e-05 -1.08382812e-12 -5.16745289e-12 
 1.37543533e-05  1.99723423e-01  2.00327565e-01  2.00317580e-01 -1.52671064e-05  4.14123163e-13  1.30205986e-11 
 1.38543533e-05  1.99723316e-01  2.00326384e-01  2.00316396e-01 -1.52558550e-05 -1.39490980e-12 -4.65964024e-12 
 1.39543533e-05  1.99723452e-01  2.00326804e-01  2.00316743e-01 -1.52671046e-05  6.15981224e-13  1.21941103e-11 
 1.40543533e-05  1.99723347e-01  2.00326589e-01  2.00316624e-01 -1.52558564e-05 -1.44178072e-12 -3.70351726e-12 
 1.41543533e-05  1.99723483e-01  2.00326509e-01  2.00316451e-01 -1.52671028e-05  5.89508260e-13  1.13073743e-11 
 1.42543533e-05  1.99723378e-01  2.00326613e-01  2.00316631e-01 -1.52558587e-05 -1.37703564e-12 -2.93859538e-12 
 1.43543533e-05  1.99723514e-01  2.00326529e-01  2.00316487e-01 -1.52671001e-05  5.32614534e-13  1.06771375e-11 
 1.44543533e-05  1.99723409e-01  2.00326562e-01  2.00316568e-01 -1.52558616e-05 -1.33722482e-12 -2.40490413e-12 
 1.45271766e-05  1.99723541e-01  2.00326602e-01  2.00316565e-01 -1.52670965e-05  5.13090221e-13  1.01204315e-11 
 1.46000000e-05  1.99723432e-01  2.00326544e-01  2.00316551e-01 -1.52558656e-05 -1.33172163e-12 -1.80985749e-12 
 1.46001027e-05  1.99711620e-01  2.00285970e-01  2.00314950e-01 -1.65904025e-05 -5.18813111e-09 -2.91804448e-08 
 1.46003080e-05  1.99703354e-01  2.00241220e-01  2.00310109e-01 -1.67951396e-05 -1.37665976e-08 -8.55733557e-08 
 1.46005796e-05  1.99698010e-01  2.00237949e-01  2.00301807e-01 -1.68012792e-05 -2.27332814e-08 -1.53308929e-07 
 1.46009175e-05  1.99690076e-01  2.00251469e-01  2.00293312e-01 -1.71950383e-05 -3.29096247e-08 -2.28418645e-07 
 1.46012501e-05  1.99686958e-01  2.00268066e-01  2.00287877e-01 -1.85783901e-05 -4.11832219e-08 -2.93131685e-07 
 1.46014756e-05  1.99688873e-01  2.00281664e-01  2.00285890e-01 -2.12076048e-05 -4.55118777e-08 -3.31529604e-07 
 1.46016520e-05  1.99695982e-01  2.00294996e-01  2.00285374e-01 -2.47063323e-05 -4.78199882e-08 -3.58067806e-07 
 1.46018276e-05  1.99707076e-01  2.00310122e-01  2.00285860e-01 -2.97474023e-05 -4.90059886e-08 -3.80945284e-07 
 1.46019901e-05  1.99721622e-01  2.00326951e-01  2.00287287e-01 -3.56980847e-05 -4.88085826e-08 -3.98596862e-07 
 1.46021269e-05  1.99734658e-01  2.00343010e-01  2.00289295e-01 -4.16022600e-05 -4.72529440e-08 -4.10330489e-07 
 1.46022401e-05  1.99745219e-01  2.00358578e-01  2.00291574e-01 -4.68850416e-05 -4.45123938e-08 -4.17466635e-07 
 1.46023364e-05  1.99751678e-01  2.00373611e-01  2.00294010e-01 -5.15460061e-05 -4.06423002e-08 -4.21221659e-07 
 1.46024212e-05  1.99754382e-01  2.00389055e-01  2.00296588e-01 -5.55728128e-05 -3.55276143e-08 -4.22365051e-07 
 1.46024991e-05  1.99752279e-01  2.00405477e-01  2.00299370e-01 -5.90780091e-05 -2.88736447e-08 -4.21124160e-07 
 1.46025771e-05  1.99745411e-01  2.00424778e-01  2.00302619e-01 -6.22038669e-05 -1.98166594e-08 -4.17210082e-07 
 1.46026656e-05  1.99734263e-01  2.00450066e-01  2.00306962e-01 -6.53065341e-05 -6.60399753e-09 -4.09050307e-07 
 1.46027605e-05  1.99723678e-01  2.00479386e-01  2.00312466e-01 -6.82649340e-05  9.94604467e-09 -3.95974173e-07 
 1.46028656e-05  1.99715697e-01  2.00511220e-01  2.00319582e-01 -7.14014398e-05  2.93671237e-08 -3.76766480e-07 
 1.46029803e-05  1.99711696e-01  2.00542574e-01  2.00328432e-01 -7.47995712e-05  5.02734295e-08 -3.50995925e-07 
 1.46031103e-05  1.99711951e-01  2.00572451e-01  2.00339536e-01 -7.86513187e-05  7.24981705e-08 -3.16795434e-07 
 1.46032491e-05  1.99716421e-01  2.00597268e-01  2.00352241e-01 -8.25180661e-05  9.39140737e-08 -2.75771198e-07 
 1.46034054e-05  1.99724788e-01  2.00616022e-01  2.00367059e-01 -8.59787167e-05  1.14636541e-07 -2.25781499e-07 
 1.46035195e-05  1.99732083e-01  2.00622148e-01  2.00377859e-01 -8.68499651e-05  1.26599203e-07 -1.88228028e-07 
 1.46035919e-05  1.99736532e-01  2.00620683e-01  2.00384521e-01 -8.51425082e-05  1.31614504e-07 -1.64991645e-07 
 1.46036475e-05  1.99739388e-01  2.00614312e-01  2.00389430e-01 -8.13971642e-05  1.32813955e-07 -1.48332668e-07 
 1.46037049e-05  1.99741497e-01  2.00600571e-01  2.00394152e-01 -7.53734533e-05  1.30437528e-07 -1.33192146e-07 
 1.46037796e-05  1.99743009e-01  2.00570995e-01  2.00399498e-01 -6.55541921e-05  1.21271860e-07 -1.17694689e-07 
 1.46038509e-05  1.99743340e-01  2.00532823e-01  2.00403499e-01 -5.56065815e-05  1.06890998e-07 -1.07830750e-07 
 1.46039506e-05  1.99742445e-01  2.00471496e-01  2.00406967e-01 -4.28999259e-05  8.09208025e-08 -1.01914922e-07 
 1.46040618e-05  1.99740305e-01  2.00403959e-01  2.00407869e-01 -3.22648817e-05  4.93514242e-08 -1.04482263e-07 
 1.46041479e-05  1.99738243e-01  2.00358656e-01  2.00406630e-01 -2.68083486e-05  2.63484763e-08 -1.11462008e-07 
 1.46042329e-05  1.99736080e-01  2.00322637e-01  2.00404090e-01 -2.32961049e-05  6.69471616e-09 -1.21140318e-07 
 1.46043297e-05  1.99733571e-01  2.00291732e-01  2.00400029e-01 -2.08562802e-05 -1.14941478e-08 -1.34258182e-07 
 1.46044276e-05  1.99731048e-01  2.00269720e-01  2.00395060e-01 -1.95184891e-05 -2.56073388e-08 -1.48787463e-07 
 1.46045399e-05  1.99728196e-01  2.00252974e-01  2.00388745e-01 -1.87463081e-05 -3.74175310e-08 -1.66060609e-07 
 1.46046611e-05  1.99725173e-01  2.00241754e-01  2.00381584e-01 -1.84071636e-05 -4.62647820e-08 -1.84722541e-07 
 1.46048075e-05  1.99721574e-01  2.00233718e-01  2.00372825e-01 -1.82662745e-05 -5.34331228e-08 -2.06737097e-07 
 1.46049038e-05  1.99719237e-01  2.00230394e-01  2.00367130e-01 -1.82551782e-05 -5.67549959e-08 -2.20707170e-07 
 1.46050000e-05  1.99716914e-01  2.00227884e-01  2.00361541e-01 -1.82487477e-05 -5.94179318e-08 -2.34225332e-07 
 1.46050015e-05  1.99718159e-01  2.00229190e-01  2.00361455e-01 -1.74920556e-05 -5.93484616e-08 -2.34104431e-07 
 1.46050045e-05  1.99720278e-01  2.00231692e-01  2.00361285e-01 -1.71829246e-05 -5.92073945e-08 -2.33840169e-07 
 1.46050105e-05  1.99722472e-01  2.00236149e-01  2.00360955e-01 -1.68890647e-05 -5.89241581e-08 -2.33237570e-07 
 1.46050195e-05  1.99723220e-01  2.00241570e-01  2.00360482e-01 -1.67898404e-05 -5.85322161e-08 -2.32321048e-07 
 1.46050335e-05  1.99723395e-01  2.00248635e-01  2.00359780e-01 -1.65712193e-05 -5.79684784e-08 -2.30915975e-07 
 1.46050616e-05  1.99723448e-01  2.00260827e-01  2.00358494e-01 -1.62937340e-05 -5.69705744e-08 -2.28165962e-07 
 1.46051178e-05  1.99723544e-01  2.00279912e-01  2.00356312e-01 -1.58452928e-05 -5.53448425e-08 -2.22873726e-07 
 1.46052302e-05  1.99723612e-01  2.00301629e-01  2.00352990e-01 -1.54542912e-05 -5.28656595e-08 -2.12908052e-07 
 1.46054550e-05  1.99723805e-01  2.00310194e-01  2.00348077e-01 -1.52383711e-05 -4.88134257e-08 -1.94700515e-07 
 1.46057418e-05  1.99724026e-01  2.00298650e-01  2.00342254e-01 -1.52745200e-05 -4.39080086e-08 -1.73922820e-07 
 1.46061478e-05  1.99724355e-01  2.00276910e-01  2.00332568e-01 -1.52546792e-05 -3.74439759e-08 -1.48253048e-07 
 1.46067530e-05  1.99724746e-01  2.00242120e-01  2.00314630e-01 -1.52779316e-05 -2.94539613e-08 -1.16774549e-07 
 1.46079634e-05  1.99725389e-01  2.00166799e-01  2.00267782e-01 -1.52556032e-05 -1.81373300e-08 -7.19522551e-08 
 1.46103842e-05  1.99726080e-01  2.00002752e-01  2.00141850e-01 -1.52785332e-05 -6.55899713e-09 -2.56534329e-08 
 1.46152259e-05  1.99726275e-01  1.99675836e-01  1.99834323e-01 -1.52540852e-05 -4.93886600e-10 -8.40809031e-10 
 1.46229662e-05  1.99725272e-01  1.99284359e-01  1.99391779e-01 -1.52739670e-05 -3.08404052e-10 -1.33220069e-10 
 1.46306225e-05  1.99724174e-01  1.99117570e-01  1.99148862e-01 -1.52489526e-05 -1.57802930e-10 -1.96938840e-10 
 1.46407012e-05  1.99723283e-01  1.99178111e-01  1.99134185e-01 -1.52697000e-05  7.09205663e-11  8.46818682e-12 
 1.46536316e-05  1.99723097e-01  1.99502819e-01  1.99417329e-01 -1.52446182e-05  2.02398288e-10  1.17694290e-10 
 1.46731551e-05  1.99723740e-01  2.00034100e-01  1.99960511e-01 -1.52652789e-05  1.86628026e-10  1.40167635e-10 
 1.46941213e-05  1.99724591e-01  2.00341011e-01  2.00311002e-01 -1.52417182e-05  6.32508004e-11  5.66137756e-11 
 1.47204633e-05  1.99724972e-01  2.00359918e-01  2.00360499e-01 -1.52650144e-05 -2.76493015e-11 -1.23421761e-11 
 1.47517598e-05  1.99724850e-01  2.00244408e-01  2.00242628e-01 -1.52427383e-05 -2.61674447e-11 -2.01149702e-11 
 1.47758799e-05  1.99724698e-01  2.00217852e-01  2.00206995e-01 -1.52656333e-05  1.10751946e-12  3.71778509e-13 
 1.48000000e-05  1.99724705e-01  2.00242856e-01  2.00229107e-01 -1.52426636e-05  9.48118862e-12  7.08021407e-12 
 1.48000130e-05  1.99732489e-01  2.00255976e-01  2.00229194e-01 -1.36332274e-05  1.96982848e-09  7.13824464e-10 
 1.48000389e-05  1.99739111e-01  2.00277771e-01  2.00229480e-01 -1.26386879e-05  5.69875251e-09  2.01917598e-09 
 1.48000908e-05  1.99742651e-01  2.00308663e-01  2.00230584e-01 -1.16613761e-05  1.17458068e-08  4.35361366e-09 
 1.48001418e-05  1.99748980e-01  2.00330706e-01  2.00232179e-01 -1.08420202e-05  1.62782809e-08  6.48288278e-09 
 1.48002436e-05  1.99758322e-01  2.00353961e-01  2.00236178e-01 -1.01688126e-05  2.29962784e-08  1.03827882e-08 
 1.48004474e-05  1.99779429e-01  2.00358782e-01  2.00244806e-01 -9.60482094e-06  3.18868440e-08  1.74382881e-08 
 1.48007052e-05  1.99804558e-01  2.00335298e-01  2.00253851e-01 -9.63869750e-06  3.99581007e-08  2.54581874e-08 
 1.48010536e-05  1.99840168e-01  2.00293091e-01  2.00260408e-01 -9.56891793e-06  4.92580506e-08  3.50979848e-08 
 1.48015416e-05  1.99891477e-01  2.00225416e-01  2.00258422e-01 -1.00514730e-05  5.66257747e-08  4.64642558e-08 
 1.48016450e-05  1.99904951e-01  2.00209876e-01  2.00256364e-01 -1.02408102e-05  5.57306442e-08  4.85503529e-08 
 1.48018517e-05  1.99937116e-01  2.00176067e-01  2.00250534e-01 -1.17669731e-05  3.91576940e-08  5.21330674e-08 
 1.48020045e-05  1.99971056e-01  2.00148142e-01  2.00244697e-01 -1.39892703e-05  3.85091708e-09  5.40815051e-08 
 1.48021340e-05  2.00007957e-01  2.00121381e-01  2.00238640e-01 -1.71047817e-05 -5.44778466e-08  5.49866615e-08 
 1.48022629e-05  2.00053455e-01  2.00091108e-01  2.00231482e-01 -2.11695129e-05 -1.51039060e-07  5.49544987e-08 
 1.48023938e-05  2.00106342e-01  2.00056011e-01  2.00222913e-01 -2.60752928e-05 -3.01866106e-07  5.36930070e-08 
 1.48025194e-05  2.00161613e-01  2.00017024e-01  2.00213288e-01 -3.06005659e-05 -5.11011475e-07  5.10273361e-08 
 1.48026315e-05  2.00211570e-01  1.99976403e-01  2.00203347e-01 -3.36660234e-05 -7.65827086e-07  4.71306597e-08 
 1.48027394e-05  2.00258244e-01  1.99930627e-01  2.00192376e-01 -3.49817346e-05 -1.08619285e-06  4.17295037e-08 
 1.48028576e-05  2.00305630e-01  1.99874184e-01  2.00178519e-01 -3.57301391e-05 -1.53132764e-06  3.38130952e-08 
 1.48029937e-05  2.00354249e-01  1.99806764e-01  2.00160070e-01 -3.68850943e-05 -2.16030545e-06  2.23756355e-08 
 1.48031144e-05  2.00390892e-01  1.99749479e-01  2.00141591e-01 -3.82355760e-05 -2.81029670e-06  1.05152678e-08 
 1.48032383e-05  2.00421511e-01  1.99695361e-01  2.00120842e-01 -3.96960255e-05 -3.55268507e-06 -2.97350434e-09 
 1.48033619e-05  2.00443540e-01  1.99647389e-01  2.00098665e-01 -4.11734769e-05 -4.35427421e-06 -1.74275872e-08 
 1.48034603e-05  2.00452278e-01  1.99614491e-01  2.00080222e-01 -4.21487873e-05 -5.02192755e-06 -2.93513020e-08 
 1.48035124e-05  2.00450841e-01  1.99599609e-01  2.00070270e-01 -4.25257825e-05 -5.37930853e-06 -3.56747408e-08 
 1.48035493e-05  2.00444099e-01  1.99590568e-01  2.00063155e-01 -4.26014451e-05 -5.63047472e-06 -4.00807973e-08 
 1.48035792e-05  2.00431484e-01  1.99584696e-01  2.00057379e-01 -4.24663456e-05 -5.82856381e-06 -4.35191983e-08 
 1.48036060e-05  2.00410578e-01  1.99581152e-01  2.00052216e-01 -4.20490268e-05 -5.99722827e-06 -4.64014319e-08 
 1.48036342e-05  2.00376291e-01  1.99580398e-01  2.00046824e-01 -4.12149672e-05 -6.15975462e-06 -4.90857835e-08 
 1.48036708e-05  2.00316820e-01  1.99586386e-01  2.00039945e-01 -3.94996656e-05 -6.33946858e-06 -5.17937971e-08 
 1.48037044e-05  2.00255124e-01  1.99600160e-01  2.00033837e-01 -3.74049895e-05 -6.46854352e-06 -5.33556036e-08 
 1.48037524e-05  2.00168875e-01  1.99632010e-01  2.00025710e-01 -3.38984465e-05 -6.59092916e-06 -5.40237252e-08 
 1.48037945e-05  2.00102376e-01  1.99668428e-01  2.00019261e-01 -3.06131164e-05 -6.64362720e-06 -5.32729689e-08 
 1.48038311e-05  2.00055144e-01  1.99702910e-01  2.00014273e-01 -2.78311857e-05 -6.65432399e-06 -5.18334095e-08 
 1.48038707e-05  2.00014838e-01  1.99740130e-01  2.00009511e-01 -2.50242992e-05 -6.63689548e-06 -4.96934827e-08 
 1.48039179e-05  1.99980222e-01  1.99781122e-01  2.00004678e-01 -2.20898056e-05 -6.58667774e-06 -4.66585426e-08 
 1.48039630e-05  1.99958210e-01  1.99815150e-01  2.00000807e-01 -1.97252388e-05 -6.51708747e-06 -4.34891111e-08 
 1.48040143e-05  1.99942952e-01  1.99846626e-01  1.99997147e-01 -1.75568983e-05 -6.42123382e-06 -3.97886377e-08 
 1.48040673e-05  1.99934961e-01  1.99871068e-01  1.99994040e-01 -1.58325402e-05 -6.31104472e-06 -3.60207572e-08 
 1.48041306e-05  1.99932050e-01  1.99890985e-01  1.99990961e-01 -1.43309635e-05 -6.17114334e-06 -3.16819563e-08 
 1.48042002e-05  1.99933976e-01  1.99903452e-01  1.99988113e-01 -1.32064395e-05 -6.01336775e-06 -2.71811072e-08 
 1.48042868e-05  1.99940422e-01  1.99909152e-01  1.99984987e-01 -1.23379192e-05 -5.81681057e-06 -2.19564386e-08 
 1.48043886e-05  1.99950863e-01  1.99906867e-01  1.99981517e-01 -1.17696182e-05 -5.58997250e-06 -1.62715314e-08 
 1.48045239e-05  1.99966731e-01  1.99895614e-01  1.99976760e-01 -1.14160056e-05 -5.29918999e-06 -9.30876406e-09 
 1.48046999e-05  1.99988621e-01  1.99874413e-01  1.99969840e-01 -1.12403424e-05 -4.94145589e-06 -1.02538673e-09 
 1.48048500e-05  2.00007668e-01  1.99853741e-01  1.99963094e-01 -1.11921187e-05 -4.65486771e-06  5.47840760e-09 
 1.48050000e-05  2.00026849e-01  1.99831994e-01  1.99955506e-01 -1.11651384e-05 -4.38443467e-06  1.15475600e-08 
 1.48050031e-05  2.00023211e-01  1.99827782e-01  1.99955334e-01 -1.22234075e-05 -4.37943971e-06  1.14820191e-08 
 1.48050094e-05  2.00018032e-01  1.99819947e-01  1.99954982e-01 -1.27122859e-05 -4.36945740e-06  1.13674900e-08 
 1.48050218e-05  2.00015202e-01  1.99806798e-01  1.99954227e-01 -1.29640846e-05 -4.34941644e-06  1.12099982e-08 
 1.48050458e-05  2.00014176e-01  1.99785795e-01  1.99952627e-01 -1.34218415e-05 -4.31070748e-06  1.09932740e-08 
 1.48050806e-05  2.00012715e-01  1.99759565e-01  1.99950002e-01 -1.39177749e-05 -4.25433605e-06  1.07573176e-08 
 1.48051501e-05  2.00011727e-01  1.99719390e-01  1.99943951e-01 -1.45534613e-05 -4.14220828e-06  1.04748621e-08 
 1.48052892e-05  2.00011052e-01  1.99673193e-01  1.99930001e-01 -1.51006924e-05 -3.92427132e-06  1.02234852e-08 
 1.48054469e-05  2.00011276e-01  1.99650217e-01  1.99912984e-01 -1.52356833e-05 -3.68997788e-06  1.00916366e-08 
 1.48057190e-05  2.00011181e-01  1.99631561e-01  1.99883868e-01 -1.52726318e-05 -3.31773028e-06  9.83730134e-09 
 1.48060367e-05  2.00011423e-01  1.99618663e-01  1.99851760e-01 -1.52604768e-05 -2.93014407e-06  9.46518286e-09 
 1.48066085e-05  2.00011428e-01  1.99600246e-01  1.99799972e-01 -1.52667477e-05 -2.34142184e-06  8.66157978e-09 
 1.48075300e-05  2.00011783e-01  1.99580377e-01  1.99731610e-01 -1.52594553e-05 -1.62724720e-06  7.24048084e-09 
 1.48093729e-05  2.00011891e-01  1.99570405e-01  1.99642086e-01 -1.52658031e-05 -7.65965427e-07  4.60896893e-09 
 1.48130588e-05  2.00012240e-01  1.99631935e-01  1.99598889e-01 -1.52589278e-05 -1.24796090e-07  1.37347188e-09 
 1.48193475e-05  2.00012181e-01  1.99858582e-01  1.99750844e-01 -1.52663551e-05  1.29402447e-08 -9.51873611e-12 
 1.48261354e-05  2.00012566e-01  2.00139903e-01  2.00025407e-01 -1.52593507e-05 -1.50890510e-09  1.73518215e-10 
 1.48345863e-05  2.00012904e-01  2.00423465e-01  2.00334857e-01 -1.52655273e-05  6.71036713e-10  1.85713151e-10 
 1.48448120e-05  2.00013617e-01  2.00625030e-01  2.00575786e-01 -1.52577519e-05 -1.76661138e-11  1.10508981e-10 
 1.48607799e-05  2.00013970e-01  2.00694053e-01  2.00688074e-01 -1.52643396e-05  7.02298098e-11  1.45770339e-11 
 1.48847398e-05  2.00014202e-01  2.00556923e-01  2.00567915e-01 -1.52578575e-05 -1.06968905e-10 -3.98719396e-11 
 1.49171281e-05  2.00013774e-01  2.00411260e-01  2.00405321e-01 -1.52652410e-05  1.77148042e-11 -1.42123951e-11 
 1.49524429e-05  2.00013835e-01  2.00447636e-01  2.00430035e-01 -1.52580435e-05 -3.65883886e-12  1.49228691e-11 
 1.50009102e-05  2.00013814e-01  2.00536081e-01  2.00523946e-01 -1.52648152e-05  2.53973539e-11  6.50706046e-12 
 1.50756099e-05  2.00014023e-01  2.00548441e-01  2.00539482e-01 -1.52579802e-05 -2.03880354e-11 -1.71658635e-12 
 1.51655824e-05  2.00013878e-01  2.00568852e-01  2.00556793e-01 -1.52649321e-05  1.97183357e-11  4.56744045e-12 
 1.52655824e-05  2.00014103e-01  2.00598457e-01  2.00588855e-01 -1.52579335e-05 -1.43217669e-11  8.23315808e-13 
 1.53655824e-05  2.00013973e-01  2.00597351e-01  2.00586987e-01 -1.52649495e-05  1.16524041e-11  8.15444609e-13 
 1.54655824e-05  2.00014163e-01  2.00609719e-01  2.00599403e-01 -1.52579424e-05 -9.45887097e-12  2.31325820e-12 
 1.55655824e-05  2.00014049e-01  2.00610896e-01  2.00601069e-01 -1.52649376e-05  7.71114617e-12 -6.85689569e-14 
 1.56655824e-05  2.00014226e-01  2.00612327e-01  2.00602045e-01 -1.52579543e-05 -7.37416270e-12  2.08090354e-12 
 1.57655824e-05  2.00014112e-01  2.00615132e-01  2.00605197e-01 -1.52649320e-05  6.04937628e-12  2.67347071e-13 
 1.58655824e-05  2.00014291e-01  2.00614253e-01  2.00604179e-01 -1.52579558e-05 -6.14799574e-12  1.64057049e-12 
 1.59655824e-05  2.00014173e-01  2.00615662e-01  2.00605604e-01 -1.52649339e-05  4.73482776e-12  4.85009168e-13 
 1.60655824e-05  2.00014355e-01  2.00615532e-01  2.00605533e-01 -1.52579529e-05 -4.84297736e-12  1.54831004e-12 
 1.61655824e-05  2.00014235e-01  2.00615663e-01  2.00605598e-01 -1.52649368e-05  3.38171310e-12  4.42321147e-13 
 1.62655824e-05  2.00014417e-01  2.00615979e-01  2.00605965e-01 -1.52579507e-05 -3.56183854e-12  1.62542983e-12 
 1.63655824e-05  2.00014298e-01  2.00615834e-01  2.00605796e-01 -1.52649383e-05  2.19245997e-12  3.56350420e-13 
 1.64655824e-05  2.00014479e-01  2.00616039e-01  2.00606005e-01 -1.52579497e-05 -2.50664615e-12  1.68535314e-12 
 1.65655824e-05  2.00014360e-01  2.00616021e-01  2.00605994e-01 -1.52649392e-05  1.25962587e-12  3.18833339e-13 
 1.66655824e-05  2.00014541e-01  2.00616063e-01  2.00606027e-01 -1.52579488e-05 -1.68731717e-12  1.70281410e-12 
 1.67327912e-05  2.00014412e-01  2.00616114e-01  2.00606085e-01 -1.52649404e-05  3.75244540e-13  3.08609637e-13 
 1.68000000e-05  2.00014583e-01  2.00616111e-01  2.00606080e-01 -1.52579472e-05 -7.59074227e-13  1.71227090e-12 
 1.68000650e-05  1.99994239e-01  2.00571898e-01  2.00604959e-01 -1.75818387e-05 -6.43095147e-09 -3.04900690e-09 
 1.68001951e-05  1.99973224e-01  2.00515633e-01  2.00601347e-01 -1.89455888e-05 -1.54801019e-08 -8.48113898e-09 
 1.68004107e-05  1.99946883e-01  2.00497950e-01  2.00592700e-01 -1.93965240e-05 -2.32027029e-08 -1.61095064e-08 
 1.68006382e-05  1.99916800e-01  2.00516052e-01  2.00584367e-01 -1.95557507e-05 -2.99616849e-08 -2.33748349e-08 
 1.68008937e-05  1.99885954e-01  2.00545398e-01  2.00578179e-01 -1.97844681e-05 -3.61558779e-08 -3.07609668e-08 
 1.68012567e-05  1.99843603e-01  2.00592612e-01  2.00575579e-01 -2.13948236e-05 -3.80074022e-08 -3.99295642e-08 
 1.68014814e-05  1.99824249e-01  2.00627012e-01  2.00577661e-01 -2.40924791e-05 -2.87763423e-08 -4.47063375e-08 
 1.68016590e-05  1.99812761e-01  2.00656943e-01  2.00581386e-01 -2.78881046e-05 -9.11549397e-09 -4.78961289e-08 
 1.68018363e-05  1.99808255e-01  2.00691056e-01  2.00587041e-01 -3.32259737e-05  2.72955233e-08 -5.04456819e-08 
 1.68019992e-05  1.99807065e-01  2.00725308e-01  2.00594051e-01 -3.96323659e-05  8.18029383e-08 -5.21396907e-08 
 1.68021360e-05  1.99809051e-01  2.00757697e-01  2.00601371e-01 -4.59123826e-05  1.49893934e-07 -5.29363058e-08 
 1.68022492e-05  1.99809589e-01  2.00786975e-01  2.00608499e-01 -5.17022846e-05  2.28295048e-07 -5.30414136e-08 
 1.68023456e-05  1.99809128e-01  2.00814833e-01  2.00615400e-01 -5.68407258e-05  3.17269898e-07 -5.25874581e-08 
 1.68024308e-05  1.99805201e-01  2.00842027e-01  2.00622201e-01 -6.14966103e-05  4.19385043e-07 -5.16412481e-08 
 1.68025096e-05  1.99798170e-01  2.00870342e-01  2.00629147e-01 -6.56937896e-05  5.40310370e-07 -5.01546668e-08 
 1.68025896e-05  1.99786354e-01  2.00902788e-01  2.00636940e-01 -6.98105812e-05  6.96690264e-07 -4.78872459e-08 
 1.68026792e-05  1.99771842e-01  2.00943660e-01  2.00646662e-01 -7.41569763e-05  9.17687401e-07 -4.43196613e-08 
 1.68027799e-05  1.99758502e-01  2.00993062e-01  2.00658974e-01 -7.89100020e-05  1.22360811e-06 -3.90841930e-08 
 1.68028836e-05  1.99750364e-01  2.01044306e-01  2.00673188e-01 -8.37026939e-05  1.59512602e-06 -3.25749033e-08 
 1.68030006e-05  1.99747290e-01  2.01099572e-01  2.00690959e-01 -8.90652000e-05  2.07175893e-06 -2.41881328e-08 
 1.68031323e-05  1.99750602e-01  2.01156857e-01  2.00712889e-01 -9.48834435e-05  2.66714081e-06 -1.37543770e-08 
 1.68032751e-05  1.99760091e-01  2.01212103e-01  2.00738510e-01 -1.00659601e-04  3.36489238e-06 -1.63299033e-09 
 1.68034305e-05  1.99775472e-01  2.01263043e-01  2.00768001e-01 -1.05539352e-04  4.16263395e-06  1.20441911e-08 
 1.68035463e-05  1.99788636e-01  2.01292501e-01  2.00790616e-01 -1.06832738e-04  4.76130913e-06  2.21017360e-08 
 1.68036168e-05  1.99796454e-01  2.01304108e-01  2.00804467e-01 -1.04616806e-04  5.11270627e-06  2.78206076e-08 
 1.68036715e-05  1.99801584e-01  2.01306827e-01  2.00815089e-01 -1.00170424e-04  5.36475059e-06  3.17155182e-08 
 1.68037306e-05  1.99805851e-01  2.01301069e-01  2.00826266e-01 -9.29615186e-05  5.60415119e-06  3.50890104e-08 
 1.68038020e-05  1.99808988e-01  2.01281838e-01  2.00839086e-01 -8.21863217e-05  5.83621371e-06  3.77785323e-08 
 1.68038792e-05  1.99809995e-01  2.01249071e-01  2.00851751e-01 -6.97214834e-05  6.00985703e-06  3.89286544e-08 
 1.68039827e-05  1.99807907e-01  2.01195430e-01  2.00866366e-01 -5.43186369e-05  6.12151547e-06  3.79494534e-08 
 1.68040732e-05  1.99803561e-01  2.01148021e-01  2.00876869e-01 -4.35994371e-05  6.12150661e-06  3.52573428e-08 
 1.68041555e-05  1.99798159e-01  2.01110550e-01  2.00884716e-01 -3.63433052e-05  6.06128262e-06  3.18484198e-08 
 1.68042450e-05  1.99791210e-01  2.01078764e-01  2.00891750e-01 -3.07615915e-05  5.95001442e-06  2.75543061e-08 
 1.68043406e-05  1.99782984e-01  2.01055638e-01  2.00897957e-01 -2.68556854e-05  5.79678629e-06  2.26655281e-08 
 1.68044407e-05  1.99773814e-01  2.01042132e-01  2.00903485e-01 -2.43479837e-05  5.61431275e-06  1.74874510e-08 
 1.68045507e-05  1.99763361e-01  2.01037260e-01  2.00908918e-01 -2.27625724e-05  5.40150132e-06  1.19155189e-08 
 1.68046739e-05  1.99751399e-01  2.01040630e-01  2.00914687e-01 -2.18345596e-05  5.15943592e-06  5.93999853e-09 
 1.68048183e-05  1.99737222e-01  2.01052155e-01  2.00921518e-01 -2.13288295e-05  4.88009165e-06 -6.61056630e-10 
 1.68049091e-05  1.99728256e-01  2.01062115e-01  2.00926000e-01 -2.11859645e-05  4.70930804e-06 -4.58989701e-09 
 1.68050000e-05  1.99719290e-01  2.01073331e-01  2.00930700e-01 -2.11007295e-05  4.54338069e-06 -8.35436137e-09 
 1.68050016e-05  1.99721322e-01  2.01075588e-01  2.00930788e-01 -2.01720050e-05  4.54068374e-06 -8.32125095e-09 
 1.68050049e-05  1.99724600e-01  2.01079902e-01  2.00930967e-01 -1.97365047e-05  4.53531363e-06 -8.25967747e-09 
 1.68050114e-05  1.99727604e-01  2.01087657e-01  2.00931340e-01 -1.93319424e-05  4.52463421e-06 -8.16313347e-09 
 1.68050213e-05  1.99728525e-01  2.01097632e-01  2.00931934e-01 -1.90494302e-05  4.50851284e-06 -8.05919705e-09 
 1.68050382e-05  1.99728778e-01  2.01112536e-01  2.00933031e-01 -1.85184353e-05  4.48083919e-06 -7.91640900e-09 
 1.68050719e-05  1.99728921e-01  2.01138663e-01  2.00935477e-01 -1.77527820e-05  4.42540952e-06 -7.70034957e-09 
 1.68051393e-05  1.99729125e-01  2.01179248e-01  2.00941159e-01 -1.66497026e-05  4.31484093e-06 -7.45255368e-09 
 1.68052743e-05  1.99729280e-01  2.01226948e-01  2.00954396e-01 -1.56951932e-05  4.09793521e-06 -7.31858189e-09 
 1.68055127e-05  1.99729608e-01  2.01260777e-01  2.00979836e-01 -1.52675771e-05  3.73567004e-06 -7.39249470e-09 
 1.68057593e-05  1.99729869e-01  2.01275565e-01  2.01005991e-01 -1.52851206e-05  3.39283068e-06 -7.44260902e-09 
 1.68061311e-05  1.99730307e-01  2.01293169e-01  2.01043139e-01 -1.52479250e-05  2.93352052e-06 -7.35164720e-09 
 1.68066430e-05  1.99730797e-01  2.01313333e-01  2.01089580e-01 -1.52779266e-05  2.40036267e-06 -7.02894234e-09 
 1.68076666e-05  1.99731736e-01  2.01342208e-01  2.01167119e-01 -1.52450735e-05  1.60055218e-06 -6.03646263e-09 
 1.68097140e-05  1.99733101e-01  2.01361397e-01  2.01268579e-01 -1.52736668e-05  6.86296664e-07 -3.81691045e-09 
 1.68138086e-05  1.99734728e-01  2.01294218e-01  2.01312849e-01 -1.52402988e-05  7.64201826e-08 -9.60714225e-10 
 1.68199782e-05  1.99735425e-01  2.01061043e-01  2.01152357e-01 -1.52697163e-05 -7.28069128e-09  1.34522054e-12 
 1.68279186e-05  1.99735183e-01  2.00722074e-01  2.00819964e-01 -1.52383863e-05  1.23573511e-09 -1.98068098e-10 
 1.68362690e-05  1.99734506e-01  2.00441054e-01  2.00509185e-01 -1.52697002e-05 -6.00316402e-10 -1.83271306e-10 
 1.68475044e-05  1.99733780e-01  2.00235691e-01  2.00258902e-01 -1.52393398e-05  2.77547406e-11 -9.73809942e-11 
 1.68629106e-05  1.99733214e-01  2.00197383e-01  2.00179817e-01 -1.52702566e-05 -5.52534023e-11 -5.27179559e-12 
 1.68895373e-05  1.99733236e-01  2.00369285e-01  2.00337260e-01 -1.52386529e-05  1.09222594e-10  4.63826453e-11 
 1.69192766e-05  1.99733570e-01  2.00503779e-01  2.00490071e-01 -1.52691712e-05 -1.91545375e-11  1.47812191e-11 
 1.69576134e-05  1.99733707e-01  2.00463409e-01  2.00460878e-01 -1.52385537e-05  3.04993118e-12 -1.28419145e-11 
 1.70000000e-05  1.99733547e-01  2.00391745e-01  2.00383377e-01 -1.52696015e-05 -2.47769557e-11 -4.16381681e-12 
 1.70000208e-05  1.99739102e-01  2.00405165e-01  2.00383474e-01 -1.38786478e-05  1.36067961e-09  4.86389225e-09 
 1.70000624e-05  1.99742381e-01  2.00426314e-01  2.00383841e-01 -1.32372741e-05  3.89990152e-09  1.46137565e-08 
 1.70001342e-05  1.99742812e-01  2.00450238e-01  2.00385099e-01 -1.28488052e-05  7.47581616e-09  3.09384848e-08 
 1.70002087e-05  1.99745633e-01  2.00466314e-01  2.00386952e-01 -1.24880263e-05  1.05578812e-08  4.71930226e-08 
 1.70003575e-05  1.99748454e-01  2.00478983e-01  2.00391328e-01 -1.23708428e-05  1.59321291e-08  7.81642010e-08 
 1.70006552e-05  1.99756391e-01  2.00476851e-01  2.00399934e-01 -1.22376248e-05  2.54903846e-08  1.34787128e-07 
 1.70010726e-05  1.99765841e-01  2.00458395e-01  2.00408819e-01 -1.23413084e-05  3.73503539e-08  2.04262586e-07 
 1.70016987e-05  1.99788139e-01  2.00427100e-01  2.00414140e-01 -1.34973035e-05  5.08890313e-08  2.91319002e-07 
 1.70018449e-05  1.99799659e-01  2.00418164e-01  2.00414053e-01 -1.46667733e-05  5.23780988e-08  3.09005186e-07 
 1.70019947e-05  1.99820909e-01  2.00406989e-01  2.00413384e-01 -1.70365155e-05  5.15978268e-08  3.25230476e-07 
 1.70021237e-05  1.99846838e-01  2.00395041e-01  2.00412258e-01 -2.05065377e-05  4.84734856e-08  3.37039746e-07 
 1.70022515e-05  1.99882112e-01  2.00380978e-01  2.00410551e-01 -2.51126108e-05  4.24961244e-08  3.45963143e-07 
 1.70023815e-05  1.99925076e-01  2.00363468e-01  2.00408100e-01 -3.09027051e-05  3.29139472e-08  3.51318097e-07 
 1.70025068e-05  1.99972592e-01  2.00343010e-01  2.00404927e-01 -3.66715197e-05  1.97652062e-08  3.51907395e-07 
 1.70026209e-05  2.00017594e-01  2.00319925e-01  2.00401203e-01 -4.13376570e-05  3.71679541e-09  3.47481136e-07 
 1.70027289e-05  2.00060601e-01  2.00293008e-01  2.00396772e-01 -4.44385441e-05 -1.57920549e-08  3.37872321e-07 
 1.70028481e-05  2.00105912e-01  2.00258645e-01  2.00390673e-01 -4.73985839e-05 -4.17264863e-08  3.20554383e-07 
 1.70029792e-05  2.00152640e-01  2.00220356e-01  2.00382434e-01 -5.10902274e-05 -7.32155917e-08  2.93884030e-07 
 1.70031154e-05  2.00195899e-01  2.00185234e-01  2.00372374e-01 -5.53143017e-05 -1.06536984e-07  2.59072927e-07 
 1.70032556e-05  2.00233919e-01  2.00156344e-01  2.00360835e-01 -5.95819900e-05 -1.39646798e-07  2.17282658e-07 
 1.70033834e-05  2.00260334e-01  2.00137477e-01  2.00349670e-01 -6.32350351e-05 -1.67581067e-07  1.75339634e-07 
 1.70034654e-05  2.00270361e-01  2.00129815e-01  2.00342377e-01 -6.51844644e-05 -1.83565498e-07  1.47269386e-07 
 1.70035085e-05  2.00270903e-01  2.00127605e-01  2.00338550e-01 -6.60128415e-05 -1.90918186e-07  1.32422478e-07 
 1.70035476e-05  2.00265114e-01  2.00127201e-01  2.00335124e-01 -6.64265273e-05 -1.96361664e-07  1.19223777e-07 
 1.70035751e-05  2.00253818e-01  2.00128281e-01  2.00332746e-01 -6.64199164e-05 -1.99009812e-07  1.10264472e-07 
 1.70036015e-05  2.00233197e-01  2.00131016e-01  2.00330504e-01 -6.59624618e-05 -1.99951385e-07  1.02204807e-07 
 1.70036300e-05  2.00198383e-01  2.00137076e-01  2.00328163e-01 -6.48479100e-05 -1.98393675e-07  9.44966252e-08 
 1.70036652e-05  2.00141735e-01  2.00150960e-01  2.00325446e-01 -6.25153261e-05 -1.91978396e-07  8.68963939e-08 
 1.70036998e-05  2.00079767e-01  2.00172280e-01  2.00323063e-01 -5.93593941e-05 -1.80856872e-07  8.18113676e-08 
 1.70037487e-05  1.99993883e-01  2.00213317e-01  2.00320343e-01 -5.38801027e-05 -1.58487476e-07  7.85971614e-08 
 1.70037832e-05  1.99940179e-01  2.00247327e-01  2.00318973e-01 -4.96472605e-05 -1.39500024e-07  7.89010319e-08 
 1.70038180e-05  1.99894182e-01  2.00283054e-01  2.00318092e-01 -4.53467260e-05 -1.19160157e-07  8.09688699e-08 
 1.70038580e-05  1.99851222e-01  2.00323221e-01  2.00317695e-01 -4.05973841e-05 -9.56847073e-08  8.50693090e-08 
 1.70039040e-05  1.99813995e-01  2.00365606e-01  2.00318000e-01 -3.56175547e-05 -7.00639610e-08  9.14570056e-08 
 1.70039490e-05  1.99787965e-01  2.00401423e-01  2.00318989e-01 -3.13811596e-05 -4.74871471e-08  9.88587255e-08 
 1.70039991e-05  1.99767969e-01  2.00434224e-01  2.00320753e-01 -2.74275527e-05 -2.57445120e-08  1.07924063e-07 
 1.70040519e-05  1.99754223e-01  2.00461025e-01  2.00323194e-01 -2.40941921e-05 -6.83896023e-09  1.17944153e-07 
 1.70041140e-05  1.99744369e-01  2.00484043e-01  2.00326614e-01 -2.11072107e-05  1.06968860e-08  1.29968264e-07 
 1.70041833e-05  1.99738404e-01  2.00501362e-01  2.00330877e-01 -1.87285293e-05  2.52523885e-08  1.43335456e-07 
 1.70042680e-05  1.99735184e-01  2.00514478e-01  2.00336441e-01 -1.68088643e-05  3.77136769e-08  1.59373034e-07 
 1.70043682e-05  1.99734397e-01  2.00523172e-01  2.00343213e-01 -1.54597129e-05  4.73063418e-08  1.77736137e-07 
 1.70044981e-05  1.99735610e-01  2.00529124e-01  2.00351972e-01 -1.45604484e-05  5.48690935e-08  2.00511258e-07 
 1.70046649e-05  1.99738644e-01  2.00533475e-01  2.00362907e-01 -1.40793380e-05  6.05238555e-08  2.28158304e-07 
 1.70048325e-05  1.99742291e-01  2.00536831e-01  2.00373426e-01 -1.39118311e-05  6.41684472e-08  2.54307456e-07 
 1.70050000e-05  1.99746110e-01  2.00540008e-01  2.00383475e-01 -1.38488405e-05  6.70096173e-08  2.79068919e-07 
 1.70050042e-05  1.99743165e-01  2.00536605e-01  2.00383715e-01 -1.47597833e-05  6.67810856e-08  2.78612095e-07 
 1.70050126e-05  1.99739297e-01  2.00530504e-01  2.00384184e-01 -1.50932070e-05  6.63391810e-08  2.77469912e-07 
 1.70050294e-05  1.99737600e-01  2.00521160e-01  2.00385065e-01 -1.50854215e-05  6.55522224e-08  2.74799226e-07 
 1.70050584e-05  1.99736493e-01  2.00508392e-01  2.00386448e-01 -1.51893890e-05  6.43919430e-08  2.70386559e-07 
 1.70051102e-05  1.99734948e-01  2.00490235e-01  2.00388555e-01 -1.52276481e-05  6.26916570e-08  2.62751050e-07 
 1.70052137e-05  1.99734032e-01  2.00468527e-01  2.00391833e-01 -1.52787829e-05  5.99561043e-08  2.48345459e-07 
 1.70053599e-05  1.99733559e-01  2.00458560e-01  2.00395338e-01 -1.52571098e-05  5.66055008e-08  2.29521590e-07 
 1.70055621e-05  1.99733460e-01  2.00461746e-01  2.00399597e-01 -1.52632980e-05  5.22865479e-08  2.06019393e-07 
 1.70059025e-05  1.99732982e-01  2.00478484e-01  2.00407311e-01 -1.52479943e-05  4.56877672e-08  1.72069802e-07 
 1.70065835e-05  1.99732519e-01  2.00518747e-01  2.00426797e-01 -1.52593012e-05  3.48478377e-08  1.20838869e-07 
 1.70079454e-05  1.99731571e-01  2.00605326e-01  2.00480408e-01 -1.52465926e-05  2.01251922e-08  6.12931021e-08 
 1.70106692e-05  1.99730915e-01  2.00791354e-01  2.00627044e-01 -1.52576172e-05  6.24606563e-09  1.91686492e-08 
 1.70161169e-05  1.99730816e-01  2.01146480e-01  2.00973095e-01 -1.52471158e-05  1.57816098e-10  7.96631553e-09 
 1.70230212e-05  1.99731933e-01  2.01472107e-01  2.01351408e-01 -1.52603972e-05  3.51798614e-10  5.78648819e-09 
 1.70308275e-05  1.99732918e-01  2.01622988e-01  2.01578247e-01 -1.52505518e-05  1.22436529e-10  3.01357207e-09 
 1.70405467e-05  1.99733861e-01  2.01547458e-01  2.01574150e-01 -1.52635508e-05 -7.52295975e-11  1.69436374e-09 
 1.70550360e-05  1.99733913e-01  2.01165618e-01  2.01235610e-01 -1.52543435e-05 -2.21741372e-10  3.94744220e-10 
 1.70768941e-05  1.99733212e-01  2.00585309e-01  2.00633057e-01 -1.52677041e-05 -1.70115075e-10 -1.62601008e-10 
 1.70975852e-05  1.99732310e-01  2.00335570e-01  2.00338865e-01 -1.52567576e-05 -4.66302481e-11 -2.42068022e-10 
 1.71250377e-05  1.99732143e-01  2.00356619e-01  2.00334149e-01 -1.52674854e-05  3.50724974e-11 -2.32366886e-11 
 1.71576797e-05  1.99732222e-01  2.00466860e-01  2.00451339e-01 -1.52556690e-05  1.62425522e-11  3.55280404e-11 
 1.72003231e-05  1.99732478e-01  2.00457984e-01  2.00453237e-01 -1.52670491e-05 -1.38466851e-11  2.63327682e-11 
 1.72545384e-05  1.99732255e-01  2.00388844e-01  2.00380278e-01 -1.52559238e-05 -6.00193636e-12 -2.99774157e-11 
 1.73543534e-05  1.99732359e-01  2.00378898e-01  2.00368039e-01 -1.52670888e-05  3.41775740e-12  2.61240229e-11 
 1.74543534e-05  1.99732268e-01  2.00361142e-01  2.00352730e-01 -1.52558488e-05 -6.03052482e-12 -1.29120803e-11 
 1.75543534e-05  1.99732363e-01  2.00344066e-01  2.00333410e-01 -1.52671293e-05  2.37305921e-12  1.44231198e-11 
 1.76543534e-05  1.99732274e-01  2.00347191e-01  2.00337604e-01 -1.52558295e-05 -2.47496793e-12 -4.79443308e-12 
 1.77543534e-05  1.99732398e-01  2.00337620e-01  2.00327670e-01 -1.52671256e-05  2.58171739e-13  1.18420145e-11 
 1.78543534e-05  1.99732291e-01  2.00338720e-01  2.00328591e-01 -1.52558403e-05 -9.51485201e-13 -4.45917234e-12 
 1.79543534e-05  1.99732430e-01  2.00337230e-01  2.00327387e-01 -1.52671124e-05 -6.22895832e-15  1.28148883e-11 
 1.80543534e-05  1.99732320e-01  2.00335659e-01  2.00325561e-01 -1.52558499e-05 -1.08304815e-12 -5.10274966e-12 
 1.81543534e-05  1.99732459e-01  2.00336556e-01  2.00326571e-01 -1.52671062e-05  4.13379400e-13  1.29601614e-11 
 1.82543534e-05  1.99732352e-01  2.00335375e-01  2.00325386e-01 -1.52558530e-05 -1.39420246e-12 -4.60324319e-12 
 1.83543534e-05  1.99732488e-01  2.00335795e-01  2.00325733e-01 -1.52671044e-05  6.15301213e-13  1.21414245e-11 
 1.84543534e-05  1.99732383e-01  2.00335580e-01  2.00325615e-01 -1.52558544e-05 -1.44112738e-12 -3.65431996e-12 
 1.85543534e-05  1.99732519e-01  2.00335500e-01  2.00325441e-01 -1.52671026e-05  5.88873351e-13  1.12614266e-11 
 1.86543534e-05  1.99732414e-01  2.00335604e-01  2.00325621e-01 -1.52558567e-05 -1.37642090e-12 -2.89574728e-12 
 1.87543534e-05  1.99732550e-01  2.00335520e-01  2.00325478e-01 -1.52670999e-05  5.32013236e-13  1.06370759e-11 
 1.88543534e-05  1.99732445e-01  2.00335553e-01  2.00325559e-01 -1.52558596e-05 -1.33664239e-12 -2.36751433e-12 
 1.89271767e-05  1.99732577e-01  2.00335593e-01  2.00325555e-01 -1.52670963e-05  5.12537278e-13  1.00863271e-11 
 1.90000000e-05  1.99732468e-01  2.00335535e-01  2.00325541e-01 -1.52558636e-05 -1.33118451e-12 -1.77914492e-12 
 1.90001027e-05  1.99720656e-01  2.00294961e-01  2.00323940e-01 -1.65904013e-05 -5.18812656e-09 -2.91803873e-08 
 1.90003080e-05  1.99712390e-01  2.00250211e-01  2.00319099e-01 -1.67951384e-05 -1.37665863e-08 -8.55732495e-08 
 1.90005796e-05  1.99707046e-01  2.00246940e-01  2.00310798e-01 -1.68012779e-05 -2.27332659e-08 -1.53308794e-07 
 1.90009175e-05  1.99699112e-01  2.00260460e-01  2.00302303e-01 -1.71950359e-05 -3.29096043e-08 -2.28418478e-07 
 1.90012501e-05  1.99695994e-01  2.00277057e-01  2.00296868e-01 -1.85783805e-05 -4.11831974e-08 -2.93131474e-07 
 1.90014756e-05  1.99697909e-01  2.00290655e-01  2.00294880e-01 -2.12075855e-05 -4.55118585e-08 -3.31529408e-07 
 1.90016520e-05  1.99705018e-01  2.00303988e-01  2.00294364e-01 -2.47063038e-05 -4.78199759e-08 -3.58067636e-07 
 1.90018276e-05  1.99716112e-01  2.00319114e-01  2.00294851e-01 -2.97473657e-05 -4.90059847e-08 -3.80945145e-07 
 1.90019901e-05  1.99730658e-01  2.00335942e-01  2.00296278e-01 -3.56980460e-05 -4.88085877e-08 -3.98596761e-07 
 1.90021269e-05  1.99743694e-01  2.00352002e-01  2.00298285e-01 -4.16022243e-05 -4.72529569e-08 -4.10330423e-07 
 1.90022401e-05  1.99754255e-01  2.00367569e-01  2.00300565e-01 -4.68850101e-05 -4.45124136e-08 -4.17466594e-07 
 1.90023364e-05  1.99760714e-01  2.00382602e-01  2.00303000e-01 -5.15459785e-05 -4.06423271e-08 -4.21221636e-07 
 1.90024212e-05  1.99763418e-01  2.00398046e-01  2.00305579e-01 -5.55727887e-05 -3.55276493e-08 -4.22365043e-07 
 1.90024991e-05  1.99761315e-01  2.00414468e-01  2.00308361e-01 -5.90779880e-05 -2.88736908e-08 -4.21124166e-07 
 1.90025771e-05  1.99754447e-01  2.00433770e-01  2.00311609e-01 -6.22038469e-05 -1.98167253e-08 -4.17210108e-07 
 1.90026656e-05  1.99743299e-01  2.00459057e-01  2.00315953e-01 -6.53065177e-05 -6.60407349e-09 -4.09050352e-07 
 1.90027605e-05  1.99732714e-01  2.00488377e-01  2.00321456e-01 -6.82649124e-05  9.94592289e-09 -3.95974274e-07 
 1.90028656e-05  1.99724733e-01  2.00520211e-01  2.00328573e-01 -7.14014245e-05  2.93670345e-08 -3.76766571e-07 
 1.90029803e-05  1.99720732e-01  2.00551566e-01  2.00337423e-01 -7.47995542e-05  5.02733352e-08 -3.50996048e-07 
 1.90031103e-05  1.99720987e-01  2.00581442e-01  2.00348527e-01 -7.86513036e-05  7.24980919e-08 -3.16795562e-07 
 1.90032491e-05  1.99725457e-01  2.00606259e-01  2.00361232e-01 -8.25180488e-05  9.39139836e-08 -2.75771384e-07 
 1.90034054e-05  1.99733824e-01  2.00625013e-01  2.00376049e-01 -8.59787058e-05  1.14636470e-07 -2.25781689e-07 
 1.90035195e-05  1.99741119e-01  2.00631139e-01  2.00386850e-01 -8.68499657e-05  1.26599175e-07 -1.88228124e-07 
 1.90035919e-05  1.99745568e-01  2.00629673e-01  2.00393512e-01 -8.51425157e-05  1.31614495e-07 -1.64991697e-07 
 1.90036475e-05  1.99748424e-01  2.00623303e-01  2.00398421e-01 -8.13971769e-05  1.32813956e-07 -1.48332708e-07 
 1.90037049e-05  1.99750533e-01  2.00609561e-01  2.00403143e-01 -7.53734746e-05  1.30437541e-07 -1.33192186e-07 
 1.90037796e-05  1.99752045e-01  2.00579986e-01  2.00408488e-01 -6.55542128e-05  1.21271884e-07 -1.17694711e-07 
 1.90038509e-05  1.99752376e-01  2.00541813e-01  2.00412490e-01 -5.56066100e-05  1.06891046e-07 -1.07830767e-07 
 1.90039506e-05  1.99751481e-01  2.00480487e-01  2.00415958e-01 -4.28999533e-05  8.09208714e-08 -1.01914922e-07 
 1.90040618e-05  1.99749341e-01  2.00412949e-01  2.00416860e-01 -3.22648855e-05  4.93514439e-08 -1.04482253e-07 
 1.90041479e-05  1.99747279e-01  2.00367646e-01  2.00415621e-01 -2.68083485e-05  2.63484823e-08 -1.11462000e-07 
 1.90042329e-05  1.99745116e-01  2.00331628e-01  2.00413081e-01 -2.32961052e-05  6.69472506e-09 -1.21140308e-07 
 1.90043297e-05  1.99742607e-01  2.00300723e-01  2.00409019e-01 -2.08562797e-05 -1.14941419e-08 -1.34258171e-07 
 1.90044276e-05  1.99740084e-01  2.00278711e-01  2.00404050e-01 -1.95184886e-05 -2.56073324e-08 -1.48787450e-07 
 1.90045399e-05  1.99737232e-01  2.00261965e-01  2.00397736e-01 -1.87463072e-05 -3.74175273e-08 -1.66060597e-07 
 1.90046611e-05  1.99734209e-01  2.00250745e-01  2.00390575e-01 -1.84071626e-05 -4.62647784e-08 -1.84722526e-07 
 1.90048075e-05  1.99730610e-01  2.00242709e-01  2.00381815e-01 -1.82662734e-05 -5.34331206e-08 -2.06737083e-07 
 1.90049038e-05  1.99728273e-01  2.00239385e-01  2.00376121e-01 -1.82551771e-05 -5.67549953e-08 -2.20707161e-07 
 1.90050000e-05  1.99725950e-01  2.00236874e-01  2.00370531e-01 -1.82487467e-05 -5.94179322e-08 -2.34225328e-07 
 1.90050015e-05  1.99727195e-01  2.00238181e-01  2.00370446e-01 -1.74920545e-05 -5.93484620e-08 -2.34104427e-07 
 1.90050045e-05  1.99729314e-01  2.00240683e-01  2.00370276e-01 -1.71829236e-05 -5.92073949e-08 -2.33840165e-07 
 1.90050105e-05  1.99731508e-01  2.00245140e-01  2.00369945e-01 -1.68890636e-05 -5.89241586e-08 -2.33237566e-07 
 1.90050195e-05  1.99732256e-01  2.00250561e-01  2.00369473e-01 -1.67898393e-05 -5.85322166e-08 -2.32321045e-07 
 1.90050335e-05  1.99732431e-01  2.00257626e-01  2.00368770e-01 -1.65712182e-05 -5.79684788e-08 -2.30915972e-07 
 1.90050616e-05  1.99732484e-01  2.00269818e-01  2.00367484e-01 -1.62937329e-05 -5.69705748e-08 -2.28165958e-07 
 1.90051178e-05  1.99732580e-01  2.00288903e-01  2.00365302e-01 -1.58452917e-05 -5.53448429e-08 -2.22873723e-07 
 1.90052302e-05  1.99732648e-01  2.00310619e-01  2.00361980e-01 -1.54542901e-05 -5.28656600e-08 -2.12908049e-07 
 1.90054550e-05  1.99732841e-01  2.00319185e-01  2.00357067e-01 -1.52383700e-05 -4.88134265e-08 -1.94700513e-07 
 1.90057418e-05  1.99733062e-01  2.00307640e-01  2.00351244e-01 -1.52745189e-05 -4.39080097e-08 -1.73922818e-07 
 1.90061478e-05  1.99733391e-01  2.00285901e-01  2.00341559e-01 -1.52546781e-05 -3.74439772e-08 -1.48253046e-07 
 1.90067530e-05  1.99733782e-01  2.00251110e-01  2.00323620e-01 -1.52779305e-05 -2.94539628e-08 -1.16774548e-07 
 1.90079634e-05  1.99734425e-01  2.00175789e-01  2.00276771e-01 -1.52556021e-05 -1.81373318e-08 -7.19522551e-08 
 1.90103842e-05  1.99735116e-01  2.00011741e-01  2.00150839e-01 -1.52785321e-05 -6.55899964e-09 -2.56534339e-08 
 1.90152259e-05  1.99735311e-01  1.99684822e-01  1.99843310e-01 -1.52540841e-05 -4.93889692e-10 -8.40810952e-10 
 1.90229662e-05  1.99734308e-01  1.99293343e-01  1.99400763e-01 -1.52739659e-05 -3.08406500e-10 -1.33221999e-10 
 1.90306225e-05  1.99733210e-01  1.99126552e-01  1.99157845e-01 -1.52489515e-05 -1.57803860e-10 -1.96939902e-10 
 1.90407012e-05  1.99732319e-01  1.99187095e-01  1.99143168e-01 -1.52696989e-05  7.09214206e-11  8.46833741e-12 
 1.90536316e-05  1.99732132e-01  1.99511805e-01  1.99426314e-01 -1.52446171e-05  2.02400404e-10  1.17695527e-10 
 1.90731552e-05  1.99732776e-01  2.00043096e-01  1.99969506e-01 -1.52652778e-05  1.86629466e-10  1.40168897e-10 
 1.90941217e-05  1.99733627e-01  2.00350009e-01  2.00320001e-01 -1.52417171e-05  6.32489074e-11  5.66126432e-11 
 1.91204635e-05  1.99734008e-01  2.00368911e-01  2.00369491e-01 -1.52650133e-05 -2.76506238e-11 -1.23431181e-11 
 1.91517601e-05  1.99733886e-01  2.00253397e-01  2.00251617e-01 -1.52427372e-05 -2.61676293e-11 -2.01152085e-11 
 1.91758800e-05  1.99733734e-01  2.00226842e-01  2.00215985e-01 -1.52656322e-05  1.10781783e-12  3.71945150e-13 
 1.92000000e-05  1.99733741e-01  2.00251847e-01  2.00238098e-01 -1.52426625e-05  9.48148461e-12  7.08042387e-12 
 1.92000130e-05  1.99741525e-01  2.00264967e-01  2.00238185e-01 -1.36332295e-05  1.96981690e-09  7.13820517e-10 
 1.92000389e-05  1.99748147e-01  2.00286762e-01  2.00238470e-01 -1.26386930e-05  5.69872042e-09  2.01916447e-09 
 1.92000908e-05  1.99751687e-01  2.00317653e-01  2.00239574e-01 -1.16613849e-05  1.17457488e-08  4.35358895e-09 
 1.92001418e-05  1.99758016e-01  2.00339697e-01  2.00241169e-01 -1.08420289e-05  1.62782114e-08  6.48284762e-09 
 1.92002436e-05  1.99767357e-01  2.00362952e-01  2.00245168e-01 -1.01688184e-05  2.29961975e-08  1.03827342e-08 
 1.92004474e-05  1.99788465e-01  2.00367773e-01  2.00253796e-01 -9.60482205e-06  3.18867477e-08  1.74382004e-08 
 1.92007052e-05  1.99813594e-01  2.00344289e-01  2.00262842e-01 -9.63869630e-06  3.99580168e-08  2.54581016e-08 
 1.92010536e-05  1.99849203e-01  2.00302082e-01  2.00269398e-01 -9.56891647e-06  4.92579365e-08  3.50978679e-08 
 1.92015416e-05  1.99900512e-01  2.00234406e-01  2.00267412e-01 -1.00514543e-05  5.66258431e-08  4.64641241e-08 
 1.92016450e-05  1.99913986e-01  2.00218866e-01  2.00265354e-01 -1.02407896e-05  5.57308000e-08  4.85502688e-08 
 1.92018517e-05  1.99946152e-01  2.00185056e-01  2.00259524e-01 -1.17669706e-05  3.91576964e-08  5.21330616e-08 
 1.92020045e-05  1.99980092e-01  2.00157131e-01  2.00253687e-01 -1.39892827e-05  3.85067183e-09  5.40815114e-08 
 1.92021340e-05  2.00016993e-01  2.00130370e-01  2.00247630e-01 -1.71047952e-05 -5.44781639e-08  5.49866652e-08 
 1.92022629e-05  2.00062490e-01  2.00100096e-01  2.00240472e-01 -2.11695240e-05 -1.51039387e-07  5.49545023e-08 
 1.92023938e-05  2.00115376e-01  2.00064999e-01  2.00231903e-01 -2.60753031e-05 -3.01866529e-07  5.36930154e-08 
 1.92025194e-05  2.00170643e-01  2.00026013e-01  2.00222278e-01 -3.06005744e-05 -5.11012032e-07  5.10273573e-08 
 1.92026315e-05  2.00220594e-01  1.99985391e-01  2.00212336e-01 -3.36660279e-05 -7.65827757e-07  4.71307048e-08 
 1.92027394e-05  2.00267260e-01  1.99939615e-01  2.00201365e-01 -3.49817362e-05 -1.08619377e-06  4.17295864e-08 
 1.92028576e-05  2.00314630e-01  1.99883172e-01  2.00187509e-01 -3.57301410e-05 -1.53132873e-06  3.38132457e-08 
 1.92029937e-05  2.00363224e-01  1.99815752e-01  2.00169059e-01 -3.68850990e-05 -2.16030745e-06  2.23758907e-08 
 1.92031144e-05  2.00399835e-01  1.99758466e-01  2.00150580e-01 -3.82355802e-05 -2.81029821e-06  1.05156776e-08 
 1.92032383e-05  2.00430414e-01  1.99704348e-01  2.00129831e-01 -3.96960298e-05 -3.55268626e-06 -2.97290222e-09 
 1.92033619e-05  2.00452393e-01  1.99656377e-01  2.00107654e-01 -4.11734811e-05 -4.35427524e-06 -1.74267604e-08 
 1.92034603e-05  2.00461086e-01  1.99623478e-01  2.00089211e-01 -4.21487911e-05 -5.02192813e-06 -2.93502678e-08 
 1.92035124e-05  2.00459623e-01  1.99608597e-01  2.00079259e-01 -4.25257857e-05 -5.37930882e-06 -3.56735886e-08 
 1.92035493e-05  2.00452862e-01  1.99599555e-01  2.00072144e-01 -4.26014481e-05 -5.63047503e-06 -4.00795624e-08 
 1.92035792e-05  2.00440231e-01  1.99593684e-01  2.00066367e-01 -4.24663481e-05 -5.82856403e-06 -4.35178929e-08 
 1.92036060e-05  2.00419310e-01  1.99590140e-01  2.00061205e-01 -4.20490294e-05 -5.99722846e-06 -4.64000632e-08 
 1.92036342e-05  2.00385008e-01  1.99589386e-01  2.00055812e-01 -4.12149699e-05 -6.15975482e-06 -4.90843478e-08 
 1.92036708e-05  2.00325515e-01  1.99595375e-01  2.00048934e-01 -3.94996683e-05 -6.33946872e-06 -5.17922716e-08 
 1.92037044e-05  2.00263800e-01  1.99609148e-01  2.00042826e-01 -3.74049921e-05 -6.46854367e-06 -5.33539941e-08 
 1.92037524e-05  2.00177521e-01  1.99640999e-01  2.00034698e-01 -3.38984482e-05 -6.59092927e-06 -5.40219933e-08 
 1.92037945e-05  2.00110996e-01  1.99677417e-01  2.00028250e-01 -3.06131215e-05 -6.64362723e-06 -5.32711286e-08 
 1.92038311e-05  2.00063740e-01  1.99711900e-01  2.00023262e-01 -2.78311918e-05 -6.65432401e-06 -5.18314747e-08 
 1.92038707e-05  2.00023409e-01  1.99749120e-01  2.00018500e-01 -2.50243047e-05 -6.63689552e-06 -4.96914435e-08 
 1.92039179e-05  1.99988760e-01  1.99790112e-01  2.00013667e-01 -2.20898103e-05 -6.58667780e-06 -4.66563774e-08 
 1.92039630e-05  1.99966718e-01  1.99824139e-01  2.00009795e-01 -1.97252432e-05 -6.51708754e-06 -4.34868215e-08 
 1.92040143e-05  1.99951424e-01  1.99855615e-01  2.00006136e-01 -1.75569027e-05 -6.42123391e-06 -3.97862070e-08 
 1.92040673e-05  1.99943395e-01  1.99880056e-01  2.00003029e-01 -1.58325448e-05 -6.31104483e-06 -3.60181809e-08 
 1.92041306e-05  1.99940437e-01  1.99899974e-01  1.99999950e-01 -1.43309684e-05 -6.17114346e-06 -3.16792032e-08 
 1.92042002e-05  1.99942311e-01  1.99912441e-01  1.99997102e-01 -1.32064454e-05 -6.01336789e-06 -2.71781592e-08 
 1.92042868e-05  1.99948690e-01  1.99918141e-01  1.99993976e-01 -1.23379292e-05 -5.81681076e-06 -2.19532472e-08 
 1.92043886e-05  1.99959051e-01  1.99915855e-01  1.99990506e-01 -1.17696255e-05 -5.58997287e-06 -1.62680578e-08 
 1.92045239e-05  1.99974810e-01  1.99904602e-01  1.99985748e-01 -1.14160155e-05 -5.29918956e-06 -9.30489368e-09 
 1.92046999e-05  1.99996554e-01  1.99883400e-01  1.99978828e-01 -1.12403507e-05 -4.94145649e-06 -1.02106616e-09 
 1.92048500e-05  2.00015475e-01  1.99862729e-01  1.99972083e-01 -1.11921302e-05 -4.65486805e-06  5.48312799e-09 
 1.92050000e-05  2.00034529e-01  1.99840981e-01  1.99964494e-01 -1.11651479e-05 -4.38443477e-06  1.15526617e-08 
 1.92050031e-05  2.00030888e-01  1.99836769e-01  1.99964323e-01 -1.22234178e-05 -4.37943981e-06  1.14871284e-08 
 1.92050094e-05  2.00025703e-01  1.99828934e-01  1.99963970e-01 -1.27122965e-05 -4.36945750e-06  1.13726145e-08 
 1.92050218e-05  2.00022864e-01  1.99815785e-01  1.99963216e-01 -1.29640953e-05 -4.34941655e-06  1.12151527e-08 
 1.92050458e-05  2.00021817e-01  1.99794782e-01  1.99961615e-01 -1.34218524e-05 -4.31070759e-06  1.09984853e-08 
 1.92050806e-05  2.00020327e-01  1.99768552e-01  1.99958990e-01 -1.39177857e-05 -4.25433616e-06  1.07626091e-08 
 1.92051501e-05  2.00019282e-01  1.99728377e-01  1.99952939e-01 -1.45534724e-05 -4.14220840e-06  1.04803069e-08 
 1.92052892e-05  2.00018495e-01  1.99682180e-01  1.99938989e-01 -1.51007036e-05 -3.92427147e-06  1.02292083e-08 
 1.92054469e-05  2.00018597e-01  1.99659204e-01  1.99921972e-01 -1.52356950e-05 -3.68997801e-06  1.00976324e-08 
 1.92057190e-05  2.00018305e-01  1.99640546e-01  1.99892856e-01 -1.52726439e-05 -3.31773043e-06  9.84367178e-09 
 1.92060367e-05  2.00018333e-01  1.99627648e-01  1.99860747e-01 -1.52604895e-05 -2.93014422e-06  9.47185647e-09 
 1.92066085e-05  2.00017997e-01  1.99609227e-01  1.99808958e-01 -1.52667610e-05 -2.34142205e-06  8.66851272e-09 
 1.92075300e-05  2.00017900e-01  1.99589350e-01  1.99740594e-01 -1.52594693e-05 -1.62724741e-06  7.24729126e-09 
 1.92093729e-05  2.00017373e-01  1.99579353e-01  1.99651057e-01 -1.52658173e-05 -7.65965626e-07  4.61459148e-09 
 1.92130588e-05  2.00017083e-01  1.99640798e-01  1.99607804e-01 -1.52589408e-05 -1.24796299e-07  1.37627322e-09 
 1.92193475e-05  2.00016726e-01  1.99867203e-01  1.99759565e-01 -1.52663649e-05  1.29400536e-08 -9.23831405e-12 
 1.92261346e-05  2.00017085e-01  2.00148127e-01  2.00033771e-01 -1.52593580e-05 -1.50860315e-09  1.73305552e-10 
 1.92345854e-05  2.00017422e-01  2.00431152e-01  2.00342705e-01 -1.52655327e-05  6.70413037e-10  1.85441199e-10 
 1.92448103e-05  2.00018134e-01  2.00632072e-01  2.00582979e-01 -1.52577562e-05 -1.80179096e-11  1.10218783e-10 
 1.92607795e-05  2.00018487e-01  2.00700339e-01  2.00694462e-01 -1.52643426e-05  6.98914435e-11  1.43504953e-11 
 1.92847500e-05  2.00018717e-01  2.00562612e-01  2.00573630e-01 -1.52578593e-05 -1.07040958e-10 -3.99506272e-11 
 1.93171278e-05  2.00018289e-01  2.00416926e-01  2.00410977e-01 -1.52652408e-05  1.77304408e-11 -1.41909973e-11 
 1.93524679e-05  2.00018350e-01  2.00453308e-01  2.00435714e-01 -1.52580426e-05 -3.67089996e-12  1.49196236e-11 
 1.94009352e-05  2.00018329e-01  2.00541446e-01  2.00529333e-01 -1.52648147e-05  2.53324464e-11  6.46441066e-12 
 1.94756026e-05  2.00018538e-01  2.00553445e-01  2.00544490e-01 -1.52579800e-05 -2.03919436e-11 -1.72263289e-12 
 1.95656065e-05  2.00018393e-01  2.00573716e-01  2.00561662e-01 -1.52649314e-05  1.97027054e-11  4.56044311e-12 
 1.96656065e-05  2.00018617e-01  2.00603139e-01  2.00593541e-01 -1.52579331e-05 -1.43309947e-11  8.14249384e-13 
 1.97656065e-05  2.00018487e-01  2.00601959e-01  2.00591595e-01 -1.52649488e-05  1.16510905e-11  8.16785170e-13 
 1.98656065e-05  2.00018677e-01  2.00614284e-01  2.00603970e-01 -1.52579419e-05 -9.46293803e-12  2.30892996e-12 
 1.99656065e-05  2.00018563e-01  2.00615421e-01  2.00605594e-01 -1.52649370e-05  7.70955738e-12 -6.84069229e-14 
 2.00656065e-05  2.00018740e-01  2.00616846e-01  2.00606564e-01 -1.52579538e-05 -7.37349201e-12  2.08033422e-12 
 2.01656065e-05  2.00018626e-01  2.00619636e-01  2.00609700e-01 -1.52649314e-05  6.04679046e-12  2.66553489e-13 
 2.02656065e-05  2.00018805e-01  2.00618753e-01  2.00608678e-01 -1.52579553e-05 -6.14615607e-12  1.64090242e-12 
 2.03656065e-05  2.00018687e-01  2.00620159e-01  2.00610101e-01 -1.52649333e-05  4.73285885e-12  4.84556243e-13 
 2.04656065e-05  2.00018869e-01  2.00620025e-01  2.00610026e-01 -1.52579524e-05 -4.84165442e-12  1.54837829e-12 
 2.05656065e-05  2.00018749e-01  2.00620157e-01  2.00610092e-01 -1.52649362e-05  3.38057186e-12  4.42308028e-13 
 2.06656065e-05  2.00018931e-01  2.00620471e-01  2.00610457e-01 -1.52579502e-05 -3.56099959e-12  1.62531186e-12 
 2.07656065e-05  2.00018812e-01  2.00620326e-01  2.00610288e-01 -1.52649377e-05  2.19169930e-12  3.56444691e-13 
 2.08656065e-05  2.00018993e-01  2.00620531e-01  2.00610497e-01 -1.52579492e-05 -2.50597221e-12  1.68526510e-12 
 2.09656065e-05  2.00018874e-01  2.00620513e-01  2.00610485e-01 -1.52649386e-05  1.25897838e-12  3.18878821e-13 
 2.10656065e-05  2.00019055e-01  2.00620554e-01  2.00610519e-01 -1.52579483e-05 -1.68671175e-12  1.70278830e-12 
 2.11328032e-05  2.00018926e-01  2.00620606e-01  2.00610576e-01 -1.52649398e-05  3.74609848e-13  3.08611372e-13 
 2.12000000e-05  2.00019097e-01  2.00620603e-01  2.00610572e-01 -1.52579467e-05 -7.58461436e-13  1.71227035e-12 
 2.12000650e-05  1.99998755e-01  2.00576395e-01  2.00609451e-01 -1.75817171e-05 -6.43015038e-09 -3.04850259e-09 
 2.12001951e-05  1.99977742e-01  2.00520133e-01  2.00605840e-01 -1.89454114e-05 -1.54784377e-08 -8.47979860e-09 
 2.12004107e-05  1.99951406e-01  2.00502440e-01  2.00597194e-01 -1.93964625e-05 -2.32006310e-08 -1.61072760e-08 
 2.12006381e-05  1.99921327e-01  2.00520534e-01  2.00588862e-01 -1.95556898e-05 -2.99588684e-08 -2.33717232e-08 
 2.12008935e-05  1.99890483e-01  2.00549875e-01  2.00582672e-01 -1.97842356e-05 -3.61533499e-08 -3.07574375e-08 
 2.12012567e-05  1.99848118e-01  2.00597103e-01  2.00580070e-01 -2.13947466e-05 -3.80073588e-08 -3.99293195e-08 
 2.12014815e-05  1.99828761e-01  2.00631508e-01  2.00582153e-01 -2.40928530e-05 -2.87747421e-08 -4.47067778e-08 
 2.12016591e-05  1.99817275e-01  2.00661440e-01  2.00585878e-01 -2.78886803e-05 -9.11223933e-09 -4.78964977e-08 
 2.12018363e-05  1.99812769e-01  2.00695552e-01  2.00591534e-01 -3.32266151e-05  2.73002542e-08 -5.04459181e-08 
 2.12019992e-05  1.99811579e-01  2.00729804e-01  2.00598544e-01 -3.96329864e-05  8.18087146e-08 -5.21398122e-08 
 2.12021360e-05  1.99813565e-01  2.00762192e-01  2.00605863e-01 -4.59129206e-05  1.49900350e-07 -5.29363484e-08 
 2.12022492e-05  1.99814104e-01  2.00791470e-01  2.00612991e-01 -5.17027590e-05  2.28302141e-07 -5.30414012e-08 
 2.12023457e-05  1.99813642e-01  2.00819328e-01  2.00619892e-01 -5.68411441e-05  3.17277954e-07 -5.25874021e-08 
 2.12024308e-05  1.99809715e-01  2.00846522e-01  2.00626693e-01 -6.14969914e-05  4.19394423e-07 -5.16411481e-08 
 2.12025096e-05  1.99802684e-01  2.00874837e-01  2.00633640e-01 -6.56941400e-05  5.40321844e-07 -5.01545147e-08 
 2.12025896e-05  1.99790867e-01  2.00907284e-01  2.00641432e-01 -6.98109500e-05  6.96706291e-07 -4.78870008e-08 
 2.12026792e-05  1.99776355e-01  2.00948156e-01  2.00651154e-01 -7.41573074e-05  9.17706442e-07 -4.43193443e-08 
 2.12027799e-05  1.99763016e-01  2.00997560e-01  2.00663467e-01 -7.89104954e-05  1.22364302e-06 -3.90835872e-08 
 2.12028837e-05  1.99754878e-01  2.01048803e-01  2.00677681e-01 -8.37030802e-05  1.59515816e-06 -3.25743387e-08 
 2.12030006e-05  1.99751805e-01  2.01104069e-01  2.00695453e-01 -8.90656189e-05  2.07179860e-06 -2.41874358e-08 
 2.12031323e-05  1.99755117e-01  2.01161353e-01  2.00717382e-01 -9.48838198e-05  2.66718235e-06 -1.37536520e-08 
 2.12032751e-05  1.99764607e-01  2.01216600e-01  2.00743004e-01 -1.00660007e-04  3.36494718e-06 -1.63204352e-09 
 2.12034305e-05  1.99779987e-01  2.01267539e-01  2.00772495e-01 -1.05539570e-04  4.16268253e-06  1.20450164e-08 
 2.12035463e-05  1.99793151e-01  2.01296995e-01  2.00795109e-01 -1.06832692e-04  4.76133757e-06  2.21022070e-08 
 2.12036168e-05  1.99800968e-01  2.01308601e-01  2.00808960e-01 -1.04616591e-04  5.11272381e-06  2.78208865e-08 
 2.12036715e-05  1.99806099e-01  2.01311319e-01  2.00819582e-01 -1.00170076e-04  5.36476528e-06  3.17157374e-08 
 2.12037306e-05  1.99810365e-01  2.01305561e-01  2.00830759e-01 -9.29609437e-05  5.60416654e-06  3.50892117e-08 
 2.12038020e-05  1.99813503e-01  2.01286330e-01  2.00843578e-01 -8.21857051e-05  5.83622437e-06  3.77786345e-08 
 2.12038792e-05  1.99814509e-01  2.01253561e-01  2.00856244e-01 -6.97206206e-05  6.00986631e-06  3.89286739e-08 
 2.12039827e-05  1.99812421e-01  2.01199920e-01  2.00870859e-01 -5.43177357e-05  6.12151856e-06  3.79493106e-08 
 2.12040732e-05  1.99808075e-01  2.01152511e-01  2.00881361e-01 -4.35989822e-05  6.12150467e-06  3.52571783e-08 
 2.12041555e-05  1.99802674e-01  2.01115041e-01  2.00889208e-01 -3.63430144e-05  6.06127861e-06  3.18482424e-08 
 2.12042450e-05  1.99795724e-01  2.01083256e-01  2.00896242e-01 -3.07613682e-05  5.95000801e-06  2.75540862e-08 
 2.12043406e-05  1.99787498e-01  2.01060130e-01  2.00902449e-01 -2.68555485e-05  5.79677878e-06  2.26653053e-08 
 2.12044407e-05  1.99778328e-01  2.01046625e-01  2.00907978e-01 -2.43478882e-05  5.61430332e-06  1.74871963e-08 
 2.12045507e-05  1.99767875e-01  2.01041753e-01  2.00913410e-01 -2.27625182e-05  5.40149111e-06  1.19152611e-08 
 2.12046739e-05  1.99755913e-01  2.01045124e-01  2.00919179e-01 -2.18345262e-05  5.15942362e-06  5.93970316e-09 
 2.12048183e-05  1.99741736e-01  2.01056649e-01  2.00926010e-01 -2.13288140e-05  4.88007823e-06 -6.61367131e-10 
 2.12049091e-05  1.99732771e-01  2.01066609e-01  2.00930492e-01 -2.11859592e-05  4.70930148e-06 -4.59004564e-09 
 2.12050000e-05  1.99723804e-01  2.01077825e-01  2.00935192e-01 -2.11007292e-05  4.54338066e-06 -8.35436112e-09 
 2.12050016e-05  1.99725836e-01  2.01080081e-01  2.00935280e-01 -2.01720044e-05  4.54068370e-06 -8.32125065e-09 
 2.12050049e-05  1.99729114e-01  2.01084396e-01  2.00935459e-01 -1.97365035e-05  4.53531358e-06 -8.25967710e-09 
 2.12050114e-05  1.99732118e-01  2.01092150e-01  2.00935832e-01 -1.93319413e-05  4.52463415e-06 -8.16313302e-09 
 2.12050213e-05  1.99733040e-01  2.01102125e-01  2.00936427e-01 -1.90494290e-05  4.50851277e-06 -8.05919661e-09 
 2.12050382e-05  1.99733293e-01  2.01117029e-01  2.00937523e-01 -1.85184336e-05  4.48083909e-06 -7.91640842e-09 
 2.12050719e-05  1.99733435e-01  2.01143156e-01  2.00939969e-01 -1.77527798e-05  4.42540935e-06 -7.70034885e-09 
 2.12051393e-05  1.99733640e-01  2.01183741e-01  2.00945652e-01 -1.66497001e-05  4.31484063e-06 -7.45255300e-09 
 2.12052743e-05  1.99733794e-01  2.01231441e-01  2.00958888e-01 -1.56951913e-05  4.09793465e-06 -7.31858161e-09 
 2.12055127e-05  1.99734122e-01  2.01265270e-01  2.00984329e-01 -1.52675765e-05  3.73566960e-06 -7.39249462e-09 
 2.12057593e-05  1.99734384e-01  2.01280058e-01  2.01010484e-01 -1.52851201e-05  3.39283004e-06 -7.44260873e-09 
 2.12061311e-05  1.99734822e-01  2.01297662e-01  2.01047631e-01 -1.52479244e-05  2.93351989e-06 -7.35164656e-09 
 2.12066430e-05  1.99735312e-01  2.01317826e-01  2.01094073e-01 -1.52779261e-05  2.40036158e-06 -7.02894090e-09 
 2.12076666e-05  1.99736251e-01  2.01346702e-01  2.01171611e-01 -1.52450729e-05  1.60055068e-06 -6.03645940e-09 
 2.12097140e-05  1.99737615e-01  2.01365890e-01  2.01273072e-01 -1.52736663e-05  6.86295253e-07 -3.81690508e-09 
 2.12138086e-05  1.99739243e-01  2.01298710e-01  2.01317341e-01 -1.52402982e-05  7.64196271e-08 -9.60710146e-10 
 2.12199782e-05  1.99739940e-01  2.01065534e-01  2.01156848e-01 -1.52697158e-05 -7.28064739e-09  1.34448182e-12 
 2.12279187e-05  1.99739698e-01  2.00726564e-01  2.00824454e-01 -1.52383858e-05  1.23572485e-09 -1.98069159e-10 
 2.12362690e-05  1.99739021e-01  2.00445543e-01  2.00513674e-01 -1.52696997e-05 -6.00314797e-10 -1.83271882e-10 
 2.12475045e-05  1.99738295e-01  2.00240180e-01  2.00263391e-01 -1.52393393e-05  2.77538207e-11 -9.73811768e-11 
 2.12629106e-05  1.99737728e-01  2.00201873e-01  2.00184306e-01 -1.52702560e-05 -5.52524142e-11 -5.27149385e-12 
 2.12895373e-05  1.99737750e-01  2.00373776e-01  2.00341751e-01 -1.52386523e-05  1.09222856e-10  4.63830571e-11 
 2.13192768e-05  1.99738084e-01  2.00508272e-01  2.00494564e-01 -1.52691707e-05 -1.91547164e-11  1.47810629e-11 
 2.13576138e-05  1.99738221e-01  2.00467900e-01  2.00465369e-01 -1.52385531e-05  3.04953437e-12 -1.28421922e-11 
 2.14000000e-05  1.99738061e-01  2.00396236e-01  2.00387868e-01 -1.52696009e-05 -2.47768104e-11 -4.16379800e-12 
 2.14000208e-05  1.99743616e-01  2.00409657e-01  2.00387965e-01 -1.38786504e-05  1.36066722e-09  4.86384462e-09 
 2.14000624e-05  1.99746895e-01  2.00430805e-01  2.00388332e-01 -1.32372788e-05  3.89986791e-09  1.46136161e-08 
 2.14001342e-05  1.99747326e-01  2.00454729e-01  2.00389590e-01 -1.28488112e-05  7.47575873e-09  3.09382033e-08 
 2.14002087e-05  1.99750148e-01  2.00470805e-01  2.00391443e-01 -1.24880307e-05  1.05578040e-08  4.71926031e-08 
 2.14003575e-05  1.99752969e-01  2.00483474e-01  2.00395819e-01 -1.23708444e-05  1.59320136e-08  7.81635321e-08 
 2.14006552e-05  1.99760906e-01  2.00481343e-01  2.00404425e-01 -1.22376241e-05  2.54901956e-08  1.34786052e-07 
 2.14010726e-05  1.99770356e-01  2.00462887e-01  2.00413310e-01 -1.23413069e-05  3.73501458e-08  2.04261461e-07 
 2.14016987e-05  1.99792653e-01  2.00431592e-01  2.00418631e-01 -1.34971938e-05  5.08888401e-08  2.91317506e-07 
 2.14018449e-05  1.99804171e-01  2.00422657e-01  2.00418544e-01 -1.46665147e-05  5.23780081e-08  3.09003142e-07 
 2.14019947e-05  1.99825421e-01  2.00411481e-01  2.00417875e-01 -1.70362443e-05  5.15979725e-08  3.25229667e-07 
 2.14021237e-05  1.99851351e-01  2.00399533e-01  2.00416749e-01 -2.05062458e-05  4.84737808e-08  3.37039714e-07 
 2.14022515e-05  1.99886624e-01  2.00385470e-01  2.00415042e-01 -2.51122427e-05  4.24966453e-08  3.45964038e-07 
 2.14023814e-05  1.99929588e-01  2.00367960e-01  2.00412592e-01 -3.09022813e-05  3.29147474e-08  3.51320991e-07 
 2.14025068e-05  1.99977103e-01  2.00347502e-01  2.00409419e-01 -3.66711402e-05  1.97662473e-08  3.51914222e-07 
 2.14026208e-05  2.00022104e-01  2.00324418e-01  2.00405695e-01 -4.13373893e-05  3.71803299e-09  3.47493751e-07 
 2.14027289e-05  2.00065111e-01  2.00297501e-01  2.00401263e-01 -4.44383535e-05 -1.57904457e-08  3.37894994e-07 
 2.14028481e-05  2.00110422e-01  2.00263138e-01  2.00395164e-01 -4.73983888e-05 -4.17246956e-08  3.20594092e-07 
 2.14029792e-05  2.00157148e-01  2.00224849e-01  2.00386926e-01 -5.10898980e-05 -7.32127822e-08  2.93951657e-07 
 2.14031154e-05  2.00200407e-01  2.00189727e-01  2.00376866e-01 -5.53140496e-05 -1.06534814e-07  2.59178402e-07 
 2.14032556e-05  2.00238427e-01  2.00160836e-01  2.00365326e-01 -5.95817550e-05 -1.39644708e-07  2.17438228e-07 
 2.14033834e-05  2.00264841e-01  2.00141968e-01  2.00354161e-01 -6.32348810e-05 -1.67579456e-07  1.75549072e-07 
 2.14034654e-05  2.00274869e-01  2.00134306e-01  2.00346868e-01 -6.51843972e-05 -1.83564457e-07  1.47516627e-07 
 2.14035085e-05  2.00275410e-01  2.00132096e-01  2.00343041e-01 -6.60128148e-05 -1.90917401e-07  1.32690761e-07 
 2.14035476e-05  2.00269622e-01  2.00131692e-01  2.00339615e-01 -6.64265197e-05 -1.96360922e-07  1.19512032e-07 
 2.14035751e-05  2.00258326e-01  2.00132771e-01  2.00337237e-01 -6.64199350e-05 -1.99009121e-07  1.10567214e-07 
 2.14036015e-05  2.00237706e-01  2.00135507e-01  2.00334995e-01 -6.59625098e-05 -1.99950814e-07  1.02521503e-07 
 2.14036300e-05  2.00202892e-01  2.00141567e-01  2.00332654e-01 -6.48480005e-05 -1.98393257e-07  9.48287309e-08 
 2.14036652e-05  2.00146245e-01  2.00155451e-01  2.00329937e-01 -6.25154509e-05 -1.91978146e-07  8.72478034e-08 
 2.14036998e-05  2.00084277e-01  2.00176770e-01  2.00327554e-01 -5.93596040e-05 -1.80856984e-07  8.21821229e-08 
 2.14037487e-05  1.99998394e-01  2.00217806e-01  2.00324834e-01 -5.38804409e-05 -1.58488207e-07  7.89957761e-08 
 2.14037832e-05  1.99944688e-01  2.00251816e-01  2.00323464e-01 -4.96475136e-05 -1.39500423e-07  7.93200377e-08 
 2.14038180e-05  1.99898690e-01  2.00287544e-01  2.00322583e-01 -4.53469612e-05 -1.19160616e-07  8.14082558e-08 
 2.14038580e-05  1.99855731e-01  2.00327710e-01  2.00322186e-01 -4.05977327e-05 -9.56855325e-08  8.55322034e-08 
 2.14039040e-05  1.99818503e-01  2.00370095e-01  2.00322491e-01 -3.56178274e-05 -7.00646018e-08  9.19477144e-08 
 2.14039490e-05  1.99792472e-01  2.00405913e-01  2.00323480e-01 -3.13814360e-05 -4.74876428e-08  9.93766871e-08 
 2.14039991e-05  1.99772475e-01  2.00438713e-01  2.00325244e-01 -2.74277630e-05 -2.57447895e-08  1.08472939e-07 
 2.14040519e-05  1.99758728e-01  2.00465515e-01  2.00327684e-01 -2.40944069e-05 -6.83911113e-09  1.18525654e-07 
 2.14041140e-05  1.99748874e-01  2.00488533e-01  2.00331104e-01 -2.11073661e-05  1.06969700e-08  1.30588624e-07 
 2.14041833e-05  1.99742908e-01  2.00505852e-01  2.00335368e-01 -1.87286784e-05  2.52526559e-08  1.43999217e-07 
 2.14042680e-05  1.99739688e-01  2.00518969e-01  2.00340932e-01 -1.68089562e-05  3.77142095e-08  1.60090181e-07 
 2.14043682e-05  1.99738900e-01  2.00527663e-01  2.00347704e-01 -1.54597951e-05  4.73070851e-08  1.78516208e-07 
 2.14044981e-05  1.99740113e-01  2.00533615e-01  2.00356462e-01 -1.45604828e-05  5.48700882e-08  2.01372449e-07 
 2.14046649e-05  1.99743146e-01  2.00537966e-01  2.00367397e-01 -1.40793693e-05  6.05250338e-08  2.29121469e-07 
 2.14048325e-05  1.99746793e-01  2.00541322e-01  2.00377917e-01 -1.39118287e-05  6.41699415e-08  2.55371383e-07 
 2.14050000e-05  1.99750612e-01  2.00544499e-01  2.00387966e-01 -1.38488502e-05  6.70113139e-08  2.80229311e-07 
 2.14050042e-05  1.99747668e-01  2.00541096e-01  2.00388206e-01 -1.47597869e-05  6.67827838e-08  2.79774824e-07 
 2.14050126e-05  1.99743799e-01  2.00534995e-01  2.00388675e-01 -1.50932079e-05  6.63408829e-08  2.78637300e-07 
 2.14050294e-05  1.99742103e-01  2.00525651e-01  2.00389556e-01 -1.50854243e-05  6.55539316e-08  2.75975834e-07 
 2.14050584e-05  1.99740996e-01  2.00512882e-01  2.00390939e-01 -1.51893903e-05  6.43936640e-08  2.71578832e-07 
 2.14051102e-05  1.99739451e-01  2.00494726e-01  2.00393046e-01 -1.52276508e-05  6.26934014e-08  2.63970401e-07 
 2.14052137e-05  1.99738535e-01  2.00473017e-01  2.00396324e-01 -1.52787844e-05  5.99578846e-08  2.49615800e-07 
 2.14053599e-05  1.99738062e-01  2.00463051e-01  2.00399829e-01 -1.52571127e-05  5.66073036e-08  2.30857102e-07 
 2.14055620e-05  1.99737963e-01  2.00466237e-01  2.00404087e-01 -1.52632996e-05  5.22883607e-08  2.07433172e-07 
 2.14059025e-05  1.99737486e-01  2.00482974e-01  2.00411801e-01 -1.52479971e-05  4.56895339e-08  1.73588335e-07 
 2.14065835e-05  1.99737023e-01  2.00523237e-01  2.00431288e-01 -1.52593026e-05  3.48493623e-08  1.22487960e-07 
 2.14079454e-05  1.99736077e-01  2.00609817e-01  2.00484899e-01 -1.52465952e-05  2.01260187e-08  6.30060072e-08 
 2.14106692e-05  1.99735421e-01  2.00795845e-01  2.00631535e-01 -1.52576185e-05  6.24575661e-09  2.06906953e-08 
 2.14161169e-05  1.99735324e-01  2.01150971e-01  2.00977586e-01 -1.52471175e-05  1.56916371e-10  8.95804492e-09 
 2.14230212e-05  1.99736441e-01  2.01476600e-01  2.01355900e-01 -1.52603977e-05  3.51283223e-10  6.33852470e-09 
 2.14308274e-05  1.99737426e-01  2.01627483e-01  2.01582741e-01 -1.52505526e-05  1.22179230e-10  3.30146123e-09 
 2.14405466e-05  1.99738369e-01  2.01551954e-01  2.01578645e-01 -1.52635505e-05 -7.53456627e-11  1.81853811e-09 
 2.14550359e-05  1.99738422e-01  2.01170114e-01  2.01240106e-01 -1.52543436e-05 -2.21770250e-10  4.27201322e-10 
 2.14768942e-05  1.99737721e-01  2.00589796e-01  2.00637544e-01 -1.52677033e-05 -1.70118947e-10 -1.60863981e-10 
 2.14975854e-05  1.99736819e-01  2.00340056e-01  2.00343351e-01 -1.52567574e-05 -4.66289915e-11 -2.41786778e-10 
 2.15250378e-05  1.99736652e-01  2.00361107e-01  2.00338637e-01 -1.52674846e-05  3.50723112e-11 -2.33376090e-11 
 2.15576797e-05  1.99736730e-01  2.00471348e-01  2.00455828e-01 -1.52556688e-05  1.62432706e-11  3.56044549e-11 
 2.16003235e-05  1.99736986e-01  2.00462472e-01  2.00457725e-01 -1.52670482e-05 -1.38476160e-11  2.62695199e-11 
 2.16545382e-05  1.99736764e-01  2.00393331e-01  2.00384765e-01 -1.52559236e-05 -6.00142961e-12 -2.99212628e-11 
 2.17543535e-05  1.99736867e-01  2.00383385e-01  2.00372526e-01 -1.52670879e-05  3.41726062e-12  2.60719522e-11 
 2.18543535e-05  1.99736777e-01  2.00365629e-01  2.00357217e-01 -1.52558486e-05 -6.03011131e-12 -1.28633459e-11 
 2.19543535e-05  1.99736872e-01  2.00348553e-01  2.00337896e-01 -1.52671284e-05  2.37263247e-12  1.43775486e-11 
 2.20543535e-05  1.99736783e-01  2.00351678e-01  2.00342091e-01 -1.52558293e-05 -2.47454444e-12 -4.75187023e-12 
 2.21543535e-05  1.99736907e-01  2.00342106e-01  2.00332156e-01 -1.52671247e-05  2.57741311e-13  1.18022534e-11 
 2.22543535e-05  1.99736800e-01  2.00343207e-01  2.00333077e-01 -1.52558401e-05 -9.51062579e-13 -4.42213508e-12 
 2.23543535e-05  1.99736939e-01  2.00341717e-01  2.00331873e-01 -1.52671115e-05 -6.63813622e-15  1.27802774e-11 
 2.24543535e-05  1.99736829e-01  2.00340145e-01  2.00330047e-01 -1.52558497e-05 -1.08265588e-12 -5.07050082e-12 
 2.25543535e-05  1.99736968e-01  2.00341042e-01  2.00331057e-01 -1.52671053e-05  4.13006651e-13  1.29300279e-11 
 2.26543535e-05  1.99736861e-01  2.00339861e-01  2.00329872e-01 -1.52558528e-05 -1.39384684e-12 -4.57512717e-12 
 2.27543535e-05  1.99736997e-01  2.00340281e-01  2.00330219e-01 -1.52671035e-05  6.14959472e-13  1.21151777e-11 
 2.28543535e-05  1.99736892e-01  2.00340066e-01  2.00330101e-01 -1.52558542e-05 -1.44079757e-12 -3.62982778e-12 
 2.29543535e-05  1.99737028e-01  2.00339987e-01  2.00329928e-01 -1.52671017e-05  5.88553511e-13  1.12385591e-11 
 2.30543535e-05  1.99736923e-01  2.00340090e-01  2.00330108e-01 -1.52558565e-05 -1.37610886e-12 -2.87439831e-12 
 2.31543535e-05  1.99737059e-01  2.00340007e-01  2.00329964e-01 -1.52670990e-05  5.31712695e-13  1.06171485e-11 
 2.32543535e-05  1.99736954e-01  2.00340039e-01  2.00330045e-01 -1.52558594e-05 -1.33634835e-12 -2.34892346e-12 
 2.33271767e-05  1.99737086e-01  2.00340080e-01  2.00330041e-01 -1.52670954e-05  5.12242158e-13  1.00695952e-11 
 2.34000000e-05  1.99736976e-01  2.00340021e-01  2.00330027e-01 -1.52558634e-05 -1.33091216e-12 -1.76342144e-12 
 2.34001027e-05  1.99725165e-01  2.00299447e-01  2.00328426e-01 -1.65904007e-05 -5.18812448e-09 -2.91803594e-08 
 2.34003080e-05  1.99716899e-01  2.00254697e-01  2.00323585e-01 -1.67951379e-05 -1.37665811e-08 -8.55731998e-08 
 2.34005796e-05  1.99711555e-01  2.00251426e-01  2.00315284e-01 -1.68012772e-05 -2.27332586e-08 -1.53308731e-07 
 2.34009175e-05  1.99703621e-01  2.00264946e-01  2.00306789e-01 -1.71950347e-05 -3.29095947e-08 -2.28418399e-07 
 2.34012501e-05  1.99700502e-01  2.00281543e-01  2.00301354e-01 -1.85783760e-05 -4.11831859e-08 -2.93131375e-07 
 2.34014756e-05  1.99702417e-01  2.00295142e-01  2.00299367e-01 -2.12075764e-05 -4.55118495e-08 -3.31529316e-07 
 2.34016520e-05  1.99709527e-01  2.00308474e-01  2.00298850e-01 -2.47062905e-05 -4.78199702e-08 -3.58067555e-07 
 2.34018276e-05  1.99720620e-01  2.00323600e-01  2.00299337e-01 -2.97473486e-05 -4.90059828e-08 -3.80945078e-07 
 2.34019901e-05  1.99735167e-01  2.00340428e-01  2.00300764e-01 -3.56980280e-05 -4.88085901e-08 -3.98596714e-07 
 2.34021269e-05  1.99748202e-01  2.00356488e-01  2.00302771e-01 -4.16022077e-05 -4.72529629e-08 -4.10330392e-07 
 2.34022401e-05  1.99758764e-01  2.00372056e-01  2.00305051e-01 -4.68849954e-05 -4.45124228e-08 -4.17466574e-07 
 2.34023364e-05  1.99765222e-01  2.00387088e-01  2.00307487e-01 -5.15459656e-05 -4.06423396e-08 -4.21221624e-07 
 2.34024212e-05  1.99767927e-01  2.00402532e-01  2.00310065e-01 -5.55727775e-05 -3.55276656e-08 -4.22365039e-07 
 2.34024991e-05  1.99765824e-01  2.00418955e-01  2.00312847e-01 -5.90779781e-05 -2.88737122e-08 -4.21124168e-07 
 2.34025771e-05  1.99758956e-01  2.00438256e-01  2.00316095e-01 -6.22038375e-05 -1.98167559e-08 -4.17210120e-07 
 2.34026656e-05  1.99747808e-01  2.00463544e-01  2.00320439e-01 -6.53065100e-05 -6.60410887e-09 -4.09050373e-07 
 2.34027605e-05  1.99737222e-01  2.00492863e-01  2.00325942e-01 -6.82649023e-05  9.94586613e-09 -3.95974320e-07 
 2.34028656e-05  1.99729242e-01  2.00524698e-01  2.00333059e-01 -7.14014172e-05  2.93669929e-08 -3.76766613e-07 
 2.34029803e-05  1.99725240e-01  2.00556052e-01  2.00341909e-01 -7.47995463e-05  5.02732913e-08 -3.50996105e-07 
 2.34031103e-05  1.99725496e-01  2.00585928e-01  2.00353013e-01 -7.86512965e-05  7.24980553e-08 -3.16795622e-07 
 2.34032491e-05  1.99729966e-01  2.00610745e-01  2.00365718e-01 -8.25180406e-05  9.39139415e-08 -2.75771470e-07 
 2.34034054e-05  1.99738333e-01  2.00629500e-01  2.00380536e-01 -8.59787007e-05  1.14636436e-07 -2.25781778e-07 
 2.34035195e-05  1.99745628e-01  2.00635625e-01  2.00391336e-01 -8.68499660e-05  1.26599162e-07 -1.88228169e-07 
 2.34035919e-05  1.99750077e-01  2.00634160e-01  2.00397998e-01 -8.51425191e-05  1.31614491e-07 -1.64991721e-07 
 2.34036475e-05  1.99752933e-01  2.00627789e-01  2.00402907e-01 -8.13971827e-05  1.32813956e-07 -1.48332725e-07 
 2.34037049e-05  1.99755042e-01  2.00614048e-01  2.00407629e-01 -7.53734845e-05  1.30437547e-07 -1.33192204e-07 
 2.34037796e-05  1.99756554e-01  2.00584472e-01  2.00412974e-01 -6.55542224e-05  1.21271896e-07 -1.17694721e-07 
 2.34038509e-05  1.99756885e-01  2.00546300e-01  2.00416976e-01 -5.56066232e-05  1.06891069e-07 -1.07830775e-07 
 2.34039506e-05  1.99755989e-01  2.00484973e-01  2.00420444e-01 -4.28999661e-05  8.09209036e-08 -1.01914921e-07 
 2.34040618e-05  1.99753850e-01  2.00417435e-01  2.00421346e-01 -3.22648873e-05  4.93514531e-08 -1.04482249e-07 
 2.34041479e-05  1.99751788e-01  2.00372132e-01  2.00420107e-01 -2.68083484e-05  2.63484851e-08 -1.11461996e-07 
 2.34042329e-05  1.99749625e-01  2.00336114e-01  2.00417567e-01 -2.32961053e-05  6.69472922e-09 -1.21140303e-07 
 2.34043297e-05  1.99747116e-01  2.00305209e-01  2.00413505e-01 -2.08562795e-05 -1.14941391e-08 -1.34258166e-07 
 2.34044276e-05  1.99744593e-01  2.00283197e-01  2.00408536e-01 -1.95184883e-05 -2.56073295e-08 -1.48787443e-07 
 2.34045399e-05  1.99741740e-01  2.00266451e-01  2.00402222e-01 -1.87463067e-05 -3.74175255e-08 -1.66060592e-07 
 2.34046611e-05  1.99738718e-01  2.00255231e-01  2.00395061e-01 -1.84071621e-05 -4.62647767e-08 -1.84722519e-07 
 2.34048075e-05  1.99735119e-01  2.00247195e-01  2.00386302e-01 -1.82662728e-05 -5.34331196e-08 -2.06737076e-07 
 2.34049038e-05  1.99732781e-01  2.00243871e-01  2.00380607e-01 -1.82551766e-05 -5.67549950e-08 -2.20707157e-07 
 2.34050000e-05  1.99730459e-01  2.00241360e-01  2.00375017e-01 -1.82487461e-05 -5.94179324e-08 -2.34225326e-07 
 2.34050015e-05  1.99731703e-01  2.00242667e-01  2.00374932e-01 -1.74920539e-05 -5.93484622e-08 -2.34104426e-07 
 2.34050045e-05  1.99733822e-01  2.00245169e-01  2.00374762e-01 -1.71829231e-05 -5.92073951e-08 -2.33840164e-07 
 2.34050105e-05  1.99736017e-01  2.00249626e-01  2.00374431e-01 -1.68890631e-05 -5.89241587e-08 -2.33237564e-07 
 2.34050195e-05  1.99736765e-01  2.00255047e-01  2.00373959e-01 -1.67898387e-05 -5.85322167e-08 -2.32321043e-07 
 2.34050335e-05  1.99736940e-01  2.00262112e-01  2.00373256e-01 -1.65712176e-05 -5.79684790e-08 -2.30915970e-07 
 2.34050616e-05  1.99736993e-01  2.00274304e-01  2.00371970e-01 -1.62937323e-05 -5.69705749e-08 -2.28165956e-07 
 2.34051178e-05  1.99737089e-01  2.00293389e-01  2.00369789e-01 -1.58452912e-05 -5.53448431e-08 -2.22873721e-07 
 2.34052302e-05  1.99737157e-01  2.00315106e-01  2.00366466e-01 -1.54542895e-05 -5.28656602e-08 -2.12908047e-07 
 2.34054550e-05  1.99737350e-01  2.00323671e-01  2.00361553e-01 -1.52383694e-05 -4.88134269e-08 -1.94700511e-07 
 2.34057418e-05  1.99737571e-01  2.00312126e-01  2.00355730e-01 -1.52745184e-05 -4.39080102e-08 -1.73922817e-07 
 2.34061478e-05  1.99737900e-01  2.00290387e-01  2.00346045e-01 -1.52546776e-05 -3.74439778e-08 -1.48253046e-07 
 2.34067530e-05  1.99738291e-01  2.00255596e-01  2.00328106e-01 -1.52779300e-05 -2.94539635e-08 -1.16774547e-07 
 2.34079634e-05  1.99738934e-01  2.00180274e-01  2.00281257e-01 -1.52556016e-05 -1.81373327e-08 -7.19522551e-08 
 2.34103842e-05  1.99739625e-01  2.00016226e-01  2.00155324e-01 -1.52785316e-05 -6.55900089e-09 -2.56534344e-08 
 2.34152259e-05  1.99739819e-01  1.99689306e-01  1.99847795e-01 -1.52540836e-05 -4.93891249e-10 -8.40811925e-10 
 2.34229662e-05  1.99738817e-01  1.99297826e-01  1.99405246e-01 -1.52739654e-05 -3.08407700e-10 -1.33222945e-10 
 2.34306225e-05  1.99737719e-01  1.99131035e-01  1.99162327e-01 -1.52489510e-05 -1.57804311e-10 -1.96940427e-10 
 2.34407012e-05  1.99736828e-01  1.99191577e-01  1.99147650e-01 -1.52696984e-05  7.09218650e-11  8.46842778e-12 
 2.34536316e-05  1.99736641e-01  1.99516289e-01  1.99430798e-01 -1.52446165e-05  2.02401490e-10  1.17696168e-10 
 2.34731553e-05  1.99737285e-01  2.00047585e-01  1.99973994e-01 -1.52652773e-05  1.86630177e-10  1.40169524e-10 
 2.34941219e-05  1.99738136e-01  2.00354500e-01  2.00324491e-01 -1.52417166e-05  6.32479527e-11  5.66120704e-11 
 2.35204636e-05  1.99738517e-01  2.00373398e-01  2.00373978e-01 -1.52650127e-05 -2.76512838e-11 -1.23435857e-11 
 2.35517603e-05  1.99738394e-01  2.00257883e-01  2.00256103e-01 -1.52427367e-05 -2.61677114e-11 -2.01153132e-11 
 2.35758801e-05  1.99738243e-01  2.00231328e-01  2.00220471e-01 -1.52656316e-05  1.10794880e-12  3.72016328e-13 
 2.36000000e-05  1.99738250e-01  2.00256333e-01  2.00242584e-01 -1.52426620e-05  9.48161666e-12  7.08051727e-12 
 2.36000130e-05  1.99746033e-01  2.00269453e-01  2.00242671e-01 -1.36332305e-05  1.96981120e-09  7.13818570e-10 
 2.36000389e-05  1.99752656e-01  2.00291248e-01  2.00242956e-01 -1.26386955e-05  5.69870465e-09  2.01915881e-09 
 2.36000908e-05  1.99756196e-01  2.00322139e-01  2.00244060e-01 -1.16613892e-05  1.17457204e-08  4.35357682e-09 
 2.36001418e-05  1.99762525e-01  2.00344183e-01  2.00245655e-01 -1.08420332e-05  1.62781773e-08  6.48283034e-09 
 2.36002436e-05  1.99771866e-01  2.00367438e-01  2.00249654e-01 -1.01688213e-05  2.29961578e-08  1.03827077e-08 
 2.36004474e-05  1.99792974e-01  2.00372259e-01  2.00258282e-01 -9.60482258e-06  3.18867004e-08  1.74381573e-08 
 2.36007052e-05  1.99818103e-01  2.00348775e-01  2.00267328e-01 -9.63869570e-06  3.99579756e-08  2.54580594e-08 
 2.36010536e-05  1.99853712e-01  2.00306568e-01  2.00273884e-01 -9.56891575e-06  4.92578804e-08  3.50978105e-08 
 2.36015416e-05  1.99905020e-01  2.00238893e-01  2.00271898e-01 -1.00514451e-05  5.66258767e-08  4.64640593e-08 
 2.36016450e-05  1.99918495e-01  2.00223352e-01  2.00269840e-01 -1.02407795e-05  5.57308765e-08  4.85502275e-08 
 2.36018517e-05  1.99950661e-01  2.00189542e-01  2.00264009e-01 -1.17669693e-05  3.91576974e-08  5.21330588e-08 
 2.36020045e-05  1.99984601e-01  2.00161616e-01  2.00258172e-01 -1.39892888e-05  3.85055057e-09  5.40815146e-08 
 2.36021340e-05  2.00021502e-01  2.00134856e-01  2.00252115e-01 -1.71048019e-05 -5.44783211e-08  5.49866670e-08 
 2.36022629e-05  2.00066998e-01  2.00104582e-01  2.00244958e-01 -2.11695295e-05 -1.51039549e-07  5.49545040e-08 
 2.36023938e-05  2.00119883e-01  2.00069484e-01  2.00236388e-01 -2.60753083e-05 -3.01866739e-07  5.36930196e-08 
 2.36025194e-05  2.00175149e-01  2.00030498e-01  2.00226764e-01 -3.06005786e-05 -5.11012309e-07  5.10273679e-08 
 2.36026315e-05  2.00225097e-01  1.99989876e-01  2.00216822e-01 -3.36660301e-05 -7.65828092e-07  4.71307274e-08 
 2.36027394e-05  2.00271758e-01  1.99944100e-01  2.00205851e-01 -3.49817370e-05 -1.08619422e-06  4.17296277e-08 
 2.36028576e-05  2.00319121e-01  1.99887657e-01  2.00191994e-01 -3.57301419e-05 -1.53132927e-06  3.38133208e-08 
 2.36029937e-05  2.00367702e-01  1.99820236e-01  2.00173545e-01 -3.68851013e-05 -2.16030844e-06  2.23760181e-08 
 2.36031144e-05  2.00404298e-01  1.99762951e-01  2.00155065e-01 -3.82355823e-05 -2.81029896e-06  1.05158821e-08 
 2.36032383e-05  2.00434856e-01  1.99708833e-01  2.00134316e-01 -3.96960319e-05 -3.55268686e-06 -2.97260178e-09 
 2.36033619e-05  2.00456811e-01  1.99660861e-01  2.00112140e-01 -4.11734832e-05 -4.35427576e-06 -1.74263478e-08 
 2.36034603e-05  2.00465482e-01  1.99627962e-01  2.00093696e-01 -4.21487929e-05 -5.02192842e-06 -2.93497517e-08 
 2.36035124e-05  2.00464005e-01  1.99613081e-01  2.00083744e-01 -4.25257874e-05 -5.37930898e-06 -3.56730139e-08 
 2.36035493e-05  2.00457234e-01  1.99604040e-01  2.00076629e-01 -4.26014502e-05 -5.63047520e-06 -4.00789469e-08 
 2.36035792e-05  2.00444595e-01  1.99598168e-01  2.00070853e-01 -4.24663505e-05 -5.82856415e-06 -4.35172427e-08 
 2.36036060e-05  2.00423668e-01  1.99594624e-01  2.00065690e-01 -4.20490317e-05 -5.99722855e-06 -4.63993815e-08 
 2.36036342e-05  2.00389357e-01  1.99593871e-01  2.00060297e-01 -4.12149720e-05 -6.15975490e-06 -4.90836323e-08 
 2.36036708e-05  2.00329854e-01  1.99599859e-01  2.00053419e-01 -3.94996707e-05 -6.33946878e-06 -5.17915111e-08 
 2.36037044e-05  2.00268128e-01  1.99613633e-01  2.00047311e-01 -3.74049942e-05 -6.46854373e-06 -5.33531917e-08 
 2.36037524e-05  2.00181836e-01  1.99645485e-01  2.00039184e-01 -3.38984505e-05 -6.59092932e-06 -5.40211298e-08 
 2.36037945e-05  2.00115297e-01  1.99681903e-01  2.00032735e-01 -3.06131253e-05 -6.64362725e-06 -5.32702109e-08 
 2.36038311e-05  2.00068029e-01  1.99716385e-01  2.00027747e-01 -2.78311962e-05 -6.65432403e-06 -5.18305098e-08 
 2.36038707e-05  2.00027685e-01  1.99753605e-01  2.00022985e-01 -2.50243090e-05 -6.63689555e-06 -4.96904264e-08 
 2.36039179e-05  1.99993021e-01  1.99794597e-01  2.00018152e-01 -2.20898144e-05 -6.58667784e-06 -4.66552974e-08 
 2.36039630e-05  1.99970963e-01  1.99828624e-01  2.00014280e-01 -1.97252470e-05 -6.51708759e-06 -4.34856795e-08 
 2.36040143e-05  1.99955651e-01  1.99860100e-01  2.00010621e-01 -1.75569065e-05 -6.42123396e-06 -3.97849946e-08 
 2.36040673e-05  1.99947603e-01  1.99884542e-01  2.00007514e-01 -1.58325485e-05 -6.31104489e-06 -3.60168957e-08 
 2.36041306e-05  1.99944622e-01  1.99904459e-01  2.00004435e-01 -1.43309722e-05 -6.17114353e-06 -3.16778297e-08 
 2.36042002e-05  1.99946470e-01  1.99916926e-01  2.00001587e-01 -1.32064485e-05 -6.01336797e-06 -2.71766885e-08 
 2.36042868e-05  1.99952816e-01  1.99922626e-01  1.99998461e-01 -1.23379288e-05 -5.81681082e-06 -2.19516541e-08 
 2.36043886e-05  1.99963136e-01  1.99920339e-01  1.99994991e-01 -1.17696284e-05 -5.58997279e-06 -1.62663182e-08 
 2.36045239e-05  1.99978841e-01  1.99909087e-01  1.99990233e-01 -1.14160168e-05 -5.29919032e-06 -9.30298526e-09 
 2.36046999e-05  2.00000513e-01  1.99887885e-01  1.99983313e-01 -1.12403590e-05 -4.94145631e-06 -1.01889888e-09 
 2.36048500e-05  2.00019371e-01  1.99867213e-01  1.99976568e-01 -1.11921320e-05 -4.65486799e-06  5.48548841e-09 
 2.36050000e-05  2.00038361e-01  1.99845466e-01  1.99968979e-01 -1.11651564e-05 -4.38443482e-06  1.15552077e-08 
 2.36050031e-05  2.00034718e-01  1.99841253e-01  1.99968808e-01 -1.22234243e-05 -4.37943986e-06  1.14896781e-08 
 2.36050094e-05  2.00029531e-01  1.99833418e-01  1.99968455e-01 -1.27123017e-05 -4.36945755e-06  1.13751716e-08 
 2.36050218e-05  2.00026686e-01  1.99820269e-01  1.99967701e-01 -1.29641009e-05 -4.34941660e-06  1.12177248e-08 
 2.36050458e-05  2.00025630e-01  1.99799266e-01  1.99966100e-01 -1.34218576e-05 -4.31070763e-06  1.10010857e-08 
 2.36050806e-05  2.00024125e-01  1.99773036e-01  1.99963475e-01 -1.39177913e-05 -4.25433622e-06  1.07652496e-08 
 2.36051501e-05  2.00023051e-01  1.99732861e-01  1.99957424e-01 -1.45534776e-05 -4.14220848e-06  1.04830239e-08 
 2.36052892e-05  2.00022209e-01  1.99686664e-01  1.99943474e-01 -1.51007094e-05 -3.92427159e-06  1.02320643e-08 
 2.36054469e-05  2.00022251e-01  1.99663688e-01  1.99926457e-01 -1.52357007e-05 -3.68997812e-06  1.01006243e-08 
 2.36057190e-05  2.00021859e-01  1.99645030e-01  1.99897341e-01 -1.52726501e-05 -3.31773060e-06  9.84685068e-09 
 2.36060367e-05  2.00021782e-01  1.99632131e-01  1.99865232e-01 -1.52604956e-05 -2.93014438e-06  9.47518665e-09 
 2.36066085e-05  2.00021275e-01  1.99613708e-01  1.99813442e-01 -1.52667677e-05 -2.34142232e-06  8.67197248e-09 
 2.36075300e-05  2.00020952e-01  1.99593827e-01  1.99745076e-01 -1.52594761e-05 -1.62724767e-06  7.25068999e-09 
 2.36093729e-05  2.00020108e-01  1.99583818e-01  1.99655533e-01 -1.52658245e-05 -7.65965847e-07  4.61739755e-09 
 2.36130588e-05  2.00019499e-01  1.99645220e-01  1.99612253e-01 -1.52589471e-05 -1.24796451e-07  1.37767143e-09 
 2.36193475e-05  2.00018994e-01  1.99871504e-01  1.99763917e-01 -1.52663699e-05  1.29399614e-08 -9.09839532e-12 
 2.36261343e-05  2.00019340e-01  2.00152230e-01  2.00037944e-01 -1.52593615e-05 -1.50845285e-09  1.73199443e-10 
 2.36345849e-05  2.00019676e-01  2.00434988e-01  2.00346620e-01 -1.52655356e-05  6.70101908e-10  1.85305500e-10 
 2.36448095e-05  2.00020388e-01  2.00635585e-01  2.00586568e-01 -1.52577582e-05 -1.81934314e-11  1.10074013e-10 
 2.36607793e-05  2.00020740e-01  2.00703475e-01  2.00697650e-01 -1.52643443e-05  6.97226363e-11  1.42374742e-11 
 2.36847552e-05  2.00020970e-01  2.00565451e-01  2.00576482e-01 -1.52578601e-05 -1.07076888e-10 -3.99898641e-11 
 2.37171277e-05  2.00020542e-01  2.00419754e-01  2.00413800e-01 -1.52652409e-05  1.77382577e-11 -1.41803205e-11 
 2.37524805e-05  2.00020603e-01  2.00456137e-01  2.00438548e-01 -1.52580420e-05 -3.67694568e-12  1.49179918e-11 
 2.38009477e-05  2.00020582e-01  2.00544123e-01  2.00532021e-01 -1.52648146e-05  2.53000646e-11  6.44312289e-12 
 2.38755990e-05  2.00020790e-01  2.00555943e-01  2.00546988e-01 -1.52579796e-05 -2.03938938e-11 -1.72564003e-12 
 2.39656186e-05  2.00020645e-01  2.00576143e-01  2.00564092e-01 -1.52649312e-05  1.96949022e-11  4.55694266e-12 
 2.40656186e-05  2.00020870e-01  2.00605476e-01  2.00595879e-01 -1.52579328e-05 -1.43356024e-11  8.09729996e-13 
 2.41656186e-05  2.00020740e-01  2.00604259e-01  2.00593895e-01 -1.52649487e-05  1.16504408e-11  8.17452063e-13 
 2.42656186e-05  2.00020929e-01  2.00616562e-01  2.00606249e-01 -1.52579415e-05 -9.46497720e-12  2.30677082e-12 
 2.43656186e-05  2.00020815e-01  2.00617680e-01  2.00607852e-01 -1.52649369e-05  7.70877112e-12 -6.83264209e-14 
 2.44656186e-05  2.00020993e-01  2.00619100e-01  2.00608818e-01 -1.52579534e-05 -7.37316284e-12  2.08005092e-12 
 2.45656186e-05  2.00020879e-01  2.00621883e-01  2.00611947e-01 -1.52649312e-05  6.04550763e-12  2.66156183e-13 
 2.46656186e-05  2.00021058e-01  2.00620998e-01  2.00610923e-01 -1.52579549e-05 -6.14524447e-12  1.64107009e-12 
 2.47656186e-05  2.00020940e-01  2.00622403e-01  2.00612345e-01 -1.52649332e-05  4.73188220e-12  4.84328235e-13 
 2.48656186e-05  2.00021122e-01  2.00622267e-01  2.00612268e-01 -1.52579520e-05 -4.84099891e-12  1.54841531e-12 
 2.49656186e-05  2.00021002e-01  2.00622399e-01  2.00612334e-01 -1.52649361e-05  3.38000851e-12  4.42299843e-13 
 2.50656186e-05  2.00021184e-01  2.00622713e-01  2.00612699e-01 -1.52579498e-05 -3.56059084e-12  1.62525478e-12 
 2.51656186e-05  2.00021064e-01  2.00622568e-01  2.00612529e-01 -1.52649376e-05  2.19132568e-12  3.56489903e-13 
 2.52656186e-05  2.00021246e-01  2.00622772e-01  2.00612739e-01 -1.52579488e-05 -2.50564456e-12  1.68522119e-12 
 2.53656186e-05  2.00021127e-01  2.00622754e-01  2.00612726e-01 -1.52649385e-05  1.25866028e-12  3.18900125e-13 
 2.54656186e-05  2.00021308e-01  2.00622796e-01  2.00612760e-01 -1.52579479e-05 -1.68641468e-12  1.70277746e-12 
 2.55328093e-05  2.00021179e-01  2.00622847e-01  2.00612817e-01 -1.52649397e-05  3.74307790e-13  3.08612077e-13 
 2.56000000e-05  2.00021350e-01  2.00622844e-01  2.00612813e-01 -1.52579463e-05 -7.58152872e-13  1.71227382e-12 
 2.56000650e-05  2.00001008e-01  2.00578639e-01  2.00611692e-01 -1.75816559e-05 -6.42974735e-09 -3.04825678e-09 
 2.56001951e-05  1.99979997e-01  2.00522378e-01  2.00608082e-01 -1.89453221e-05 -1.54776005e-08 -8.47912473e-09 
 2.56004106e-05  1.99953662e-01  2.00504681e-01  2.00599437e-01 -1.93964315e-05 -2.31995883e-08 -1.61061526e-08 
 2.56006381e-05  1.99923586e-01  2.00522770e-01  2.00591105e-01 -1.95556592e-05 -2.99574510e-08 -2.33701577e-08 
 2.56008935e-05  1.99892744e-01  2.00552108e-01  2.00584915e-01 -1.97841186e-05 -3.61520775e-08 -3.07556604e-08 
 2.56012567e-05  1.99850371e-01  2.00599344e-01  2.00582312e-01 -2.13947081e-05 -3.80073367e-08 -3.99291971e-08 
 2.56014815e-05  1.99831013e-01  2.00633751e-01  2.00584395e-01 -2.40930414e-05 -2.87739356e-08 -4.47069988e-08 
 2.56016591e-05  1.99819527e-01  2.00663683e-01  2.00588119e-01 -2.78889704e-05 -9.11059906e-09 -4.78966839e-08 
 2.56018364e-05  1.99815021e-01  2.00697796e-01  2.00593775e-01 -3.32269384e-05  2.73026388e-08 -5.04460364e-08 
 2.56019992e-05  1.99813832e-01  2.00732047e-01  2.00600785e-01 -3.96332993e-05  8.18116265e-08 -5.21398738e-08 
 2.56021360e-05  1.99815818e-01  2.00764435e-01  2.00608105e-01 -4.59131918e-05  1.49903585e-07 -5.29363693e-08 
 2.56022492e-05  1.99816356e-01  2.00793713e-01  2.00615233e-01 -5.17029982e-05  2.28305717e-07 -5.30413952e-08 
 2.56023457e-05  1.99815894e-01  2.00821571e-01  2.00622134e-01 -5.68413550e-05  3.17282016e-07 -5.25873734e-08 
 2.56024308e-05  1.99811968e-01  2.00848765e-01  2.00628935e-01 -6.14971835e-05  4.19399153e-07 -5.16410978e-08 
 2.56025096e-05  1.99804936e-01  2.00877080e-01  2.00635881e-01 -6.56943167e-05  5.40327629e-07 -5.01544377e-08 
 2.56025896e-05  1.99793119e-01  2.00909527e-01  2.00643674e-01 -6.98111359e-05  6.96714372e-07 -4.78868773e-08 
 2.56026792e-05  1.99778608e-01  2.00950400e-01  2.00653396e-01 -7.41574744e-05  9.17716043e-07 -4.43191842e-08 
 2.56027799e-05  1.99765268e-01  2.00999805e-01  2.00665710e-01 -7.89107442e-05  1.22366062e-06 -3.90832818e-08 
 2.56028837e-05  1.99757130e-01  2.01051047e-01  2.00679923e-01 -8.37032750e-05  1.59517437e-06 -3.25740537e-08 
 2.56030006e-05  1.99754057e-01  2.01106313e-01  2.00697695e-01 -8.90658301e-05  2.07181860e-06 -2.41870843e-08 
 2.56031323e-05  1.99757370e-01  2.01163597e-01  2.00719625e-01 -9.48840096e-05  2.66720331e-06 -1.37532861e-08 
 2.56032751e-05  1.99766860e-01  2.01218844e-01  2.00745247e-01 -1.00660212e-04  3.36497481e-06 -1.63156614e-09 
 2.56034305e-05  1.99782240e-01  2.01269782e-01  2.00774737e-01 -1.05539681e-04  4.16270703e-06  1.20454328e-08 
 2.56035463e-05  1.99795404e-01  2.01299237e-01  2.00797351e-01 -1.06832669e-04  4.76135191e-06  2.21024445e-08 
 2.56036168e-05  1.99803221e-01  2.01310843e-01  2.00811201e-01 -1.04616483e-04  5.11273265e-06  2.78210273e-08 
 2.56036715e-05  1.99808352e-01  2.01313561e-01  2.00821824e-01 -1.00169900e-04  5.36477270e-06  3.17158480e-08 
 2.56037306e-05  1.99812618e-01  2.01307802e-01  2.00833001e-01 -9.29606537e-05  5.60417428e-06  3.50893133e-08 
 2.56038020e-05  1.99815755e-01  2.01288571e-01  2.00845820e-01 -8.21853941e-05  5.83622975e-06  3.77786861e-08 
 2.56038792e-05  1.99816762e-01  2.01255801e-01  2.00858486e-01 -6.97201855e-05  6.00987099e-06  3.89286838e-08 
 2.56039827e-05  1.99814674e-01  2.01202160e-01  2.00873101e-01 -5.43172813e-05  6.12152013e-06  3.79492387e-08 
 2.56040732e-05  1.99810328e-01  2.01154752e-01  2.00883603e-01 -4.35987528e-05  6.12150369e-06  3.52570954e-08 
 2.56041555e-05  1.99804926e-01  2.01117282e-01  2.00891450e-01 -3.63428677e-05  6.06127659e-06  3.18481529e-08 
 2.56042450e-05  1.99797976e-01  2.01085497e-01  2.00898484e-01 -3.07612556e-05  5.95000479e-06  2.75539753e-08 
 2.56043406e-05  1.99789750e-01  2.01062372e-01  2.00904691e-01 -2.68554794e-05  5.79677500e-06  2.26651930e-08 
 2.56044407e-05  1.99780581e-01  2.01048866e-01  2.00910219e-01 -2.43478401e-05  5.61429857e-06  1.74870679e-08 
 2.56045507e-05  1.99770128e-01  2.01043994e-01  2.00915652e-01 -2.27624908e-05  5.40148595e-06  1.19151311e-08 
 2.56046739e-05  1.99758165e-01  2.01047366e-01  2.00921421e-01 -2.18345093e-05  5.15941742e-06  5.93955425e-09 
 2.56048183e-05  1.99743988e-01  2.01058891e-01  2.00928252e-01 -2.13288062e-05  4.88007146e-06 -6.61523686e-10 
 2.56049091e-05  1.99735023e-01  2.01068851e-01  2.00932734e-01 -2.11859566e-05  4.70929818e-06 -4.59012055e-09 
 2.56050000e-05  1.99726057e-01  2.01080067e-01  2.00937434e-01 -2.11007291e-05  4.54338064e-06 -8.35436095e-09 
 2.56050016e-05  1.99728089e-01  2.01082323e-01  2.00937522e-01 -2.01720041e-05  4.54068368e-06 -8.32125047e-09 
 2.56050049e-05  1.99731367e-01  2.01086638e-01  2.00937701e-01 -1.97365030e-05  4.53531356e-06 -8.25967688e-09 
 2.56050114e-05  1.99734371e-01  2.01094392e-01  2.00938074e-01 -1.93319408e-05  4.52463412e-06 -8.16313276e-09 
 2.56050213e-05  1.99735292e-01  2.01104367e-01  2.00938668e-01 -1.90494285e-05  4.50851273e-06 -8.05919634e-09 
 2.56050382e-05  1.99735546e-01  2.01119271e-01  2.00939765e-01 -1.85184328e-05  4.48083904e-06 -7.91640808e-09 
 2.56050719e-05  1.99735688e-01  2.01145398e-01  2.00942211e-01 -1.77527787e-05  4.42540926e-06 -7.70034844e-09 
 2.56051393e-05  1.99735892e-01  2.01185983e-01  2.00947893e-01 -1.66496988e-05  4.31484048e-06 -7.45255261e-09 
 2.56052743e-05  1.99736047e-01  2.01233683e-01  2.00961130e-01 -1.56951904e-05  4.09793438e-06 -7.31858143e-09 
 2.56055127e-05  1.99736375e-01  2.01267512e-01  2.00986570e-01 -1.52675763e-05  3.73566938e-06 -7.39249454e-09 
 2.56057593e-05  1.99736637e-01  2.01282300e-01  2.01012725e-01 -1.52851198e-05  3.39282972e-06 -7.44260854e-09 
 2.56061311e-05  1.99737074e-01  2.01299904e-01  2.01049873e-01 -1.52479241e-05  2.93351958e-06 -7.35164619e-09 
 2.56066430e-05  1.99737565e-01  2.01320068e-01  2.01096314e-01 -1.52779258e-05  2.40036104e-06 -7.02894014e-09 
 2.56076666e-05  1.99738504e-01  2.01348944e-01  2.01173853e-01 -1.52450726e-05  1.60054991e-06 -6.03645776e-09 
 2.56097140e-05  1.99739868e-01  2.01368132e-01  2.01275314e-01 -1.52736660e-05  6.86294539e-07 -3.81690236e-09 
 2.56138086e-05  1.99741496e-01  2.01300952e-01  2.01319583e-01 -1.52402979e-05  7.64193457e-08 -9.60708092e-10 
 2.56199782e-05  1.99742193e-01  2.01067775e-01  2.01159089e-01 -1.52697155e-05 -7.28062516e-09  1.34409508e-12 
 2.56279187e-05  1.99741951e-01  2.00728804e-01  2.00826694e-01 -1.52383855e-05  1.23571967e-09 -1.98069688e-10 
 2.56362690e-05  1.99741273e-01  2.00447783e-01  2.00515914e-01 -1.52696994e-05 -6.00313965e-10 -1.83272160e-10 
 2.56475045e-05  1.99740548e-01  2.00242420e-01  2.00265631e-01 -1.52393390e-05  2.77533708e-11 -9.73812586e-11 
 2.56629106e-05  1.99739981e-01  2.00204113e-01  2.00186546e-01 -1.52702558e-05 -5.52519406e-11 -5.27135817e-12 
 2.56895373e-05  1.99740003e-01  2.00376017e-01  2.00343992e-01 -1.52386520e-05  1.09222977e-10  4.63832574e-11 
 2.57192770e-05  1.99740337e-01  2.00510514e-01  2.00496805e-01 -1.52691704e-05 -1.91547858e-11  1.47809926e-11 
 2.57576140e-05  1.99740474e-01  2.00470141e-01  2.00467610e-01 -1.52385529e-05  3.04934637e-12 -1.28423228e-11 
 2.58000000e-05  1.99740314e-01  2.00398477e-01  2.00390109e-01 -1.52696007e-05 -2.47767267e-11 -4.16378461e-12 
 2.58000208e-05  1.99745869e-01  2.00411898e-01  2.00390206e-01 -1.38786518e-05  1.36066079e-09  4.86381988e-09 
 2.58000624e-05  1.99749148e-01  2.00433046e-01  2.00390573e-01 -1.32372813e-05  3.89985045e-09  1.46135431e-08 
 2.58001342e-05  1.99749579e-01  2.00456970e-01  2.00391831e-01 -1.28488143e-05  7.47572890e-09  3.09380570e-08 
 2.58002087e-05  1.99752400e-01  2.00473046e-01  2.00393684e-01 -1.24880329e-05  1.05577638e-08  4.71923851e-08 
 2.58003575e-05  1.99755221e-01  2.00485715e-01  2.00398060e-01 -1.23708452e-05  1.59319536e-08  7.81631844e-08 
 2.58006552e-05  1.99763158e-01  2.00483584e-01  2.00406666e-01 -1.22376237e-05  2.54900975e-08  1.34785492e-07 
 2.58010726e-05  1.99772608e-01  2.00465128e-01  2.00415551e-01 -1.23413062e-05  3.73500376e-08  2.04260876e-07 
 2.58016986e-05  1.99794905e-01  2.00433833e-01  2.00420872e-01 -1.34971368e-05  5.08887408e-08  2.91316724e-07 
 2.58018449e-05  1.99806423e-01  2.00424899e-01  2.00420785e-01 -1.46663804e-05  5.23779609e-08  3.09002074e-07 
 2.58019947e-05  1.99827673e-01  2.00413723e-01  2.00420116e-01 -1.70361035e-05  5.15980482e-08  3.25229238e-07 
 2.58021237e-05  1.99853602e-01  2.00401775e-01  2.00418990e-01 -2.05060942e-05  4.84739340e-08  3.37039682e-07 
 2.58022514e-05  1.99888875e-01  2.00387711e-01  2.00417283e-01 -2.51120516e-05  4.24969157e-08  3.45964474e-07 
 2.58023814e-05  1.99931839e-01  2.00370202e-01  2.00414833e-01 -3.09020612e-05  3.29151629e-08  3.51322430e-07 
 2.58025068e-05  1.99979354e-01  2.00349744e-01  2.00411660e-01 -3.66709431e-05  1.97667877e-08  3.51917630e-07 
 2.58026208e-05  2.00024355e-01  2.00326659e-01  2.00407936e-01 -4.13372502e-05  3.71867515e-09  3.47500055e-07 
 2.58027289e-05  2.00067361e-01  2.00299743e-01  2.00403505e-01 -4.44382545e-05 -1.57896109e-08  3.37906324e-07 
 2.58028481e-05  2.00112672e-01  2.00265380e-01  2.00397405e-01 -4.73982875e-05 -4.17237672e-08  3.20613931e-07 
 2.58029792e-05  2.00159397e-01  2.00227092e-01  2.00389167e-01 -5.10897269e-05 -7.32113259e-08  2.93985450e-07 
 2.58031154e-05  2.00202657e-01  2.00191969e-01  2.00379107e-01 -5.53139186e-05 -1.06533692e-07  2.59231075e-07 
 2.58032556e-05  2.00240676e-01  2.00163077e-01  2.00367567e-01 -5.95816329e-05 -1.39643629e-07  2.17515901e-07 
 2.58033834e-05  2.00267090e-01  2.00144209e-01  2.00356403e-01 -6.32348009e-05 -1.67578628e-07  1.75653615e-07 
 2.58034654e-05  2.00277118e-01  2.00136547e-01  2.00349109e-01 -6.51843623e-05 -1.83563926e-07  1.47640016e-07 
 2.58035085e-05  2.00277660e-01  2.00134337e-01  2.00345282e-01 -6.60128010e-05 -1.90917003e-07  1.32824641e-07 
 2.58035476e-05  2.00271871e-01  2.00133932e-01  2.00341856e-01 -6.64265157e-05 -1.96360548e-07  1.19655877e-07 
 2.58035751e-05  2.00260576e-01  2.00135012e-01  2.00339478e-01 -6.64199446e-05 -1.99008773e-07  1.10718288e-07 
 2.58036015e-05  2.00239956e-01  2.00137747e-01  2.00337236e-01 -6.59625347e-05 -1.99950529e-07  1.02679537e-07 
 2.58036300e-05  2.00205142e-01  2.00143807e-01  2.00334895e-01 -6.48480474e-05 -1.98393053e-07  9.49944522e-08 
 2.58036652e-05  2.00148495e-01  2.00157691e-01  2.00332178e-01 -6.25155157e-05 -1.91978030e-07  8.74231540e-08 
 2.58036998e-05  2.00086527e-01  2.00179011e-01  2.00329795e-01 -5.93597129e-05 -1.80857056e-07  8.23671255e-08 
 2.58037487e-05  2.00000645e-01  2.00220046e-01  2.00327075e-01 -5.38806164e-05 -1.58488601e-07  7.91946763e-08 
 2.58037832e-05  1.99946938e-01  2.00254057e-01  2.00325705e-01 -4.96476449e-05 -1.39500646e-07  7.95289464e-08 
 2.58038180e-05  1.99900940e-01  2.00289784e-01  2.00324823e-01 -4.53470846e-05 -1.19160874e-07  8.16274402e-08 
 2.58038580e-05  1.99857980e-01  2.00329950e-01  2.00324427e-01 -4.05979115e-05 -9.56859717e-08  8.57632163e-08 
 2.58039040e-05  1.99820751e-01  2.00372335e-01  2.00324732e-01 -3.56179686e-05 -7.00649450e-08  9.21925301e-08 
 2.58039490e-05  1.99794720e-01  2.00408153e-01  2.00325721e-01 -3.13815778e-05 -4.74879147e-08  9.96351562e-08 
 2.58039991e-05  1.99774723e-01  2.00440954e-01  2.00327485e-01 -2.74278722e-05 -2.57449480e-08  1.08746790e-07 
 2.58040519e-05  1.99760976e-01  2.00467755e-01  2.00329925e-01 -2.40945169e-05 -6.83920674e-09  1.18815816e-07 
 2.58041140e-05  1.99751122e-01  2.00490774e-01  2.00333345e-01 -2.11074468e-05  1.06969962e-08  1.30898148e-07 
 2.58041833e-05  1.99745156e-01  2.00508093e-01  2.00337608e-01 -1.87287546e-05  2.52527745e-08  1.44330415e-07 
 2.58042680e-05  1.99741935e-01  2.00521209e-01  2.00343172e-01 -1.68090042e-05  3.77144645e-08  1.60447999e-07 
 2.58043681e-05  1.99741147e-01  2.00529904e-01  2.00349944e-01 -1.54598369e-05  4.73074466e-08  1.78905434e-07 
 2.58044981e-05  1.99742360e-01  2.00535856e-01  2.00358703e-01 -1.45605010e-05  5.48705782e-08  2.01802135e-07 
 2.58046649e-05  1.99745393e-01  2.00540206e-01  2.00369638e-01 -1.40793849e-05  6.05256160e-08  2.29602041e-07 
 2.58048325e-05  1.99749040e-01  2.00543562e-01  2.00380157e-01 -1.39118280e-05  6.41706852e-08  2.55902244e-07 
 2.58050000e-05  1.99752859e-01  2.00546740e-01  2.00390206e-01 -1.38488547e-05  6.70121603e-08  2.80808336e-07 
 2.58050042e-05  1.99749914e-01  2.00543336e-01  2.00390447e-01 -1.47597887e-05  6.67836312e-08  2.80355012e-07 
 2.58050126e-05  1.99746046e-01  2.00537236e-01  2.00390916e-01 -1.50932084e-05  6.63417322e-08  2.79219810e-07 
 2.58050294e-05  1.99744349e-01  2.00527891e-01  2.00391797e-01 -1.50854257e-05  6.55547844e-08  2.76562945e-07 
 2.58050584e-05  1.99743242e-01  2.00515123e-01  2.00393180e-01 -1.51893910e-05  6.43945228e-08  2.72173760e-07 
 2.58051102e-05  1.99741697e-01  2.00496967e-01  2.00395287e-01 -1.52276522e-05  6.26942701e-08  2.64578832e-07 
 2.58052137e-05  1.99740782e-01  2.00475258e-01  2.00398565e-01 -1.52787852e-05  5.99587687e-08  2.50249660e-07 
 2.58053599e-05  1.99740308e-01  2.00465292e-01  2.00402069e-01 -1.52571141e-05  5.66081997e-08  2.31523485e-07 
 2.58055620e-05  1.99740210e-01  2.00468478e-01  2.00406328e-01 -1.52633004e-05  5.22892596e-08  2.08138599e-07 
 2.58059025e-05  1.99739733e-01  2.00485215e-01  2.00414042e-01 -1.52479985e-05  4.56904079e-08  1.74346026e-07 
 2.58065835e-05  1.99739271e-01  2.00525478e-01  2.00433529e-01 -1.52593034e-05  3.48501133e-08  1.23310792e-07 
 2.58079454e-05  1.99738325e-01  2.00612057e-01  2.00487139e-01 -1.52465965e-05  2.01264206e-08  6.38606875e-08 
 2.58106692e-05  1.99737669e-01  2.00798086e-01  2.00633775e-01 -1.52576192e-05  6.24559553e-09  2.14501613e-08 
 2.58161169e-05  1.99737573e-01  2.01153212e-01  2.00979827e-01 -1.52471183e-05  1.56466427e-10  9.45290450e-09 
 2.58230212e-05  1.99738690e-01  2.01478843e-01  2.01358142e-01 -1.52603980e-05  3.51026119e-10  6.61398302e-09 
 2.58308274e-05  1.99739676e-01  2.01629726e-01  2.01584983e-01 -1.52505530e-05  1.22050615e-10  3.44511465e-09 
 2.58405466e-05  1.99740619e-01  2.01554197e-01  2.01580888e-01 -1.52635504e-05 -7.54037041e-11  1.88049952e-09 
 2.58550359e-05  1.99740672e-01  2.01172357e-01  2.01242349e-01 -1.52543437e-05 -2.21784734e-10  4.43397063e-10 
 2.58768942e-05  1.99739971e-01  2.00592034e-01  2.00639782e-01 -1.52677030e-05 -1.70120777e-10 -1.59996972e-10 
 2.58975855e-05  1.99739069e-01  2.00342295e-01  2.00345589e-01 -1.52567573e-05 -4.66283184e-11 -2.41646744e-10 
 2.59250379e-05  1.99738901e-01  2.00363346e-01  2.00340876e-01 -1.52674841e-05  3.50722357e-11 -2.33881902e-11 
 2.59576798e-05  1.99738980e-01  2.00473588e-01  2.00458067e-01 -1.52556687e-05  1.62435915e-11  3.56424453e-11 
 2.60003237e-05  1.99739236e-01  2.00464711e-01  2.00459964e-01 -1.52670478e-05 -1.38480835e-11  2.62369614e-11 
 2.60545381e-05  1.99739013e-01  2.00395570e-01  2.00387004e-01 -1.52559235e-05 -6.00117655e-12 -2.98938205e-11 
 2.61543536e-05  1.99739117e-01  2.00385624e-01  2.00374765e-01 -1.52670875e-05  3.41703163e-12  2.60462790e-11 
 2.62543536e-05  1.99739027e-01  2.00367868e-01  2.00359455e-01 -1.52558484e-05 -6.02992135e-12 -1.28391718e-11 
 2.63543536e-05  1.99739121e-01  2.00350791e-01  2.00340135e-01 -1.52671279e-05  2.37243515e-12  1.43548891e-11 
 2.64543536e-05  1.99739033e-01  2.00353917e-01  2.00344329e-01 -1.52558292e-05 -2.47434647e-12 -4.73071690e-12 
 2.65543536e-05  1.99739156e-01  2.00344345e-01  2.00334395e-01 -1.52671243e-05  2.57537264e-13  1.17824775e-11 
 2.66543536e-05  1.99739050e-01  2.00345445e-01  2.00335316e-01 -1.52558400e-05 -9.50862002e-13 -4.40366282e-12 
 2.67543536e-05  1.99739189e-01  2.00343955e-01  2.00334112e-01 -1.52671111e-05 -6.83459365e-15  1.27630595e-11 
 2.68543536e-05  1.99739078e-01  2.00342384e-01  2.00332286e-01 -1.52558495e-05 -1.08247179e-12 -5.05443262e-12 
 2.69543536e-05  1.99739218e-01  2.00343281e-01  2.00333295e-01 -1.52671049e-05  4.12832312e-13  1.29150253e-11 
 2.70543536e-05  1.99739111e-01  2.00342099e-01  2.00332111e-01 -1.52558527e-05 -1.39368096e-12 -4.56111196e-12 
 2.71543536e-05  1.99739247e-01  2.00342520e-01  2.00332458e-01 -1.52671031e-05  6.14800311e-13  1.21021046e-11 
 2.72543536e-05  1.99739142e-01  2.00342304e-01  2.00332339e-01 -1.52558541e-05 -1.44064513e-12 -3.61764557e-12 
 2.73543536e-05  1.99739278e-01  2.00342225e-01  2.00332166e-01 -1.52671013e-05  5.88404759e-13  1.12271765e-11 
 2.74543536e-05  1.99739173e-01  2.00342329e-01  2.00332346e-01 -1.52558564e-05 -1.37596510e-12 -2.86372515e-12 
 2.75543536e-05  1.99739309e-01  2.00342245e-01  2.00332202e-01 -1.52670985e-05  5.31573049e-13  1.06071928e-11 
 2.76543536e-05  1.99739204e-01  2.00342278e-01  2.00332283e-01 -1.52558593e-05 -1.33621434e-12 -2.33968530e-12 
 2.77271768e-05  1.99739336e-01  2.00342318e-01  2.00332280e-01 -1.52670950e-05  5.12123547e-13  1.00609449e-11 
 2.78000000e-05  1.99739226e-01  2.00342260e-01  2.00332266e-01 -1.52558633e-05 -1.33078748e-12 -1.75611760e-12 
 2.78001027e-05  1.99727414e-01  2.00301686e-01  2.00330665e-01 -1.65904004e-05 -5.18812168e-09 -2.91803344e-08 
 2.78003080e-05  1.99719149e-01  2.00256936e-01  2.00325824e-01 -1.67951376e-05 -1.37665740e-08 -8.55731425e-08 
 2.78005796e-05  1.99713805e-01  2.00253665e-01  2.00317522e-01 -1.68012768e-05 -2.27332495e-08 -1.53308658e-07 
 2.78009175e-05  1.99705871e-01  2.00267185e-01  2.00309027e-01 -1.71950336e-05 -3.29095827e-08 -2.28418305e-07 
 2.78012501e-05  1.99702752e-01  2.00283782e-01  2.00303593e-01 -1.85783709e-05 -4.11831720e-08 -2.93131257e-07 
 2.78014756e-05  1.99704667e-01  2.00297381e-01  2.00301605e-01 -2.12075655e-05 -4.55118385e-08 -3.31529207e-07 
 2.78016520e-05  1.99711776e-01  2.00310713e-01  2.00301089e-01 -2.47062744e-05 -4.78199633e-08 -3.58067461e-07 
 2.78018276e-05  1.99722870e-01  2.00325839e-01  2.00301575e-01 -2.97473277e-05 -4.90059807e-08 -3.80945001e-07 
 2.78019901e-05  1.99737416e-01  2.00342667e-01  2.00303002e-01 -3.56980059e-05 -4.88085932e-08 -3.98596659e-07 
 2.78021269e-05  1.99750452e-01  2.00358727e-01  2.00305010e-01 -4.16021873e-05 -4.72529705e-08 -4.10330357e-07 
 2.78022401e-05  1.99761014e-01  2.00374294e-01  2.00307290e-01 -4.68849774e-05 -4.45124345e-08 -4.17466553e-07 
 2.78023364e-05  1.99767472e-01  2.00389327e-01  2.00309725e-01 -5.15459499e-05 -4.06423554e-08 -4.21221614e-07 
 2.78024212e-05  1.99770177e-01  2.00404771e-01  2.00312304e-01 -5.55727638e-05 -3.55276862e-08 -4.22365037e-07 
 2.78024991e-05  1.99768074e-01  2.00421194e-01  2.00315086e-01 -5.90779662e-05 -2.88737393e-08 -4.21124175e-07 
 2.78025771e-05  1.99761206e-01  2.00440495e-01  2.00318334e-01 -6.22038263e-05 -1.98167945e-08 -4.17210139e-07 
 2.78026656e-05  1.99750057e-01  2.00465783e-01  2.00322677e-01 -6.53065009e-05 -6.60415338e-09 -4.09050402e-07 
 2.78027605e-05  1.99739472e-01  2.00495102e-01  2.00328181e-01 -6.82648901e-05  9.94579493e-09 -3.95974381e-07 
 2.78028656e-05  1.99731492e-01  2.00526936e-01  2.00335298e-01 -7.14014087e-05  2.93669407e-08 -3.76766669e-07 
 2.78029803e-05  1.99727490e-01  2.00558291e-01  2.00344147e-01 -7.47995368e-05  5.02732362e-08 -3.50996179e-07 
 2.78031103e-05  1.99727746e-01  2.00588167e-01  2.00355252e-01 -7.86512880e-05  7.24980095e-08 -3.16795699e-07 
 2.78032491e-05  1.99732215e-01  2.00612984e-01  2.00367956e-01 -8.25180309e-05  9.39138890e-08 -2.75771581e-07 
 2.78034054e-05  1.99740583e-01  2.00631738e-01  2.00382774e-01 -8.59786947e-05  1.14636395e-07 -2.25781890e-07 
 2.78035195e-05  1.99747878e-01  2.00637864e-01  2.00393574e-01 -8.68499668e-05  1.26599146e-07 -1.88228227e-07 
 2.78035919e-05  1.99752327e-01  2.00636398e-01  2.00400237e-01 -8.51425238e-05  1.31614485e-07 -1.64991753e-07 
 2.78036475e-05  1.99755183e-01  2.00630028e-01  2.00405146e-01 -8.13971905e-05  1.32813956e-07 -1.48332750e-07 
 2.78037049e-05  1.99757291e-01  2.00616286e-01  2.00409868e-01 -7.53734972e-05  1.30437555e-07 -1.33192229e-07 
 2.78037796e-05  1.99758804e-01  2.00586711e-01  2.00415213e-01 -6.55542347e-05  1.21271911e-07 -1.17694735e-07 
 2.78038509e-05  1.99759135e-01  2.00548538e-01  2.00419215e-01 -5.56066402e-05  1.06891098e-07 -1.07830787e-07 
 2.78039506e-05  1.99758239e-01  2.00487212e-01  2.00422682e-01 -4.28999824e-05  8.09209441e-08 -1.01914923e-07 
 2.78040618e-05  1.99756100e-01  2.00419674e-01  2.00423585e-01 -3.22648898e-05  4.93514650e-08 -1.04482245e-07 
 2.78041479e-05  1.99754038e-01  2.00374371e-01  2.00422345e-01 -2.68083487e-05  2.63484890e-08 -1.11461994e-07 
 2.78042329e-05  1.99751875e-01  2.00338352e-01  2.00419805e-01 -2.32961059e-05  6.69473470e-09 -1.21140298e-07 
 2.78043297e-05  1.99749366e-01  2.00307447e-01  2.00415744e-01 -2.08562796e-05 -1.14941354e-08 -1.34258162e-07 
 2.78044276e-05  1.99746842e-01  2.00285435e-01  2.00410775e-01 -1.95184884e-05 -2.56073255e-08 -1.48787437e-07 
 2.78045399e-05  1.99743990e-01  2.00268690e-01  2.00404460e-01 -1.87463066e-05 -3.74175232e-08 -1.66060586e-07 
 2.78046611e-05  1.99740967e-01  2.00257469e-01  2.00397300e-01 -1.84071619e-05 -4.62647745e-08 -1.84722512e-07 
 2.78048075e-05  1.99737369e-01  2.00249434e-01  2.00388540e-01 -1.82662726e-05 -5.34331182e-08 -2.06737070e-07 
 2.78049038e-05  1.99735031e-01  2.00246110e-01  2.00382846e-01 -1.82551763e-05 -5.67549945e-08 -2.20707153e-07 
 2.78050000e-05  1.99732709e-01  2.00243599e-01  2.00377256e-01 -1.82487458e-05 -5.94179325e-08 -2.34225326e-07 
 2.78050015e-05  1.99733953e-01  2.00244906e-01  2.00377170e-01 -1.74920537e-05 -5.93484623e-08 -2.34104425e-07 
 2.78050045e-05  1.99736072e-01  2.00247408e-01  2.00377000e-01 -1.71829228e-05 -5.92073952e-08 -2.33840163e-07 
 2.78050105e-05  1.99738267e-01  2.00251864e-01  2.00376670e-01 -1.68890628e-05 -5.89241589e-08 -2.33237563e-07 
 2.78050195e-05  1.99739015e-01  2.00257286e-01  2.00376197e-01 -1.67898384e-05 -5.85322169e-08 -2.32321042e-07 
 2.78050335e-05  1.99739190e-01  2.00264351e-01  2.00375495e-01 -1.65712174e-05 -5.79684792e-08 -2.30915969e-07 
 2.78050616e-05  1.99739243e-01  2.00276542e-01  2.00374209e-01 -1.62937320e-05 -5.69705751e-08 -2.28165956e-07 
 2.78051178e-05  1.99739339e-01  2.00295628e-01  2.00372027e-01 -1.58452909e-05 -5.53448432e-08 -2.22873721e-07 
 2.78052302e-05  1.99739407e-01  2.00317344e-01  2.00368705e-01 -1.54542893e-05 -5.28656603e-08 -2.12908047e-07 
 2.78054550e-05  1.99739600e-01  2.00325910e-01  2.00363792e-01 -1.52383691e-05 -4.88134271e-08 -1.94700511e-07 
 2.78057418e-05  1.99739821e-01  2.00314365e-01  2.00357969e-01 -1.52745181e-05 -4.39080105e-08 -1.73922816e-07 
 2.78061478e-05  1.99740150e-01  2.00292625e-01  2.00348283e-01 -1.52546773e-05 -3.74439781e-08 -1.48253045e-07 
 2.78067530e-05  1.99740541e-01  2.00257834e-01  2.00330344e-01 -1.52779297e-05 -2.94539639e-08 -1.16774547e-07 
 2.78079634e-05  1.99741183e-01  2.00182512e-01  2.00283495e-01 -1.52556013e-05 -1.81373333e-08 -7.19522554e-08 
 2.78103842e-05  1.99741875e-01  2.00018464e-01  2.00157562e-01 -1.52785313e-05 -6.55900157e-09 -2.56534349e-08 
 2.78152259e-05  1.99742069e-01  1.99691544e-01  1.99850032e-01 -1.52540833e-05 -4.93892019e-10 -8.40812444e-10 
 2.78229662e-05  1.99741067e-01  1.99300062e-01  1.99407483e-01 -1.52739651e-05 -3.08408325e-10 -1.33223430e-10 
 2.78306225e-05  1.99739969e-01  1.99133271e-01  1.99164563e-01 -1.52489507e-05 -1.57804582e-10 -1.96940717e-10 
 2.78407012e-05  1.99739078e-01  1.99193814e-01  1.99149887e-01 -1.52696981e-05  7.09220731e-11  8.46845879e-12 
 2.78536315e-05  1.99738891e-01  1.99518527e-01  1.99433035e-01 -1.52446162e-05  2.02402022e-10  1.17696481e-10 
 2.78731553e-05  1.99739535e-01  2.00049825e-01  1.99976234e-01 -1.52652770e-05  1.86630545e-10  1.40169843e-10 
 2.78941220e-05  1.99740386e-01  2.00356740e-01  2.00326731e-01 -1.52417163e-05  6.32475038e-11  5.66118052e-11 
 2.79204637e-05  1.99740767e-01  2.00375637e-01  2.00376217e-01 -1.52650125e-05 -2.76516160e-11 -1.23438201e-11 
 2.79517603e-05  1.99740644e-01  2.00260121e-01  2.00258341e-01 -1.52427364e-05 -2.61677713e-11 -2.01153829e-11 
 2.79758802e-05  1.99740493e-01  2.00233566e-01  2.00222709e-01 -1.52656313e-05  1.10803771e-12  3.72067557e-13 
 2.80000000e-05  1.99740500e-01  2.00258572e-01  2.00244822e-01 -1.52426617e-05  9.48170405e-12  7.08057728e-12 
 2.80000130e-05  1.99748283e-01  2.00271692e-01  2.00244909e-01 -1.36332310e-05  1.96980844e-09  7.13817633e-10 
 2.80000389e-05  1.99754906e-01  2.00293487e-01  2.00245195e-01 -1.26386967e-05  5.69869697e-09  2.01915606e-09 
 2.80000908e-05  1.99758446e-01  2.00324378e-01  2.00246299e-01 -1.16613913e-05  1.17457065e-08  4.35357090e-09 
 2.80001418e-05  1.99764774e-01  2.00346422e-01  2.00247894e-01 -1.08420353e-05  1.62781607e-08  6.48282192e-09 
 2.80002436e-05  1.99774116e-01  2.00369676e-01  2.00251893e-01 -1.01688227e-05  2.29961384e-08  1.03826947e-08 
 2.80004474e-05  1.99795224e-01  2.00374497e-01  2.00260521e-01 -9.60482284e-06  3.18866774e-08  1.74381363e-08 
 2.80007052e-05  1.99820352e-01  2.00351013e-01  2.00269566e-01 -9.63869540e-06  3.99579554e-08  2.54580388e-08 
 2.80010536e-05  1.99855962e-01  2.00308806e-01  2.00276122e-01 -9.56891538e-06  4.92578530e-08  3.50977825e-08 
 2.80015416e-05  1.99907270e-01  2.00241131e-01  2.00274136e-01 -1.00514407e-05  5.66258931e-08  4.64640278e-08 
 2.80016449e-05  1.99920744e-01  2.00225591e-01  2.00272078e-01 -1.02407746e-05  5.57309138e-08  4.85502074e-08 
 2.80018517e-05  1.99952911e-01  2.00191780e-01  2.00266248e-01 -1.17669687e-05  3.91576978e-08  5.21330575e-08 
 2.80020045e-05  1.99986850e-01  2.00163855e-01  2.00260411e-01 -1.39892917e-05  3.85049160e-09  5.40815161e-08 
 2.80021340e-05  2.00023751e-01  2.00137094e-01  2.00254354e-01 -1.71048052e-05 -5.44783975e-08  5.49866679e-08 
 2.80022629e-05  2.00069247e-01  2.00106820e-01  2.00247196e-01 -2.11695321e-05 -1.51039628e-07  5.49545049e-08 
 2.80023938e-05  2.00122132e-01  2.00071722e-01  2.00238627e-01 -2.60753108e-05 -3.01866841e-07  5.36930217e-08 
 2.80025194e-05  2.00177397e-01  2.00032736e-01  2.00229002e-01 -3.06005807e-05 -5.11012444e-07  5.10273732e-08 
 2.80026315e-05  2.00227344e-01  1.99992114e-01  2.00219060e-01 -3.36660311e-05 -7.65828254e-07  4.71307387e-08 
 2.80027394e-05  2.00274003e-01  1.99946338e-01  2.00208089e-01 -3.49817374e-05 -1.08619444e-06  4.17296483e-08 
 2.80028576e-05  2.00321362e-01  1.99889895e-01  2.00194232e-01 -3.57301423e-05 -1.53132953e-06  3.38133584e-08 
 2.80029937e-05  2.00369937e-01  1.99822474e-01  2.00175783e-01 -3.68851025e-05 -2.16030892e-06  2.23760819e-08 
 2.80031144e-05  2.00406525e-01  1.99765189e-01  2.00157303e-01 -3.82355834e-05 -2.81029932e-06  1.05159843e-08 
 2.80032383e-05  2.00437073e-01  1.99711071e-01  2.00136555e-01 -3.96960329e-05 -3.55268715e-06 -2.97245171e-09 
 2.80033619e-05  2.00459016e-01  1.99663099e-01  2.00114378e-01 -4.11734842e-05 -4.35427600e-06 -1.74261418e-08 
 2.80034603e-05  2.00467675e-01  1.99630200e-01  2.00095935e-01 -4.21487939e-05 -5.02192857e-06 -2.93494942e-08 
 2.80035124e-05  2.00466192e-01  1.99615319e-01  2.00085982e-01 -4.25257884e-05 -5.37930906e-06 -3.56727276e-08 
 2.80035493e-05  2.00459416e-01  1.99606277e-01  2.00078868e-01 -4.26014513e-05 -5.63047528e-06 -4.00786404e-08 
 2.80035792e-05  2.00446773e-01  1.99600406e-01  2.00073091e-01 -4.24663513e-05 -5.82856420e-06 -4.35169185e-08 
 2.80036060e-05  2.00425842e-01  1.99596862e-01  2.00067928e-01 -4.20490330e-05 -5.99722860e-06 -4.63990414e-08 
 2.80036342e-05  2.00391527e-01  1.99596109e-01  2.00062536e-01 -4.12149727e-05 -6.15975495e-06 -4.90832755e-08 
 2.80036708e-05  2.00332019e-01  1.99602097e-01  2.00055657e-01 -3.94996720e-05 -6.33946881e-06 -5.17911316e-08 
 2.80037044e-05  2.00270288e-01  1.99615872e-01  2.00049549e-01 -3.74049950e-05 -6.46854377e-06 -5.33527915e-08 
 2.80037524e-05  2.00183988e-01  1.99647723e-01  2.00041422e-01 -3.38984516e-05 -6.59092935e-06 -5.40206988e-08 
 2.80037945e-05  2.00117444e-01  1.99684141e-01  2.00034973e-01 -3.06131273e-05 -6.64362725e-06 -5.32697531e-08 
 2.80038311e-05  2.00070170e-01  1.99718623e-01  2.00029985e-01 -2.78311988e-05 -6.65432405e-06 -5.18300284e-08 
 2.80038707e-05  2.00029819e-01  1.99755844e-01  2.00025223e-01 -2.50243114e-05 -6.63689557e-06 -4.96899192e-08 
 2.80039179e-05  1.99995147e-01  1.99796835e-01  2.00020390e-01 -2.20898167e-05 -6.58667786e-06 -4.66547588e-08 
 2.80039630e-05  1.99973082e-01  1.99830862e-01  2.00016519e-01 -1.97252492e-05 -6.51708762e-06 -4.34851100e-08 
 2.80040143e-05  1.99957760e-01  1.99862338e-01  2.00012859e-01 -1.75569086e-05 -6.42123399e-06 -3.97843899e-08 
 2.80040673e-05  1.99949703e-01  1.99886780e-01  2.00009752e-01 -1.58325506e-05 -6.31104493e-06 -3.60162548e-08 
 2.80041306e-05  1.99946710e-01  1.99906697e-01  2.00006673e-01 -1.43309741e-05 -6.17114358e-06 -3.16771448e-08 
 2.80042002e-05  1.99948545e-01  1.99919164e-01  2.00003825e-01 -1.32064506e-05 -6.01336803e-06 -2.71759552e-08 
 2.80042868e-05  1.99954875e-01  1.99924864e-01  2.00000699e-01 -1.23379308e-05 -5.81681088e-06 -2.19508600e-08 
 2.80043886e-05  1.99965175e-01  1.99922577e-01  1.99997229e-01 -1.17696305e-05 -5.58997286e-06 -1.62654530e-08 
 2.80045239e-05  1.99980853e-01  1.99911325e-01  1.99992472e-01 -1.14160189e-05 -5.29919041e-06 -9.30202631e-09 
 2.80046999e-05  2.00002488e-01  1.99890123e-01  1.99985551e-01 -1.12403573e-05 -4.94145640e-06 -1.01782192e-09 
 2.80048500e-05  2.00021314e-01  1.99869451e-01  1.99978806e-01 -1.11921385e-05 -4.65486805e-06  5.48666440e-09 
 2.80050000e-05  2.00040273e-01  1.99847703e-01  1.99971217e-01 -1.11651555e-05 -4.38443485e-06  1.15564778e-08 
 2.80050031e-05  2.00036630e-01  1.99843491e-01  1.99971046e-01 -1.22234256e-05 -4.37943989e-06  1.14909501e-08 
 2.80050094e-05  2.00031442e-01  1.99835656e-01  1.99970693e-01 -1.27123045e-05 -4.36945758e-06  1.13764475e-08 
 2.80050218e-05  2.00028594e-01  1.99822507e-01  1.99969939e-01 -1.29641034e-05 -4.34941662e-06  1.12190082e-08 
 2.80050458e-05  2.00027532e-01  1.99801504e-01  1.99968338e-01 -1.34218605e-05 -4.31070766e-06  1.10023833e-08 
 2.80050806e-05  2.00026020e-01  1.99775274e-01  1.99965713e-01 -1.39177939e-05 -4.25433624e-06  1.07665672e-08 
 2.80051501e-05  2.00024932e-01  1.99735098e-01  1.99959662e-01 -1.45534807e-05 -4.14220849e-06  1.04843796e-08 
 2.80052892e-05  2.00024062e-01  1.99688901e-01  1.99945711e-01 -1.51007121e-05 -3.92427156e-06  1.02334893e-08 
 2.80054469e-05  2.00024074e-01  1.99665925e-01  1.99928695e-01 -1.52357038e-05 -3.68997810e-06  1.01021172e-08 
 2.80057190e-05  2.00023633e-01  1.99647267e-01  1.99899579e-01 -1.52726530e-05 -3.31773054e-06  9.84843678e-09 
 2.80060367e-05  2.00023502e-01  1.99634368e-01  1.99867470e-01 -1.52604989e-05 -2.93014433e-06  9.47684821e-09 
 2.80066085e-05  2.00022910e-01  1.99615945e-01  1.99815680e-01 -1.52667709e-05 -2.34142220e-06  8.67369841e-09 
 2.80075300e-05  2.00022475e-01  1.99596061e-01  1.99747313e-01 -1.52594797e-05 -1.62724755e-06  7.25238527e-09 
 2.80093729e-05  2.00021473e-01  1.99586046e-01  1.99657767e-01 -1.52658279e-05 -7.65965761e-07  4.61879696e-09 
 2.80130588e-05  2.00020705e-01  1.99647427e-01  1.99614472e-01 -1.52589505e-05 -1.24796450e-07  1.37836851e-09 
 2.80193475e-05  2.00020125e-01  1.99873651e-01  1.99766089e-01 -1.52663722e-05  1.29399103e-08 -9.02859222e-12 
 2.80261341e-05  2.00020465e-01  2.00154277e-01  2.00040026e-01 -1.52593635e-05 -1.50837736e-09  1.73146511e-10 
 2.80345847e-05  2.00020801e-01  2.00436902e-01  2.00348574e-01 -1.52655368e-05  6.69946547e-10  1.85237774e-10 
 2.80448091e-05  2.00021512e-01  2.00637339e-01  2.00588358e-01 -1.52577594e-05 -1.82810377e-11  1.10001744e-10 
 2.80607792e-05  2.00021865e-01  2.00705040e-01  2.00699240e-01 -1.52643449e-05  6.96383747e-11  1.41810555e-11 
 2.80847577e-05  2.00022094e-01  2.00566868e-01  2.00577905e-01 -1.52578607e-05 -1.07094775e-10 -4.00094220e-11 
 2.81171277e-05  2.00021666e-01  2.00421164e-01  2.00415209e-01 -1.52652407e-05  1.77421459e-11 -1.41749919e-11 
 2.81524867e-05  2.00021727e-01  2.00457549e-01  2.00439962e-01 -1.52580419e-05 -3.67997234e-12  1.49171639e-11 
 2.82009539e-05  2.00021706e-01  2.00545459e-01  2.00533363e-01 -1.52648143e-05  2.52839084e-11  6.43251245e-12 
 2.82755973e-05  2.00021914e-01  2.00557189e-01  2.00548235e-01 -1.52579797e-05 -2.03948713e-11 -1.72714967e-12 
 2.83656247e-05  2.00021769e-01  2.00577354e-01  2.00565304e-01 -1.52649309e-05  1.96910084e-11  4.55519877e-12 
 2.84656247e-05  2.00021994e-01  2.00606641e-01  2.00597046e-01 -1.52579328e-05 -1.43378929e-11  8.07475668e-13 
 2.85656247e-05  2.00021864e-01  2.00605406e-01  2.00595042e-01 -1.52649484e-05  1.16501106e-11  8.17785835e-13 
 2.86656247e-05  2.00022053e-01  2.00617699e-01  2.00607386e-01 -1.52579415e-05 -9.46599049e-12  2.30569009e-12 
 2.87656247e-05  2.00021939e-01  2.00618806e-01  2.00608979e-01 -1.52649366e-05  7.70837994e-12 -6.82810470e-14 
 2.88656247e-05  2.00022117e-01  2.00620225e-01  2.00609943e-01 -1.52579534e-05 -7.37300000e-12  2.07990379e-12 
 2.89656247e-05  2.00022003e-01  2.00623004e-01  2.00613069e-01 -1.52649309e-05  6.04486751e-12  2.65962708e-13 
 2.90656247e-05  2.00022182e-01  2.00622118e-01  2.00612044e-01 -1.52579549e-05 -6.14478715e-12  1.64114897e-12 
 2.91656247e-05  2.00022064e-01  2.00623523e-01  2.00613465e-01 -1.52649329e-05  4.73139236e-12  4.84218839e-13 
 2.92656247e-05  2.00022246e-01  2.00623386e-01  2.00613387e-01 -1.52579520e-05 -4.84067083e-12  1.54842919e-12 
 2.93656247e-05  2.00022126e-01  2.00623518e-01  2.00613453e-01 -1.52649358e-05  3.37972575e-12  4.42300168e-13 
 2.94656247e-05  2.00022308e-01  2.00623832e-01  2.00613817e-01 -1.52579498e-05 -3.56038202e-12  1.62522188e-12 
 2.95656247e-05  2.00022188e-01  2.00623686e-01  2.00613648e-01 -1.52649373e-05  2.19113725e-12  3.56516574e-13 
 2.96656247e-05  2.00022370e-01  2.00623891e-01  2.00613857e-01 -1.52579488e-05 -2.50547695e-12  1.68519620e-12 
 2.97656247e-05  2.00022251e-01  2.00623872e-01  2.00613845e-01 -1.52649382e-05  1.25849960e-12  3.18914654e-13 
 2.98656247e-05  2.00022432e-01  2.00623914e-01  2.00613879e-01 -1.52579479e-05 -1.68626398e-12  1.70276743e-12 
 2.99328124e-05  2.00022303e-01  2.00623966e-01  2.00613936e-01 -1.52649394e-05  3.74149279e-13  3.08616847e-13 
 3.00000000e-05  2.00022474e-01  2.00623962e-01  2.00613931e-01 -1.52579463e-05 -7.57997397e-13  1.71227209e-12 
 3.00000650e-05  2.00002133e-01  2.00579759e-01  2.00612811e-01 -1.75816250e-05 -6.42954396e-09 -3.04813415e-09 
 3.00001951e-05  1.99981122e-01  2.00523498e-01  2.00609200e-01 -1.89452771e-05 -1.54771779e-08 -8.47878479e-09 
 3.00004106e-05  1.99954788e-01  2.00505799e-01  2.00600556e-01 -1.93964159e-05 -2.31990624e-08 -1.61055857e-08 
 3.00006381e-05  1.99924713e-01  2.00523886e-01  2.00592224e-01 -1.95556438e-05 -2.99567360e-08 -2.33693681e-08 
 3.00008934e-05  1.99893872e-01  2.00553223e-01  2.00586033e-01 -1.97840596e-05 -3.61514356e-08 -3.07547639e-08 
 3.00012567e-05  1.99851495e-01  2.00600462e-01  2.00583430e-01 -2.13946886e-05 -3.80073254e-08 -3.99291357e-08 
 3.00014815e-05  1.99832137e-01  2.00634871e-01  2.00585513e-01 -2.40931366e-05 -2.87735283e-08 -4.47071104e-08 
 3.00016591e-05  1.99820650e-01  2.00664803e-01  2.00589238e-01 -2.78891169e-05 -9.10977055e-09 -4.78967781e-08 
 3.00018364e-05  1.99816145e-01  2.00698915e-01  2.00594894e-01 -3.32271017e-05  2.73038436e-08 -5.04460961e-08 
 3.00019992e-05  1.99814956e-01  2.00733167e-01  2.00601904e-01 -3.96334573e-05  8.18130978e-08 -5.21399050e-08 
 3.00021360e-05  1.99816942e-01  2.00765554e-01  2.00609224e-01 -4.59133289e-05  1.49905219e-07 -5.29363798e-08 
 3.00022492e-05  1.99817480e-01  2.00794832e-01  2.00616352e-01 -5.17031191e-05  2.28307524e-07 -5.30413923e-08 
 3.00023457e-05  1.99817018e-01  2.00822690e-01  2.00623252e-01 -5.68414615e-05  3.17284069e-07 -5.25873588e-08 
 3.00024308e-05  1.99813091e-01  2.00849884e-01  2.00630053e-01 -6.14972805e-05  4.19401542e-07 -5.16410725e-08 
 3.00025096e-05  1.99806060e-01  2.00878199e-01  2.00637000e-01 -6.56944060e-05  5.40330552e-07 -5.01543987e-08 
 3.00025896e-05  1.99794243e-01  2.00910647e-01  2.00644793e-01 -6.98112298e-05  6.96718455e-07 -4.78868150e-08 
 3.00026792e-05  1.99779731e-01  2.00951519e-01  2.00654515e-01 -7.41575588e-05  9.17720894e-07 -4.43191032e-08 
 3.00027799e-05  1.99766392e-01  2.01000925e-01  2.00666828e-01 -7.89108699e-05  1.22366951e-06 -3.90831276e-08 
 3.00028837e-05  1.99758254e-01  2.01052167e-01  2.00681042e-01 -8.37033734e-05  1.59518256e-06 -3.25739096e-08 
 3.00030006e-05  1.99755181e-01  2.01107433e-01  2.00698814e-01 -8.90659369e-05  2.07182870e-06 -2.41869068e-08 
 3.00031323e-05  1.99758494e-01  2.01164716e-01  2.00720743e-01 -9.48841055e-05  2.66721389e-06 -1.37531012e-08 
 3.00032751e-05  1.99767984e-01  2.01219963e-01  2.00746366e-01 -1.00660316e-04  3.36498877e-06 -1.63132493e-09 
 3.00034305e-05  1.99783365e-01  2.01270901e-01  2.00775856e-01 -1.05539736e-04  4.16271941e-06  1.20456432e-08 
 3.00035463e-05  1.99796529e-01  2.01300356e-01  2.00798470e-01 -1.06832657e-04  4.76135916e-06  2.21025645e-08 
 3.00036168e-05  1.99804346e-01  2.01311961e-01  2.00812320e-01 -1.04616428e-04  5.11273711e-06  2.78210985e-08 
 3.00036715e-05  1.99809476e-01  2.01314680e-01  2.00822942e-01 -1.00169812e-04  5.36477644e-06  3.17159038e-08 
 3.00037306e-05  1.99813742e-01  2.01308921e-01  2.00834120e-01 -9.29605072e-05  5.60417819e-06  3.50893646e-08 
 3.00038020e-05  1.99816879e-01  2.01289689e-01  2.00846939e-01 -8.21852370e-05  5.83623247e-06  3.77787122e-08 
 3.00038792e-05  1.99817886e-01  2.01256919e-01  2.00859605e-01 -6.97199657e-05  6.00987336e-06  3.89286888e-08 
 3.00039827e-05  1.99815798e-01  2.01203277e-01  2.00874219e-01 -5.43170516e-05  6.12152091e-06  3.79492023e-08 
 3.00040732e-05  1.99811452e-01  2.01155870e-01  2.00884722e-01 -4.35986368e-05  6.12150320e-06  3.52570535e-08 
 3.00041555e-05  1.99806050e-01  2.01118401e-01  2.00892568e-01 -3.63427936e-05  6.06127557e-06  3.18481077e-08 
 3.00042450e-05  1.99799100e-01  2.01086615e-01  2.00899602e-01 -3.07611987e-05  5.95000315e-06  2.75539193e-08 
 3.00043406e-05  1.99790874e-01  2.01063490e-01  2.00905809e-01 -2.68554445e-05  5.79677309e-06  2.26651363e-08 
 3.00044407e-05  1.99781705e-01  2.01049985e-01  2.00911338e-01 -2.43478157e-05  5.61429617e-06  1.74870030e-08 
 3.00045507e-05  1.99771252e-01  2.01045113e-01  2.00916770e-01 -2.27624770e-05  5.40148335e-06  1.19150654e-08 
 3.00046739e-05  1.99759289e-01  2.01048485e-01  2.00922540e-01 -2.18345008e-05  5.15941429e-06  5.93947898e-09 
 3.00048183e-05  1.99745112e-01  2.01060010e-01  2.00929371e-01 -2.13288022e-05  4.88006804e-06 -6.61602816e-10 
 3.00049091e-05  1.99736147e-01  2.01069970e-01  2.00933852e-01 -2.11859552e-05  4.70929651e-06 -4.59015841e-09 
 3.00050000e-05  1.99727181e-01  2.01081185e-01  2.00938552e-01 -2.11007291e-05  4.54338063e-06 -8.35436088e-09 
 3.00050016e-05  1.99729213e-01  2.01083442e-01  2.00938640e-01 -2.01720040e-05  4.54068367e-06 -8.32125038e-09 
 3.00050049e-05  1.99732491e-01  2.01087756e-01  2.00938819e-01 -1.97365027e-05  4.53531355e-06 -8.25967677e-09 
 3.00050114e-05  1.99735495e-01  2.01095511e-01  2.00939192e-01 -1.93319405e-05  4.52463411e-06 -8.16313263e-09 
 3.00050213e-05  1.99736417e-01  2.01105485e-01  2.00939787e-01 -1.90494282e-05  4.50851272e-06 -8.05919622e-09 
 3.00050382e-05  1.99736670e-01  2.01120389e-01  2.00940883e-01 -1.85184324e-05  4.48083901e-06 -7.91640792e-09 
 3.00050719e-05  1.99736812e-01  2.01146517e-01  2.00943329e-01 -1.77527781e-05  4.42540922e-06 -7.70034824e-09 
 3.00051393e-05  1.99737016e-01  2.01187102e-01  2.00949012e-01 -1.66496982e-05  4.31484040e-06 -7.45255243e-09 
 3.00052743e-05  1.99737171e-01  2.01234802e-01  2.00962248e-01 -1.56951899e-05  4.09793424e-06 -7.31858135e-09 
 3.00055127e-05  1.99737499e-01  2.01268630e-01  2.00987689e-01 -1.52675761e-05  3.73566926e-06 -7.39249451e-09 
 3.00057593e-05  1.99737761e-01  2.01283419e-01  2.01013844e-01 -1.52851196e-05  3.39282956e-06 -7.44260844e-09 
 3.00061311e-05  1.99738198e-01  2.01301023e-01  2.01050991e-01 -1.52479240e-05  2.93351942e-06 -7.35164601e-09 
 3.00066430e-05  1.99738689e-01  2.01321187e-01  2.01097433e-01 -1.52779257e-05  2.40036076e-06 -7.02893977e-09 
 3.00076666e-05  1.99739628e-01  2.01350062e-01  2.01174972e-01 -1.52450725e-05  1.60054953e-06 -6.03645694e-09 
 3.00097140e-05  1.99740992e-01  2.01369251e-01  2.01276432e-01 -1.52736659e-05  6.86294179e-07 -3.81690098e-09 
 3.00138086e-05  1.99742620e-01  2.01302070e-01  2.01320702e-01 -1.52402978e-05  7.64192041e-08 -9.60707045e-10 
 3.00199782e-05  1.99743317e-01  2.01068893e-01  2.01160207e-01 -1.52697154e-05 -7.28061395e-09  1.34391847e-12 
 3.00279187e-05  1.99743075e-01  2.00729922e-01  2.00827812e-01 -1.52383854e-05  1.23571706e-09 -1.98069947e-10 
 3.00362690e-05  1.99742397e-01  2.00448901e-01  2.00517032e-01 -1.52696993e-05 -6.00313555e-10 -1.83272307e-10 
 3.00475045e-05  1.99741672e-01  2.00243538e-01  2.00266748e-01 -1.52393389e-05  2.77531299e-11 -9.73813129e-11 
 3.00629106e-05  1.99741105e-01  2.00205231e-01  2.00187664e-01 -1.52702557e-05 -5.52517160e-11 -5.27129572e-12 
 3.00895373e-05  1.99741127e-01  2.00377136e-01  2.00345110e-01 -1.52386519e-05  1.09223061e-10  4.63833722e-11 
 3.01192770e-05  1.99741461e-01  2.00511633e-01  2.00497924e-01 -1.52691703e-05 -1.91548374e-11  1.47809507e-11 
 3.01576141e-05  1.99741598e-01  2.00471260e-01  2.00468728e-01 -1.52385527e-05  3.04923664e-12 -1.28423979e-11 
 3.02000000e-05  1.99741438e-01  2.00399596e-01  2.00391227e-01 -1.52696005e-05 -2.47766822e-11 -4.16377344e-12 
 3.02000208e-05  1.99746993e-01  2.00413016e-01  2.00391324e-01 -1.38786524e-05  1.36065769e-09  4.86380797e-09 
 3.02000624e-05  1.99750272e-01  2.00434164e-01  2.00391691e-01 -1.32372825e-05  3.89984204e-09  1.46135079e-08 
 3.02001342e-05  1.99750703e-01  2.00458088e-01  2.00392949e-01 -1.28488158e-05  7.47571454e-09  3.09379866e-08 
 3.02002087e-05  1.99753524e-01  2.00474164e-01  2.00394802e-01 -1.24880340e-05  1.05577445e-08  4.71922802e-08 
 3.02003575e-05  1.99756345e-01  2.00486834e-01  2.00399178e-01 -1.23708456e-05  1.59319247e-08  7.81630171e-08 
 3.02006552e-05  1.99764282e-01  2.00484702e-01  2.00407784e-01 -1.22376235e-05  2.54900503e-08  1.34785223e-07 
 3.02010726e-05  1.99773732e-01  2.00466246e-01  2.00416669e-01 -1.23413058e-05  3.73499856e-08  2.04260594e-07 
 3.02016986e-05  1.99796029e-01  2.00434951e-01  2.00421990e-01 -1.34971093e-05  5.08886930e-08  2.91316350e-07 
 3.02018449e-05  1.99807546e-01  2.00426017e-01  2.00421903e-01 -1.46663158e-05  5.23779382e-08  3.09001563e-07 
 3.02019947e-05  1.99828796e-01  2.00414841e-01  2.00421234e-01 -1.70360357e-05  5.15980846e-08  3.25229035e-07 
 3.02021237e-05  1.99854726e-01  2.00402893e-01  2.00420108e-01 -2.05060212e-05  4.84740078e-08  3.37039673e-07 
 3.02022514e-05  1.99889998e-01  2.00388830e-01  2.00418401e-01 -2.51119596e-05  4.24970459e-08  3.45964697e-07 
 3.02023814e-05  1.99932962e-01  2.00371320e-01  2.00415951e-01 -3.09019552e-05  3.29153630e-08  3.51323150e-07 
 3.02025068e-05  1.99980477e-01  2.00350862e-01  2.00412778e-01 -3.66708482e-05  1.97670480e-08  3.51919330e-07 
 3.02026208e-05  2.00025478e-01  2.00327778e-01  2.00409054e-01 -4.13371833e-05  3.71898459e-09  3.47503196e-07 
 3.02027289e-05  2.00068484e-01  2.00300861e-01  2.00404623e-01 -4.44382068e-05 -1.57892085e-08  3.37911969e-07 
 3.02028481e-05  2.00113795e-01  2.00266499e-01  2.00398523e-01 -4.73982387e-05 -4.17233195e-08  3.20623818e-07 
 3.02029792e-05  2.00160519e-01  2.00228211e-01  2.00390285e-01 -5.10896445e-05 -7.32106235e-08  2.94002288e-07 
 3.02031154e-05  2.00203779e-01  2.00193087e-01  2.00380225e-01 -5.53138556e-05 -1.06533150e-07  2.59257337e-07 
 3.02032556e-05  2.00241798e-01  2.00164196e-01  2.00368686e-01 -5.95815742e-05 -1.39643106e-07  2.17554634e-07 
 3.02033834e-05  2.00268213e-01  2.00145328e-01  2.00357521e-01 -6.32347624e-05 -1.67578226e-07  1.75705761e-07 
 3.02034654e-05  2.00278240e-01  2.00137665e-01  2.00350227e-01 -6.51843455e-05 -1.83563666e-07  1.47701574e-07 
 3.02035085e-05  2.00278782e-01  2.00135455e-01  2.00346400e-01 -6.60127943e-05 -1.90916807e-07  1.32891437e-07 
 3.02035476e-05  2.00272994e-01  2.00135051e-01  2.00342975e-01 -6.64265138e-05 -1.96360363e-07  1.19727646e-07 
 3.02035751e-05  2.00261698e-01  2.00136130e-01  2.00340596e-01 -6.64199492e-05 -1.99008601e-07  1.10793664e-07 
 3.02036015e-05  2.00241078e-01  2.00138866e-01  2.00338354e-01 -6.59625467e-05 -1.99950387e-07  1.02758388e-07 
 3.02036300e-05  2.00206265e-01  2.00144926e-01  2.00336013e-01 -6.48480701e-05 -1.98392949e-07  9.50771394e-08 
 3.02036652e-05  2.00149617e-01  2.00158809e-01  2.00333296e-01 -6.25155469e-05 -1.91977968e-07  8.75106474e-08 
 3.02036998e-05  2.00087650e-01  2.00180128e-01  2.00330913e-01 -5.93597654e-05 -1.80857085e-07  8.24594355e-08 
 3.02037487e-05  2.00001768e-01  2.00221164e-01  2.00328193e-01 -5.38807010e-05 -1.58488785e-07  7.92939223e-08 
 3.02037832e-05  1.99948060e-01  2.00255174e-01  2.00326823e-01 -4.96477081e-05 -1.39500746e-07  7.96331601e-08 
 3.02038179e-05  1.99902062e-01  2.00290902e-01  2.00325942e-01 -4.53471439e-05 -1.19160991e-07  8.17368003e-08 
 3.02038580e-05  1.99859103e-01  2.00331068e-01  2.00325545e-01 -4.05979979e-05 -9.56861768e-08  8.58784969e-08 
 3.02039040e-05  1.99821874e-01  2.00373453e-01  2.00325850e-01 -3.56180369e-05 -7.00651041e-08  9.23146860e-08 
 3.02039490e-05  1.99795842e-01  2.00409271e-01  2.00326839e-01 -3.13816463e-05 -4.74880384e-08  9.97641354e-08 
 3.02039991e-05  1.99775845e-01  2.00442072e-01  2.00328603e-01 -2.74279249e-05 -2.57450167e-08  1.08883438e-07 
 3.02040519e-05  1.99762098e-01  2.00468873e-01  2.00331043e-01 -2.40945701e-05 -6.83924463e-09  1.18960608e-07 
 3.02041140e-05  1.99752243e-01  2.00491892e-01  2.00334463e-01 -2.11074858e-05  1.06970175e-08  1.31052598e-07 
 3.02041833e-05  1.99746277e-01  2.00509211e-01  2.00338727e-01 -1.87287913e-05  2.52528408e-08  1.44495686e-07 
 3.02042680e-05  1.99743056e-01  2.00522327e-01  2.00344291e-01 -1.68090274e-05  3.77145974e-08  1.60626549e-07 
 3.02043681e-05  1.99742268e-01  2.00531022e-01  2.00351062e-01 -1.54598571e-05  4.73076315e-08  1.79099661e-07 
 3.02044981e-05  1.99743481e-01  2.00536974e-01  2.00359821e-01 -1.45605099e-05  5.48708261e-08  2.02016551e-07 
 3.02046649e-05  1.99746514e-01  2.00541324e-01  2.00370756e-01 -1.40793924e-05  6.05259093e-08  2.29841854e-07 
 3.02048325e-05  1.99750161e-01  2.00544681e-01  2.00381275e-01 -1.39118277e-05  6.41710573e-08  2.56167139e-07 
 3.02050000e-05  1.99753980e-01  2.00547858e-01  2.00391325e-01 -1.38488568e-05  6.70125827e-08  2.81097258e-07 
 3.02050042e-05  1.99751035e-01  2.00544455e-01  2.00391565e-01 -1.47597895e-05  6.67840540e-08  2.80644516e-07 
 3.02050126e-05  1.99747167e-01  2.00538354e-01  2.00392034e-01 -1.50932087e-05  6.63421559e-08  2.79510471e-07 
 3.02050294e-05  1.99745470e-01  2.00529010e-01  2.00392915e-01 -1.50854264e-05  6.55552100e-08  2.76855902e-07 
 3.02050584e-05  1.99744363e-01  2.00516241e-01  2.00394298e-01 -1.51893914e-05  6.43949514e-08  2.72470618e-07 
 3.02051102e-05  1.99742818e-01  2.00498085e-01  2.00396405e-01 -1.52276528e-05  6.26947033e-08  2.64882426e-07 
 3.02052137e-05  1.99741903e-01  2.00476376e-01  2.00399683e-01 -1.52787856e-05  5.99592091e-08  2.50565939e-07 
 3.02053599e-05  1.99741430e-01  2.00466410e-01  2.00403188e-01 -1.52571148e-05  5.66086464e-08  2.31855994e-07 
 3.02055620e-05  1.99741331e-01  2.00469596e-01  2.00407446e-01 -1.52633008e-05  5.22897072e-08  2.08490589e-07 
 3.02059025e-05  1.99740854e-01  2.00486333e-01  2.00415160e-01 -1.52479992e-05  4.56908428e-08  1.74724092e-07 
 3.02065835e-05  1.99740392e-01  2.00526596e-01  2.00434647e-01 -1.52593038e-05  3.48504864e-08  1.23721362e-07 
 3.02079454e-05  1.99739446e-01  2.00613175e-01  2.00488257e-01 -1.52465971e-05  2.01266194e-08  6.42871508e-08 
 3.02106692e-05  1.99738791e-01  2.00799204e-01  2.00634893e-01 -1.52576195e-05  6.24551403e-09  2.18291181e-08 
 3.02161169e-05  1.99738695e-01  2.01154331e-01  2.00980945e-01 -1.52471187e-05  1.56241776e-10  9.69983009e-09 
 3.02230212e-05  1.99739813e-01  2.01479962e-01  2.01359260e-01 -1.52603981e-05  3.50897841e-10  6.75143112e-09 
 3.02308274e-05  1.99740798e-01  2.01630845e-01  2.01586102e-01 -1.52505532e-05  1.21986430e-10  3.51679467e-09 
 3.02405466e-05  1.99741741e-01  2.01555316e-01  2.01582007e-01 -1.52635504e-05 -7.54326497e-11  1.91141689e-09 
 3.02550358e-05  1.99741794e-01  2.01173476e-01  2.01243468e-01 -1.52543437e-05 -2.21791945e-10  4.51477999e-10 
 3.02768943e-05  1.99741093e-01  2.00593151e-01  2.00640899e-01 -1.52677028e-05 -1.70121708e-10 -1.59564795e-10 
 3.02975855e-05  1.99740192e-01  2.00343412e-01  2.00346706e-01 -1.52567573e-05 -4.66279519e-11 -2.41576404e-10 
 3.03250379e-05  1.99740024e-01  2.00364464e-01  2.00341994e-01 -1.52674839e-05  3.50721899e-11 -2.34128917e-11 
 3.03576798e-05  1.99740103e-01  2.00474706e-01  2.00459185e-01 -1.52556686e-05  1.62437412e-11  3.56611800e-11 
 3.04003238e-05  1.99740359e-01  2.00465829e-01  2.00461081e-01 -1.52670476e-05 -1.38483008e-11  2.62210433e-11 
 3.04545381e-05  1.99740136e-01  2.00396687e-01  2.00388121e-01 -1.52559234e-05 -6.00105295e-12 -2.98801128e-11 
 3.05543537e-05  1.99740240e-01  2.00386741e-01  2.00375882e-01 -1.52670872e-05  3.41690174e-12  2.60332168e-11 
 3.06543537e-05  1.99740150e-01  2.00368985e-01  2.00360572e-01 -1.52558484e-05 -6.02981055e-12 -1.28268491e-11 
 3.07543537e-05  1.99740244e-01  2.00351908e-01  2.00341252e-01 -1.52671277e-05  2.37232673e-12  1.43434697e-11 
 3.08543537e-05  1.99740155e-01  2.00355034e-01  2.00345446e-01 -1.52558291e-05 -2.47424498e-12 -4.72007893e-12 
 3.09543537e-05  1.99740279e-01  2.00345462e-01  2.00335512e-01 -1.52671240e-05  2.57437301e-13  1.17725471e-11 
 3.10543537e-05  1.99740172e-01  2.00346562e-01  2.00336433e-01 -1.52558399e-05 -9.50763340e-13 -4.39442032e-12 
 3.11543537e-05  1.99740311e-01  2.00345072e-01  2.00335229e-01 -1.52671109e-05 -6.93022029e-15  1.27544347e-11 
 3.12543537e-05  1.99740201e-01  2.00343501e-01  2.00333402e-01 -1.52558495e-05 -1.08238050e-12 -5.04639950e-12 
 3.13543537e-05  1.99740340e-01  2.00344398e-01  2.00334412e-01 -1.52671047e-05  4.12744491e-13  1.29075747e-11 
 3.14543537e-05  1.99740233e-01  2.00343217e-01  2.00333228e-01 -1.52558526e-05 -1.39359531e-12 -4.55409527e-12 
 3.15543537e-05  1.99740370e-01  2.00343637e-01  2.00333575e-01 -1.52671028e-05  6.14718779e-13  1.20955536e-11 
 3.16543537e-05  1.99740265e-01  2.00343422e-01  2.00333456e-01 -1.52558540e-05 -1.44056815e-12 -3.61156710e-12 
 3.17543537e-05  1.99740400e-01  2.00343342e-01  2.00333283e-01 -1.52671010e-05  5.88330383e-13  1.12214812e-11 
 3.18543537e-05  1.99740296e-01  2.00343446e-01  2.00333463e-01 -1.52558563e-05 -1.37589289e-12 -2.85844834e-12 
 3.19543537e-05  1.99740431e-01  2.00343362e-01  2.00333319e-01 -1.52670983e-05  5.31503444e-13  1.06022488e-11 
 3.20543537e-05  1.99740326e-01  2.00343395e-01  2.00333400e-01 -1.52558592e-05 -1.33614625e-12 -2.33504888e-12 
 3.21271768e-05  1.99740458e-01  2.00343435e-01  2.00333397e-01 -1.52670948e-05  5.12055676e-13  1.00568228e-11 
 3.22000000e-05  1.99740349e-01  2.00343377e-01  2.00333383e-01 -1.52558632e-05 -1.33072828e-12 -1.75222803e-12 
 3.22001027e-05  1.99728537e-01  2.00302803e-01  2.00331782e-01 -1.65904002e-05 -5.18811948e-09 -2.91803164e-08 
 3.22003080e-05  1.99720271e-01  2.00258053e-01  2.00326941e-01 -1.67951374e-05 -1.37665683e-08 -8.55730985e-08 
 3.22005796e-05  1.99714927e-01  2.00254782e-01  2.00318639e-01 -1.68012766e-05 -2.27332424e-08 -1.53308603e-07 
 3.22009175e-05  1.99706994e-01  2.00268302e-01  2.00310144e-01 -1.71950328e-05 -3.29095733e-08 -2.28418232e-07 
 3.22012501e-05  1.99703875e-01  2.00284899e-01  2.00304710e-01 -1.85783669e-05 -4.11831612e-08 -2.93131167e-07 
 3.22014756e-05  1.99705790e-01  2.00298498e-01  2.00302722e-01 -2.12075572e-05 -4.55118301e-08 -3.31529124e-07 
 3.22016520e-05  1.99712899e-01  2.00311830e-01  2.00302206e-01 -2.47062619e-05 -4.78199580e-08 -3.58067388e-07 
 3.22018276e-05  1.99723993e-01  2.00326956e-01  2.00302692e-01 -2.97473116e-05 -4.90059791e-08 -3.80944942e-07 
 3.22019901e-05  1.99738539e-01  2.00343784e-01  2.00304119e-01 -3.56979888e-05 -4.88085957e-08 -3.98596617e-07 
 3.22021269e-05  1.99751575e-01  2.00359844e-01  2.00306127e-01 -4.16021716e-05 -4.72529765e-08 -4.10330330e-07 
 3.22022401e-05  1.99762136e-01  2.00375411e-01  2.00308407e-01 -4.68849635e-05 -4.45124435e-08 -4.17466537e-07 
 3.22023364e-05  1.99768595e-01  2.00390444e-01  2.00310842e-01 -5.15459378e-05 -4.06423676e-08 -4.21221606e-07 
 3.22024212e-05  1.99771300e-01  2.00405888e-01  2.00313421e-01 -5.55727534e-05 -3.55277022e-08 -4.22365036e-07 
 3.22024991e-05  1.99769196e-01  2.00422311e-01  2.00316203e-01 -5.90779571e-05 -2.88737602e-08 -4.21124181e-07 
 3.22025771e-05  1.99762328e-01  2.00441612e-01  2.00319451e-01 -6.22038176e-05 -1.98168244e-08 -4.17210153e-07 
 3.22026656e-05  1.99751180e-01  2.00466900e-01  2.00323794e-01 -6.53064939e-05 -6.60418786e-09 -4.09050425e-07 
 3.22027605e-05  1.99740595e-01  2.00496219e-01  2.00329298e-01 -6.82648807e-05  9.94573978e-09 -3.95974429e-07 
 3.22028656e-05  1.99732614e-01  2.00528053e-01  2.00336415e-01 -7.14014021e-05  2.93669002e-08 -3.76766713e-07 
 3.22029803e-05  1.99728613e-01  2.00559408e-01  2.00345264e-01 -7.47995295e-05  5.02731935e-08 -3.50996237e-07 
 3.22031103e-05  1.99728869e-01  2.00589284e-01  2.00356369e-01 -7.86512816e-05  7.24979740e-08 -3.16795759e-07 
 3.22032491e-05  1.99733338e-01  2.00614101e-01  2.00369073e-01 -8.25180234e-05  9.39138484e-08 -2.75771667e-07 
 3.22034054e-05  1.99741705e-01  2.00632855e-01  2.00383891e-01 -8.59786901e-05  1.14636363e-07 -2.25781978e-07 
 3.22035195e-05  1.99749001e-01  2.00638981e-01  2.00394691e-01 -8.68499675e-05  1.26599134e-07 -1.88228272e-07 
 3.22035919e-05  1.99753450e-01  2.00637515e-01  2.00401354e-01 -8.51425275e-05  1.31614481e-07 -1.64991778e-07 
 3.22036475e-05  1.99756305e-01  2.00631145e-01  2.00406263e-01 -8.13971965e-05  1.32813956e-07 -1.48332770e-07 
 3.22037049e-05  1.99758414e-01  2.00617403e-01  2.00410985e-01 -7.53735072e-05  1.30437562e-07 -1.33192249e-07 
 3.22037796e-05  1.99759926e-01  2.00587828e-01  2.00416330e-01 -6.55542444e-05  1.21271922e-07 -1.17694747e-07 
 3.22038509e-05  1.99760258e-01  2.00549655e-01  2.00420332e-01 -5.56066533e-05  1.06891120e-07 -1.07830797e-07 
 3.22039506e-05  1.99759362e-01  2.00488329e-01  2.00423799e-01 -4.28999951e-05  8.09209756e-08 -1.01914924e-07 
 3.22040618e-05  1.99757223e-01  2.00420791e-01  2.00424702e-01 -3.22648919e-05  4.93514742e-08 -1.04482242e-07 
 3.22041479e-05  1.99755161e-01  2.00375488e-01  2.00423462e-01 -2.68083490e-05  2.63484920e-08 -1.11461992e-07 
 3.22042329e-05  1.99752998e-01  2.00339469e-01  2.00420922e-01 -2.32961064e-05  6.69473905e-09 -1.21140295e-07 
 3.22043297e-05  1.99750489e-01  2.00308564e-01  2.00416861e-01 -2.08562798e-05 -1.14941325e-08 -1.34258158e-07 
 3.22044276e-05  1.99747965e-01  2.00286552e-01  2.00411892e-01 -1.95184885e-05 -2.56073224e-08 -1.48787433e-07 
 3.22045399e-05  1.99745113e-01  2.00269807e-01  2.00405577e-01 -1.87463065e-05 -3.74175214e-08 -1.66060582e-07 
 3.22046611e-05  1.99742090e-01  2.00258586e-01  2.00398416e-01 -1.84071618e-05 -4.62647727e-08 -1.84722507e-07 
 3.22048075e-05  1.99738491e-01  2.00250550e-01  2.00389657e-01 -1.82662725e-05 -5.34331171e-08 -2.06737065e-07 
 3.22049038e-05  1.99736154e-01  2.00247227e-01  2.00383963e-01 -1.82551762e-05 -5.67549941e-08 -2.20707151e-07 
 3.22050000e-05  1.99733831e-01  2.00244716e-01  2.00378373e-01 -1.82487457e-05 -5.94179326e-08 -2.34225325e-07 
 3.22050015e-05  1.99735076e-01  2.00246023e-01  2.00378287e-01 -1.74920535e-05 -5.93484624e-08 -2.34104424e-07 
 3.22050045e-05  1.99737195e-01  2.00248525e-01  2.00378117e-01 -1.71829227e-05 -5.92073953e-08 -2.33840162e-07 
 3.22050105e-05  1.99739390e-01  2.00252981e-01  2.00377787e-01 -1.68890627e-05 -5.89241589e-08 -2.33237563e-07 
 3.22050195e-05  1.99740138e-01  2.00258403e-01  2.00377314e-01 -1.67898383e-05 -5.85322169e-08 -2.32321042e-07 
 3.22050335e-05  1.99740312e-01  2.00265468e-01  2.00376612e-01 -1.65712172e-05 -5.79684792e-08 -2.30915969e-07 
 3.22050616e-05  1.99740366e-01  2.00277659e-01  2.00375326e-01 -1.62937319e-05 -5.69705751e-08 -2.28165955e-07 
 3.22051178e-05  1.99740462e-01  2.00296745e-01  2.00373144e-01 -1.58452908e-05 -5.53448433e-08 -2.22873720e-07 
 3.22052302e-05  1.99740529e-01  2.00318461e-01  2.00369822e-01 -1.54542891e-05 -5.28656604e-08 -2.12908046e-07 
 3.22054550e-05  1.99740722e-01  2.00327027e-01  2.00364909e-01 -1.52383690e-05 -4.88134273e-08 -1.94700511e-07 
 3.22057418e-05  1.99740944e-01  2.00315481e-01  2.00359086e-01 -1.52745180e-05 -4.39080106e-08 -1.73922816e-07 
 3.22061478e-05  1.99741273e-01  2.00293742e-01  2.00349400e-01 -1.52546772e-05 -3.74439783e-08 -1.48253045e-07 
 3.22067530e-05  1.99741663e-01  2.00258951e-01  2.00331461e-01 -1.52779296e-05 -2.94539642e-08 -1.16774548e-07 
 3.22079634e-05  1.99742306e-01  2.00183629e-01  2.00284612e-01 -1.52556012e-05 -1.81373336e-08 -7.19522557e-08 
 3.22103842e-05  1.99742997e-01  2.00019581e-01  2.00158679e-01 -1.52785312e-05 -6.55900195e-09 -2.56534352e-08 
 3.22152259e-05  1.99743192e-01  1.99692660e-01  1.99851149e-01 -1.52540832e-05 -4.93892419e-10 -8.40812744e-10 
 3.22229662e-05  1.99742190e-01  1.99301178e-01  1.99408599e-01 -1.52739650e-05 -3.08408622e-10 -1.33223653e-10 
 3.22306225e-05  1.99741091e-01  1.99134387e-01  1.99165679e-01 -1.52489506e-05 -1.57804684e-10 -1.96940841e-10 
 3.22407012e-05  1.99740200e-01  1.99194930e-01  1.99151003e-01 -1.52696980e-05  7.09221700e-11  8.46847278e-12 
 3.22536315e-05  1.99740014e-01  1.99519643e-01  1.99434151e-01 -1.52446161e-05  2.02402298e-10  1.17696641e-10 
 3.22731553e-05  1.99740658e-01  2.00050942e-01  1.99977352e-01 -1.52652768e-05  1.86630743e-10  1.40170009e-10 
 3.22941221e-05  1.99741508e-01  2.00357858e-01  2.00327850e-01 -1.52417162e-05  6.32472642e-11  5.66116617e-11 
 3.23204637e-05  1.99741889e-01  2.00376754e-01  2.00377334e-01 -1.52650123e-05 -2.76517927e-11 -1.23439470e-11 
 3.23517604e-05  1.99741767e-01  2.00261238e-01  2.00259457e-01 -1.52427363e-05 -2.61677895e-11 -2.01154105e-11 
 3.23758802e-05  1.99741616e-01  2.00234683e-01  2.00223826e-01 -1.52656312e-05  1.10808997e-12  3.72098294e-13 
 3.24000000e-05  1.99741622e-01  2.00259689e-01  2.00245939e-01 -1.52426616e-05  9.48173593e-12  7.08059826e-12 
 3.24000130e-05  1.99749406e-01  2.00272809e-01  2.00246026e-01 -1.36332313e-05  1.96980705e-09  7.13817156e-10 
 3.24000389e-05  1.99756029e-01  2.00294604e-01  2.00246312e-01 -1.26386974e-05  5.69869312e-09  2.01915467e-09 
 3.24000908e-05  1.99759568e-01  2.00325495e-01  2.00247416e-01 -1.16613924e-05  1.17456995e-08  4.35356793e-09 
 3.24001418e-05  1.99765897e-01  2.00347539e-01  2.00249011e-01 -1.08420363e-05  1.62781523e-08  6.48281770e-09 
 3.24002436e-05  1.99775239e-01  2.00370793e-01  2.00253010e-01 -1.01688234e-05  2.29961287e-08  1.03826882e-08 
 3.24004474e-05  1.99796346e-01  2.00375614e-01  2.00261637e-01 -9.60482297e-06  3.18866659e-08  1.74381257e-08 
 3.24007052e-05  1.99821475e-01  2.00352130e-01  2.00270683e-01 -9.63869525e-06  3.99579454e-08  2.54580285e-08 
 3.24010536e-05  1.99857084e-01  2.00309923e-01  2.00277239e-01 -9.56891521e-06  4.92578393e-08  3.50977685e-08 
 3.24015416e-05  1.99908392e-01  2.00242248e-01  2.00275253e-01 -1.00514384e-05  5.66259012e-08  4.64640120e-08 
 3.24016449e-05  1.99921867e-01  2.00226708e-01  2.00273195e-01 -1.02407722e-05  5.57309325e-08  4.85501973e-08 
 3.24018517e-05  1.99954033e-01  2.00192897e-01  2.00267365e-01 -1.17669684e-05  3.91576983e-08  5.21330568e-08 
 3.24020045e-05  1.99987973e-01  2.00164971e-01  2.00261528e-01 -1.39892932e-05  3.85046281e-09  5.40815169e-08 
 3.24021340e-05  2.00024874e-01  2.00138211e-01  2.00255471e-01 -1.71048068e-05 -5.44784344e-08  5.49866683e-08 
 3.24022629e-05  2.00070370e-01  2.00107936e-01  2.00248313e-01 -2.11695334e-05 -1.51039666e-07  5.49545054e-08 
 3.24023938e-05  2.00123255e-01  2.00072839e-01  2.00239743e-01 -2.60753120e-05 -3.01866889e-07  5.36930228e-08 
 3.24025194e-05  2.00178519e-01  2.00033852e-01  2.00230119e-01 -3.06005816e-05 -5.11012507e-07  5.10273759e-08 
 3.24026315e-05  2.00228465e-01  1.99993231e-01  2.00220177e-01 -3.36660316e-05 -7.65828330e-07  4.71307444e-08 
 3.24027394e-05  2.00275123e-01  1.99947455e-01  2.00209206e-01 -3.49817375e-05 -1.08619454e-06  4.17296588e-08 
 3.24028576e-05  2.00322481e-01  1.99891011e-01  2.00195349e-01 -3.57301426e-05 -1.53132966e-06  3.38133773e-08 
 3.24029937e-05  2.00371052e-01  1.99823591e-01  2.00176900e-01 -3.68851030e-05 -2.16030915e-06  2.23761139e-08 
 3.24031144e-05  2.00407636e-01  1.99766305e-01  2.00158420e-01 -3.82355839e-05 -2.81029949e-06  1.05160355e-08 
 3.24032383e-05  2.00438179e-01  1.99712187e-01  2.00137671e-01 -3.96960334e-05 -3.55268729e-06 -2.97237670e-09 
 3.24033619e-05  2.00460116e-01  1.99664216e-01  2.00115495e-01 -4.11734847e-05 -4.35427612e-06 -1.74260389e-08 
 3.24034603e-05  2.00468769e-01  1.99631317e-01  2.00097051e-01 -4.21487944e-05 -5.02192863e-06 -2.93493659e-08 
 3.24035124e-05  2.00467283e-01  1.99616435e-01  2.00087099e-01 -4.25257889e-05 -5.37930909e-06 -3.56725849e-08 
 3.24035493e-05  2.00460505e-01  1.99607394e-01  2.00079984e-01 -4.26014518e-05 -5.63047532e-06 -4.00784873e-08 
 3.24035792e-05  2.00447860e-01  1.99601523e-01  2.00074207e-01 -4.24663518e-05 -5.82856423e-06 -4.35167566e-08 
 3.24036060e-05  2.00426927e-01  1.99597979e-01  2.00069045e-01 -4.20490335e-05 -5.99722863e-06 -4.63988717e-08 
 3.24036342e-05  2.00392610e-01  1.99597225e-01  2.00063652e-01 -4.12149733e-05 -6.15975497e-06 -4.90830974e-08 
 3.24036708e-05  2.00333099e-01  1.99603214e-01  2.00056774e-01 -3.94996725e-05 -6.33946883e-06 -5.17909423e-08 
 3.24037044e-05  2.00271366e-01  1.99616988e-01  2.00050666e-01 -3.74049956e-05 -6.46854379e-06 -5.33525917e-08 
 3.24037524e-05  2.00185063e-01  1.99648840e-01  2.00042539e-01 -3.38984520e-05 -6.59092936e-06 -5.40204838e-08 
 3.24037945e-05  2.00118514e-01  1.99685258e-01  2.00036090e-01 -3.06131282e-05 -6.64362726e-06 -5.32695246e-08 
 3.24038311e-05  2.00071238e-01  1.99719740e-01  2.00031102e-01 -2.78311999e-05 -6.65432405e-06 -5.18297882e-08 
 3.24038707e-05  2.00030884e-01  1.99756961e-01  2.00026340e-01 -2.50243125e-05 -6.63689558e-06 -4.96896660e-08 
 3.24039179e-05  1.99996208e-01  1.99797952e-01  2.00021507e-01 -2.20898177e-05 -6.58667787e-06 -4.66544899e-08 
 3.24039630e-05  1.99974139e-01  1.99831979e-01  2.00017635e-01 -1.97252502e-05 -6.51708763e-06 -4.34848257e-08 
 3.24040143e-05  1.99958813e-01  1.99863455e-01  2.00013976e-01 -1.75569095e-05 -6.42123401e-06 -3.97840880e-08 
 3.24040673e-05  1.99950750e-01  1.99887897e-01  2.00010869e-01 -1.58325515e-05 -6.31104495e-06 -3.60159349e-08 
 3.24041306e-05  1.99947752e-01  1.99907814e-01  2.00007790e-01 -1.43309751e-05 -6.17114360e-06 -3.16768028e-08 
 3.24042002e-05  1.99949581e-01  1.99920281e-01  2.00004942e-01 -1.32064515e-05 -6.01336805e-06 -2.71755890e-08 
 3.24042868e-05  1.99955902e-01  1.99925980e-01  2.00001816e-01 -1.23379317e-05 -5.81681091e-06 -2.19504636e-08 
 3.24043886e-05  1.99966192e-01  1.99923694e-01  1.99998346e-01 -1.17696315e-05 -5.58997289e-06 -1.62650211e-08 
 3.24045239e-05  1.99981856e-01  1.99912441e-01  1.99993588e-01 -1.14160200e-05 -5.29919044e-06 -9.30154753e-09 
 3.24046999e-05  2.00003473e-01  1.99891239e-01  1.99986668e-01 -1.12403581e-05 -4.94145644e-06 -1.01728434e-09 
 3.24048500e-05  2.00022284e-01  1.99870567e-01  1.99979922e-01 -1.11921380e-05 -4.65486807e-06  5.48725137e-09 
 3.24050000e-05  2.00041227e-01  1.99848820e-01  1.99972334e-01 -1.11651586e-05 -4.38443486e-06  1.15571118e-08 
 3.24050031e-05  2.00037584e-01  1.99844608e-01  1.99972162e-01 -1.22234276e-05 -4.37943990e-06  1.14915850e-08 
 3.24050094e-05  2.00032395e-01  1.99836772e-01  1.99971810e-01 -1.27123058e-05 -4.36945759e-06  1.13770842e-08 
 3.24050218e-05  2.00029546e-01  1.99823623e-01  1.99971055e-01 -1.29641049e-05 -4.34941663e-06  1.12196486e-08 
 3.24050458e-05  2.00028482e-01  1.99802621e-01  1.99969454e-01 -1.34218618e-05 -4.31070767e-06  1.10030307e-08 
 3.24050806e-05  2.00026966e-01  1.99776391e-01  1.99966830e-01 -1.39177953e-05 -4.25433627e-06  1.07672247e-08 
 3.24051501e-05  2.00025871e-01  1.99736215e-01  1.99960778e-01 -1.45534818e-05 -4.14220854e-06  1.04850562e-08 
 3.24052892e-05  2.00024987e-01  1.99690018e-01  1.99946828e-01 -1.51007135e-05 -3.92427167e-06  1.02342004e-08 
 3.24054469e-05  2.00024983e-01  1.99667042e-01  1.99929811e-01 -1.52357052e-05 -3.68997820e-06  1.01028622e-08 
 3.24057190e-05  2.00024518e-01  1.99648384e-01  1.99900695e-01 -1.52726546e-05 -3.31773071e-06  9.84922839e-09 
 3.24060367e-05  2.00024361e-01  1.99635484e-01  1.99868586e-01 -1.52605004e-05 -2.93014449e-06  9.47767753e-09 
 3.24066085e-05  2.00023726e-01  1.99617060e-01  1.99816796e-01 -1.52667726e-05 -2.34142249e-06  8.67456022e-09 
 3.24075300e-05  2.00023235e-01  1.99597176e-01  1.99748429e-01 -1.52594814e-05 -1.62724787e-06  7.25323212e-09 
 3.24093729e-05  2.00022154e-01  1.99587158e-01  1.99658881e-01 -1.52658297e-05 -7.65966042e-07  4.61949651e-09 
 3.24130588e-05  2.00021307e-01  1.99648528e-01  1.99615580e-01 -1.52589521e-05 -1.24796586e-07  1.37871737e-09 
 3.24193475e-05  2.00020690e-01  1.99874722e-01  1.99767173e-01 -1.52663735e-05  1.29398952e-08 -8.99375978e-12 
 3.24261340e-05  2.00021027e-01  2.00155299e-01  2.00041065e-01 -1.52593643e-05 -1.50834080e-09  1.73120072e-10 
 3.24345846e-05  2.00021362e-01  2.00437857e-01  2.00349549e-01 -1.52655375e-05  6.69869280e-10  1.85204000e-10 
 3.24448089e-05  2.00022074e-01  2.00638213e-01  2.00589252e-01 -1.52577599e-05 -1.83247751e-11  1.09965703e-10 
 3.24607791e-05  2.00022426e-01  2.00705821e-01  2.00700034e-01 -1.52643454e-05  6.95963948e-11  1.41529402e-11 
 3.24847590e-05  2.00022655e-01  2.00567575e-01  2.00578615e-01 -1.52578609e-05 -1.07103744e-10 -4.00191925e-11 
 3.25171277e-05  2.00022227e-01  2.00421868e-01  2.00415911e-01 -1.52652408e-05  1.77440948e-11 -1.41723402e-11 
 3.25524898e-05  2.00022288e-01  2.00458254e-01  2.00440668e-01 -1.52580418e-05 -3.68145943e-12  1.49167748e-11 
 3.26009571e-05  2.00022267e-01  2.00546126e-01  2.00534032e-01 -1.52648144e-05  2.52758463e-11  6.42720919e-12 
 3.26755964e-05  2.00022475e-01  2.00557810e-01  2.00548857e-01 -1.52579796e-05 -2.03953579e-11 -1.72789864e-12 
 3.27656277e-05  2.00022330e-01  2.00577958e-01  2.00565909e-01 -1.52649309e-05  1.96890659e-11  4.55432469e-12 
 3.28656277e-05  2.00022555e-01  2.00607223e-01  2.00597628e-01 -1.52579327e-05 -1.43390358e-11  8.06356284e-13 
 3.29656277e-05  2.00022425e-01  2.00605979e-01  2.00595614e-01 -1.52649484e-05  1.16499495e-11  8.17949820e-13 
 3.30656277e-05  2.00022614e-01  2.00618266e-01  2.00607953e-01 -1.52579413e-05 -9.46650028e-12  2.30515260e-12 
 3.31656277e-05  2.00022500e-01  2.00619369e-01  2.00609541e-01 -1.52649366e-05  7.70818956e-12 -6.82608809e-14 
 3.32656277e-05  2.00022677e-01  2.00620787e-01  2.00610505e-01 -1.52579533e-05 -7.37292193e-12  2.07983413e-12 
 3.33656277e-05  2.00022564e-01  2.00623564e-01  2.00613628e-01 -1.52649309e-05  6.04454811e-12  2.65862473e-13 
 3.34656277e-05  2.00022743e-01  2.00622677e-01  2.00612603e-01 -1.52579548e-05 -6.14456337e-12  1.64119190e-12 
 3.35656277e-05  2.00022625e-01  2.00624082e-01  2.00614024e-01 -1.52649329e-05  4.73114885e-12  4.84160346e-13 
 3.36656277e-05  2.00022806e-01  2.00623945e-01  2.00613945e-01 -1.52579519e-05 -4.84051037e-12  1.54844020e-12 
 3.37656277e-05  2.00022687e-01  2.00624076e-01  2.00614011e-01 -1.52649358e-05  3.37958546e-12  4.42296482e-13 
 3.38656277e-05  2.00022869e-01  2.00624390e-01  2.00614375e-01 -1.52579497e-05 -3.56028076e-12  1.62520881e-12 
 3.39656277e-05  2.00022749e-01  2.00624244e-01  2.00614206e-01 -1.52649373e-05  2.19104335e-12  3.56526223e-13 
 3.40656277e-05  2.00022931e-01  2.00624449e-01  2.00614415e-01 -1.52579486e-05 -2.50539455e-12  1.68518720e-12 
 3.41656277e-05  2.00022811e-01  2.00624430e-01  2.00614403e-01 -1.52649382e-05  1.25841958e-12  3.18918340e-13 
 3.42656277e-05  2.00022993e-01  2.00624472e-01  2.00614437e-01 -1.52579478e-05 -1.68619133e-12  1.70276656e-12 
 3.43328138e-05  2.00022863e-01  2.00624524e-01  2.00614494e-01 -1.52649394e-05  3.74071217e-13  3.08617823e-13 
 3.44000000e-05  2.00023034e-01  2.00624520e-01  2.00614489e-01 -1.52579462e-05 -7.57931261e-13  1.71227263e-12 
 3.44000650e-05  2.00002694e-01  2.00580317e-01  2.00613369e-01 -1.75816100e-05 -6.42944527e-09 -3.04807464e-09 
 3.44001951e-05  1.99981684e-01  2.00524057e-01  2.00609758e-01 -1.89452552e-05 -1.54769729e-08 -8.47861976e-09 
 3.44004106e-05  1.99955350e-01  2.00506357e-01  2.00601114e-01 -1.93964083e-05 -2.31988070e-08 -1.61053104e-08 
 3.44006381e-05  1.99925275e-01  2.00524443e-01  2.00592782e-01 -1.95556363e-05 -2.99563888e-08 -2.33689847e-08 
 3.44008934e-05  1.99894435e-01  2.00553779e-01  2.00586592e-01 -1.97840310e-05 -3.61511239e-08 -3.07543286e-08 
 3.44012567e-05  1.99852056e-01  2.00601020e-01  2.00583988e-01 -2.13946792e-05 -3.80073199e-08 -3.99291058e-08 
 3.44014815e-05  1.99832697e-01  2.00635429e-01  2.00586071e-01 -2.40931828e-05 -2.87733305e-08 -4.47071645e-08 
 3.44016591e-05  1.99821211e-01  2.00665361e-01  2.00589796e-01 -2.78891880e-05 -9.10936837e-09 -4.78968238e-08 
 3.44018364e-05  1.99816706e-01  2.00699474e-01  2.00595452e-01 -3.32271810e-05  2.73044283e-08 -5.04461251e-08 
 3.44019992e-05  1.99815517e-01  2.00733725e-01  2.00602462e-01 -3.96335340e-05  8.18138119e-08 -5.21399201e-08 
 3.44021360e-05  1.99817503e-01  2.00766113e-01  2.00609782e-01 -4.59133954e-05  1.49906012e-07 -5.29363849e-08 
 3.44022492e-05  1.99818041e-01  2.00795390e-01  2.00616910e-01 -5.17031777e-05  2.28308401e-07 -5.30413908e-08 
 3.44023457e-05  1.99817579e-01  2.00823249e-01  2.00623810e-01 -5.68415133e-05  3.17285065e-07 -5.25873517e-08 
 3.44024308e-05  1.99813652e-01  2.00850443e-01  2.00630611e-01 -6.14973277e-05  4.19402702e-07 -5.16410602e-08 
 3.44025096e-05  1.99806620e-01  2.00878758e-01  2.00637558e-01 -6.56944493e-05  5.40331971e-07 -5.01543797e-08 
 3.44025896e-05  1.99794803e-01  2.00911205e-01  2.00645351e-01 -6.98112754e-05  6.96720437e-07 -4.78867847e-08 
 3.44026792e-05  1.99780292e-01  2.00952078e-01  2.00655073e-01 -7.41575997e-05  9.17723249e-07 -4.43190639e-08 
 3.44027799e-05  1.99766952e-01  2.01001483e-01  2.00667387e-01 -7.89109309e-05  1.22367382e-06 -3.90830527e-08 
 3.44028837e-05  1.99758815e-01  2.01052725e-01  2.00681600e-01 -8.37034212e-05  1.59518654e-06 -3.25738397e-08 
 3.44030006e-05  1.99755742e-01  2.01107991e-01  2.00699372e-01 -8.90659887e-05  2.07183361e-06 -2.41868206e-08 
 3.44031323e-05  1.99759055e-01  2.01165275e-01  2.00721302e-01 -9.48841520e-05  2.66721903e-06 -1.37530115e-08 
 3.44032751e-05  1.99768545e-01  2.01220522e-01  2.00746924e-01 -1.00660366e-04  3.36499555e-06 -1.63120782e-09 
 3.44034305e-05  1.99783926e-01  2.01271460e-01  2.00776415e-01 -1.05539763e-04  4.16272542e-06  1.20457453e-08 
 3.44035463e-05  1.99797090e-01  2.01300915e-01  2.00799028e-01 -1.06832651e-04  4.76136268e-06  2.21026227e-08 
 3.44036168e-05  1.99804906e-01  2.01312520e-01  2.00812878e-01 -1.04616402e-04  5.11273928e-06  2.78211331e-08 
 3.44036715e-05  1.99810037e-01  2.01315238e-01  2.00823501e-01 -1.00169769e-04  5.36477826e-06  3.17159310e-08 
 3.44037306e-05  1.99814303e-01  2.01309479e-01  2.00834678e-01 -9.29604361e-05  5.60418009e-06  3.50893895e-08 
 3.44038020e-05  1.99817440e-01  2.01290247e-01  2.00847497e-01 -8.21851607e-05  5.83623379e-06  3.77787249e-08 
 3.44038792e-05  1.99818447e-01  2.01257477e-01  2.00860163e-01 -6.97198590e-05  6.00987451e-06  3.89286912e-08 
 3.44039827e-05  1.99816359e-01  2.01203835e-01  2.00874778e-01 -5.43169402e-05  6.12152130e-06  3.79491846e-08 
 3.44040732e-05  1.99812013e-01  2.01156428e-01  2.00885280e-01 -4.35985805e-05  6.12150296e-06  3.52570331e-08 
 3.44041555e-05  1.99806611e-01  2.01118959e-01  2.00893126e-01 -3.63427576e-05  6.06127507e-06  3.18480858e-08 
 3.44042450e-05  1.99799661e-01  2.01087173e-01  2.00900161e-01 -3.07611710e-05  5.95000236e-06  2.75538921e-08 
 3.44043406e-05  1.99791435e-01  2.01064048e-01  2.00906367e-01 -2.68554276e-05  5.79677216e-06  2.26651088e-08 
 3.44044407e-05  1.99782266e-01  2.01050543e-01  2.00911896e-01 -2.43478039e-05  5.61429500e-06  1.74869716e-08 
 3.44045507e-05  1.99771813e-01  2.01045671e-01  2.00917328e-01 -2.27624703e-05  5.40148209e-06  1.19150335e-08 
 3.44046739e-05  1.99759850e-01  2.01049043e-01  2.00923098e-01 -2.18344966e-05  5.15941276e-06  5.93944247e-09 
 3.44048183e-05  1.99745673e-01  2.01060569e-01  2.00929929e-01 -2.13288003e-05  4.88006638e-06 -6.61641207e-10 
 3.44049091e-05  1.99736708e-01  2.01070528e-01  2.00934411e-01 -2.11859546e-05  4.70929570e-06 -4.59017677e-09 
 3.44050000e-05  1.99727742e-01  2.01081744e-01  2.00939110e-01 -2.11007291e-05  4.54338062e-06 -8.35436082e-09 
 3.44050016e-05  1.99729774e-01  2.01084000e-01  2.00939199e-01 -2.01720039e-05  4.54068366e-06 -8.32125033e-09 
 3.44050049e-05  1.99733052e-01  2.01088314e-01  2.00939377e-01 -1.97365025e-05  4.53531354e-06 -8.25967671e-09 
 3.44050114e-05  1.99736056e-01  2.01096069e-01  2.00939750e-01 -1.93319404e-05  4.52463410e-06 -8.16313255e-09 
 3.44050213e-05  1.99736977e-01  2.01106044e-01  2.00940345e-01 -1.90494280e-05  4.50851271e-06 -8.05919614e-09 
 3.44050382e-05  1.99737231e-01  2.01120948e-01  2.00941441e-01 -1.85184322e-05  4.48083900e-06 -7.91640783e-09 
 3.44050719e-05  1.99737373e-01  2.01147075e-01  2.00943888e-01 -1.77527779e-05  4.42540920e-06 -7.70034813e-09 
 3.44051393e-05  1.99737577e-01  2.01187660e-01  2.00949570e-01 -1.66496979e-05  4.31484036e-06 -7.45255232e-09 
 3.44052743e-05  1.99737732e-01  2.01235360e-01  2.00962807e-01 -1.56951897e-05  4.09793417e-06 -7.31858130e-09 
 3.44055127e-05  1.99738060e-01  2.01269189e-01  2.00988247e-01 -1.52675761e-05  3.73566921e-06 -7.39249448e-09 
 3.44057593e-05  1.99738322e-01  2.01283977e-01  2.01014402e-01 -1.52851196e-05  3.39282948e-06 -7.44260839e-09 
 3.44061311e-05  1.99738759e-01  2.01301581e-01  2.01051550e-01 -1.52479239e-05  2.93351934e-06 -7.35164593e-09 
 3.44066430e-05  1.99739250e-01  2.01321745e-01  2.01097991e-01 -1.52779256e-05  2.40036063e-06 -7.02893959e-09 
 3.44076666e-05  1.99740189e-01  2.01350620e-01  2.01175530e-01 -1.52450724e-05  1.60054935e-06 -6.03645654e-09 
 3.44097140e-05  1.99741553e-01  2.01369809e-01  2.01276991e-01 -1.52736658e-05  6.86294007e-07 -3.81690033e-09 
 3.44138086e-05  1.99743181e-01  2.01302628e-01  2.01321260e-01 -1.52402977e-05  7.64191364e-08 -9.60706562e-10 
 3.44199782e-05  1.99743878e-01  2.01069451e-01  2.01160765e-01 -1.52697153e-05 -7.28060863e-09  1.34381417e-12 
 3.44279187e-05  1.99743636e-01  2.00730480e-01  2.00828370e-01 -1.52383853e-05  1.23571579e-09 -1.98070088e-10 
 3.44362690e-05  1.99742958e-01  2.00449458e-01  2.00517589e-01 -1.52696992e-05 -6.00313351e-10 -1.83272372e-10 
 3.44475045e-05  1.99742233e-01  2.00244095e-01  2.00267306e-01 -1.52393388e-05  2.77530165e-11 -9.73813350e-11 
 3.44629106e-05  1.99741666e-01  2.00205788e-01  2.00188221e-01 -1.52702556e-05 -5.52515911e-11 -5.27125858e-12 
 3.44895373e-05  1.99741688e-01  2.00377694e-01  2.00345668e-01 -1.52386518e-05  1.09223111e-10  4.63834362e-11 
 3.45192771e-05  1.99742022e-01  2.00512191e-01  2.00498482e-01 -1.52691702e-05 -1.91548680e-11  1.47809309e-11 
 3.45576142e-05  1.99742159e-01  2.00471818e-01  2.00469286e-01 -1.52385527e-05  3.04917701e-12 -1.28424408e-11 
 3.46000000e-05  1.99741999e-01  2.00400154e-01  2.00391785e-01 -1.52696005e-05 -2.47766582e-11 -4.16376639e-12 
 3.46000208e-05  1.99747554e-01  2.00413574e-01  2.00391882e-01 -1.38786527e-05  1.36065617e-09  4.86380209e-09 
 3.46000624e-05  1.99750833e-01  2.00434722e-01  2.00392249e-01 -1.32372831e-05  3.89983789e-09  1.46134906e-08 
 3.46001342e-05  1.99751264e-01  2.00458646e-01  2.00393507e-01 -1.28488165e-05  7.47570743e-09  3.09379517e-08 
 3.46002087e-05  1.99754085e-01  2.00474722e-01  2.00395360e-01 -1.24880345e-05  1.05577349e-08  4.71922282e-08 
 3.46003575e-05  1.99756906e-01  2.00487392e-01  2.00399736e-01 -1.23708458e-05  1.59319104e-08  7.81629342e-08 
 3.46006552e-05  1.99764843e-01  2.00485260e-01  2.00408342e-01 -1.22376234e-05  2.54900268e-08  1.34785089e-07 
 3.46010726e-05  1.99774293e-01  2.00466804e-01  2.00417227e-01 -1.23413056e-05  3.73499598e-08  2.04260455e-07 
 3.46016986e-05  1.99796590e-01  2.00435510e-01  2.00422548e-01 -1.34970957e-05  5.08886692e-08  2.91316164e-07 
 3.46018449e-05  1.99808107e-01  2.00426575e-01  2.00422461e-01 -1.46662837e-05  5.23779269e-08  3.09001309e-07 
 3.46019947e-05  1.99829357e-01  2.00415399e-01  2.00421792e-01 -1.70360021e-05  5.15981027e-08  3.25228935e-07 
 3.46021237e-05  1.99855286e-01  2.00403451e-01  2.00420666e-01 -2.05059849e-05  4.84740444e-08  3.37039669e-07 
 3.46022514e-05  1.99890559e-01  2.00389388e-01  2.00418959e-01 -2.51119139e-05  4.24971105e-08  3.45964808e-07 
 3.46023814e-05  1.99933522e-01  2.00371878e-01  2.00416509e-01 -3.09019026e-05  3.29154622e-08  3.51323509e-07 
 3.46025068e-05  1.99981037e-01  2.00351420e-01  2.00413336e-01 -3.66708012e-05  1.97671772e-08  3.51920178e-07 
 3.46026208e-05  2.00026039e-01  2.00328336e-01  2.00409612e-01 -4.13371501e-05  3.71913807e-09  3.47504763e-07 
 3.46027289e-05  2.00069045e-01  2.00301419e-01  2.00405181e-01 -4.44381831e-05 -1.57890090e-08  3.37914785e-07 
 3.46028481e-05  2.00114355e-01  2.00267057e-01  2.00399081e-01 -4.73982145e-05 -4.17230974e-08  3.20628750e-07 
 3.46029792e-05  2.00161079e-01  2.00228769e-01  2.00390843e-01 -5.10896037e-05 -7.32102751e-08  2.94010688e-07 
 3.46031154e-05  2.00204339e-01  2.00193645e-01  2.00380784e-01 -5.53138243e-05 -1.06532881e-07  2.59270439e-07 
 3.46032556e-05  2.00242358e-01  2.00164754e-01  2.00369244e-01 -5.95815450e-05 -1.39642847e-07  2.17573960e-07 
 3.46033834e-05  2.00268773e-01  2.00145886e-01  2.00358079e-01 -6.32347433e-05 -1.67578026e-07  1.75731780e-07 
 3.46034654e-05  2.00278800e-01  2.00138223e-01  2.00350785e-01 -6.51843371e-05 -1.83563537e-07  1.47732290e-07 
 3.46035085e-05  2.00279342e-01  2.00136013e-01  2.00346958e-01 -6.60127910e-05 -1.90916710e-07  1.32924768e-07 
 3.46035476e-05  2.00273554e-01  2.00135609e-01  2.00343533e-01 -6.64265128e-05 -1.96360271e-07  1.19763458e-07 
 3.46035751e-05  2.00262258e-01  2.00136688e-01  2.00341154e-01 -6.64199515e-05 -1.99008515e-07  1.10831276e-07 
 3.46036015e-05  2.00241638e-01  2.00139423e-01  2.00338912e-01 -6.59625527e-05 -1.99950316e-07  1.02797733e-07 
 3.46036300e-05  2.00206825e-01  2.00145483e-01  2.00336571e-01 -6.48480813e-05 -1.98392897e-07  9.51183994e-08 
 3.46036652e-05  2.00150178e-01  2.00159367e-01  2.00333854e-01 -6.25155624e-05 -1.91977937e-07  8.75543058e-08 
 3.46036998e-05  2.00088211e-01  2.00180686e-01  2.00331471e-01 -5.93597914e-05 -1.80857099e-07  8.25054973e-08 
 3.46037487e-05  2.00002328e-01  2.00221721e-01  2.00328751e-01 -5.38807429e-05 -1.58488875e-07  7.93434453e-08 
 3.46037832e-05  1.99948620e-01  2.00255732e-01  2.00327381e-01 -4.96477394e-05 -1.39500796e-07  7.96851621e-08 
 3.46038179e-05  1.99902622e-01  2.00291460e-01  2.00326500e-01 -4.53471733e-05 -1.19161048e-07  8.17913704e-08 
 3.46038580e-05  1.99859663e-01  2.00331625e-01  2.00326103e-01 -4.05980407e-05 -9.56862781e-08  8.59360213e-08 
 3.46039040e-05  1.99822434e-01  2.00374010e-01  2.00326408e-01 -3.56180708e-05 -7.00651825e-08  9.23756412e-08 
 3.46039490e-05  1.99796402e-01  2.00409829e-01  2.00327397e-01 -3.13816802e-05 -4.74880991e-08  9.98284954e-08 
 3.46039991e-05  1.99776405e-01  2.00442629e-01  2.00329161e-01 -2.74279511e-05 -2.57450502e-08  1.08951624e-07 
 3.46040519e-05  1.99762658e-01  2.00469431e-01  2.00331601e-01 -2.40945964e-05 -6.83926273e-09  1.19032859e-07 
 3.46041140e-05  1.99752803e-01  2.00492450e-01  2.00335021e-01 -2.11075051e-05  1.06970288e-08  1.31129668e-07 
 3.46041833e-05  1.99746837e-01  2.00509769e-01  2.00339284e-01 -1.87288096e-05  2.52528746e-08  1.44578155e-07 
 3.46042680e-05  1.99743616e-01  2.00522885e-01  2.00344848e-01 -1.68090389e-05  3.77146642e-08  1.60715645e-07 
 3.46043681e-05  1.99742828e-01  2.00531580e-01  2.00351620e-01 -1.54598671e-05  4.73077241e-08  1.79196580e-07 
 3.46044981e-05  1.99744041e-01  2.00537532e-01  2.00360378e-01 -1.45605143e-05  5.48709501e-08  2.02123544e-07 
 3.46046649e-05  1.99747074e-01  2.00541882e-01  2.00371314e-01 -1.40793961e-05  6.05260558e-08  2.29961520e-07 
 3.46048325e-05  1.99750720e-01  2.00545238e-01  2.00381833e-01 -1.39118275e-05  6.41712431e-08  2.56299321e-07 
 3.46050000e-05  1.99754539e-01  2.00548416e-01  2.00391883e-01 -1.38488579e-05  6.70127934e-08  2.81241429e-07 
 3.46050042e-05  1.99751594e-01  2.00545013e-01  2.00392123e-01 -1.47597899e-05  6.67842650e-08  2.80788976e-07 
 3.46050126e-05  1.99747726e-01  2.00538912e-01  2.00392592e-01 -1.50932088e-05  6.63423674e-08  2.79655509e-07 
 3.46050294e-05  1.99746030e-01  2.00529568e-01  2.00393473e-01 -1.50854268e-05  6.55554223e-08  2.77002086e-07 
 3.46050584e-05  1.99744923e-01  2.00516799e-01  2.00394856e-01 -1.51893915e-05  6.43951652e-08  2.72618748e-07 
 3.46051102e-05  1.99743378e-01  2.00498643e-01  2.00396963e-01 -1.52276532e-05  6.26949194e-08  2.65033918e-07 
 3.46052137e-05  1.99742462e-01  2.00476934e-01  2.00400241e-01 -1.52787858e-05  5.99594289e-08  2.50723761e-07 
 3.46053599e-05  1.99741989e-01  2.00466968e-01  2.00403746e-01 -1.52571151e-05  5.66088692e-08  2.32021915e-07 
 3.46055620e-05  1.99741891e-01  2.00470154e-01  2.00408004e-01 -1.52633010e-05  5.22899306e-08  2.08666230e-07 
 3.46059025e-05  1.99741414e-01  2.00486891e-01  2.00415718e-01 -1.52479995e-05  4.56910598e-08  1.74912746e-07 
 3.46065835e-05  1.99740952e-01  2.00527154e-01  2.00435205e-01 -1.52593040e-05  3.48506726e-08  1.23926234e-07 
 3.46079454e-05  1.99740006e-01  2.00613733e-01  2.00488815e-01 -1.52465974e-05  2.01267186e-08  6.44999538e-08 
 3.46106692e-05  1.99739351e-01  2.00799762e-01  2.00635451e-01 -1.52576197e-05  6.24547335e-09  2.20182156e-08 
 3.46161169e-05  1.99739255e-01  2.01154889e-01  2.00981503e-01 -1.52471189e-05  1.56129669e-10  9.82304451e-09 
 3.46230212e-05  1.99740373e-01  2.01480520e-01  2.01359819e-01 -1.52603982e-05  3.50833842e-10  6.82001689e-09 
 3.46308274e-05  1.99741358e-01  2.01631403e-01  2.01586661e-01 -1.52505533e-05  1.21954384e-10  3.55256267e-09 
 3.46405466e-05  1.99742302e-01  2.01555875e-01  2.01582566e-01 -1.52635504e-05 -7.54471075e-11  1.92684496e-09 
 3.46550358e-05  1.99742354e-01  2.01174034e-01  2.01244026e-01 -1.52543437e-05 -2.21795573e-10  4.55510780e-10 
 3.46768943e-05  1.99741654e-01  2.00593709e-01  2.00641456e-01 -1.52677027e-05 -1.70122139e-10 -1.59349695e-10 
 3.46975855e-05  1.99740752e-01  2.00343969e-01  2.00347263e-01 -1.52567572e-05 -4.66277965e-11 -2.41542025e-10 
 3.47250379e-05  1.99740584e-01  2.00365021e-01  2.00342551e-01 -1.52674838e-05  3.50721938e-11 -2.34253084e-11 
 3.47576798e-05  1.99740663e-01  2.00475264e-01  2.00459743e-01 -1.52556686e-05  1.62438010e-11  3.56707181e-11 
 3.48003238e-05  1.99740919e-01  2.00466386e-01  2.00461639e-01 -1.52670475e-05 -1.38484100e-11  2.62131053e-11 
 3.48545381e-05  1.99740696e-01  2.00397245e-01  2.00388678e-01 -1.52559234e-05 -6.00098638e-12 -2.98732797e-11 
 3.49543537e-05  1.99740800e-01  2.00387298e-01  2.00376440e-01 -1.52670871e-05  3.41684558e-12  2.60266078e-11 
 3.50543537e-05  1.99740710e-01  2.00369542e-01  2.00361130e-01 -1.52558484e-05 -6.02976826e-12 -1.28207848e-11 
 3.51543537e-05  1.99740804e-01  2.00352466e-01  2.00341809e-01 -1.52671276e-05  2.37228423e-12  1.43378158e-11 
 3.52543537e-05  1.99740716e-01  2.00355591e-01  2.00346004e-01 -1.52558291e-05 -2.47420335e-12 -4.71480044e-12 
 3.53543537e-05  1.99740839e-01  2.00346019e-01  2.00336069e-01 -1.52671239e-05  2.57393065e-13  1.17676412e-11 
 3.54543537e-05  1.99740733e-01  2.00347120e-01  2.00336990e-01 -1.52558399e-05 -9.50719104e-13 -4.38982688e-12 
 3.55543537e-05  1.99740872e-01  2.00345630e-01  2.00335786e-01 -1.52671108e-05 -6.97293785e-15  1.27501601e-11 
 3.56543537e-05  1.99740761e-01  2.00344058e-01  2.00333960e-01 -1.52558494e-05 -1.08233930e-12 -5.04238193e-12 
 3.57543537e-05  1.99740900e-01  2.00344955e-01  2.00334970e-01 -1.52671045e-05  4.12706111e-13  1.29038249e-11 
 3.58543537e-05  1.99740793e-01  2.00343774e-01  2.00333785e-01 -1.52558526e-05 -1.39355910e-12 -4.55064507e-12 
 3.59543537e-05  1.99740930e-01  2.00344194e-01  2.00334132e-01 -1.52671027e-05  6.14684735e-13  1.20923174e-11 
 3.60543537e-05  1.99740825e-01  2.00343979e-01  2.00334013e-01 -1.52558540e-05 -1.44053541e-12 -3.60851572e-12 
 3.61543537e-05  1.99740960e-01  2.00343900e-01  2.00333840e-01 -1.52671009e-05  5.88299158e-13  1.12186522e-11 
 3.62543537e-05  1.99740856e-01  2.00344003e-01  2.00334020e-01 -1.52558563e-05 -1.37586297e-12 -2.85578391e-12 
 3.63543537e-05  1.99740992e-01  2.00343920e-01  2.00333876e-01 -1.52670982e-05  5.31473953e-13  1.05998107e-11 
 3.64543537e-05  1.99740887e-01  2.00343952e-01  2.00333958e-01 -1.52558592e-05 -1.33611785e-12 -2.33273595e-12 
 3.65271769e-05  1.99741019e-01  2.00343993e-01  2.00333954e-01 -1.52670947e-05  5.12024884e-13  1.00548046e-11 
 3.66000000e-05  1.99740909e-01  2.00343934e-01  2.00333940e-01 -1.52558632e-05 -1.33069966e-12 -1.75022475e-12 
 3.66001027e-05  1.99729097e-01  2.00303360e-01  2.00332339e-01 -1.65904001e-05 -5.18811823e-09 -2.91803063e-08 
 3.66003080e-05  1.99720832e-01  2.00258610e-01  2.00327498e-01 -1.67951373e-05 -1.37665651e-08 -8.55730738e-08 
 3.66005796e-05  1.99715488e-01  2.00255339e-01  2.00319197e-01 -1.68012764e-05 -2.27332384e-08 -1.53308572e-07 
 3.66009175e-05  1.99707554e-01  2.00268860e-01  2.00310702e-01 -1.71950323e-05 -3.29095680e-08 -2.28418192e-07 
 3.66012501e-05  1.99704435e-01  2.00285457e-01  2.00305267e-01 -1.85783648e-05 -4.11831551e-08 -2.93131117e-07 
 3.66014756e-05  1.99706350e-01  2.00299055e-01  2.00303279e-01 -2.12075525e-05 -4.55118254e-08 -3.31529077e-07 
 3.66016520e-05  1.99713459e-01  2.00312387e-01  2.00302763e-01 -2.47062550e-05 -4.78199550e-08 -3.58067347e-07 
 3.66018276e-05  1.99724553e-01  2.00327513e-01  2.00303250e-01 -2.97473026e-05 -4.90059783e-08 -3.80944908e-07 
 3.66019901e-05  1.99739099e-01  2.00344341e-01  2.00304677e-01 -3.56979793e-05 -4.88085971e-08 -3.98596594e-07 
 3.66021269e-05  1.99752135e-01  2.00360401e-01  2.00306684e-01 -4.16021628e-05 -4.72529799e-08 -4.10330315e-07 
 3.66022401e-05  1.99762697e-01  2.00375969e-01  2.00308964e-01 -4.68849558e-05 -4.45124486e-08 -4.17466528e-07 
 3.66023364e-05  1.99769155e-01  2.00391001e-01  2.00311399e-01 -5.15459311e-05 -4.06423745e-08 -4.21221602e-07 
 3.66024212e-05  1.99771860e-01  2.00406445e-01  2.00313978e-01 -5.55727475e-05 -3.55277111e-08 -4.22365035e-07 
 3.66024991e-05  1.99769756e-01  2.00422868e-01  2.00316760e-01 -5.90779520e-05 -2.88737720e-08 -4.21124184e-07 
 3.66025771e-05  1.99762889e-01  2.00442169e-01  2.00320008e-01 -6.22038128e-05 -1.98168411e-08 -4.17210161e-07 
 3.66026656e-05  1.99751740e-01  2.00467457e-01  2.00324352e-01 -6.53064899e-05 -6.60420720e-09 -4.09050438e-07 
 3.66027605e-05  1.99741155e-01  2.00496776e-01  2.00329855e-01 -6.82648755e-05  9.94570883e-09 -3.95974455e-07 
 3.66028656e-05  1.99733174e-01  2.00528611e-01  2.00336972e-01 -7.14013984e-05  2.93668775e-08 -3.76766737e-07 
 3.66029803e-05  1.99729173e-01  2.00559965e-01  2.00345822e-01 -7.47995254e-05  5.02731696e-08 -3.50996269e-07 
 3.66031103e-05  1.99729429e-01  2.00589842e-01  2.00356926e-01 -7.86512780e-05  7.24979541e-08 -3.16795793e-07 
 3.66032491e-05  1.99733898e-01  2.00614658e-01  2.00369631e-01 -8.25180192e-05  9.39138256e-08 -2.75771715e-07 
 3.66034054e-05  1.99742265e-01  2.00633413e-01  2.00384448e-01 -8.59786876e-05  1.14636345e-07 -2.25782027e-07 
 3.66035195e-05  1.99749561e-01  2.00639538e-01  2.00395249e-01 -8.68499678e-05  1.26599127e-07 -1.88228298e-07 
 3.66035919e-05  1.99754010e-01  2.00638073e-01  2.00401911e-01 -8.51425296e-05  1.31614479e-07 -1.64991792e-07 
 3.66036475e-05  1.99756865e-01  2.00631702e-01  2.00406820e-01 -8.13971999e-05  1.32813957e-07 -1.48332781e-07 
 3.66037049e-05  1.99758974e-01  2.00617961e-01  2.00411542e-01 -7.53735128e-05  1.30437565e-07 -1.33192260e-07 
 3.66037796e-05  1.99760487e-01  2.00588385e-01  2.00416887e-01 -6.55542498e-05  1.21271929e-07 -1.17694753e-07 
 3.66038509e-05  1.99760818e-01  2.00550213e-01  2.00420889e-01 -5.56066607e-05  1.06891133e-07 -1.07830802e-07 
 3.66039506e-05  1.99759922e-01  2.00488886e-01  2.00424357e-01 -4.29000023e-05  8.09209932e-08 -1.01914925e-07 
 3.66040618e-05  1.99757783e-01  2.00421348e-01  2.00425259e-01 -3.22648931e-05  4.93514794e-08 -1.04482241e-07 
 3.66041479e-05  1.99755721e-01  2.00376045e-01  2.00424020e-01 -2.68083492e-05  2.63484937e-08 -1.11461991e-07 
 3.66042329e-05  1.99753558e-01  2.00340027e-01  2.00421480e-01 -2.32961066e-05  6.69474148e-09 -1.21140293e-07 
 3.66043297e-05  1.99751049e-01  2.00309122e-01  2.00417418e-01 -2.08562799e-05 -1.14941309e-08 -1.34258157e-07 
 3.66044276e-05  1.99748525e-01  2.00287110e-01  2.00412449e-01 -1.95184886e-05 -2.56073207e-08 -1.48787430e-07 
 3.66045399e-05  1.99745673e-01  2.00270364e-01  2.00406135e-01 -1.87463065e-05 -3.74175203e-08 -1.66060580e-07 
 3.66046611e-05  1.99742650e-01  2.00259144e-01  2.00398974e-01 -1.84071618e-05 -4.62647717e-08 -1.84722504e-07 
 3.66048075e-05  1.99739052e-01  2.00251108e-01  2.00390214e-01 -1.82662724e-05 -5.34331165e-08 -2.06737062e-07 
 3.66049038e-05  1.99736714e-01  2.00247784e-01  2.00384520e-01 -1.82551761e-05 -5.67549939e-08 -2.20707149e-07 
 3.66050000e-05  1.99734392e-01  2.00245273e-01  2.00378930e-01 -1.82487456e-05 -5.94179326e-08 -2.34225325e-07 
 3.66050015e-05  1.99735636e-01  2.00246580e-01  2.00378845e-01 -1.74920535e-05 -5.93484624e-08 -2.34104424e-07 
 3.66050045e-05  1.99737755e-01  2.00249082e-01  2.00378675e-01 -1.71829226e-05 -5.92073953e-08 -2.33840162e-07 
 3.66050105e-05  1.99739950e-01  2.00253539e-01  2.00378344e-01 -1.68890626e-05 -5.89241590e-08 -2.33237563e-07 
 3.66050195e-05  1.99740698e-01  2.00258960e-01  2.00377872e-01 -1.67898382e-05 -5.85322170e-08 -2.32321042e-07 
 3.66050335e-05  1.99740873e-01  2.00266025e-01  2.00377169e-01 -1.65712172e-05 -5.79684793e-08 -2.30915968e-07 
 3.66050616e-05  1.99740926e-01  2.00278217e-01  2.00375883e-01 -1.62937318e-05 -5.69705752e-08 -2.28165955e-07 
 3.66051178e-05  1.99741022e-01  2.00297302e-01  2.00373701e-01 -1.58452907e-05 -5.53448433e-08 -2.22873720e-07 
 3.66052302e-05  1.99741090e-01  2.00319019e-01  2.00370379e-01 -1.54542891e-05 -5.28656605e-08 -2.12908046e-07 
 3.66054550e-05  1.99741282e-01  2.00327584e-01  2.00365466e-01 -1.52383689e-05 -4.88134273e-08 -1.94700511e-07 
 3.66057418e-05  1.99741504e-01  2.00316039e-01  2.00359643e-01 -1.52745179e-05 -4.39080107e-08 -1.73922816e-07 
 3.66061478e-05  1.99741833e-01  2.00294299e-01  2.00349957e-01 -1.52546771e-05 -3.74439784e-08 -1.48253045e-07 
 3.66067530e-05  1.99742223e-01  2.00259508e-01  2.00332019e-01 -1.52779295e-05 -2.94539643e-08 -1.16774548e-07 
 3.66079634e-05  1.99742866e-01  2.00184187e-01  2.00285170e-01 -1.52556011e-05 -1.81373337e-08 -7.19522558e-08 
 3.66103842e-05  1.99743558e-01  2.00020138e-01  2.00159236e-01 -1.52785311e-05 -6.55900212e-09 -2.56534353e-08 
 3.66152259e-05  1.99743752e-01  1.99693217e-01  1.99851706e-01 -1.52540831e-05 -4.93892624e-10 -8.40812881e-10 
 3.66229662e-05  1.99742750e-01  1.99301735e-01  1.99409156e-01 -1.52739649e-05 -3.08408771e-10 -1.33223770e-10 
 3.66306225e-05  1.99741652e-01  1.99134944e-01  1.99166236e-01 -1.52489505e-05 -1.57804745e-10 -1.96940910e-10 
 3.66407012e-05  1.99740760e-01  1.99195487e-01  1.99151560e-01 -1.52696979e-05  7.09222197e-11  8.46848346e-12 
 3.66536315e-05  1.99740574e-01  1.99520201e-01  1.99434708e-01 -1.52446160e-05  2.02402423e-10  1.17696714e-10 
 3.66731553e-05  1.99741218e-01  2.00051500e-01  1.99977909e-01 -1.52652768e-05  1.86630826e-10  1.40170085e-10 
 3.66941221e-05  1.99742069e-01  2.00358416e-01  2.00328407e-01 -1.52417161e-05  6.32471439e-11  5.66115912e-11 
 3.67204637e-05  1.99742449e-01  2.00377312e-01  2.00377892e-01 -1.52650123e-05 -2.76518576e-11 -1.23439925e-11 
 3.67517604e-05  1.99742327e-01  2.00261795e-01  2.00260015e-01 -1.52427362e-05 -2.61677949e-11 -2.01154182e-11 
 3.67758802e-05  1.99742176e-01  2.00235241e-01  2.00224383e-01 -1.52656311e-05  1.10808650e-12  3.72097969e-13 
 3.68000000e-05  1.99742182e-01  2.00260246e-01  2.00246496e-01 -1.52426615e-05  9.48175154e-12  7.08061095e-12 
 3.68000130e-05  1.99749966e-01  2.00273366e-01  2.00246584e-01 -1.36332314e-05  1.96980631e-09  7.13816906e-10 
 3.68000389e-05  1.99756589e-01  2.00295161e-01  2.00246869e-01 -1.26386977e-05  5.69869109e-09  2.01915395e-09 
 3.68000908e-05  1.99760128e-01  2.00326052e-01  2.00247973e-01 -1.16613930e-05  1.17456959e-08  4.35356637e-09 
 3.68001418e-05  1.99766457e-01  2.00348096e-01  2.00249568e-01 -1.08420369e-05  1.62781479e-08  6.48281546e-09 
 3.68002436e-05  1.99775799e-01  2.00371351e-01  2.00253567e-01 -1.01688237e-05  2.29961235e-08  1.03826848e-08 
 3.68004474e-05  1.99796906e-01  2.00376172e-01  2.00262195e-01 -9.60482304e-06  3.18866597e-08  1.74381201e-08 
 3.68007052e-05  1.99822035e-01  2.00352688e-01  2.00271240e-01 -9.63869518e-06  3.99579400e-08  2.54580231e-08 
 3.68010536e-05  1.99857644e-01  2.00310481e-01  2.00277797e-01 -9.56891511e-06  4.92578321e-08  3.50977610e-08 
 3.68015416e-05  1.99908953e-01  2.00242806e-01  2.00275811e-01 -1.00514372e-05  5.66259056e-08  4.64640036e-08 
 3.68016449e-05  1.99922427e-01  2.00227265e-01  2.00273753e-01 -1.02407709e-05  5.57309424e-08  4.85501920e-08 
 3.68018517e-05  1.99954594e-01  2.00193454e-01  2.00267922e-01 -1.17669683e-05  3.91576983e-08  5.21330564e-08 
 3.68020045e-05  1.99988533e-01  2.00165529e-01  2.00262085e-01 -1.39892940e-05  3.85044680e-09  5.40815173e-08 
 3.68021340e-05  2.00025434e-01  2.00138768e-01  2.00256028e-01 -1.71048077e-05 -5.44784553e-08  5.49866686e-08 
 3.68022629e-05  2.00070930e-01  2.00108494e-01  2.00248870e-01 -2.11695341e-05 -1.51039687e-07  5.49545056e-08 
 3.68023938e-05  2.00123815e-01  2.00073396e-01  2.00240301e-01 -2.60753127e-05 -3.01866918e-07  5.36930233e-08 
 3.68025194e-05  2.00179079e-01  2.00034410e-01  2.00230676e-01 -3.06005822e-05 -5.11012545e-07  5.10273772e-08 
 3.68026315e-05  2.00229024e-01  1.99993788e-01  2.00220734e-01 -3.36660319e-05 -7.65828376e-07  4.71307471e-08 
 3.68027394e-05  2.00275682e-01  1.99948012e-01  2.00209763e-01 -3.49817376e-05 -1.08619460e-06  4.17296638e-08 
 3.68028576e-05  2.00323039e-01  1.99891568e-01  2.00195907e-01 -3.57301427e-05 -1.53132973e-06  3.38133865e-08 
 3.68029937e-05  2.00371608e-01  1.99824148e-01  2.00177457e-01 -3.68851034e-05 -2.16030928e-06  2.23761296e-08 
 3.68031144e-05  2.00408190e-01  1.99766862e-01  2.00158977e-01 -3.82355842e-05 -2.81029959e-06  1.05160608e-08 
 3.68032383e-05  2.00438731e-01  1.99712744e-01  2.00138229e-01 -3.96960337e-05 -3.55268737e-06 -2.97233949e-09 
 3.68033619e-05  2.00460664e-01  1.99664773e-01  2.00116052e-01 -4.11734850e-05 -4.35427619e-06 -1.74259877e-08 
 3.68034603e-05  2.00469315e-01  1.99631874e-01  2.00097609e-01 -4.21487946e-05 -5.02192867e-06 -2.93493020e-08 
 3.68035124e-05  2.00467827e-01  1.99616993e-01  2.00087656e-01 -4.25257892e-05 -5.37930911e-06 -3.56725137e-08 
 3.68035493e-05  2.00461048e-01  1.99607951e-01  2.00080542e-01 -4.26014520e-05 -5.63047534e-06 -4.00784110e-08 
 3.68035792e-05  2.00448402e-01  1.99602080e-01  2.00074765e-01 -4.24663521e-05 -5.82856425e-06 -4.35166759e-08 
 3.68036060e-05  2.00427468e-01  1.99598536e-01  2.00069602e-01 -4.20490337e-05 -5.99722864e-06 -4.63987871e-08 
 3.68036342e-05  2.00393151e-01  1.99597782e-01  2.00064210e-01 -4.12149735e-05 -6.15975499e-06 -4.90830086e-08 
 3.68036708e-05  2.00333638e-01  1.99603771e-01  2.00057331e-01 -3.94996728e-05 -6.33946884e-06 -5.17908479e-08 
 3.68037044e-05  2.00271904e-01  1.99617545e-01  2.00051223e-01 -3.74049958e-05 -6.46854380e-06 -5.33524920e-08 
 3.68037524e-05  2.00185599e-01  1.99649397e-01  2.00043096e-01 -3.38984522e-05 -6.59092937e-06 -5.40203765e-08 
 3.68037945e-05  2.00119049e-01  1.99685815e-01  2.00036647e-01 -3.06131287e-05 -6.64362726e-06 -5.32694106e-08 
 3.68038311e-05  2.00071771e-01  1.99720297e-01  2.00031659e-01 -2.78312004e-05 -6.65432405e-06 -5.18296684e-08 
 3.68038707e-05  2.00031415e-01  1.99757518e-01  2.00026897e-01 -2.50243130e-05 -6.63689559e-06 -4.96895397e-08 
 3.68039179e-05  1.99996737e-01  1.99798510e-01  2.00022064e-01 -2.20898182e-05 -6.58667788e-06 -4.66543557e-08 
 3.68039630e-05  1.99974666e-01  1.99832537e-01  2.00018193e-01 -1.97252507e-05 -6.51708763e-06 -4.34846838e-08 
 3.68040143e-05  1.99959338e-01  1.99864013e-01  2.00014533e-01 -1.75569100e-05 -6.42123402e-06 -3.97839374e-08 
 3.68040673e-05  1.99951273e-01  1.99888454e-01  2.00011426e-01 -1.58325520e-05 -6.31104496e-06 -3.60157752e-08 
 3.68041306e-05  1.99948272e-01  1.99908371e-01  2.00008347e-01 -1.43309756e-05 -6.17114361e-06 -3.16766323e-08 
 3.68042002e-05  1.99950097e-01  1.99920838e-01  2.00005499e-01 -1.32064520e-05 -6.01336806e-06 -2.71754064e-08 
 3.68042868e-05  1.99956415e-01  1.99926537e-01  2.00002373e-01 -1.23379322e-05 -5.81681092e-06 -2.19502658e-08 
 3.68043886e-05  1.99966700e-01  1.99924251e-01  1.99998903e-01 -1.17696320e-05 -5.58997291e-06 -1.62648056e-08 
 3.68045239e-05  1.99982357e-01  1.99912999e-01  1.99994146e-01 -1.14160205e-05 -5.29919046e-06 -9.30130867e-09 
 3.68046999e-05  2.00003965e-01  1.99891796e-01  1.99987225e-01 -1.12403587e-05 -4.94145646e-06 -1.01701617e-09 
 3.68048500e-05  2.00022768e-01  1.99871125e-01  1.99980480e-01 -1.11921375e-05 -4.65486808e-06  5.48754422e-09 
 3.68050000e-05  2.00041703e-01  1.99849377e-01  1.99972891e-01 -1.11651603e-05 -4.38443487e-06  1.15574281e-08 
 3.68050031e-05  2.00038060e-01  1.99845165e-01  1.99972720e-01 -1.22234287e-05 -4.37943991e-06  1.14919018e-08 
 3.68050094e-05  2.00032870e-01  1.99837329e-01  1.99972367e-01 -1.27123065e-05 -4.36945760e-06  1.13774019e-08 
 3.68050218e-05  2.00030020e-01  1.99824181e-01  1.99971613e-01 -1.29641056e-05 -4.34941664e-06  1.12199682e-08 
 3.68050458e-05  2.00028955e-01  1.99803178e-01  1.99970012e-01 -1.34218625e-05 -4.31070768e-06  1.10033538e-08 
 3.68050806e-05  2.00027438e-01  1.99776948e-01  1.99967387e-01 -1.39177960e-05 -4.25433628e-06  1.07675527e-08 
 3.68051501e-05  2.00026339e-01  1.99736772e-01  1.99961336e-01 -1.45534824e-05 -4.14220857e-06  1.04853938e-08 
 3.68052892e-05  2.00025448e-01  1.99690575e-01  1.99947385e-01 -1.51007142e-05 -3.92427173e-06  1.02345552e-08 
 3.68054469e-05  2.00025437e-01  1.99667599e-01  1.99930369e-01 -1.52357058e-05 -3.68997825e-06  1.01032339e-08 
 3.68057190e-05  2.00024960e-01  1.99648941e-01  1.99901252e-01 -1.52726554e-05 -3.31773081e-06  9.84962340e-09 
 3.68060367e-05  2.00024789e-01  1.99636041e-01  1.99869143e-01 -1.52605011e-05 -2.93014458e-06  9.47809136e-09 
 3.68066085e-05  2.00024134e-01  1.99617617e-01  1.99817353e-01 -1.52667735e-05 -2.34142266e-06  8.67499027e-09 
 3.68075300e-05  2.00023614e-01  1.99597732e-01  1.99748986e-01 -1.52594822e-05 -1.62724805e-06  7.25365473e-09 
 3.68093729e-05  2.00022494e-01  1.99587712e-01  1.99659437e-01 -1.52658307e-05 -7.65966198e-07  4.61984564e-09 
 3.68130588e-05  2.00021607e-01  1.99649078e-01  1.99616133e-01 -1.52589528e-05 -1.24796660e-07  1.37889148e-09 
 3.68193475e-05  2.00020972e-01  1.99875256e-01  1.99767713e-01 -1.52663741e-05  1.29398880e-08 -8.97636804e-12 
 3.68261340e-05  2.00021307e-01  2.00155809e-01  2.00041584e-01 -1.52593647e-05 -1.50832262e-09  1.73106878e-10 
 3.68345845e-05  2.00021642e-01  2.00438334e-01  2.00350036e-01 -1.52655379e-05  6.69830739e-10  1.85187145e-10 
 3.68448088e-05  2.00022354e-01  2.00638650e-01  2.00589698e-01 -1.52577601e-05 -1.83465771e-11  1.09947736e-10 
 3.68607791e-05  2.00022706e-01  2.00706211e-01  2.00700430e-01 -1.52643456e-05  6.95754463e-11  1.41389116e-11 
 3.68847596e-05  2.00022935e-01  2.00567927e-01  2.00578969e-01 -1.52578609e-05 -1.07108191e-10 -4.00240536e-11 
 3.69171276e-05  2.00022507e-01  2.00422219e-01  2.00416262e-01 -1.52652408e-05  1.77450515e-11 -1.41710243e-11 
 3.69524914e-05  2.00022568e-01  2.00458606e-01  2.00441020e-01 -1.52580417e-05 -3.68221729e-12  1.49165716e-11 
 3.70009586e-05  2.00022547e-01  2.00546458e-01  2.00534366e-01 -1.52648144e-05  2.52718146e-11  6.42455463e-12 
 3.70755960e-05  2.00022755e-01  2.00558121e-01  2.00549168e-01 -1.52579795e-05 -2.03955891e-11 -1.72826044e-12 
 3.71656292e-05  2.00022610e-01  2.00578260e-01  2.00566211e-01 -1.52649309e-05  1.96880990e-11  4.55389242e-12 
 3.72656292e-05  2.00022835e-01  2.00607513e-01  2.00597919e-01 -1.52579326e-05 -1.43396224e-11  8.05785885e-13 
 3.73656292e-05  2.00022704e-01  2.00606264e-01  2.00595900e-01 -1.52649484e-05  1.16498824e-11  8.18039484e-13 
 3.74656292e-05  2.00022894e-01  2.00618549e-01  2.00608236e-01 -1.52579413e-05 -9.46676093e-12  2.30488220e-12 
 3.75656292e-05  2.00022780e-01  2.00619649e-01  2.00609822e-01 -1.52649366e-05  7.70809198e-12 -6.82516110e-14 
 3.76656292e-05  2.00022957e-01  2.00621067e-01  2.00610785e-01 -1.52579532e-05 -7.37288073e-12  2.07980031e-12 
 3.77656292e-05  2.00022843e-01  2.00623843e-01  2.00613907e-01 -1.52649310e-05  6.04439047e-12  2.65811841e-13 
 3.78656292e-05  2.00023023e-01  2.00622956e-01  2.00612882e-01 -1.52579547e-05 -6.14445127e-12  1.64121380e-12 
 3.79656292e-05  2.00022904e-01  2.00624360e-01  2.00614302e-01 -1.52649329e-05  4.73103089e-12  4.84131615e-13 
 3.80656292e-05  2.00023086e-01  2.00624223e-01  2.00614224e-01 -1.52579518e-05 -4.84043079e-12  1.54844448e-12 
 3.81656292e-05  2.00022966e-01  2.00624355e-01  2.00614290e-01 -1.52649358e-05  3.37951737e-12  4.42295614e-13 
 3.82656292e-05  2.00023148e-01  2.00624668e-01  2.00614654e-01 -1.52579496e-05 -3.56023262e-12  1.62520144e-12 
 3.83656292e-05  2.00023029e-01  2.00624523e-01  2.00614484e-01 -1.52649373e-05  2.19099999e-12  3.56531916e-13 
 3.84656292e-05  2.00023210e-01  2.00624727e-01  2.00614694e-01 -1.52579486e-05 -2.50535768e-12  1.68518194e-12 
 3.85656292e-05  2.00023091e-01  2.00624709e-01  2.00614681e-01 -1.52649382e-05  1.25838315e-12  3.18921105e-13 
 3.86656292e-05  2.00023272e-01  2.00624751e-01  2.00614715e-01 -1.52579477e-05 -1.68615469e-12  1.70276488e-12 
 3.87328146e-05  2.00023143e-01  2.00624802e-01  2.00614772e-01 -1.52649394e-05  3.74041293e-13  3.08620208e-13 
 3.88000000e-05  2.00023314e-01  2.00624799e-01  2.00614768e-01 -1.52579461e-05 -7.57895049e-13  1.71226927e-12 
 3.88000650e-05  2.00002974e-01  2.00580596e-01  2.00613647e-01 -1.75816023e-05 -6.42939459e-09 -3.04804409e-09 
 3.88001951e-05  1.99981964e-01  2.00524336e-01  2.00610037e-01 -1.89452440e-05 -1.54768676e-08 -8.47853507e-09 
 3.88004106e-05  1.99955631e-01  2.00506635e-01  2.00601393e-01 -1.93964044e-05 -2.31986759e-08 -1.61051691e-08 
 3.88006381e-05  1.99925556e-01  2.00524721e-01  2.00593061e-01 -1.95556324e-05 -2.99562106e-08 -2.33687879e-08 
 3.88008934e-05  1.99894716e-01  2.00554057e-01  2.00586870e-01 -1.97840163e-05 -3.61509638e-08 -3.07541051e-08 
 3.88012567e-05  1.99852336e-01  2.00601298e-01  2.00584267e-01 -2.13946744e-05 -3.80073171e-08 -3.99290905e-08 
 3.88014815e-05  1.99832977e-01  2.00635708e-01  2.00586350e-01 -2.40932065e-05 -2.87732289e-08 -4.47071923e-08 
 3.88016591e-05  1.99821491e-01  2.00665640e-01  2.00590075e-01 -2.78892246e-05 -9.10916174e-09 -4.78968472e-08 
 3.88018364e-05  1.99816986e-01  2.00699753e-01  2.00595731e-01 -3.32272217e-05  2.73047288e-08 -5.04461400e-08 
 3.88019992e-05  1.99815797e-01  2.00734004e-01  2.00602741e-01 -3.96335734e-05  8.18141788e-08 -5.21399279e-08 
 3.88021360e-05  1.99817783e-01  2.00766391e-01  2.00610060e-01 -4.59134296e-05  1.49906420e-07 -5.29363875e-08 
 3.88022492e-05  1.99818321e-01  2.00795669e-01  2.00617188e-01 -5.17032079e-05  2.28308851e-07 -5.30413901e-08 
 3.88023457e-05  1.99817859e-01  2.00823527e-01  2.00624089e-01 -5.68415398e-05  3.17285577e-07 -5.25873480e-08 
 3.88024308e-05  1.99813932e-01  2.00850722e-01  2.00630890e-01 -6.14973519e-05  4.19403298e-07 -5.16410539e-08 
 3.88025096e-05  1.99806900e-01  2.00879036e-01  2.00637837e-01 -6.56944716e-05  5.40332700e-07 -5.01543700e-08 
 3.88025896e-05  1.99795083e-01  2.00911484e-01  2.00645629e-01 -6.98112988e-05  6.96721455e-07 -4.78867691e-08 
 3.88026792e-05  1.99780572e-01  2.00952357e-01  2.00655351e-01 -7.41576207e-05  9.17724459e-07 -4.43190437e-08 
 3.88027799e-05  1.99767232e-01  2.01001762e-01  2.00667665e-01 -7.89109622e-05  1.22367604e-06 -3.90830142e-08 
 3.88028837e-05  1.99759095e-01  2.01053004e-01  2.00681879e-01 -8.37034457e-05  1.59518858e-06 -3.25738038e-08 
 3.88030006e-05  1.99756022e-01  2.01108270e-01  2.00699651e-01 -8.90660153e-05  2.07183613e-06 -2.41867763e-08 
 3.88031323e-05  1.99759335e-01  2.01165554e-01  2.00721580e-01 -9.48841759e-05  2.66722167e-06 -1.37529654e-08 
 3.88032751e-05  1.99768825e-01  2.01220801e-01  2.00747203e-01 -1.00660392e-04  3.36499903e-06 -1.63114766e-09 
 3.88034305e-05  1.99784206e-01  2.01271739e-01  2.00776693e-01 -1.05539777e-04  4.16272851e-06  1.20457978e-08 
 3.88035463e-05  1.99797370e-01  2.01301193e-01  2.00799307e-01 -1.06832649e-04  4.76136449e-06  2.21026527e-08 
 3.88036168e-05  1.99805186e-01  2.01312798e-01  2.00813157e-01 -1.04616388e-04  5.11274040e-06  2.78211508e-08 
 3.88036715e-05  1.99810317e-01  2.01315516e-01  2.00823779e-01 -1.00169747e-04  5.36477919e-06  3.17159449e-08 
 3.88037306e-05  1.99814583e-01  2.01309757e-01  2.00834956e-01 -9.29603995e-05  5.60418106e-06  3.50894023e-08 
 3.88038020e-05  1.99817720e-01  2.01290525e-01  2.00847776e-01 -8.21851215e-05  5.83623447e-06  3.77787314e-08 
 3.88038792e-05  1.99818727e-01  2.01257756e-01  2.00860442e-01 -6.97198041e-05  6.00987510e-06  3.89286925e-08 
 3.88039827e-05  1.99816639e-01  2.01204113e-01  2.00875056e-01 -5.43168829e-05  6.12152149e-06  3.79491755e-08 
 3.88040732e-05  1.99812293e-01  2.01156706e-01  2.00885558e-01 -4.35985516e-05  6.12150284e-06  3.52570227e-08 
 3.88041555e-05  1.99806891e-01  2.01119237e-01  2.00893405e-01 -3.63427391e-05  6.06127482e-06  3.18480745e-08 
 3.88042450e-05  1.99799941e-01  2.01087452e-01  2.00900439e-01 -3.07611568e-05  5.95000196e-06  2.75538781e-08 
 3.88043406e-05  1.99791715e-01  2.01064327e-01  2.00906646e-01 -2.68554189e-05  5.79677168e-06  2.26650946e-08 
 3.88044407e-05  1.99782545e-01  2.01050822e-01  2.00912175e-01 -2.43477978e-05  5.61429441e-06  1.74869554e-08 
 3.88045507e-05  1.99772092e-01  2.01045950e-01  2.00917607e-01 -2.27624668e-05  5.40148144e-06  1.19150171e-08 
 3.88046739e-05  1.99760130e-01  2.01049321e-01  2.00923376e-01 -2.18344945e-05  5.15941198e-06  5.93942368e-09 
 3.88048183e-05  1.99745953e-01  2.01060847e-01  2.00930207e-01 -2.13287993e-05  4.88006552e-06 -6.61660959e-10 
 3.88049091e-05  1.99736988e-01  2.01070807e-01  2.00934689e-01 -2.11859542e-05  4.70929528e-06 -4.59018623e-09 
 3.88050000e-05  1.99728022e-01  2.01082022e-01  2.00939389e-01 -2.11007290e-05  4.54338062e-06 -8.35436082e-09 
 3.88050016e-05  1.99730054e-01  2.01084279e-01  2.00939477e-01 -2.01720039e-05  4.54068366e-06 -8.32125032e-09 
 3.88050049e-05  1.99733332e-01  2.01088593e-01  2.00939656e-01 -1.97365024e-05  4.53531354e-06 -8.25967669e-09 
 3.88050114e-05  1.99736336e-01  2.01096348e-01  2.00940029e-01 -1.93319403e-05  4.52463410e-06 -8.16313253e-09 
 3.88050213e-05  1.99737257e-01  2.01106322e-01  2.00940623e-01 -1.90494280e-05  4.50851270e-06 -8.05919612e-09 
 3.88050382e-05  1.99737510e-01  2.01121226e-01  2.00941720e-01 -1.85184321e-05  4.48083900e-06 -7.91640780e-09 
 3.88050719e-05  1.99737653e-01  2.01147354e-01  2.00944166e-01 -1.77527777e-05  4.42540919e-06 -7.70034809e-09 
 3.88051393e-05  1.99737857e-01  2.01187938e-01  2.00949849e-01 -1.66496977e-05  4.31484034e-06 -7.45255228e-09 
 3.88052743e-05  1.99738012e-01  2.01235639e-01  2.00963085e-01 -1.56951895e-05  4.09793413e-06 -7.31858128e-09 
 3.88055127e-05  1.99738340e-01  2.01269467e-01  2.00988526e-01 -1.52675760e-05  3.73566918e-06 -7.39249448e-09 
 3.88057593e-05  1.99738601e-01  2.01284256e-01  2.01014681e-01 -1.52851195e-05  3.39282944e-06 -7.44260839e-09 
 3.88061311e-05  1.99739039e-01  2.01301860e-01  2.01051828e-01 -1.52479239e-05  2.93351930e-06 -7.35164589e-09 
 3.88066430e-05  1.99739530e-01  2.01322023e-01  2.01098270e-01 -1.52779256e-05  2.40036056e-06 -7.02893949e-09 
 3.88076666e-05  1.99740468e-01  2.01350899e-01  2.01175809e-01 -1.52450724e-05  1.60054925e-06 -6.03645634e-09 
 3.88097140e-05  1.99741833e-01  2.01370088e-01  2.01277269e-01 -1.52736658e-05  6.86293916e-07 -3.81689999e-09 
 3.88138086e-05  1.99743461e-01  2.01302907e-01  2.01321538e-01 -1.52402977e-05  7.64191007e-08 -9.60706304e-10 
 3.88199782e-05  1.99744157e-01  2.01069730e-01  2.01161044e-01 -1.52697153e-05 -7.28060582e-09  1.34375562e-12 
 3.88279187e-05  1.99743916e-01  2.00730758e-01  2.00828649e-01 -1.52383853e-05  1.23571511e-09 -1.98070171e-10 
 3.88362690e-05  1.99743238e-01  2.00449737e-01  2.00517868e-01 -1.52696992e-05 -6.00313242e-10 -1.83272404e-10 
 3.88475045e-05  1.99742513e-01  2.00244373e-01  2.00267584e-01 -1.52393388e-05  2.77529551e-11 -9.73813480e-11 
 3.88629106e-05  1.99741946e-01  2.00206067e-01  2.00188500e-01 -1.52702555e-05 -5.52515106e-11 -5.27122768e-12 
 3.88895373e-05  1.99741968e-01  2.00377972e-01  2.00345947e-01 -1.52386518e-05  1.09223101e-10  4.63834430e-11 
 3.89192771e-05  1.99742302e-01  2.00512470e-01  2.00498761e-01 -1.52691702e-05 -1.91548648e-11  1.47809285e-11 
 3.89576142e-05  1.99742439e-01  2.00472096e-01  2.00469564e-01 -1.52385526e-05  3.04915750e-12 -1.28424518e-11 
 3.90000000e-05  1.99742279e-01  2.00400432e-01  2.00392063e-01 -1.52696004e-05 -2.47766662e-11 -4.16377767e-12 
 3.90000208e-05  1.99747834e-01  2.00413852e-01  2.00392160e-01 -1.38786529e-05  1.36065539e-09  4.86379916e-09 
 3.90000624e-05  1.99751113e-01  2.00435000e-01  2.00392527e-01 -1.32372834e-05  3.89983582e-09  1.46134820e-08 
 3.90001342e-05  1.99751544e-01  2.00458925e-01  2.00393786e-01 -1.28488169e-05  7.47570392e-09  3.09379345e-08 
 3.90002087e-05  1.99754365e-01  2.00475000e-01  2.00395639e-01 -1.24880348e-05  1.05577302e-08  4.71922026e-08 
 3.90003575e-05  1.99757186e-01  2.00487670e-01  2.00400014e-01 -1.23708459e-05  1.59319034e-08  7.81628934e-08 
 3.90006552e-05  1.99765123e-01  2.00485539e-01  2.00408620e-01 -1.22376234e-05  2.54900153e-08  1.34785024e-07 
 3.90010726e-05  1.99774573e-01  2.00467083e-01  2.00417505e-01 -1.23413055e-05  3.73499471e-08  2.04260387e-07 
 3.90016986e-05  1.99796870e-01  2.00435788e-01  2.00422827e-01 -1.34970890e-05  5.08886576e-08  2.91316074e-07 
 3.90018449e-05  1.99808387e-01  2.00426854e-01  2.00422740e-01 -1.46662680e-05  5.23779214e-08  3.09001185e-07 
 3.90019947e-05  1.99829637e-01  2.00415678e-01  2.00422071e-01 -1.70359856e-05  5.15981116e-08  3.25228886e-07 
 3.90021237e-05  1.99855566e-01  2.00403730e-01  2.00420945e-01 -2.05059672e-05  4.84740624e-08  3.37039668e-07 
 3.90022514e-05  1.99890839e-01  2.00389666e-01  2.00419238e-01 -2.51118915e-05  4.24971423e-08  3.45964864e-07 
 3.90023814e-05  1.99933802e-01  2.00372157e-01  2.00416787e-01 -3.09018768e-05  3.29155109e-08  3.51323689e-07 
 3.90025068e-05  1.99981317e-01  2.00351699e-01  2.00413614e-01 -3.66707781e-05  1.97672406e-08  3.51920601e-07 
 3.90026208e-05  2.00026318e-01  2.00328615e-01  2.00409890e-01 -4.13371338e-05  3.71921349e-09  3.47505544e-07 
 3.90027289e-05  2.00069324e-01  2.00301698e-01  2.00405459e-01 -4.44381715e-05 -1.57889109e-08  3.37916190e-07 
 3.90028481e-05  2.00114635e-01  2.00267336e-01  2.00399360e-01 -4.73982026e-05 -4.17229882e-08  3.20631210e-07 
 3.90029792e-05  2.00161359e-01  2.00229047e-01  2.00391122e-01 -5.10895836e-05 -7.32101038e-08  2.94014877e-07 
 3.90031154e-05  2.00204619e-01  2.00193924e-01  2.00381062e-01 -5.53138089e-05 -1.06532748e-07  2.59276975e-07 
 3.90032556e-05  2.00242638e-01  2.00165032e-01  2.00369522e-01 -5.95815307e-05 -1.39642720e-07  2.17583601e-07 
 3.90033834e-05  2.00269052e-01  2.00146164e-01  2.00358357e-01 -6.32347339e-05 -1.67577927e-07  1.75744761e-07 
 3.90034654e-05  2.00279080e-01  2.00138502e-01  2.00351064e-01 -6.51843330e-05 -1.83563473e-07  1.47747616e-07 
 3.90035085e-05  2.00279621e-01  2.00136292e-01  2.00347236e-01 -6.60127894e-05 -1.90916661e-07  1.32941400e-07 
 3.90035476e-05  2.00273833e-01  2.00135887e-01  2.00343811e-01 -6.64265124e-05 -1.96360225e-07  1.19781327e-07 
 3.90035751e-05  2.00262538e-01  2.00136967e-01  2.00341432e-01 -6.64199527e-05 -1.99008473e-07  1.10850044e-07 
 3.90036015e-05  2.00241918e-01  2.00139702e-01  2.00339191e-01 -6.59625556e-05 -1.99950280e-07  1.02817366e-07 
 3.90036300e-05  2.00207104e-01  2.00145762e-01  2.00336850e-01 -6.48480868e-05 -1.98392871e-07  9.51389879e-08 
 3.90036652e-05  2.00150457e-01  2.00159646e-01  2.00334133e-01 -6.25155700e-05 -1.91977921e-07  8.75760913e-08 
 3.90036998e-05  2.00088490e-01  2.00180965e-01  2.00331749e-01 -5.93598042e-05 -1.80857105e-07  8.25284822e-08 
 3.90037487e-05  2.00002608e-01  2.00222000e-01  2.00329029e-01 -5.38807635e-05 -1.58488919e-07  7.93681575e-08 
 3.90037832e-05  1.99948900e-01  2.00256011e-01  2.00327659e-01 -4.96477548e-05 -1.39500819e-07  7.97111114e-08 
 3.90038179e-05  1.99902902e-01  2.00291738e-01  2.00326778e-01 -4.53471877e-05 -1.19161076e-07  8.18186013e-08 
 3.90038580e-05  1.99859942e-01  2.00331904e-01  2.00326381e-01 -4.05980618e-05 -9.56863272e-08  8.59647267e-08 
 3.90039040e-05  1.99822713e-01  2.00374289e-01  2.00326686e-01 -3.56180874e-05 -7.00652204e-08  9.24060586e-08 
 3.90039490e-05  1.99796682e-01  2.00410107e-01  2.00327675e-01 -3.13816969e-05 -4.74881281e-08  9.98606119e-08 
 3.90039991e-05  1.99776684e-01  2.00442908e-01  2.00329439e-01 -2.74279639e-05 -2.57450658e-08  1.08985650e-07 
 3.90040519e-05  1.99762937e-01  2.00469709e-01  2.00331880e-01 -2.40946094e-05 -6.83927075e-09  1.19068914e-07 
 3.90041140e-05  1.99753082e-01  2.00492728e-01  2.00335300e-01 -2.11075146e-05  1.06970353e-08  1.31168127e-07 
 3.90041833e-05  1.99747116e-01  2.00510047e-01  2.00339563e-01 -1.87288186e-05  2.52528921e-08  1.44619309e-07 
 3.90042680e-05  1.99743895e-01  2.00523164e-01  2.00345127e-01 -1.68090445e-05  3.77146981e-08  1.60760106e-07 
 3.90043681e-05  1.99743107e-01  2.00531858e-01  2.00351899e-01 -1.54598721e-05  4.73077708e-08  1.79244944e-07 
 3.90044981e-05  1.99744320e-01  2.00537810e-01  2.00360657e-01 -1.45605164e-05  5.48710123e-08  2.02176935e-07 
 3.90046649e-05  1.99747353e-01  2.00542161e-01  2.00371592e-01 -1.40793980e-05  6.05261292e-08  2.30021236e-07 
 3.90048325e-05  1.99750999e-01  2.00545517e-01  2.00382112e-01 -1.39118274e-05  6.41713359e-08  2.56365282e-07 
 3.90050000e-05  1.99754818e-01  2.00548694e-01  2.00392161e-01 -1.38488584e-05  6.70128986e-08  2.81313372e-07 
 3.90050042e-05  1.99751874e-01  2.00545291e-01  2.00392401e-01 -1.47597901e-05  6.67843703e-08  2.80861063e-07 
 3.90050126e-05  1.99748005e-01  2.00539191e-01  2.00392870e-01 -1.50932089e-05  6.63424729e-08  2.79727884e-07 
 3.90050294e-05  1.99746309e-01  2.00529846e-01  2.00393752e-01 -1.50854269e-05  6.55555283e-08  2.77075033e-07 
 3.90050584e-05  1.99745202e-01  2.00517078e-01  2.00395134e-01 -1.51893916e-05  6.43952719e-08  2.72692666e-07 
 3.90051102e-05  1.99743657e-01  2.00498921e-01  2.00397242e-01 -1.52276534e-05  6.26950273e-08  2.65109513e-07 
 3.90052137e-05  1.99742741e-01  2.00477213e-01  2.00400520e-01 -1.52787859e-05  5.99595385e-08  2.50802515e-07 
 3.90053599e-05  1.99742268e-01  2.00467247e-01  2.00404024e-01 -1.52571153e-05  5.66089804e-08  2.32104710e-07 
 3.90055620e-05  1.99742170e-01  2.00470432e-01  2.00408283e-01 -1.52633011e-05  5.22900420e-08  2.08753876e-07 
 3.90059025e-05  1.99741693e-01  2.00487170e-01  2.00415997e-01 -1.52479997e-05  4.56911680e-08  1.75006885e-07 
 3.90065835e-05  1.99741231e-01  2.00527432e-01  2.00435483e-01 -1.52593041e-05  3.48507655e-08  1.24028467e-07 
 3.90079454e-05  1.99740285e-01  2.00614012e-01  2.00489094e-01 -1.52465976e-05  2.01267681e-08  6.46061440e-08 
 3.90106692e-05  1.99739631e-01  2.00800040e-01  2.00635730e-01 -1.52576198e-05  6.24545305e-09  2.21125767e-08 
 3.90161169e-05  1.99739534e-01  2.01155168e-01  2.00981782e-01 -1.52471190e-05  1.56073737e-10  9.88452963e-09 
 3.90230212e-05  1.99740652e-01  2.01480799e-01  2.01360097e-01 -1.52603983e-05  3.50801901e-10  6.85424216e-09 
 3.90308274e-05  1.99741638e-01  2.01631682e-01  2.01586939e-01 -1.52505533e-05  1.21938399e-10  3.57041161e-09 
 3.90405466e-05  1.99742581e-01  2.01556153e-01  2.01582844e-01 -1.52635504e-05 -7.54543158e-11  1.93454351e-09 
 3.90550358e-05  1.99742634e-01  2.01174313e-01  2.01244305e-01 -1.52543437e-05 -2.21797378e-10  4.57523180e-10 
 3.90768943e-05  1.99741933e-01  2.00593987e-01  2.00641735e-01 -1.52677026e-05 -1.70122365e-10 -1.59241078e-10 
 3.90975855e-05  1.99741031e-01  2.00344247e-01  2.00347541e-01 -1.52567572e-05 -4.66276915e-11 -2.41523985e-10 
 3.91250380e-05  1.99740864e-01  2.00365300e-01  2.00342829e-01 -1.52674838e-05  3.50721782e-11 -2.34315255e-11 
 3.91576798e-05  1.99740943e-01  2.00475542e-01  2.00460021e-01 -1.52556686e-05  1.62438420e-11  3.56753885e-11 
 3.92003238e-05  1.99741199e-01  2.00466664e-01  2.00461917e-01 -1.52670474e-05 -1.38484703e-11  2.62095099e-11 
 3.92545381e-05  1.99740976e-01  2.00397523e-01  2.00388957e-01 -1.52559234e-05 -6.00095342e-12 -2.98698036e-11 
 3.93543537e-05  1.99741080e-01  2.00387577e-01  2.00376718e-01 -1.52670871e-05  3.41680677e-12  2.60231387e-11 
 3.94543537e-05  1.99740989e-01  2.00369820e-01  2.00361408e-01 -1.52558483e-05 -6.02973661e-12 -1.28177153e-11 
 3.95543537e-05  1.99741084e-01  2.00352744e-01  2.00342087e-01 -1.52671276e-05  2.37225322e-12  1.43349328e-11 
 3.96543537e-05  1.99740995e-01  2.00355869e-01  2.00346282e-01 -1.52558291e-05 -2.47417473e-12 -4.71212538e-12 
 3.97543537e-05  1.99741119e-01  2.00346297e-01  2.00336347e-01 -1.52671239e-05  2.57365526e-13  1.17651817e-11 
 3.98543537e-05  1.99741012e-01  2.00347398e-01  2.00337268e-01 -1.52558398e-05 -9.50692216e-13 -4.38755808e-12 
 3.99543537e-05  1.99741151e-01  2.00345908e-01  2.00336064e-01 -1.52671107e-05 -6.99939239e-15  1.27480006e-11 
 4.00543537e-05  1.99741041e-01  2.00344336e-01  2.00334238e-01 -1.52558494e-05 -1.08231306e-12 -5.04037177e-12 
 4.01543537e-05  1.99741180e-01  2.00345233e-01  2.00335248e-01 -1.52671045e-05  4.12680523e-13  1.29019224e-11 
 4.02543537e-05  1.99741073e-01  2.00344052e-01  2.00334063e-01 -1.52558526e-05 -1.39353524e-12 -4.54890341e-12 
 4.03543537e-05  1.99741209e-01  2.00344472e-01  2.00334410e-01 -1.52671027e-05  6.14661967e-13  1.20907096e-11 
 4.04543537e-05  1.99741104e-01  2.00344257e-01  2.00334292e-01 -1.52558540e-05 -1.44051047e-12 -3.60695593e-12 
 4.05543537e-05  1.99741240e-01  2.00344178e-01  2.00334118e-01 -1.52671009e-05  5.88278558e-13  1.12172489e-11 
 4.06543537e-05  1.99741135e-01  2.00344282e-01  2.00334298e-01 -1.52558562e-05 -1.37584345e-12 -2.85445544e-12 
 4.07543537e-05  1.99741271e-01  2.00344198e-01  2.00334155e-01 -1.52670982e-05  5.31454004e-13  1.05985695e-11 
 4.08543537e-05  1.99741166e-01  2.00344230e-01  2.00334236e-01 -1.52558592e-05 -1.33609790e-12 -2.33159309e-12 
 4.09271769e-05  1.99741298e-01  2.00344271e-01  2.00334232e-01 -1.52670946e-05  5.12009489e-13  1.00535322e-11 
 4.10000000e-05  1.99741189e-01  2.00344212e-01  2.00334218e-01 -1.52558632e-05 -1.33067884e-12 -1.74956984e-12 
 4.10001027e-05  1.99729377e-01  2.00303638e-01  2.00332617e-01 -1.65904001e-05 -5.18811805e-09 -2.91803046e-08 
 4.10003080e-05  1.99721111e-01  2.00258888e-01  2.00327776e-01 -1.67951373e-05 -1.37665646e-08 -8.55730701e-08 
 4.10005796e-05  1.99715767e-01  2.00255617e-01  2.00319475e-01 -1.68012764e-05 -2.27332377e-08 -1.53308567e-07 
 4.10009175e-05  1.99707833e-01  2.00269138e-01  2.00310980e-01 -1.71950322e-05 -3.29095672e-08 -2.28418185e-07 
 4.10012501e-05  1.99704715e-01  2.00285735e-01  2.00305545e-01 -1.85783644e-05 -4.11831542e-08 -2.93131109e-07 
 4.10014756e-05  1.99706630e-01  2.00299333e-01  2.00303558e-01 -2.12075518e-05 -4.55118246e-08 -3.31529070e-07 
 4.10016520e-05  1.99713739e-01  2.00312665e-01  2.00303041e-01 -2.47062539e-05 -4.78199545e-08 -3.58067341e-07 
 4.10018276e-05  1.99724832e-01  2.00327791e-01  2.00303528e-01 -2.97473012e-05 -4.90059781e-08 -3.80944903e-07 
 4.10019901e-05  1.99739379e-01  2.00344620e-01  2.00304955e-01 -3.56979778e-05 -4.88085973e-08 -3.98596590e-07 
 4.10021269e-05  1.99752414e-01  2.00360679e-01  2.00306962e-01 -4.16021614e-05 -4.72529804e-08 -4.10330313e-07 
 4.10022401e-05  1.99762976e-01  2.00376247e-01  2.00309242e-01 -4.68849546e-05 -4.45124494e-08 -4.17466527e-07 
 4.10023364e-05  1.99769435e-01  2.00391279e-01  2.00311678e-01 -5.15459300e-05 -4.06423755e-08 -4.21221601e-07 
 4.10024212e-05  1.99772139e-01  2.00406724e-01  2.00314256e-01 -5.55727466e-05 -3.55277125e-08 -4.22365035e-07 
 4.10024991e-05  1.99770036e-01  2.00423146e-01  2.00317038e-01 -5.90779512e-05 -2.88737738e-08 -4.21124184e-07 
 4.10025771e-05  1.99763168e-01  2.00442447e-01  2.00320287e-01 -6.22038120e-05 -1.98168437e-08 -4.17210163e-07 
 4.10026656e-05  1.99752020e-01  2.00467735e-01  2.00324630e-01 -6.53064893e-05 -6.60421017e-09 -4.09050440e-07 
 4.10027605e-05  1.99741435e-01  2.00497054e-01  2.00330133e-01 -6.82648746e-05  9.94570408e-09 -3.95974460e-07 
 4.10028656e-05  1.99733454e-01  2.00528889e-01  2.00337250e-01 -7.14013978e-05  2.93668740e-08 -3.76766741e-07 
 4.10029803e-05  1.99729453e-01  2.00560243e-01  2.00346100e-01 -7.47995248e-05  5.02731659e-08 -3.50996274e-07 
 4.10031103e-05  1.99729708e-01  2.00590120e-01  2.00357204e-01 -7.86512774e-05  7.24979510e-08 -3.16795798e-07 
 4.10032491e-05  1.99734178e-01  2.00614936e-01  2.00369909e-01 -8.25180185e-05  9.39138221e-08 -2.75771722e-07 
 4.10034054e-05  1.99742545e-01  2.00633691e-01  2.00384727e-01 -8.59786872e-05  1.14636342e-07 -2.25782035e-07 
 4.10035195e-05  1.99749840e-01  2.00639816e-01  2.00395527e-01 -8.68499679e-05  1.26599125e-07 -1.88228302e-07 
 4.10035919e-05  1.99754289e-01  2.00638351e-01  2.00402189e-01 -8.51425299e-05  1.31614479e-07 -1.64991794e-07 
 4.10036475e-05  1.99757145e-01  2.00631980e-01  2.00407098e-01 -8.13972004e-05  1.32813957e-07 -1.48332782e-07 
 4.10037049e-05  1.99759254e-01  2.00618239e-01  2.00411820e-01 -7.53735136e-05  1.30437566e-07 -1.33192262e-07 
 4.10037796e-05  1.99760766e-01  2.00588663e-01  2.00417165e-01 -6.55542506e-05  1.21271930e-07 -1.17694754e-07 
 4.10038509e-05  1.99761097e-01  2.00550491e-01  2.00421167e-01 -5.56066618e-05  1.06891135e-07 -1.07830803e-07 
 4.10039506e-05  1.99760202e-01  2.00489164e-01  2.00424635e-01 -4.29000033e-05  8.09209959e-08 -1.01914925e-07 
 4.10040618e-05  1.99758062e-01  2.00421626e-01  2.00425537e-01 -3.22648932e-05  4.93514802e-08 -1.04482241e-07 
 4.10041479e-05  1.99756000e-01  2.00376323e-01  2.00424298e-01 -2.68083492e-05  2.63484940e-08 -1.11461991e-07 
 4.10042329e-05  1.99753837e-01  2.00340305e-01  2.00421758e-01 -2.32961067e-05  6.69474182e-09 -1.21140293e-07 
 4.10043297e-05  1.99751328e-01  2.00309400e-01  2.00417696e-01 -2.08562799e-05 -1.14941306e-08 -1.34258156e-07 
 4.10044276e-05  1.99748805e-01  2.00287388e-01  2.00412727e-01 -1.95184886e-05 -2.56073204e-08 -1.48787430e-07 
 4.10045399e-05  1.99745953e-01  2.00270642e-01  2.00406413e-01 -1.87463065e-05 -3.74175202e-08 -1.66060579e-07 
 4.10046611e-05  1.99742930e-01  2.00259422e-01  2.00399252e-01 -1.84071618e-05 -4.62647715e-08 -1.84722503e-07 
 4.10048075e-05  1.99739331e-01  2.00251386e-01  2.00390492e-01 -1.82662724e-05 -5.34331164e-08 -2.06737061e-07 
 4.10049038e-05  1.99736994e-01  2.00248062e-01  2.00384798e-01 -1.82551761e-05 -5.67549939e-08 -2.20707149e-07 
 4.10050000e-05  1.99734671e-01  2.00245551e-01  2.00379208e-01 -1.82487456e-05 -5.94179326e-08 -2.34225325e-07 
 4.10050015e-05  1.99735916e-01  2.00246858e-01  2.00379123e-01 -1.74920534e-05 -5.93484624e-08 -2.34104424e-07 
 4.10050045e-05  1.99738035e-01  2.00249360e-01  2.00378953e-01 -1.71829226e-05 -5.92073953e-08 -2.33840162e-07 
 4.10050105e-05  1.99740229e-01  2.00253817e-01  2.00378622e-01 -1.68890626e-05 -5.89241590e-08 -2.33237563e-07 
 4.10050195e-05  1.99740977e-01  2.00259238e-01  2.00378150e-01 -1.67898382e-05 -5.85322170e-08 -2.32321041e-07 
 4.10050335e-05  1.99741152e-01  2.00266303e-01  2.00377447e-01 -1.65712171e-05 -5.79684793e-08 -2.30915968e-07 
 4.10050616e-05  1.99741205e-01  2.00278495e-01  2.00376161e-01 -1.62937318e-05 -5.69705752e-08 -2.28165955e-07 
 4.10051178e-05  1.99741301e-01  2.00297580e-01  2.00373979e-01 -1.58452907e-05 -5.53448433e-08 -2.22873720e-07 
 4.10052302e-05  1.99741369e-01  2.00319297e-01  2.00370657e-01 -1.54542890e-05 -5.28656605e-08 -2.12908046e-07 
 4.10054550e-05  1.99741562e-01  2.00327862e-01  2.00365744e-01 -1.52383689e-05 -4.88134274e-08 -1.94700511e-07 
 4.10057418e-05  1.99741783e-01  2.00316317e-01  2.00359921e-01 -1.52745179e-05 -4.39080108e-08 -1.73922816e-07 
 4.10061478e-05  1.99742112e-01  2.00294578e-01  2.00350235e-01 -1.52546771e-05 -3.74439785e-08 -1.48253045e-07 
 4.10067530e-05  1.99742503e-01  2.00259786e-01  2.00332297e-01 -1.52779295e-05 -2.94539643e-08 -1.16774548e-07 
 4.10079634e-05  1.99743146e-01  2.00184465e-01  2.00285448e-01 -1.52556011e-05 -1.81373338e-08 -7.19522558e-08 
 4.10103842e-05  1.99743837e-01  2.00020416e-01  2.00159514e-01 -1.52785311e-05 -6.55900219e-09 -2.56534353e-08 
 4.10152259e-05  1.99744032e-01  1.99693495e-01  1.99851984e-01 -1.52540831e-05 -4.93892702e-10 -8.40812913e-10 
 4.10229662e-05  1.99743029e-01  1.99302013e-01  1.99409434e-01 -1.52739649e-05 -3.08408843e-10 -1.33223826e-10 
 4.10306225e-05  1.99741931e-01  1.99135222e-01  1.99166514e-01 -1.52489505e-05 -1.57804775e-10 -1.96940940e-10 
 4.10407012e-05  1.99741040e-01  1.99195765e-01  1.99151838e-01 -1.52696979e-05  7.09222524e-11  8.46848980e-12 
 4.10536315e-05  1.99740853e-01  1.99520479e-01  1.99434986e-01 -1.52446160e-05  2.02402494e-10  1.17696756e-10 
 4.10731553e-05  1.99741497e-01  2.00051779e-01  1.99978188e-01 -1.52652767e-05  1.86630869e-10  1.40170123e-10 
 4.10941221e-05  1.99742348e-01  2.00358694e-01  2.00328686e-01 -1.52417161e-05  6.32470831e-11  5.66115546e-11 
 4.11204637e-05  1.99742729e-01  2.00377590e-01  2.00378170e-01 -1.52650122e-05 -2.76519079e-11 -1.23440299e-11 
 4.11517604e-05  1.99742607e-01  2.00262073e-01  2.00260293e-01 -1.52427362e-05 -2.61677854e-11 -2.01154157e-11 
 4.11758802e-05  1.99742455e-01  2.00235519e-01  2.00224661e-01 -1.52656311e-05  1.10807956e-12  3.72088265e-13 
 4.12000000e-05  1.99742462e-01  2.00260525e-01  2.00246775e-01 -1.52426615e-05  9.48175132e-12  7.08061290e-12 
 4.12000130e-05  1.99750246e-01  2.00273644e-01  2.00246862e-01 -1.36332314e-05  1.96980596e-09  7.13816786e-10 
 4.12000389e-05  1.99756868e-01  2.00295439e-01  2.00247147e-01 -1.26386978e-05  5.69869014e-09  2.01915361e-09 
 4.12000908e-05  1.99760408e-01  2.00326330e-01  2.00248251e-01 -1.16613932e-05  1.17456942e-08  4.35356565e-09 
 4.12001418e-05  1.99766737e-01  2.00348374e-01  2.00249846e-01 -1.08420371e-05  1.62781459e-08  6.48281444e-09 
 4.12002436e-05  1.99776078e-01  2.00371629e-01  2.00253845e-01 -1.01688239e-05  2.29961212e-08  1.03826832e-08 
 4.12004474e-05  1.99797186e-01  2.00376450e-01  2.00262473e-01 -9.60482307e-06  3.18866569e-08  1.74381176e-08 
 4.12007052e-05  1.99822315e-01  2.00352966e-01  2.00271518e-01 -9.63869514e-06  3.99579376e-08  2.54580206e-08 
 4.12010536e-05  1.99857924e-01  2.00310759e-01  2.00278075e-01 -9.56891507e-06  4.92578287e-08  3.50977576e-08 
 4.12015416e-05  1.99909232e-01  2.00243084e-01  2.00276089e-01 -1.00514367e-05  5.66259076e-08  4.64639998e-08 
 4.12016449e-05  1.99922707e-01  2.00227543e-01  2.00274031e-01 -1.02407703e-05  5.57309470e-08  4.85501895e-08 
 4.12018517e-05  1.99954873e-01  2.00193732e-01  2.00268200e-01 -1.17669682e-05  3.91576986e-08  5.21330562e-08 
 4.12020045e-05  1.99988813e-01  2.00165807e-01  2.00262363e-01 -1.39892943e-05  3.85044010e-09  5.40815175e-08 
 4.12021340e-05  2.00025714e-01  2.00139046e-01  2.00256306e-01 -1.71048080e-05 -5.44784637e-08  5.49866687e-08 
 4.12022629e-05  2.00071210e-01  2.00108772e-01  2.00249148e-01 -2.11695344e-05 -1.51039696e-07  5.49545057e-08 
 4.12023938e-05  2.00124094e-01  2.00073674e-01  2.00240579e-01 -2.60753129e-05 -3.01866928e-07  5.36930236e-08 
 4.12025194e-05  2.00179358e-01  2.00034688e-01  2.00230954e-01 -3.06005824e-05 -5.11012559e-07  5.10273779e-08 
 4.12026315e-05  2.00229304e-01  1.99994066e-01  2.00221012e-01 -3.36660320e-05 -7.65828392e-07  4.71307486e-08 
 4.12027394e-05  2.00275961e-01  1.99948290e-01  2.00210041e-01 -3.49817377e-05 -1.08619463e-06  4.17296665e-08 
 4.12028576e-05  2.00323317e-01  1.99891847e-01  2.00196185e-01 -3.57301427e-05 -1.53132976e-06  3.38133913e-08 
 4.12029937e-05  2.00371886e-01  1.99824426e-01  2.00177735e-01 -3.68851035e-05 -2.16030933e-06  2.23761377e-08 
 4.12031144e-05  2.00408467e-01  1.99767140e-01  2.00159255e-01 -3.82355843e-05 -2.81029963e-06  1.05160736e-08 
 4.12032383e-05  2.00439006e-01  1.99713022e-01  2.00138507e-01 -3.96960338e-05 -3.55268740e-06 -2.97232072e-09 
 4.12033619e-05  2.00460938e-01  1.99665051e-01  2.00116330e-01 -4.11734851e-05 -4.35427622e-06 -1.74259620e-08 
 4.12034603e-05  2.00469588e-01  1.99632152e-01  2.00097887e-01 -4.21487947e-05 -5.02192869e-06 -2.93492701e-08 
 4.12035124e-05  2.00468099e-01  1.99617271e-01  2.00087934e-01 -4.25257893e-05 -5.37930912e-06 -3.56724781e-08 
 4.12035493e-05  2.00461319e-01  1.99608229e-01  2.00080820e-01 -4.26014521e-05 -5.63047535e-06 -4.00783728e-08 
 4.12035792e-05  2.00448673e-01  1.99602358e-01  2.00075043e-01 -4.24663523e-05 -5.82856425e-06 -4.35166356e-08 
 4.12036060e-05  2.00427738e-01  1.99598814e-01  2.00069880e-01 -4.20490338e-05 -5.99722864e-06 -4.63987448e-08 
 4.12036342e-05  2.00393420e-01  1.99598060e-01  2.00064488e-01 -4.12149737e-05 -6.15975499e-06 -4.90829642e-08 
 4.12036708e-05  2.00333907e-01  1.99604049e-01  2.00057609e-01 -3.94996729e-05 -6.33946884e-06 -5.17908007e-08 
 4.12037044e-05  2.00272172e-01  1.99617824e-01  2.00051501e-01 -3.74049960e-05 -6.46854380e-06 -5.33524422e-08 
 4.12037524e-05  2.00185866e-01  1.99649675e-01  2.00043374e-01 -3.38984523e-05 -6.59092937e-06 -5.40203230e-08 
 4.12037945e-05  2.00119316e-01  1.99686093e-01  2.00036925e-01 -3.06131289e-05 -6.64362726e-06 -5.32693537e-08 
 4.12038311e-05  2.00072037e-01  1.99720575e-01  2.00031937e-01 -2.78312007e-05 -6.65432406e-06 -5.18296085e-08 
 4.12038707e-05  2.00031680e-01  1.99757796e-01  2.00027175e-01 -2.50243133e-05 -6.63689559e-06 -4.96894766e-08 
 4.12039179e-05  1.99997001e-01  1.99798788e-01  2.00022342e-01 -2.20898185e-05 -6.58667788e-06 -4.66542888e-08 
 4.12039630e-05  1.99974929e-01  1.99832815e-01  2.00018471e-01 -1.97252509e-05 -6.51708764e-06 -4.34846130e-08 
 4.12040143e-05  1.99959600e-01  1.99864291e-01  2.00014811e-01 -1.75569103e-05 -6.42123402e-06 -3.97838622e-08 
 4.12040673e-05  1.99951534e-01  1.99888732e-01  2.00011704e-01 -1.58325522e-05 -6.31104496e-06 -3.60156955e-08 
 4.12041306e-05  1.99948532e-01  1.99908649e-01  2.00008625e-01 -1.43309758e-05 -6.17114361e-06 -3.16765471e-08 
 4.12042002e-05  1.99950355e-01  1.99921116e-01  2.00005777e-01 -1.32064522e-05 -6.01336806e-06 -2.71753152e-08 
 4.12042868e-05  1.99956670e-01  1.99926816e-01  2.00002651e-01 -1.23379325e-05 -5.81681093e-06 -2.19501671e-08 
 4.12043886e-05  1.99966953e-01  1.99924529e-01  1.99999181e-01 -1.17696323e-05 -5.58997291e-06 -1.62646980e-08 
 4.12045239e-05  1.99982607e-01  1.99913277e-01  1.99994424e-01 -1.14160208e-05 -5.29919046e-06 -9.30118941e-09 
 4.12046999e-05  2.00004211e-01  1.99892074e-01  1.99987503e-01 -1.12403590e-05 -4.94145647e-06 -1.01688227e-09 
 4.12048500e-05  2.00023010e-01  1.99871403e-01  1.99980758e-01 -1.11921372e-05 -4.65486809e-06  5.48769040e-09 
 4.12050000e-05  2.00041940e-01  1.99849655e-01  1.99973169e-01 -1.11651612e-05 -4.38443487e-06  1.15575860e-08 
 4.12050031e-05  2.00038297e-01  1.99845443e-01  1.99972998e-01 -1.22234293e-05 -4.37943991e-06  1.14920599e-08 
 4.12050094e-05  2.00033108e-01  1.99837607e-01  1.99972645e-01 -1.27123068e-05 -4.36945760e-06  1.13775604e-08 
 4.12050218e-05  2.00030257e-01  1.99824458e-01  1.99971891e-01 -1.29641060e-05 -4.34941664e-06  1.12201276e-08 
 4.12050458e-05  2.00029192e-01  1.99803456e-01  1.99970290e-01 -1.34218628e-05 -4.31070768e-06  1.10035150e-08 
 4.12050806e-05  2.00027673e-01  1.99777226e-01  1.99967665e-01 -1.39177963e-05 -4.25433629e-06  1.07677165e-08 
 4.12051501e-05  2.00026573e-01  1.99737050e-01  1.99961614e-01 -1.45534826e-05 -4.14220859e-06  1.04855622e-08 
 4.12052892e-05  2.00025679e-01  1.99690853e-01  1.99947663e-01 -1.51007145e-05 -3.92427177e-06  1.02347323e-08 
 4.12054469e-05  2.00025664e-01  1.99667877e-01  1.99930647e-01 -1.52357062e-05 -3.68997828e-06  1.01034195e-08 
 4.12057190e-05  2.00025180e-01  1.99649219e-01  1.99901530e-01 -1.52726558e-05 -3.31773086e-06  9.84982054e-09 
 4.12060367e-05  2.00025003e-01  1.99636319e-01  1.99869421e-01 -1.52605015e-05 -2.93014463e-06  9.47829788e-09 
 4.12066085e-05  2.00024337e-01  1.99617895e-01  1.99817631e-01 -1.52667739e-05 -2.34142274e-06  8.67520489e-09 
 4.12075300e-05  2.00023804e-01  1.99598010e-01  1.99749264e-01 -1.52594826e-05 -1.62724815e-06  7.25386565e-09 
 4.12093729e-05  2.00022664e-01  1.99587989e-01  1.99659715e-01 -1.52658311e-05 -7.65966279e-07  4.62001987e-09 
 4.12130588e-05  2.00021757e-01  1.99649352e-01  1.99616408e-01 -1.52589532e-05 -1.24796699e-07  1.37897838e-09 
 4.12193475e-05  2.00021113e-01  1.99875523e-01  1.99767983e-01 -1.52663745e-05  1.29398847e-08 -8.96769172e-12 
 4.12261339e-05  2.00021447e-01  2.00156063e-01  2.00041842e-01 -1.52593649e-05 -1.50831354e-09  1.73100300e-10 
 4.12345845e-05  2.00021782e-01  2.00438571e-01  2.00350279e-01 -1.52655381e-05  6.69811530e-10  1.85178753e-10 
 4.12448087e-05  2.00022493e-01  2.00638868e-01  2.00589920e-01 -1.52577602e-05 -1.83574670e-11  1.09938767e-10 
 4.12607791e-05  2.00022845e-01  2.00706405e-01  2.00700628e-01 -1.52643457e-05  6.95649608e-11  1.41318870e-11 
 4.12847600e-05  2.00023074e-01  2.00568103e-01  2.00579146e-01 -1.52578610e-05 -1.07110398e-10 -4.00264703e-11 
 4.13171276e-05  2.00022646e-01  2.00422395e-01  2.00416437e-01 -1.52652408e-05  1.77455303e-11 -1.41703688e-11 
 4.13524921e-05  2.00022707e-01  2.00458781e-01  2.00441195e-01 -1.52580416e-05 -3.68261715e-12  1.49164492e-11 
 4.14009594e-05  2.00022687e-01  2.00546624e-01  2.00534532e-01 -1.52648144e-05  2.52698244e-11  6.42324675e-12 
 4.14755958e-05  2.00022895e-01  2.00558276e-01  2.00549323e-01 -1.52579795e-05 -2.03957220e-11 -1.72845625e-12 
 4.15656300e-05  2.00022750e-01  2.00578410e-01  2.00566361e-01 -1.52649309e-05  1.96876296e-11  4.55368349e-12 
 4.16656300e-05  2.00022974e-01  2.00607658e-01  2.00598064e-01 -1.52579326e-05 -1.43399116e-11  8.05503667e-13 
 4.17656300e-05  2.00022844e-01  2.00606407e-01  2.00596043e-01 -1.52649484e-05  1.16498367e-11  8.18077594e-13 
 4.18656300e-05  2.00023034e-01  2.00618690e-01  2.00608378e-01 -1.52579412e-05 -9.46688084e-12  2.30475269e-12 
 4.19656300e-05  2.00022920e-01  2.00619789e-01  2.00609962e-01 -1.52649366e-05  7.70803863e-12 -6.82506894e-14 
 4.20656300e-05  2.00023097e-01  2.00621207e-01  2.00610925e-01 -1.52579532e-05 -7.37285645e-12  2.07978556e-12 
 4.21656300e-05  2.00022983e-01  2.00623982e-01  2.00614047e-01 -1.52649310e-05  6.04430958e-12  2.65785332e-13 
 4.22656300e-05  2.00023162e-01  2.00623095e-01  2.00613021e-01 -1.52579546e-05 -6.14439294e-12  1.64122540e-12 
 4.23656300e-05  2.00023044e-01  2.00624499e-01  2.00614442e-01 -1.52649329e-05  4.73096887e-12  4.84116490e-13 
 4.24656300e-05  2.00023226e-01  2.00624362e-01  2.00614363e-01 -1.52579517e-05 -4.84038959e-12  1.54844773e-12 
 4.25656300e-05  2.00023106e-01  2.00624494e-01  2.00614429e-01 -1.52649358e-05  3.37948137e-12  4.42293554e-13 
 4.26656300e-05  2.00023288e-01  2.00624807e-01  2.00614793e-01 -1.52579496e-05 -3.56020530e-12  1.62520008e-12 
 4.27656300e-05  2.00023169e-01  2.00624662e-01  2.00614623e-01 -1.52649373e-05  2.19097396e-12  3.56533650e-13 
 4.28656300e-05  2.00023350e-01  2.00624866e-01  2.00614833e-01 -1.52579485e-05 -2.50533513e-12  1.68518086e-12 
 4.29656300e-05  2.00023231e-01  2.00624848e-01  2.00614820e-01 -1.52649382e-05  1.25836169e-12  3.18920454e-13 
 4.30656300e-05  2.00023412e-01  2.00624890e-01  2.00614854e-01 -1.52579477e-05 -1.68613452e-12  1.70276656e-12 
 4.31328150e-05  2.00023283e-01  2.00624941e-01  2.00614911e-01 -1.52649394e-05  3.74017440e-13  3.08613215e-13 
 4.32000000e-05  2.00023454e-01  2.00624938e-01  2.00614907e-01 -1.52579461e-05 -7.57869678e-13  1.71227003e-12 
 4.32000650e-05  2.00003113e-01  2.00580735e-01  2.00613786e-01 -1.75815984e-05 -6.42936858e-09 -3.04802841e-09 
 4.32001951e-05  1.99982104e-01  2.00524475e-01  2.00610176e-01 -1.89452382e-05 -1.54768136e-08 -8.47849162e-09 
 4.32004106e-05  1.99955771e-01  2.00506774e-01  2.00601532e-01 -1.93964024e-05 -2.31986086e-08 -1.61050966e-08 
 4.32006380e-05  1.99925696e-01  2.00524859e-01  2.00593200e-01 -1.95556304e-05 -2.99561191e-08 -2.33686869e-08 
 4.32008934e-05  1.99894856e-01  2.00554195e-01  2.00587009e-01 -1.97840088e-05 -3.61508817e-08 -3.07539904e-08 
 4.32012567e-05  1.99852476e-01  2.00601437e-01  2.00584405e-01 -2.13946719e-05 -3.80073156e-08 -3.99290826e-08 
 4.32014815e-05  1.99833117e-01  2.00635847e-01  2.00586489e-01 -2.40932187e-05 -2.87731768e-08 -4.47072066e-08 
 4.32016591e-05  1.99821630e-01  2.00665779e-01  2.00590213e-01 -2.78892433e-05 -9.10905573e-09 -4.78968593e-08 
 4.32018364e-05  1.99817126e-01  2.00699892e-01  2.00595870e-01 -3.32272426e-05  2.73048829e-08 -5.04461476e-08 
 4.32019992e-05  1.99815936e-01  2.00734143e-01  2.00602880e-01 -3.96335936e-05  8.18143670e-08 -5.21399319e-08 
 4.32021360e-05  1.99817922e-01  2.00766530e-01  2.00610199e-01 -4.59134471e-05  1.49906629e-07 -5.29363889e-08 
 4.32022492e-05  1.99818461e-01  2.00795808e-01  2.00617327e-01 -5.17032233e-05  2.28309083e-07 -5.30413897e-08 
 4.32023457e-05  1.99817999e-01  2.00823666e-01  2.00624228e-01 -5.68415535e-05  3.17285839e-07 -5.25873462e-08 
 4.32024308e-05  1.99814072e-01  2.00850861e-01  2.00631029e-01 -6.14973643e-05  4.19403604e-07 -5.16410506e-08 
 4.32025096e-05  1.99807040e-01  2.00879175e-01  2.00637976e-01 -6.56944830e-05  5.40333074e-07 -5.01543650e-08 
 4.32025896e-05  1.99795223e-01  2.00911623e-01  2.00645768e-01 -6.98113109e-05  6.96721978e-07 -4.78867612e-08 
 4.32026792e-05  1.99780711e-01  2.00952496e-01  2.00655490e-01 -7.41576315e-05  9.17725079e-07 -4.43190333e-08 
 4.32027799e-05  1.99767372e-01  2.01001902e-01  2.00667804e-01 -7.89109783e-05  1.22367718e-06 -3.90829944e-08 
 4.32028837e-05  1.99759234e-01  2.01053143e-01  2.00682018e-01 -8.37034583e-05  1.59518963e-06 -3.25737854e-08 
 4.32030006e-05  1.99756162e-01  2.01108409e-01  2.00699790e-01 -8.90660290e-05  2.07183742e-06 -2.41867536e-08 
 4.32031323e-05  1.99759475e-01  2.01165693e-01  2.00721719e-01 -9.48841882e-05  2.66722303e-06 -1.37529417e-08 
 4.32032751e-05  1.99768965e-01  2.01220940e-01  2.00747342e-01 -1.00660405e-04  3.36500082e-06 -1.63111681e-09 
 4.32034305e-05  1.99784345e-01  2.01271878e-01  2.00776832e-01 -1.05539784e-04  4.16273010e-06  1.20458247e-08 
 4.32035463e-05  1.99797509e-01  2.01301332e-01  2.00799446e-01 -1.06832647e-04  4.76136541e-06  2.21026680e-08 
 4.32036168e-05  1.99805326e-01  2.01312937e-01  2.00813296e-01 -1.04616381e-04  5.11274097e-06  2.78211599e-08 
 4.32036715e-05  1.99810456e-01  2.01315655e-01  2.00823918e-01 -1.00169735e-04  5.36477967e-06  3.17159520e-08 
 4.32037306e-05  1.99814723e-01  2.01309896e-01  2.00835095e-01 -9.29603808e-05  5.60418156e-06  3.50894089e-08 
 4.32038020e-05  1.99817860e-01  2.01290664e-01  2.00847915e-01 -8.21851014e-05  5.83623481e-06  3.77787347e-08 
 4.32038792e-05  1.99818866e-01  2.01257895e-01  2.00860581e-01 -6.97197760e-05  6.00987540e-06  3.89286931e-08 
 4.32039827e-05  1.99816778e-01  2.01204252e-01  2.00875195e-01 -5.43168535e-05  6.12152159e-06  3.79491709e-08 
 4.32040732e-05  1.99812432e-01  2.01156845e-01  2.00885697e-01 -4.35985368e-05  6.12150277e-06  3.52570173e-08 
 4.32041555e-05  1.99807031e-01  2.01119376e-01  2.00893544e-01 -3.63427297e-05  6.06127469e-06  3.18480687e-08 
 4.32042450e-05  1.99800081e-01  2.01087591e-01  2.00900578e-01 -3.07611496e-05  5.95000175e-06  2.75538709e-08 
 4.32043406e-05  1.99791855e-01  2.01064466e-01  2.00906785e-01 -2.68554144e-05  5.79677143e-06  2.26650873e-08 
 4.32044407e-05  1.99782685e-01  2.01050961e-01  2.00912314e-01 -2.43477947e-05  5.61429410e-06  1.74869471e-08 
 4.32045507e-05  1.99772232e-01  2.01046089e-01  2.00917746e-01 -2.27624651e-05  5.40148110e-06  1.19150087e-08 
 4.32046739e-05  1.99760269e-01  2.01049460e-01  2.00923515e-01 -2.18344934e-05  5.15941158e-06  5.93941405e-09 
 4.32048183e-05  1.99746092e-01  2.01060986e-01  2.00930346e-01 -2.13287988e-05  4.88006508e-06 -6.61671081e-10 
 4.32049091e-05  1.99737127e-01  2.01070946e-01  2.00934828e-01 -2.11859541e-05  4.70929507e-06 -4.59019107e-09 
 4.32050000e-05  1.99728161e-01  2.01082161e-01  2.00939528e-01 -2.11007290e-05  4.54338062e-06 -8.35436080e-09 
 4.32050016e-05  1.99730193e-01  2.01084418e-01  2.00939616e-01 -2.01720038e-05  4.54068366e-06 -8.32125030e-09 
 4.32050049e-05  1.99733472e-01  2.01088732e-01  2.00939795e-01 -1.97365024e-05  4.53531354e-06 -8.25967668e-09 
 4.32050114e-05  1.99736476e-01  2.01096487e-01  2.00940168e-01 -1.93319403e-05  4.52463409e-06 -8.16313251e-09 
 4.32050213e-05  1.99737397e-01  2.01106461e-01  2.00940762e-01 -1.90494279e-05  4.50851270e-06 -8.05919610e-09 
 4.32050382e-05  1.99737650e-01  2.01121365e-01  2.00941859e-01 -1.85184321e-05  4.48083899e-06 -7.91640778e-09 
 4.32050719e-05  1.99737792e-01  2.01147493e-01  2.00944305e-01 -1.77527776e-05  4.42540918e-06 -7.70034807e-09 
 4.32051393e-05  1.99737997e-01  2.01188077e-01  2.00949987e-01 -1.66496976e-05  4.31484033e-06 -7.45255226e-09 
 4.32052743e-05  1.99738151e-01  2.01235777e-01  2.00963224e-01 -1.56951895e-05  4.09793412e-06 -7.31858128e-09 
 4.32055127e-05  1.99738480e-01  2.01269606e-01  2.00988665e-01 -1.52675760e-05  3.73566917e-06 -7.39249448e-09 
 4.32057593e-05  1.99738741e-01  2.01284395e-01  2.01014820e-01 -1.52851195e-05  3.39282942e-06 -7.44260837e-09 
 4.32061311e-05  1.99739179e-01  2.01301999e-01  2.01051967e-01 -1.52479239e-05  2.93351928e-06 -7.35164586e-09 
 4.32066430e-05  1.99739669e-01  2.01322162e-01  2.01098409e-01 -1.52779255e-05  2.40036052e-06 -7.02893945e-09 
 4.32076666e-05  1.99740608e-01  2.01351038e-01  2.01175948e-01 -1.52450723e-05  1.60054920e-06 -6.03645622e-09 
 4.32097140e-05  1.99741973e-01  2.01370227e-01  2.01277408e-01 -1.52736658e-05  6.86293870e-07 -3.81689980e-09 
 4.32138086e-05  1.99743600e-01  2.01303046e-01  2.01321677e-01 -1.52402977e-05  7.64190825e-08 -9.60706148e-10 
 4.32199782e-05  1.99744297e-01  2.01069869e-01  2.01161183e-01 -1.52697152e-05 -7.28060436e-09  1.34374104e-12 
 4.32279187e-05  1.99744055e-01  2.00730897e-01  2.00828787e-01 -1.52383852e-05  1.23571478e-09 -1.98070197e-10 
 4.32362690e-05  1.99743378e-01  2.00449875e-01  2.00518007e-01 -1.52696992e-05 -6.00313212e-10 -1.83272439e-10 
 4.32475045e-05  1.99742652e-01  2.00244512e-01  2.00267723e-01 -1.52393387e-05  2.77529518e-11 -9.73813389e-11 
 4.32629106e-05  1.99742086e-01  2.00206206e-01  2.00188639e-01 -1.52702555e-05 -5.52514887e-11 -5.27122557e-12 
 4.32895373e-05  1.99742107e-01  2.00378111e-01  2.00346086e-01 -1.52386518e-05  1.09223109e-10  4.63834615e-11 
 4.33192771e-05  1.99742442e-01  2.00512609e-01  2.00498900e-01 -1.52691702e-05 -1.91548715e-11  1.47809200e-11 
 4.33576142e-05  1.99742579e-01  2.00472235e-01  2.00469703e-01 -1.52385526e-05  3.04915121e-12 -1.28424587e-11 
 4.34040299e-05  1.99742411e-01  2.00397237e-01  2.00388476e-01 -1.52696032e-05 -2.40846093e-11 -3.40018356e-12 
 4.34783205e-05  1.99742426e-01  2.00396589e-01  2.00385511e-01 -1.52385804e-05  1.99873722e-11  4.35979589e-12 
 4.35686170e-05  1.99742434e-01  2.00379701e-01  2.00371516e-01 -1.52694958e-05 -2.06524984e-11 -2.93215951e-12 
 4.36686170e-05  1.99742429e-01  2.00356809e-01  2.00346222e-01 -1.52386297e-05  1.46485064e-11  2.18618998e-12 
 4.37686170e-05  1.99742431e-01  2.00359913e-01  2.00350263e-01 -1.52694755e-05 -1.34015275e-11  4.19190561e-13 
 4.38686170e-05  1.99742464e-01  2.00349020e-01  2.00339189e-01 -1.52386249e-05  9.81157777e-12  5.77497468e-13 
 4.39686170e-05  1.99742447e-01  2.00349292e-01  2.00339094e-01 -1.52694858e-05 -9.53999011e-12  1.36249405e-12 
 4.40686170e-05  1.99742495e-01  2.00347968e-01  2.00338179e-01 -1.52386134e-05  7.62657277e-12  6.57074167e-13 
 4.41686170e-05  1.99742476e-01  2.00345825e-01  2.00335704e-01 -1.52694922e-05 -7.89773433e-12  1.07904522e-12 
 4.42686170e-05  1.99742523e-01  2.00346811e-01  2.00336841e-01 -1.52386110e-05  6.42703816e-12  1.06248810e-12 
 4.43686170e-05  1.99742508e-01  2.00345544e-01  2.00335545e-01 -1.52694912e-05 -6.67960956e-12  8.42974236e-13 
 4.44686170e-05  1.99742552e-01  2.00345849e-01  2.00335801e-01 -1.52386132e-05  5.22006960e-12  1.17760202e-12 
 4.45686170e-05  1.99742540e-01  2.00345728e-01  2.00335744e-01 -1.52694888e-05 -5.43189148e-12  8.55765383e-13 
 4.46686170e-05  1.99742583e-01  2.00345529e-01  2.00335492e-01 -1.52386150e-05  4.02574241e-12  1.12022571e-12 
 4.47686170e-05  1.99742570e-01  2.00345708e-01  2.00335701e-01 -1.52694876e-05 -4.31680776e-12  9.27672056e-13 
 4.48686170e-05  1.99742615e-01  2.00345563e-01  2.00335544e-01 -1.52386157e-05  3.02915071e-12  1.06714854e-12 
 4.49686170e-05  1.99742601e-01  2.00345634e-01  2.00335616e-01 -1.52694871e-05 -3.43384457e-12  9.60888107e-13 
 4.50686170e-05  1.99742646e-01  2.00345636e-01  2.00335620e-01 -1.52386161e-05  2.25278108e-12  1.05248454e-12 
 4.51686170e-05  1.99742632e-01  2.00345624e-01  2.00335607e-01 -1.52694866e-05 -2.74450428e-12  9.66483946e-13 
 4.52686170e-05  1.99742677e-01  2.00345669e-01  2.00335651e-01 -1.52386168e-05  1.63606542e-12  1.05034601e-12 
 4.53686170e-05  1.99742664e-01  2.00345657e-01  2.00335643e-01 -1.52694859e-05 -2.18738699e-12  9.69615447e-13 
 4.54686170e-05  1.99742708e-01  2.00345688e-01  2.00335668e-01 -1.52386175e-05  1.13092587e-12  1.04530468e-12 
 4.55686170e-05  1.99742695e-01  2.00345696e-01  2.00335682e-01 -1.52694851e-05 -1.72866886e-12  9.76415888e-13 
 4.56686170e-05  1.99742739e-01  2.00345713e-01  2.00335693e-01 -1.52386182e-05  7.15092915e-13  1.03781377e-12 
 4.57686170e-05  1.99742726e-01  2.00345728e-01  2.00335714e-01 -1.52694844e-05 -1.35246306e-12  9.83782337e-13 
 4.58686170e-05  1.99742770e-01  2.00345745e-01  2.00335725e-01 -1.52386189e-05  3.75462465e-13  1.03114154e-12 
 4.59686170e-05  1.99742757e-01  2.00345757e-01  2.00335743e-01 -1.52694837e-05 -1.04618744e-12  9.89615562e-13 
 4.60686170e-05  1.99742801e-01  2.00345777e-01  2.00335757e-01 -1.52386196e-05  9.93779711e-14  1.02609213e-12 
 4.61686170e-05  1.99742788e-01  2.00345788e-01  2.00335773e-01 -1.52694830e-05 -7.97240095e-13  9.94054990e-13 
 4.62686170e-05  1.99742832e-01  2.00345808e-01  2.00335788e-01 -1.52386203e-05 -1.25204101e-13  1.02210140e-12 
 4.63686170e-05  1.99742819e-01  2.00345819e-01  2.00335804e-01 -1.52694823e-05 -5.94535705e-13  9.97716991e-13 
 4.64686170e-05  1.99742864e-01  2.00345839e-01  2.00335819e-01 -1.52386210e-05 -3.08216343e-13  1.01870584e-12 
 4.65686170e-05  1.99742850e-01  2.00345850e-01  2.00335835e-01 -1.52694816e-05 -4.29284429e-13  1.00087218e-12 
 4.66686170e-05  1.99742895e-01  2.00345869e-01  2.00335850e-01 -1.52386217e-05 -4.57428366e-13  1.01578490e-12 
 4.67686170e-05  1.99742882e-01  2.00345881e-01  2.00335866e-01 -1.52694809e-05 -2.94570141e-13  1.00356415e-12 
 4.68343085e-05  1.99742921e-01  2.00345895e-01  2.00335876e-01 -1.52386225e-05 -6.06991237e-13  1.01273986e-12 
 4.69000000e-05  1.99742902e-01  2.00345901e-01  2.00335886e-01 -1.52694799e-05 -1.35634993e-13  1.00685991e-12 
 4.69100000e-05  1.99742918e-01  2.00345905e-01  2.00335888e-01 -1.52540523e-05 -4.96336696e-13  1.00709263e-12 
 4.69300000e-05  1.99742921e-01  2.00345908e-01  2.00335891e-01 -1.52540506e-05 -3.55483872e-13  1.01028127e-12 
 4.69650000e-05  1.99742927e-01  2.00345913e-01  2.00335896e-01 -1.52540523e-05 -4.47100039e-13  1.00804342e-12 
 4.70000000e-05  1.99742932e-01  2.00345919e-01  2.00335902e-01 -1.52540506e-05 -3.78737623e-13  1.00980969e-12 
 4.70000158e-05  1.99747660e-01  2.00369440e-01  2.00336049e-01 -1.01621465e-05  3.72587026e-09  7.92076612e-10 
 4.70000474e-05  1.99750719e-01  2.00405472e-01  2.00336569e-01 -9.59714197e-06  1.12128642e-08  2.28246807e-09 
 4.70000977e-05  1.99750594e-01  2.00443222e-01  2.00338118e-01 -9.31783818e-06  2.27343282e-08  4.48481512e-09 
 4.70001509e-05  1.99752540e-01  2.00474540e-01  2.00340453e-01 -8.94533101e-06  3.44030722e-08  6.71898548e-09 
 4.70002575e-05  1.99754216e-01  2.00512871e-01  2.00346432e-01 -8.74643711e-06  5.66908060e-08  1.09154498e-08 
 4.70004707e-05  1.99759250e-01  2.00544373e-01  2.00360511e-01 -8.51390517e-06  9.79590503e-08  1.86333098e-08 
 4.70008335e-05  1.99766490e-01  2.00553716e-01  2.00384669e-01 -8.57540550e-06  1.60580506e-07  3.02516348e-08 
 4.70012709e-05  1.99776515e-01  2.00553589e-01  2.00410241e-01 -8.57275914e-06  2.25473147e-07  4.22012575e-08 
 4.70014735e-05  1.99781590e-01  2.00552368e-01  2.00420578e-01 -8.80648073e-06  2.52121333e-07  4.70301733e-08 
 4.70017271e-05  1.99793833e-01  2.00549358e-01  2.00432190e-01 -9.66516483e-06  2.81947600e-07  5.23709252e-08 
 4.70018696e-05  1.99806383e-01  2.00546008e-01  2.00438034e-01 -1.10072653e-05  2.96096209e-07  5.48968873e-08 
 4.70019973e-05  1.99825096e-01  2.00541413e-01  2.00442800e-01 -1.30109494e-05  3.05374984e-07  5.66959823e-08 
 4.70021239e-05  1.99851448e-01  2.00534490e-01  2.00447002e-01 -1.61623260e-05  3.08403030e-07  5.78549091e-08 
 4.70022528e-05  1.99888327e-01  2.00524662e-01  2.00450649e-01 -2.04020664e-05  2.98814581e-07  5.81940278e-08 
 4.70023811e-05  1.99934185e-01  2.00511319e-01  2.00453517e-01 -2.54468905e-05  2.63888226e-07  5.74472325e-08 
 4.70025025e-05  1.99985892e-01  2.00494655e-01  2.00455388e-01 -3.01336490e-05  1.86122569e-07  5.54934850e-08 
 4.70026121e-05  2.00038331e-01  2.00474967e-01  2.00456220e-01 -3.34811188e-05  5.03685722e-08  5.24139001e-08 
 4.70027158e-05  2.00092842e-01  2.00451056e-01  2.00456089e-01 -3.50952464e-05 -1.70041054e-07  4.80776198e-08 
 4.70028309e-05  2.00158345e-01  2.00419257e-01  2.00454696e-01 -3.60901738e-05 -5.70704581e-07  4.15126233e-08 
 4.70029564e-05  2.00235774e-01  2.00382711e-01  2.00451576e-01 -3.74040141e-05 -1.26657527e-06  3.24587358e-08 
 4.70030900e-05  2.00323799e-01  2.00346907e-01  2.00446537e-01 -3.91511737e-05 -2.39632119e-06  2.10563701e-08 
 4.70032245e-05  2.00415641e-01  2.00316859e-01  2.00440005e-01 -4.09563417e-05 -4.02534189e-06  8.18205552e-09 
 4.70033428e-05  2.00495678e-01  2.00296896e-01  2.00433388e-01 -4.24415093e-05 -5.92412489e-06 -3.93325587e-09 
 4.70034181e-05  2.00544568e-01  2.00288416e-01  2.00428916e-01 -4.30627252e-05 -7.38877201e-06 -1.18133699e-08 
 4.70034631e-05  2.00573033e-01  2.00285687e-01  2.00426204e-01 -4.32444271e-05 -8.37908233e-06 -1.64728466e-08 
 4.70035007e-05  2.00595552e-01  2.00285302e-01  2.00423956e-01 -4.31695556e-05 -9.28591890e-06 -2.02337584e-08 
 4.70035294e-05  2.00609352e-01  2.00286552e-01  2.00422263e-01 -4.29169441e-05 -1.00381312e-05 -2.29678560e-08 
 4.70035544e-05  2.00615433e-01  2.00289112e-01  2.00420828e-01 -4.24410981e-05 -1.07364799e-05 -2.51677863e-08 
 4.70035790e-05  2.00613403e-01  2.00293625e-01  2.00419463e-01 -4.16656113e-05 -1.14678793e-05 -2.70857606e-08 
 4.70036072e-05  2.00601748e-01  2.00302303e-01  2.00417986e-01 -4.03683347e-05 -1.23617156e-05 -2.88561705e-08 
 4.70036382e-05  2.00581688e-01  2.00317084e-01  2.00416529e-01 -3.85028871e-05 -1.34085373e-05 -3.01530025e-08 
 4.70036753e-05  2.00553949e-01  2.00341962e-01  2.00415099e-01 -3.58302583e-05 -1.47491212e-05 -3.07652575e-08 
 4.70037299e-05  2.00516528e-01  2.00388997e-01  2.00413812e-01 -3.14762621e-05 -1.68756180e-05 -2.99838116e-08 
 4.70037657e-05  2.00498365e-01  2.00423961e-01  2.00413565e-01 -2.85983478e-05 -1.83645766e-05 -2.85643972e-08 
 4.70037987e-05  2.00487430e-01  2.00456640e-01  2.00413785e-01 -2.60647331e-05 -1.97935631e-05 -2.68068067e-08 
 4.70038364e-05  2.00481262e-01  2.00492526e-01  2.00414543e-01 -2.34365282e-05 -2.14805578e-05 -2.44483540e-08 
 4.70038765e-05  2.00481455e-01  2.00527840e-01  2.00415907e-01 -2.09613845e-05 -2.33413093e-05 -2.16718166e-08 
 4.70039186e-05  2.00487743e-01  2.00560677e-01  2.00417884e-01 -1.87689260e-05 -2.53563899e-05 -1.86094929e-08 
 4.70039637e-05  2.00499848e-01  2.00590617e-01  2.00420523e-01 -1.68398371e-05 -2.75748537e-05 -1.52802785e-08 
 4.70040131e-05  2.00517719e-01  2.00617557e-01  2.00423920e-01 -1.51824044e-05 -3.00782361e-05 -1.16456479e-08 
 4.70040686e-05  2.00541783e-01  2.00641345e-01  2.00428216e-01 -1.37752558e-05 -3.29725800e-05 -7.63256598e-09 
 4.70041321e-05  2.00572548e-01  2.00661721e-01  2.00433561e-01 -1.26433962e-05 -3.63773630e-05 -3.15519536e-09 
 4.70042066e-05  2.00611371e-01  2.00678783e-01  2.00440219e-01 -1.17602727e-05 -4.05035285e-05  1.98583175e-09 
 4.70042960e-05  2.00659988e-01  2.00692694e-01  2.00448494e-01 -1.11317567e-05 -4.56260940e-05  8.06065198e-09 
 4.70044079e-05  2.00722271e-01  2.00704148e-01  2.00458992e-01 -1.07108010e-05 -5.22841822e-05  1.56476155e-08 
 4.70045526e-05  2.00803605e-01  2.00714069e-01  2.00472504e-01 -1.04748108e-05 -6.12882932e-05  2.56413183e-08 
 4.70047525e-05  2.00915422e-01  2.00724146e-01  2.00490694e-01 -1.03520769e-05 -7.43743716e-05  4.00368731e-08 
 4.70050000e-05  2.01050744e-01  2.00734746e-01  2.00512267e-01 -1.03044594e-05 -9.14800020e-05  5.90797534e-08 
 4.70050031e-05  2.01049583e-01  2.00728811e-01  2.00512519e-01 -1.49649258e-05 -9.16974649e-05  5.91547016e-08 
 4.70050092e-05  2.01047496e-01  2.00718211e-01  2.00513010e-01 -1.52841811e-05 -9.21321830e-05  5.93087481e-08 
 4.70050214e-05  2.01044995e-01  2.00702051e-01  2.00513922e-01 -1.53185849e-05 -9.29984325e-05  5.96510165e-08 
 4.70050437e-05  2.01042065e-01  2.00679899e-01  2.00515403e-01 -1.53476765e-05 -9.45632293e-05  6.03445563e-08 
 4.70050870e-05  2.01036751e-01  2.00646264e-01  2.00517770e-01 -1.53964770e-05 -9.75533873e-05  6.18346421e-08 
 4.70051737e-05  2.01027922e-01  2.00601236e-01  2.00521042e-01 -1.53923880e-05 -1.03319259e-04  6.52569891e-08 
 4.70052972e-05  2.01016687e-01  2.00570538e-01  2.00523684e-01 -1.53811622e-05 -1.11052917e-04  7.08993697e-08 
 4.70054512e-05  2.01003778e-01  2.00559530e-01  2.00525556e-01 -1.53243019e-05 -1.19959218e-04  7.89216588e-08 
 4.70056955e-05  2.00984427e-01  2.00562577e-01  2.00527929e-01 -1.52869135e-05 -1.32531941e-04  9.33309774e-08 
 4.70061793e-05  2.00950317e-01  2.00581919e-01  2.00533980e-01 -1.51809909e-05 -1.52558605e-04  1.25718356e-07 
 4.70070279e-05  2.00900768e-01  2.00613737e-01  2.00549597e-01 -1.50868554e-05 -1.75389966e-04  1.86423724e-07 
 4.70079378e-05  2.00859268e-01  2.00641318e-01  2.00570507e-01 -1.49932351e-05 -1.87218901e-04  2.47276943e-07 
 4.70089844e-05  2.00821963e-01  2.00666977e-01  2.00595988e-01 -1.49611451e-05 -1.90595287e-04  3.03277160e-07 
 4.70100849e-05  2.00791536e-01  2.00687836e-01  2.00621746e-01 -1.49175561e-05 -1.87080215e-04  3.43525945e-07 
 4.70114349e-05  2.00762424e-01  2.00706850e-01  2.00649624e-01 -1.49260436e-05 -1.77666302e-04  3.69464278e-07 
 4.70129683e-05  2.00737032e-01  2.00721483e-01  2.00675210e-01 -1.49124885e-05 -1.64067746e-04  3.75161412e-07 
 4.70149312e-05  2.00712112e-01  2.00732335e-01  2.00698701e-01 -1.49469011e-05 -1.45936758e-04  3.59678205e-07 
 4.70173518e-05  2.00689332e-01  2.00737117e-01  2.00715657e-01 -1.49534627e-05 -1.25228510e-04  3.23957016e-07 
 4.70204752e-05  2.00668376e-01  2.00734284e-01  2.00723352e-01 -1.50031303e-05 -1.02702709e-04  2.72109940e-07 
 4.70237423e-05  2.00653606e-01  2.00724638e-01  2.00720248e-01 -1.50141551e-05 -8.39721617e-05  2.23040433e-07 
 4.70276054e-05  2.00642500e-01  2.00708412e-01  2.00708254e-01 -1.50626672e-05 -6.69018341e-05  1.76423162e-07 
 4.70316993e-05  2.00635907e-01  2.00688317e-01  2.00690315e-01 -1.50721176e-05 -5.32966826e-05  1.39035802e-07 
 4.70364564e-05  2.00632453e-01  2.00663848e-01  2.00666653e-01 -1.51180095e-05 -4.15885284e-05  1.07143669e-07 
 4.70415472e-05  2.00631775e-01  2.00638609e-01  2.00640966e-01 -1.51244835e-05 -3.24623426e-05  8.26379670e-08 
 4.70474891e-05  2.00633074e-01  2.00613030e-01  2.00613621e-01 -1.51665479e-05 -2.47895019e-05  6.23605121e-08 
 4.70540099e-05  2.00635649e-01  2.00592348e-01  2.00589892e-01 -1.51691220e-05 -1.88168726e-05  4.68493013e-08 
 4.70616883e-05  2.00639128e-01  2.00580254e-01  2.00573395e-01 -1.52066080e-05 -1.38869616e-05  3.42566448e-08 
 4.70702834e-05  2.00642816e-01  2.00583096e-01  2.00571184e-01 -1.52044271e-05 -1.00856614e-05  2.47026455e-08 
 4.70804739e-05  2.00646587e-01  2.00606035e-01  2.00589099e-01 -1.52365961e-05 -7.03616400e-06  1.71372199e-08 
 4.70920608e-05  2.00649922e-01  2.00649935e-01  2.00629414e-01 -1.52290808e-05 -4.75376668e-06  1.15388019e-08 
 4.71058866e-05  2.00652862e-01  2.00712774e-01  2.00690969e-01 -1.52558199e-05 -3.02137435e-06  7.31847142e-09 
 4.71218550e-05  2.00655110e-01  2.00782585e-01  2.00762059e-01 -1.52433802e-05 -1.81064890e-06  4.38484527e-09 
 4.71411476e-05  2.00656821e-01  2.00849514e-01  2.00831868e-01 -1.52657629e-05 -9.81858547e-07  2.37763203e-09 
 4.71640166e-05  2.00657888e-01  2.00904134e-01  2.00889166e-01 -1.52498774e-05 -4.75257103e-07  1.15353500e-09 
 4.71925266e-05  2.00658553e-01  2.00951600e-01  2.00937925e-01 -1.52696193e-05 -1.89634402e-07  4.62432640e-10 
 4.72281523e-05  2.00658849e-01  2.01001293e-01  2.00987863e-01 -1.52518991e-05 -5.72984850e-08  1.45115099e-10 
 4.72758930e-05  2.00659034e-01  2.01059974e-01  2.01047099e-01 -1.52704700e-05 -9.57890789e-09  2.86204347e-11 
 4.73426538e-05  2.00659101e-01  2.01120396e-01  2.01108561e-01 -1.52521653e-05  7.63258352e-11  4.54327304e-12 
 4.74426538e-05  2.00659194e-01  2.01177071e-01  2.01165924e-01 -1.52705330e-05 -5.87385971e-11  2.58034842e-12 
 4.75426538e-05  2.00659218e-01  2.01211301e-01  2.01200596e-01 -1.52521786e-05  5.44547775e-11  2.53591402e-12 
 4.76426538e-05  2.00659277e-01  2.01230638e-01  2.01220240e-01 -1.52705399e-05 -4.70373146e-11  1.25128250e-12 
 4.77426538e-05  2.00659279e-01  2.01241925e-01  2.01231630e-01 -1.52521835e-05  3.98713968e-11  1.77277659e-12 
 4.78426538e-05  2.00659326e-01  2.01248708e-01  2.01238534e-01 -1.52705426e-05 -3.62151875e-11  8.74427755e-13 
 4.79426538e-05  2.00659320e-01  2.01252398e-01  2.01242262e-01 -1.52521844e-05  2.86392542e-11  1.47095704e-12 
 4.80426538e-05  2.00659363e-01  2.01254740e-01  2.01244633e-01 -1.52705443e-05 -2.68061955e-11  7.65510485e-13 
 4.81426538e-05  2.00659355e-01  2.01256015e-01  2.01245932e-01 -1.52521839e-05  1.95936297e-11  1.36596539e-12 
 4.82426538e-05  2.00659396e-01  2.01256778e-01  2.01246698e-01 -1.52705456e-05 -1.88303650e-11  7.26438874e-13 
 4.83426538e-05  2.00659387e-01  2.01257253e-01  2.01247184e-01 -1.52521832e-05  1.21538643e-11  1.33149519e-12 
 4.84426538e-05  2.00659428e-01  2.01257501e-01  2.01247433e-01 -1.52705465e-05 -1.21315757e-11  7.16098350e-13 
 4.85426538e-05  2.00659419e-01  2.01257678e-01  2.01247613e-01 -1.52521825e-05  5.98536216e-12  1.31326915e-12 
 4.86426538e-05  2.00659459e-01  2.01257775e-01  2.01247710e-01 -1.52705472e-05 -6.53374338e-12  7.21515675e-13 
 4.87426538e-05  2.00659450e-01  2.01257839e-01  2.01247775e-01 -1.52521818e-05  8.59802247e-13  1.29736467e-12 
 4.88426538e-05  2.00659490e-01  2.01257887e-01  2.01247824e-01 -1.52705480e-05 -1.86861702e-12  7.32882884e-13 
 4.89426538e-05  2.00659482e-01  2.01257916e-01  2.01247853e-01 -1.52521811e-05 -3.40153686e-12  1.28314926e-12 
 4.90426538e-05  2.00659521e-01  2.01257944e-01  2.01247881e-01 -1.52705487e-05  2.01454890e-12  7.44799675e-13 
 4.91426538e-05  2.00659513e-01  2.01257964e-01  2.01247901e-01 -1.52521803e-05 -6.94588289e-12  1.27089718e-12 
 4.92426538e-05  2.00659553e-01  2.01257983e-01  2.01247920e-01 -1.52705495e-05  5.24669761e-12  7.55829915e-13 
 4.93426538e-05  2.00659544e-01  2.01258000e-01  2.01247938e-01 -1.52521795e-05 -9.89505461e-12  1.26006275e-12 
 4.94426538e-05  2.00659584e-01  2.01258017e-01  2.01247954e-01 -1.52705502e-05  7.93661426e-12  7.66008025e-13 
 4.95426538e-05  2.00659575e-01  2.01258033e-01  2.01247971e-01 -1.52521788e-05 -1.23491404e-11  1.25018550e-12 
 4.96426538e-05  2.00659615e-01  2.01258050e-01  2.01247987e-01 -1.52705510e-05  1.01749917e-11  7.75409522e-13 
 4.97426538e-05  2.00659607e-01  2.01258065e-01  2.01248002e-01 -1.52521780e-05 -1.43910274e-11  1.24116380e-12 
 4.98426538e-05  2.00659646e-01  2.01258081e-01  2.01248018e-01 -1.52705517e-05  1.20374557e-11  7.83976074e-13 
 4.99426538e-05  2.00659638e-01  2.01258096e-01  2.01248033e-01 -1.52521773e-05 -1.60898311e-11  1.23302556e-12 
 5.00426538e-05  2.00659677e-01  2.01258112e-01  2.01248049e-01 -1.52705525e-05  1.35869131e-11  7.91665995e-13 
 5.01426538e-05  2.00659669e-01  2.01258127e-01  2.01248065e-01 -1.52521765e-05 -1.75031129e-11  1.22576287e-12 
 5.02426538e-05  2.00659708e-01  2.01258143e-01  2.01248080e-01 -1.52705532e-05  1.48757619e-11  7.98506769e-13 
 5.03426538e-05  2.00659700e-01  2.01258158e-01  2.01248096e-01 -1.52521757e-05 -1.86784908e-11  1.21932369e-12 
 5.04426538e-05  2.00659740e-01  2.01258174e-01  2.01248111e-01 -1.52705540e-05  1.59478166e-11  8.04559923e-13 
 5.05426538e-05  2.00659731e-01  2.01258189e-01  2.01248127e-01 -1.52521750e-05 -1.96561164e-11  1.21363884e-12 
 5.06426538e-05  2.00659771e-01  2.01258205e-01  2.01248142e-01 -1.52705548e-05  1.68391908e-11  8.09891542e-13 
 5.07426538e-05  2.00659763e-01  2.01258220e-01  2.01248158e-01 -1.52521742e-05 -2.04691015e-11  1.20864327e-12 
 5.08426538e-05  2.00659802e-01  2.01258236e-01  2.01248173e-01 -1.52705555e-05  1.75803593e-11  8.14566784e-13 
 5.09426538e-05  2.00659794e-01  2.01258251e-01  2.01248189e-01 -1.52521735e-05 -2.11447236e-11  1.20427285e-12 
 5.10426538e-05  2.00659833e-01  2.01258268e-01  2.01248204e-01 -1.52705563e-05  1.81964454e-11  8.18647450e-13 
 5.11426538e-05  2.00659825e-01  2.01258282e-01  2.01248220e-01 -1.52521727e-05 -2.17063774e-11  1.20046583e-12 
 5.12426538e-05  2.00659864e-01  2.01258299e-01  2.01248235e-01 -1.52705570e-05  1.87083847e-11  8.22196044e-13 
 5.13426538e-05  2.00659856e-01  2.01258313e-01  2.01248251e-01 -1.52521719e-05 -2.21729341e-11  1.19716140e-12 
 5.14426538e-05  2.00659896e-01  2.01258330e-01  2.01248266e-01 -1.52705578e-05  1.91336324e-11  8.25271004e-13 
 5.15426538e-05  2.00659887e-01  2.01258344e-01  2.01248282e-01 -1.52521712e-05 -2.25604216e-11  1.19430242e-12 
 5.16426538e-05  2.00659927e-01  2.01258361e-01  2.01248297e-01 -1.52705585e-05  1.94867529e-11  8.27926486e-13 
 5.17426538e-05  2.00659919e-01  2.01258375e-01  2.01248313e-01 -1.52521704e-05 -2.28819804e-11  1.19183770e-12 
 5.18426538e-05  2.00659958e-01  2.01258392e-01  2.01248329e-01 -1.52705593e-05  1.97796391e-11  8.30212364e-13 
 5.19426538e-05  2.00659950e-01  2.01258406e-01  2.01248344e-01 -1.52521696e-05 -2.31489292e-11  1.18971922e-12 
 5.20426538e-05  2.00659989e-01  2.01258423e-01  2.01248360e-01 -1.52705600e-05  2.00226983e-11  8.32174986e-13 
 5.21426538e-05  2.00659981e-01  2.01258437e-01  2.01248375e-01 -1.52521689e-05 -2.33700902e-11  1.18790362e-12 
 5.22426538e-05  2.00660020e-01  2.01258454e-01  2.01248391e-01 -1.52705608e-05  2.02240915e-11  8.33853711e-13 
 5.23426538e-05  2.00660012e-01  2.01258468e-01  2.01248406e-01 -1.52521681e-05 -2.35533015e-11  1.18635212e-12 
 5.24426538e-05  2.00660051e-01  2.01258485e-01  2.01248422e-01 -1.52705616e-05  2.03906783e-11  8.35285346e-13 
 5.25426538e-05  2.00660043e-01  2.01258499e-01  2.01248437e-01 -1.52521673e-05 -2.37049907e-11  1.18503184e-12 
 5.26426538e-05  2.00660083e-01  2.01258516e-01  2.01248453e-01 -1.52705623e-05  2.05285667e-11  8.36502146e-13 
 5.27426538e-05  2.00660075e-01  2.01258530e-01  2.01248468e-01 -1.52521666e-05 -2.38302965e-11  1.18391099e-12 
 5.28426538e-05  2.00660114e-01  2.01258547e-01  2.01248484e-01 -1.52705631e-05  2.06422932e-11  8.37533493e-13 
 5.29426538e-05  2.00660106e-01  2.01258562e-01  2.01248499e-01 -1.52521658e-05 -2.39336467e-11  1.18296329e-12 
 5.30426538e-05  2.00660145e-01  2.01258578e-01  2.01248515e-01 -1.52705638e-05  2.07361658e-11  8.38403294e-13 
 5.31426538e-05  2.00660137e-01  2.01258593e-01  2.01248530e-01 -1.52521650e-05 -2.40188047e-11  1.18216526e-12 
 5.32426538e-05  2.00660176e-01  2.01258609e-01  2.01248546e-01 -1.52705646e-05  2.08133959e-11  8.39135077e-13 
 5.33426538e-05  2.00660168e-01  2.01258624e-01  2.01248561e-01 -1.52521643e-05 -2.40888433e-11  1.18149511e-12 
 5.34426538e-05  2.00660207e-01  2.01258640e-01  2.01248577e-01 -1.52705654e-05  2.08767394e-11  8.39747813e-13 
 5.35426538e-05  2.00660200e-01  2.01258655e-01  2.01248592e-01 -1.52521635e-05 -2.41461152e-11  1.18093637e-12 
 5.36426538e-05  2.00660239e-01  2.01258671e-01  2.01248608e-01 -1.52705661e-05  2.09286063e-11  8.40257280e-13 
 5.37426538e-05  2.00660231e-01  2.01258686e-01  2.01248623e-01 -1.52521627e-05 -2.41928730e-11  1.18047222e-12 
 5.38426538e-05  2.00660270e-01  2.01258702e-01  2.01248639e-01 -1.52705669e-05  2.09708546e-11  8.40678601e-13 
 5.39426538e-05  2.00660262e-01  2.01258717e-01  2.01248654e-01 -1.52521620e-05 -2.42307743e-11  1.18009021e-12 
 5.40426538e-05  2.00660301e-01  2.01258733e-01  2.01248670e-01 -1.52705676e-05  2.10051011e-11  8.41024624e-13 
 5.41426538e-05  2.00660293e-01  2.01258748e-01  2.01248685e-01 -1.52521612e-05 -2.42616701e-11  1.17977768e-12 
 5.42426538e-05  2.00660332e-01  2.01258764e-01  2.01248701e-01 -1.52705684e-05  2.10326001e-11  8.41305866e-13 
 5.43426538e-05  2.00660324e-01  2.01258779e-01  2.01248716e-01 -1.52521604e-05 -2.42863572e-11  1.17952517e-12 
 5.44426538e-05  2.00660363e-01  2.01258795e-01  2.01248732e-01 -1.52705692e-05  2.10546862e-11  8.41531868e-13 
 5.45426538e-05  2.00660356e-01  2.01258810e-01  2.01248748e-01 -1.52521596e-05 -2.43058564e-11  1.17932395e-12 
 5.46426538e-05  2.00660394e-01  2.01258826e-01  2.01248763e-01 -1.52705699e-05  2.10720898e-11  8.41710490e-13 
 5.47426538e-05  2.00660387e-01  2.01258841e-01  2.01248779e-01 -1.52521589e-05 -2.43214390e-11  1.17916619e-12 
 5.48426538e-05  2.00660426e-01  2.01258858e-01  2.01248794e-01 -1.52705707e-05  2.10855725e-11  8.41849756e-13 
 5.49426538e-05  2.00660418e-01  2.01258872e-01  2.01248810e-01 -1.52521581e-05 -2.43332962e-11  1.17904465e-12 
 5.50426538e-05  2.00660457e-01  2.01258889e-01  2.01248825e-01 -1.52705715e-05  2.10959583e-11  8.41954111e-13 
 5.51426538e-05  2.00660449e-01  2.01258903e-01  2.01248841e-01 -1.52521573e-05 -2.43423578e-11  1.17895532e-12 
 5.52426538e-05  2.00660488e-01  2.01258920e-01  2.01248856e-01 -1.52705722e-05  2.11037995e-11  8.42029842e-13 
 5.53426538e-05  2.00660480e-01  2.01258934e-01  2.01248872e-01 -1.52521565e-05 -2.43488422e-11  1.17889287e-12 
 5.54426538e-05  2.00660519e-01  2.01258951e-01  2.01248887e-01 -1.52705730e-05  2.11092008e-11  8.42079770e-13 
 5.55426538e-05  2.00660512e-01  2.01258965e-01  2.01248903e-01 -1.52521558e-05 -2.43534414e-11  1.17885373e-12 
 5.56426538e-05  2.00660550e-01  2.01258982e-01  2.01248918e-01 -1.52705738e-05  2.11128612e-11  8.42109097e-13 
 5.57426538e-05  2.00660543e-01  2.01258996e-01  2.01248934e-01 -1.52521550e-05 -2.43562661e-11  1.17883361e-12 
 5.58426538e-05  2.00660581e-01  2.01259013e-01  2.01248949e-01 -1.52705746e-05  2.11150446e-11  8.42120590e-13 
 5.59426538e-05  2.00660574e-01  2.01259027e-01  2.01248965e-01 -1.52521542e-05 -2.43576298e-11  1.17883004e-12 
 5.60426538e-05  2.00660613e-01  2.01259044e-01  2.01248980e-01 -1.52705753e-05  2.11159978e-11  8.42116307e-13 
 5.61426538e-05  2.00660605e-01  2.01259058e-01  2.01248996e-01 -1.52521534e-05 -2.43579809e-11  1.17884045e-12 
 5.62426538e-05  2.00660644e-01  2.01259075e-01  2.01249011e-01 -1.52705761e-05  2.11156214e-11  8.42100532e-13 
 5.63426538e-05  2.00660637e-01  2.01259089e-01  2.01249027e-01 -1.52521526e-05 -2.43574262e-11  1.17886294e-12 
 5.64426538e-05  2.00660675e-01  2.01259106e-01  2.01249042e-01 -1.52705769e-05  2.11145233e-11  8.42072777e-13 
 5.65426538e-05  2.00660668e-01  2.01259120e-01  2.01249058e-01 -1.52521519e-05 -2.43558439e-11  1.17889536e-12 
 5.66426538e-05  2.00660706e-01  2.01259137e-01  2.01249074e-01 -1.52705776e-05  2.11127888e-11  8.42035968e-13 
 5.67426538e-05  2.00660699e-01  2.01259151e-01  2.01249089e-01 -1.52521511e-05 -2.43535021e-11  1.17893629e-12 
 5.68426538e-05  2.00660737e-01  2.01259168e-01  2.01249105e-01 -1.52705784e-05  2.11102314e-11  8.41991136e-13 
 5.69426538e-05  2.00660730e-01  2.01259182e-01  2.01249120e-01 -1.52521503e-05 -2.43509826e-11  1.17898443e-12 
 5.70426538e-05  2.00660769e-01  2.01259199e-01  2.01249136e-01 -1.52705792e-05  2.11072626e-11  8.41940016e-13 
 5.71426538e-05  2.00660761e-01  2.01259213e-01  2.01249151e-01 -1.52521495e-05 -2.43477721e-11  1.17903853e-12 
 5.72426538e-05  2.00660800e-01  2.01259230e-01  2.01249167e-01 -1.52705800e-05  2.11038014e-11  8.41882879e-13 
 5.73426538e-05  2.00660793e-01  2.01259244e-01  2.01249182e-01 -1.52521487e-05 -2.43441805e-11  1.17909800e-12 
 5.74426538e-05  2.00660831e-01  2.01259261e-01  2.01249198e-01 -1.52705807e-05  2.11001050e-11  8.41821404e-13 
 5.75426538e-05  2.00660824e-01  2.01259275e-01  2.01249213e-01 -1.52521480e-05 -2.43401701e-11  1.17916191e-12 
 5.76426538e-05  2.00660862e-01  2.01259292e-01  2.01249229e-01 -1.52705815e-05  2.10960205e-11  8.41755647e-13 
 5.77426538e-05  2.00660855e-01  2.01259306e-01  2.01249244e-01 -1.52521472e-05 -2.43360833e-11  1.17922897e-12 
 5.78426538e-05  2.00660893e-01  2.01259323e-01  2.01249260e-01 -1.52705823e-05  2.10917271e-11  8.41686801e-13 
 5.79426538e-05  2.00660886e-01  2.01259337e-01  2.01249275e-01 -1.52521464e-05 -2.43315923e-11  1.17929939e-12 
 5.80426538e-05  2.00660924e-01  2.01259354e-01  2.01249291e-01 -1.52705831e-05  2.10872689e-11  8.41614430e-13 
 5.81426538e-05  2.00660917e-01  2.01259368e-01  2.01249306e-01 -1.52521456e-05 -2.43270287e-11  1.17937268e-12 
 5.82426538e-05  2.00660956e-01  2.01259385e-01  2.01249322e-01 -1.52705839e-05  2.10825463e-11  8.41540162e-13 
 5.83426538e-05  2.00660949e-01  2.01259399e-01  2.01249337e-01 -1.52521448e-05 -2.43223360e-11  1.17944830e-12 
 5.84426538e-05  2.00660987e-01  2.01259416e-01  2.01249353e-01 -1.52705846e-05  2.10776117e-11  8.41463726e-13 
 5.85426538e-05  2.00660980e-01  2.01259431e-01  2.01249368e-01 -1.52521440e-05 -2.43173925e-11  1.17952566e-12 
 5.86426538e-05  2.00661018e-01  2.01259447e-01  2.01249384e-01 -1.52705854e-05  2.10727503e-11  8.41385284e-13 
 5.87426538e-05  2.00661011e-01  2.01259462e-01  2.01249399e-01 -1.52521432e-05 -2.43124368e-11  1.17960459e-12 
 5.88426538e-05  2.00661049e-01  2.01259478e-01  2.01249415e-01 -1.52705862e-05  2.10677086e-11  8.41306029e-13 
 5.89426538e-05  2.00661042e-01  2.01259493e-01  2.01249430e-01 -1.52521425e-05 -2.43072422e-11  1.17968498e-12 
 5.90426538e-05  2.00661080e-01  2.01259510e-01  2.01249446e-01 -1.52705870e-05  2.10626210e-11  8.41225256e-13 
 5.91426538e-05  2.00661074e-01  2.01259524e-01  2.01249461e-01 -1.52521417e-05 -2.43021122e-11  1.17976614e-12 
 5.92426538e-05  2.00661112e-01  2.01259541e-01  2.01249477e-01 -1.52705877e-05  2.10573804e-11  8.41143615e-13 
 5.93426538e-05  2.00661105e-01  2.01259555e-01  2.01249492e-01 -1.52521409e-05 -2.42969314e-11  1.17984843e-12 
 5.94426538e-05  2.00661143e-01  2.01259572e-01  2.01249508e-01 -1.52705885e-05  2.10521054e-11  8.41060620e-13 
 5.95426538e-05  2.00661136e-01  2.01259586e-01  2.01249524e-01 -1.52521401e-05 -2.42915881e-11  1.17993148e-12 
 5.96426538e-05  2.00661174e-01  2.01259603e-01  2.01249539e-01 -1.52705893e-05  2.10467963e-11  8.40977190e-13 
 5.97426538e-05  2.00661167e-01  2.01259617e-01  2.01249555e-01 -1.52521393e-05 -2.42862690e-11  1.18001550e-12 
 5.98426538e-05  2.00661205e-01  2.01259634e-01  2.01249570e-01 -1.52705901e-05  2.10414349e-11  8.40892351e-13 
 5.99426538e-05  2.00661198e-01  2.01259648e-01  2.01249586e-01 -1.52521385e-05 -2.42808816e-11  1.18010040e-12 
 6.00426538e-05  2.00661236e-01  2.01259665e-01  2.01249601e-01 -1.52705909e-05  2.10360874e-11  8.40807675e-13 
 6.01426538e-05  2.00661230e-01  2.01259679e-01  2.01249617e-01 -1.52521377e-05 -2.42755180e-11  1.18018540e-12 
 6.02426538e-05  2.00661267e-01  2.01259696e-01  2.01249632e-01 -1.52705917e-05  2.10306393e-11  8.40722403e-13 
 6.03426538e-05  2.00661261e-01  2.01259710e-01  2.01249648e-01 -1.52521369e-05 -2.42701063e-11  1.18027062e-12 
 6.04426538e-05  2.00661299e-01  2.01259727e-01  2.01249663e-01 -1.52705924e-05  2.10252343e-11  8.40637618e-13 
 6.05426538e-05  2.00661292e-01  2.01259741e-01  2.01249679e-01 -1.52521361e-05 -2.42645847e-11  1.18035573e-12 
 6.06426538e-05  2.00661330e-01  2.01259758e-01  2.01249694e-01 -1.52705932e-05  2.10196856e-11  8.40551370e-13 
 6.07426538e-05  2.00661323e-01  2.01259772e-01  2.01249710e-01 -1.52521354e-05 -2.42592185e-11  1.18044214e-12 
 6.08426538e-05  2.00661361e-01  2.01259789e-01  2.01249725e-01 -1.52705940e-05  2.10142812e-11  8.40464905e-13 
 6.09426538e-05  2.00661354e-01  2.01259803e-01  2.01249741e-01 -1.52521346e-05 -2.42536395e-11  1.18052828e-12 
 6.10426538e-05  2.00661392e-01  2.01259820e-01  2.01249756e-01 -1.52705948e-05  2.10088934e-11  8.40378982e-13 
 6.11426538e-05  2.00661386e-01  2.01259834e-01  2.01249772e-01 -1.52521338e-05 -2.42482085e-11  1.18061463e-12 
 6.12426538e-05  2.00661423e-01  2.01259851e-01  2.01249787e-01 -1.52705956e-05  2.10031805e-11  8.40292300e-13 
 6.13426538e-05  2.00661417e-01  2.01259865e-01  2.01249803e-01 -1.52521330e-05 -2.42425789e-11  1.18070170e-12 
 6.14426538e-05  2.00661454e-01  2.01259882e-01  2.01249818e-01 -1.52705964e-05  2.09978066e-11  8.40204859e-13 
 6.15426538e-05  2.00661448e-01  2.01259896e-01  2.01249834e-01 -1.52521322e-05 -2.42371188e-11  1.18078865e-12 
 6.16426538e-05  2.00661486e-01  2.01259913e-01  2.01249850e-01 -1.52705971e-05  2.09922850e-11  8.40118285e-13 
 6.17426538e-05  2.00661479e-01  2.01259927e-01  2.01249865e-01 -1.52521314e-05 -2.42315432e-11  1.18087533e-12 
 6.18426538e-05  2.00661517e-01  2.01259944e-01  2.01249881e-01 -1.52705979e-05  2.09867022e-11  8.40031441e-13 
 6.19426538e-05  2.00661511e-01  2.01259958e-01  2.01249896e-01 -1.52521306e-05 -2.42260237e-11  1.18096239e-12 
 6.20426538e-05  2.00661548e-01  2.01259975e-01  2.01249912e-01 -1.52705987e-05  2.09811235e-11  8.39944162e-13 
 6.21426538e-05  2.00661542e-01  2.01259989e-01  2.01249927e-01 -1.52521298e-05 -2.42206442e-11  1.18104956e-12 
 6.22426538e-05  2.00661579e-01  2.01260006e-01  2.01249943e-01 -1.52705995e-05  2.09756353e-11  8.39856884e-13 
 6.23426538e-05  2.00661573e-01  2.01260020e-01  2.01249958e-01 -1.52521290e-05 -2.42148569e-11  1.18113727e-12 
 6.24426538e-05  2.00661610e-01  2.01260037e-01  2.01249974e-01 -1.52706003e-05  2.09701074e-11  8.39769172e-13 
 6.25426538e-05  2.00661604e-01  2.01260051e-01  2.01249989e-01 -1.52521282e-05 -2.42093708e-11  1.18122461e-12 
 6.26426538e-05  2.00661642e-01  2.01260068e-01  2.01250005e-01 -1.52706011e-05  2.09645396e-11  8.39681894e-13 
 6.27426538e-05  2.00661635e-01  2.01260082e-01  2.01250020e-01 -1.52521274e-05 -2.42039266e-11  1.18131178e-12 
 6.28426538e-05  2.00661673e-01  2.01260099e-01  2.01250036e-01 -1.52706019e-05  2.09588737e-11  8.39594453e-13 
 6.29426538e-05  2.00661667e-01  2.01260113e-01  2.01250051e-01 -1.52521266e-05 -2.41983376e-11  1.18139922e-12 
 6.30426538e-05  2.00661704e-01  2.01260130e-01  2.01250067e-01 -1.52706027e-05  2.09533831e-11  8.39507012e-13 
 6.31426538e-05  2.00661698e-01  2.01260144e-01  2.01250082e-01 -1.52521258e-05 -2.41926518e-11  1.18148687e-12 
 6.32426538e-05  2.00661735e-01  2.01260162e-01  2.01250098e-01 -1.52706034e-05  2.09478413e-11  8.39420167e-13 
 6.33426538e-05  2.00661729e-01  2.01260175e-01  2.01250113e-01 -1.52521250e-05 -2.41871497e-11  1.18157448e-12 
 6.34426538e-05  2.00661766e-01  2.01260193e-01  2.01250129e-01 -1.52706042e-05  2.09423258e-11  8.39332456e-13 
 6.35426538e-05  2.00661760e-01  2.01260206e-01  2.01250144e-01 -1.52521242e-05 -2.41815650e-11  1.18166197e-12 
 6.36426538e-05  2.00661797e-01  2.01260224e-01  2.01250160e-01 -1.52706050e-05  2.09367035e-11  8.39244635e-13 
 6.37426538e-05  2.00661791e-01  2.01260237e-01  2.01250175e-01 -1.52521234e-05 -2.41759262e-11  1.18174996e-12 
 6.38426538e-05  2.00661829e-01  2.01260255e-01  2.01250191e-01 -1.52706058e-05  2.09311357e-11  8.39156815e-13 
 6.39426538e-05  2.00661823e-01  2.01260269e-01  2.01250206e-01 -1.52521226e-05 -2.41704712e-11  1.18183718e-12 
 6.40426538e-05  2.00661860e-01  2.01260286e-01  2.01250222e-01 -1.52706066e-05  2.09255697e-11  8.39069808e-13 
 6.41426538e-05  2.00661854e-01  2.01260300e-01  2.01250237e-01 -1.52521218e-05 -2.41648793e-11  1.18192451e-12 
 6.42426538e-05  2.00661891e-01  2.01260317e-01  2.01250253e-01 -1.52706074e-05  2.09198592e-11  8.38981879e-13 
 6.43426538e-05  2.00661885e-01  2.01260331e-01  2.01250269e-01 -1.52521210e-05 -2.41593247e-11  1.18201271e-12 
 6.44426538e-05  2.00661922e-01  2.01260348e-01  2.01250284e-01 -1.52706082e-05  2.09143607e-11  8.38894167e-13 
 6.45426538e-05  2.00661916e-01  2.01260362e-01  2.01250300e-01 -1.52521202e-05 -2.41536851e-11  1.18210005e-12 
 6.46426538e-05  2.00661953e-01  2.01260379e-01  2.01250315e-01 -1.52706090e-05  2.09087567e-11  8.38806834e-13 
 6.47426538e-05  2.00661948e-01  2.01260393e-01  2.01250331e-01 -1.52521194e-05 -2.41482275e-11  1.18218776e-12 
 6.48426538e-05  2.00661985e-01  2.01260410e-01  2.01250346e-01 -1.52706098e-05  2.09032208e-11  8.38719610e-13 
 6.49426538e-05  2.00661979e-01  2.01260424e-01  2.01250362e-01 -1.52521187e-05 -2.41424511e-11  1.18227482e-12 
 6.50426538e-05  2.00662016e-01  2.01260441e-01  2.01250377e-01 -1.52706106e-05  2.08977174e-11  8.38631302e-13 
 6.51426538e-05  2.00662010e-01  2.01260455e-01  2.01250393e-01 -1.52521179e-05 -2.41369143e-11  1.18236291e-12 
 6.52426538e-05  2.00662047e-01  2.01260472e-01  2.01250408e-01 -1.52706113e-05  2.08920620e-11  8.38543590e-13 
 6.53426538e-05  2.00662041e-01  2.01260486e-01  2.01250424e-01 -1.52521171e-05 -2.41313514e-11  1.18245051e-12 
 6.54426538e-05  2.00662078e-01  2.01260503e-01  2.01250439e-01 -1.52706121e-05  2.08864590e-11  8.38456095e-13 
 6.55426538e-05  2.00662072e-01  2.01260517e-01  2.01250455e-01 -1.52521163e-05 -2.41257474e-11  1.18253828e-12 
 6.56426538e-05  2.00662109e-01  2.01260534e-01  2.01250470e-01 -1.52706129e-05  2.08809203e-11  8.38368762e-13 
 6.57426538e-05  2.00662104e-01  2.01260548e-01  2.01250486e-01 -1.52521155e-05 -2.41201659e-11  1.18262534e-12 
 6.58426538e-05  2.00662140e-01  2.01260565e-01  2.01250501e-01 -1.52706137e-05  2.08752440e-11  8.38280888e-13 
 6.59426538e-05  2.00662135e-01  2.01260579e-01  2.01250517e-01 -1.52521147e-05 -2.41147013e-11  1.18271311e-12 
 6.60426538e-05  2.00662172e-01  2.01260596e-01  2.01250532e-01 -1.52706145e-05  2.08696610e-11  8.38193881e-13 
 6.61426538e-05  2.00662166e-01  2.01260610e-01  2.01250548e-01 -1.52521139e-05 -2.41090208e-11  1.18280082e-12 
 6.62426538e-05  2.00662203e-01  2.01260627e-01  2.01250563e-01 -1.52706153e-05  2.08641578e-11  8.38106223e-13 
 6.63426538e-05  2.00662197e-01  2.01260641e-01  2.01250579e-01 -1.52521130e-05 -2.41033712e-11  1.18288750e-12 
 6.64426538e-05  2.00662234e-01  2.01260658e-01  2.01250595e-01 -1.52706161e-05  2.08584907e-11  8.38018619e-13 
 6.65426538e-05  2.00662228e-01  2.01260672e-01  2.01250610e-01 -1.52521122e-05 -2.40979079e-11  1.18297538e-12 
 6.66426538e-05  2.00662265e-01  2.01260689e-01  2.01250626e-01 -1.52706169e-05  2.08529231e-11  8.37931612e-13 
 6.67426538e-05  2.00662260e-01  2.01260703e-01  2.01250641e-01 -1.52521114e-05 -2.40921445e-11  1.18306298e-12 
 6.68426538e-05  2.00662296e-01  2.01260720e-01  2.01250657e-01 -1.52706177e-05  2.08473802e-11  8.37843358e-13 
 6.69426538e-05  2.00662291e-01  2.01260734e-01  2.01250672e-01 -1.52521106e-05 -2.40866678e-11  1.18315004e-12 
 6.70426538e-05  2.00662327e-01  2.01260751e-01  2.01250688e-01 -1.52706185e-05  2.08417396e-11  8.37756622e-13 
 6.71426538e-05  2.00662322e-01  2.01260765e-01  2.01250703e-01 -1.52521098e-05 -2.40810499e-11  1.18323748e-12 
 6.72426538e-05  2.00662359e-01  2.01260782e-01  2.01250719e-01 -1.52706193e-05  2.08361462e-11  8.37669289e-13 
 6.73426538e-05  2.00662353e-01  2.01260796e-01  2.01250734e-01 -1.52521090e-05 -2.40754456e-11  1.18332514e-12 
 6.74426538e-05  2.00662390e-01  2.01260814e-01  2.01250750e-01 -1.52706201e-05  2.08306018e-11  8.37581686e-13 
 6.75426538e-05  2.00662385e-01  2.01260827e-01  2.01250765e-01 -1.52521082e-05 -2.40698765e-11  1.18341253e-12 
 6.76426538e-05  2.00662421e-01  2.01260845e-01  2.01250781e-01 -1.52706209e-05  2.08249550e-11  8.37494299e-13 
 6.77426538e-05  2.00662416e-01  2.01260858e-01  2.01250796e-01 -1.52521074e-05 -2.40641706e-11  1.18349970e-12 
 6.78426538e-05  2.00662452e-01  2.01260876e-01  2.01250812e-01 -1.52706217e-05  2.08194644e-11  8.37406967e-13 
 6.79426538e-05  2.00662447e-01  2.01260889e-01  2.01250827e-01 -1.52521066e-05 -2.40587092e-11  1.18358681e-12 
 6.80426538e-05  2.00662483e-01  2.01260907e-01  2.01250843e-01 -1.52706225e-05  2.08137418e-11  8.37319743e-13 
 6.81426538e-05  2.00662478e-01  2.01260920e-01  2.01250858e-01 -1.52521058e-05 -2.40531063e-11  1.18367404e-12 
 6.82426538e-05  2.00662515e-01  2.01260938e-01  2.01250874e-01 -1.52706233e-05  2.08081748e-11  8.37232356e-13 
 6.83426538e-05  2.00662509e-01  2.01260951e-01  2.01250889e-01 -1.52521050e-05 -2.40475292e-11  1.18376137e-12 
 6.84426538e-05  2.00662546e-01  2.01260969e-01  2.01250905e-01 -1.52706240e-05  2.08025259e-11  8.37145132e-13 
 6.85426538e-05  2.00662541e-01  2.01260982e-01  2.01250920e-01 -1.52521042e-05 -2.40419507e-11  1.18384838e-12 
 6.86426538e-05  2.00662577e-01  2.01261000e-01  2.01250936e-01 -1.52706248e-05  2.07969184e-11  8.37058179e-13 
 6.87426538e-05  2.00662572e-01  2.01261013e-01  2.01250951e-01 -1.52521034e-05 -2.40363519e-11  1.18393571e-12 
 6.88426538e-05  2.00662608e-01  2.01261031e-01  2.01250967e-01 -1.52706256e-05  2.07914274e-11  8.36970955e-13 
 6.89426538e-05  2.00662603e-01  2.01261045e-01  2.01250982e-01 -1.52521026e-05 -2.40307442e-11  1.18402271e-12 
 6.90426538e-05  2.00662639e-01  2.01261062e-01  2.01250998e-01 -1.52706264e-05  2.07858106e-11  8.36884273e-13 
 6.91426538e-05  2.00662634e-01  2.01261076e-01  2.01251014e-01 -1.52521018e-05 -2.40249769e-11  1.18411026e-12 
 6.92426538e-05  2.00662670e-01  2.01261093e-01  2.01251029e-01 -1.52706272e-05  2.07801953e-11  8.36796452e-13 
 6.93426538e-05  2.00662665e-01  2.01261107e-01  2.01251045e-01 -1.52521010e-05 -2.40195724e-11  1.18419689e-12 
 6.94426538e-05  2.00662702e-01  2.01261124e-01  2.01251060e-01 -1.52706280e-05  2.07746732e-11  8.36710421e-13 
 6.95426538e-05  2.00662697e-01  2.01261138e-01  2.01251076e-01 -1.52521002e-05 -2.40138525e-11  1.18428374e-12 
 6.96426538e-05  2.00662733e-01  2.01261155e-01  2.01251091e-01 -1.52706288e-05  2.07689382e-11  8.36622926e-13 
 6.97426538e-05  2.00662728e-01  2.01261169e-01  2.01251107e-01 -1.52520994e-05 -2.40083966e-11  1.18437085e-12 
 6.98426538e-05  2.00662764e-01  2.01261186e-01  2.01251122e-01 -1.52706296e-05  2.07633552e-11  8.36536081e-13 
 6.99426538e-05  2.00662759e-01  2.01261200e-01  2.01251138e-01 -1.52520986e-05 -2.40028112e-11  1.18445743e-12 
 7.00426538e-05  2.00662795e-01  2.01261217e-01  2.01251153e-01 -1.52706304e-05  2.07577920e-11  8.36449345e-13 
 7.01426538e-05  2.00662790e-01  2.01261231e-01  2.01251169e-01 -1.52520978e-05 -2.39971805e-11  1.18454443e-12 
 7.02426538e-05  2.00662826e-01  2.01261248e-01  2.01251184e-01 -1.52706312e-05  2.07522031e-11  8.36362717e-13 
 7.03426538e-05  2.00662822e-01  2.01261262e-01  2.01251200e-01 -1.52520970e-05 -2.39915095e-11  1.18463111e-12 
 7.04426538e-05  2.00662858e-01  2.01261279e-01  2.01251215e-01 -1.52706320e-05  2.07465210e-11  8.36276144e-13 
 7.05426538e-05  2.00662853e-01  2.01261293e-01  2.01251231e-01 -1.52520962e-05 -2.39859153e-11  1.18471807e-12 
 7.06426538e-05  2.00662889e-01  2.01261310e-01  2.01251246e-01 -1.52706328e-05  2.07411044e-11  8.36189299e-13 
 7.07426538e-05  2.00662884e-01  2.01261324e-01  2.01251262e-01 -1.52520954e-05 -2.39803119e-11  1.18480453e-12 
 7.08426538e-05  2.00662920e-01  2.01261341e-01  2.01251277e-01 -1.52706336e-05  2.07354015e-11  8.36102075e-13 
 7.09426538e-05  2.00662915e-01  2.01261355e-01  2.01251293e-01 -1.52520946e-05 -2.39748098e-11  1.18489138e-12 
 7.10426538e-05  2.00662951e-01  2.01261372e-01  2.01251308e-01 -1.52706344e-05  2.07297565e-11  8.36016044e-13 
 7.11426538e-05  2.00662946e-01  2.01261386e-01  2.01251324e-01 -1.52520938e-05 -2.39692081e-11  1.18497730e-12 
 7.12426538e-05  2.00662982e-01  2.01261403e-01  2.01251339e-01 -1.52706352e-05  2.07242752e-11  8.35929687e-13 
 7.13426538e-05  2.00662978e-01  2.01261417e-01  2.01251355e-01 -1.52520930e-05 -2.39634794e-11  1.18506409e-12 
 7.14426538e-05  2.00663013e-01  2.01261434e-01  2.01251371e-01 -1.52706360e-05  2.07186321e-11  8.35842626e-13 
 7.15426538e-05  2.00663009e-01  2.01261448e-01  2.01251386e-01 -1.52520922e-05 -2.39580315e-11  1.18515056e-12 
 7.16426538e-05  2.00663045e-01  2.01261465e-01  2.01251402e-01 -1.52706368e-05  2.07130036e-11  8.35756974e-13 
 7.17426538e-05  2.00663040e-01  2.01261479e-01  2.01251417e-01 -1.52520913e-05 -2.39523343e-11  1.18523670e-12 
 7.18426538e-05  2.00663076e-01  2.01261497e-01  2.01251433e-01 -1.52706376e-05  2.07074126e-11  8.35671105e-13 
 7.19426538e-05  2.00663071e-01  2.01261510e-01  2.01251448e-01 -1.52520905e-05 -2.39467736e-11  1.18532349e-12 
 7.20426538e-05  2.00663107e-01  2.01261528e-01  2.01251464e-01 -1.52706384e-05  2.07018727e-11  8.35584369e-13 
 7.21426538e-05  2.00663102e-01  2.01261541e-01  2.01251479e-01 -1.52520897e-05 -2.39411123e-11  1.18540979e-12 
 7.22426538e-05  2.00663138e-01  2.01261559e-01  2.01251495e-01 -1.52706392e-05  2.06963008e-11  8.35497904e-13 
 7.23426538e-05  2.00663134e-01  2.01261572e-01  2.01251510e-01 -1.52520889e-05 -2.39354352e-11  1.18549647e-12 
 7.24426538e-05  2.00663169e-01  2.01261590e-01  2.01251526e-01 -1.52706400e-05  2.06908249e-11  8.35411547e-13 
 7.25426538e-05  2.00663165e-01  2.01261603e-01  2.01251541e-01 -1.52520881e-05 -2.39299002e-11  1.18558218e-12 
 7.26426538e-05  2.00663201e-01  2.01261621e-01  2.01251557e-01 -1.52706408e-05  2.06850561e-11  8.35325461e-13 
 7.27426538e-05  2.00663196e-01  2.01261634e-01  2.01251572e-01 -1.52520873e-05 -2.39243258e-11  1.18566848e-12 
 7.28426538e-05  2.00663232e-01  2.01261652e-01  2.01251588e-01 -1.52706416e-05  2.06795408e-11  8.35239213e-13 
 7.29426538e-05  2.00663227e-01  2.01261665e-01  2.01251603e-01 -1.52520865e-05 -2.39188008e-11  1.18575435e-12 
 7.30426538e-05  2.00663263e-01  2.01261683e-01  2.01251619e-01 -1.52706424e-05  2.06738921e-11  8.35153398e-13 
 7.31426538e-05  2.00663258e-01  2.01261696e-01  2.01251634e-01 -1.52520857e-05 -2.39131139e-11  1.18584005e-12 
 7.32426538e-05  2.00663294e-01  2.01261714e-01  2.01251650e-01 -1.52706432e-05  2.06682570e-11  8.35067692e-13 
 7.33426538e-05  2.00663290e-01  2.01261727e-01  2.01251665e-01 -1.52520849e-05 -2.39075990e-11  1.18592582e-12 
 7.34426538e-05  2.00663325e-01  2.01261745e-01  2.01251681e-01 -1.52706440e-05  2.06627126e-11  8.34981932e-13 
 7.35426538e-05  2.00663321e-01  2.01261758e-01  2.01251696e-01 -1.52520841e-05 -2.39019865e-11  1.18601195e-12 
 7.36426538e-05  2.00663356e-01  2.01261776e-01  2.01251712e-01 -1.52706448e-05  2.06570208e-11  8.34895629e-13 
 7.37426538e-05  2.00663352e-01  2.01261789e-01  2.01251727e-01 -1.52520833e-05 -2.38964820e-11  1.18609723e-12 
 7.38426538e-05  2.00663388e-01  2.01261807e-01  2.01251743e-01 -1.52706456e-05  2.06514450e-11  8.34810086e-13 
 7.39426538e-05  2.00663383e-01  2.01261820e-01  2.01251759e-01 -1.52520825e-05 -2.38908043e-11  1.18618320e-12 
 7.40426538e-05  2.00663419e-01  2.01261838e-01  2.01251774e-01 -1.52706464e-05  2.06459398e-11  8.34724271e-13 
 7.41426538e-05  2.00663415e-01  2.01261852e-01  2.01251790e-01 -1.52520817e-05 -2.38851731e-11  1.18626848e-12 
 7.42426538e-05  2.00663450e-01  2.01261869e-01  2.01251805e-01 -1.52706472e-05  2.06403501e-11  8.34638782e-13 
 7.43426538e-05  2.00663446e-01  2.01261883e-01  2.01251821e-01 -1.52520809e-05 -2.38796452e-11  1.18635424e-12 
 7.44426538e-05  2.00663481e-01  2.01261900e-01  2.01251836e-01 -1.52706480e-05  2.06346650e-11  8.34553076e-13 
 7.45426538e-05  2.00663477e-01  2.01261914e-01  2.01251852e-01 -1.52520801e-05 -2.38739870e-11  1.18644000e-12 
 7.46426538e-05  2.00663512e-01  2.01261931e-01  2.01251867e-01 -1.52706488e-05  2.06291275e-11  8.34467369e-13 
 7.47426538e-05  2.00663508e-01  2.01261945e-01  2.01251883e-01 -1.52520792e-05 -2.38684723e-11  1.18652511e-12 
 7.48426538e-05  2.00663543e-01  2.01261962e-01  2.01251898e-01 -1.52706496e-05  2.06235797e-11  8.34382802e-13 
 7.49426538e-05  2.00663539e-01  2.01261976e-01  2.01251914e-01 -1.52520784e-05 -2.38627076e-11  1.18661071e-12 
 7.50426538e-05  2.00663575e-01  2.01261993e-01  2.01251929e-01 -1.52706504e-05  2.06180706e-11  8.34297204e-13 
 7.51426538e-05  2.00663571e-01  2.01262007e-01  2.01251945e-01 -1.52520776e-05 -2.38572348e-11  1.18669587e-12 
 7.52426538e-05  2.00663606e-01  2.01262024e-01  2.01251960e-01 -1.52706512e-05  2.06123460e-11  8.34211769e-13 
 7.53426538e-05  2.00663602e-01  2.01262038e-01  2.01251976e-01 -1.52520768e-05 -2.38516622e-11  1.18678125e-12 
 7.54426538e-05  2.00663637e-01  2.01262055e-01  2.01251991e-01 -1.52706520e-05  2.06067164e-11  8.34126550e-13 
 7.55426538e-05  2.00663633e-01  2.01262069e-01  2.01252007e-01 -1.52520760e-05 -2.38461330e-11  1.18686636e-12 
 7.56426538e-05  2.00663668e-01  2.01262086e-01  2.01252022e-01 -1.52706528e-05  2.06011703e-11  8.34041495e-13 
 7.57426538e-05  2.00663664e-01  2.01262100e-01  2.01252038e-01 -1.52520752e-05 -2.38404988e-11  1.18695180e-12 
 7.58426538e-05  2.00663699e-01  2.01262117e-01  2.01252053e-01 -1.52706536e-05  2.05954665e-11  8.33956060e-13 
 7.59426538e-05  2.00663695e-01  2.01262131e-01  2.01252069e-01 -1.52520744e-05 -2.38350125e-11  1.18703663e-12 
 7.60426538e-05  2.00663731e-01  2.01262148e-01  2.01252084e-01 -1.52706544e-05  2.05899362e-11  8.33871438e-13 
 7.61426538e-05  2.00663727e-01  2.01262162e-01  2.01252100e-01 -1.52520736e-05 -2.38293270e-11  1.18712147e-12 
 7.62426538e-05  2.00663762e-01  2.01262180e-01  2.01252116e-01 -1.52706552e-05  2.05844502e-11  8.33786707e-13 
 7.63426538e-05  2.00663758e-01  2.01262193e-01  2.01252131e-01 -1.52520728e-05 -2.38236926e-11  1.18720604e-12 
 7.64426538e-05  2.00663793e-01  2.01262211e-01  2.01252147e-01 -1.52706560e-05  2.05789485e-11  8.33702085e-13 
 7.65426538e-05  2.00663789e-01  2.01262224e-01  2.01252162e-01 -1.52520720e-05 -2.38180829e-11  1.18729099e-12 
 7.66426538e-05  2.00663824e-01  2.01262242e-01  2.01252178e-01 -1.52706568e-05  2.05732814e-11  8.33617409e-13 
 7.67426538e-05  2.00663820e-01  2.01262255e-01  2.01252193e-01 -1.52520712e-05 -2.38124626e-11  1.18737528e-12 
 7.68426538e-05  2.00663855e-01  2.01262273e-01  2.01252209e-01 -1.52706576e-05  2.05676134e-11  8.33532462e-13 
 7.69426538e-05  2.00663852e-01  2.01262286e-01  2.01252224e-01 -1.52520704e-05 -2.38070366e-11  1.18745991e-12 
 7.70426538e-05  2.00663886e-01  2.01262304e-01  2.01252240e-01 -1.52706584e-05  2.05620252e-11  8.33448274e-13 
 7.71426538e-05  2.00663883e-01  2.01262317e-01  2.01252255e-01 -1.52520696e-05 -2.38013160e-11  1.18754464e-12 
 7.72426538e-05  2.00663918e-01  2.01262335e-01  2.01252271e-01 -1.52706592e-05  2.05565302e-11  8.33363109e-13 
 7.73426538e-05  2.00663914e-01  2.01262348e-01  2.01252286e-01 -1.52520687e-05 -2.37958494e-11  1.18762893e-12 
 7.74426538e-05  2.00663949e-01  2.01262366e-01  2.01252302e-01 -1.52706600e-05  2.05509403e-11  8.33278758e-13 
 7.75426538e-05  2.00663945e-01  2.01262379e-01  2.01252317e-01 -1.52520679e-05 -2.37900841e-11  1.18771372e-12 
 7.76426538e-05  2.00663980e-01  2.01262397e-01  2.01252333e-01 -1.52706608e-05  2.05454163e-11  8.33194353e-13 
 7.77426538e-05  2.00663976e-01  2.01262410e-01  2.01252348e-01 -1.52520671e-05 -2.37846034e-11  1.18779736e-12 
 7.78426538e-05  2.00664011e-01  2.01262428e-01  2.01252364e-01 -1.52706616e-05  2.05397713e-11  8.33110707e-13 
 7.79426538e-05  2.00664008e-01  2.01262441e-01  2.01252379e-01 -1.52520663e-05 -2.37789948e-11  1.18788193e-12 
 7.80426538e-05  2.00664042e-01  2.01262459e-01  2.01252395e-01 -1.52706624e-05  2.05342130e-11  8.33026681e-13 
 7.81426538e-05  2.00664039e-01  2.01262472e-01  2.01252410e-01 -1.52520655e-05 -2.37733587e-11  1.18796590e-12 
 7.82426538e-05  2.00664074e-01  2.01262490e-01  2.01252426e-01 -1.52706632e-05  2.05286179e-11  8.32942547e-13 
 7.83426538e-05  2.00664070e-01  2.01262503e-01  2.01252441e-01 -1.52520647e-05 -2.37679132e-11  1.18805004e-12 
 7.84426538e-05  2.00664105e-01  2.01262521e-01  2.01252457e-01 -1.52706640e-05  2.05230295e-11  8.32858522e-13 
 7.85426538e-05  2.00664101e-01  2.01262534e-01  2.01252472e-01 -1.52520639e-05 -2.37622604e-11  1.18813396e-12 
 7.86426538e-05  2.00664136e-01  2.01262552e-01  2.01252488e-01 -1.52706648e-05  2.05174354e-11  8.32774604e-13 
 7.87426538e-05  2.00664132e-01  2.01262565e-01  2.01252503e-01 -1.52520631e-05 -2.37566874e-11  1.18821787e-12 
 7.88426538e-05  2.00664167e-01  2.01262583e-01  2.01252519e-01 -1.52706656e-05  2.05119127e-11  8.32690796e-13 
 7.89426538e-05  2.00664164e-01  2.01262596e-01  2.01252535e-01 -1.52520623e-05 -2.37510957e-11  1.18830163e-12 
 7.90426538e-05  2.00664198e-01  2.01262614e-01  2.01252550e-01 -1.52706664e-05  2.05063284e-11  8.32607149e-13 
 7.91426538e-05  2.00664195e-01  2.01262628e-01  2.01252566e-01 -1.52520615e-05 -2.37455732e-11  1.18838527e-12 
 7.92426538e-05  2.00664229e-01  2.01262645e-01  2.01252581e-01 -1.52706672e-05  2.05007532e-11  8.32523286e-13 
 7.93426538e-05  2.00664226e-01  2.01262659e-01  2.01252597e-01 -1.52520607e-05 -2.37399161e-11  1.18846903e-12 
 7.94426538e-05  2.00664261e-01  2.01262676e-01  2.01252612e-01 -1.52706680e-05  2.04952134e-11  8.32440074e-13 
 7.95426538e-05  2.00664257e-01  2.01262690e-01  2.01252628e-01 -1.52520599e-05 -2.37343610e-11  1.18855246e-12 
 7.96426538e-05  2.00664292e-01  2.01262707e-01  2.01252643e-01 -1.52706688e-05  2.04896159e-11  8.32356482e-13 
 7.97426538e-05  2.00664288e-01  2.01262721e-01  2.01252659e-01 -1.52520590e-05 -2.37287182e-11  1.18863583e-12 
 7.98426538e-05  2.00664323e-01  2.01262738e-01  2.01252674e-01 -1.52706696e-05  2.04840407e-11  8.32272836e-13 
 7.99426538e-05  2.00664320e-01  2.01262752e-01  2.01252690e-01 -1.52520582e-05 -2.37233080e-11  1.18871910e-12 
 8.00426538e-05  2.00664354e-01  2.01262769e-01  2.01252705e-01 -1.52706704e-05  2.04783690e-11  8.32189677e-13 
 8.01426538e-05  2.00664351e-01  2.01262783e-01  2.01252721e-01 -1.52520574e-05 -2.37177480e-11  1.18880291e-12 
 8.02426538e-05  2.00664385e-01  2.01262800e-01  2.01252736e-01 -1.52706712e-05  2.04727867e-11  8.32105869e-13 
 8.03426538e-05  2.00664382e-01  2.01262814e-01  2.01252752e-01 -1.52520566e-05 -2.37120874e-11  1.18888607e-12 
 8.04426538e-05  2.00664417e-01  2.01262831e-01  2.01252767e-01 -1.52706720e-05  2.04673221e-11  8.32023036e-13 
 8.05426538e-05  2.00664413e-01  2.01262845e-01  2.01252783e-01 -1.52520558e-05 -2.37065831e-11  1.18896868e-12 
 8.06426538e-05  2.00664448e-01  2.01262863e-01  2.01252798e-01 -1.52706728e-05  2.04617820e-11  8.31940365e-13 
 8.07426538e-05  2.00664445e-01  2.01262876e-01  2.01252814e-01 -1.52520550e-05 -2.37008720e-11  1.18905195e-12 
 8.08426538e-05  2.00664479e-01  2.01262894e-01  2.01252829e-01 -1.52706736e-05  2.04561880e-11  8.31857153e-13 
 8.09426538e-05  2.00664476e-01  2.01262907e-01  2.01252845e-01 -1.52520542e-05 -2.36953816e-11  1.18913522e-12 
 8.10426538e-05  2.00664510e-01  2.01262925e-01  2.01252860e-01 -1.52706744e-05  2.04506024e-11  8.31774265e-13 
 8.11426538e-05  2.00664507e-01  2.01262938e-01  2.01252876e-01 -1.52520534e-05 -2.36898186e-11  1.18921778e-12 
 8.12426538e-05  2.00664541e-01  2.01262956e-01  2.01252892e-01 -1.52706752e-05  2.04449730e-11  8.31691812e-13 
 8.13426538e-05  2.00664538e-01  2.01262969e-01  2.01252907e-01 -1.52520526e-05 -2.36843195e-11  1.18930012e-12 
 8.14426538e-05  2.00664572e-01  2.01262987e-01  2.01252923e-01 -1.52706760e-05  2.04394583e-11  8.31609196e-13 
 8.15426538e-05  2.00664569e-01  2.01263000e-01  2.01252938e-01 -1.52520518e-05 -2.36786537e-11  1.18938285e-12 
 8.16426538e-05  2.00664604e-01  2.01263018e-01  2.01252954e-01 -1.52706768e-05  2.04339061e-11  8.31526146e-13 
 8.17426538e-05  2.00664601e-01  2.01263031e-01  2.01252969e-01 -1.52520510e-05 -2.36731958e-11  1.18946563e-12 
 8.18426538e-05  2.00664635e-01  2.01263049e-01  2.01252985e-01 -1.52706776e-05  2.04283029e-11  8.31443367e-13 
 8.19426538e-05  2.00664632e-01  2.01263062e-01  2.01253000e-01 -1.52520502e-05 -2.36676030e-11  1.18954824e-12 
 8.20426538e-05  2.00664666e-01  2.01263080e-01  2.01253016e-01 -1.52706784e-05  2.04227891e-11  8.31361293e-13 
 8.21426538e-05  2.00664663e-01  2.01263093e-01  2.01253031e-01 -1.52520493e-05 -2.36619962e-11  1.18963021e-12 
 8.22426538e-05  2.00664697e-01  2.01263111e-01  2.01253047e-01 -1.52706792e-05  2.04171714e-11  8.31279164e-13 
 8.23426538e-05  2.00664694e-01  2.01263124e-01  2.01253062e-01 -1.52520485e-05 -2.36564882e-11  1.18971245e-12 
 8.24426538e-05  2.00664728e-01  2.01263142e-01  2.01253078e-01 -1.52706800e-05  2.04116340e-11  8.31197199e-13 
 8.25426538e-05  2.00664725e-01  2.01263155e-01  2.01253093e-01 -1.52520477e-05 -2.36508339e-11  1.18979517e-12 
 8.26426538e-05  2.00664759e-01  2.01263173e-01  2.01253109e-01 -1.52706808e-05  2.04061672e-11  8.31114528e-13 
 8.27426538e-05  2.00664757e-01  2.01263186e-01  2.01253124e-01 -1.52520469e-05 -2.36453567e-11  1.18987692e-12 
 8.28426538e-05  2.00664791e-01  2.01263204e-01  2.01253140e-01 -1.52706816e-05  2.04005025e-11  8.31032508e-13 
 8.29426538e-05  2.00664788e-01  2.01263217e-01  2.01253155e-01 -1.52520461e-05 -2.36398102e-11  1.18995878e-12 
 8.30426538e-05  2.00664822e-01  2.01263235e-01  2.01253171e-01 -1.52706824e-05  2.03949435e-11  8.30950597e-13 
 8.31426538e-05  2.00664819e-01  2.01263248e-01  2.01253186e-01 -1.52520453e-05 -2.36342662e-11  1.19004090e-12 
 8.32426538e-05  2.00664853e-01  2.01263266e-01  2.01253202e-01 -1.52706832e-05  2.03893894e-11  8.30868631e-13 
 8.33426538e-05  2.00664850e-01  2.01263279e-01  2.01253217e-01 -1.52520445e-05 -2.36287025e-11  1.19012260e-12 
 8.34426538e-05  2.00664884e-01  2.01263297e-01  2.01253233e-01 -1.52706840e-05  2.03838736e-11  8.30787099e-13 
 8.35426538e-05  2.00664882e-01  2.01263310e-01  2.01253248e-01 -1.52520437e-05 -2.36231640e-11  1.19020429e-12 
 8.36426538e-05  2.00664915e-01  2.01263328e-01  2.01253264e-01 -1.52706848e-05  2.03782134e-11  8.30705188e-13 
 8.37426538e-05  2.00664913e-01  2.01263341e-01  2.01253280e-01 -1.52520429e-05 -2.36176111e-11  1.19028610e-12 
 8.38426538e-05  2.00664947e-01  2.01263359e-01  2.01253295e-01 -1.52706856e-05  2.03727311e-11  8.30623927e-13 
 8.39426538e-05  2.00664944e-01  2.01263373e-01  2.01253311e-01 -1.52520421e-05 -2.36120954e-11  1.19036752e-12 
 8.40426538e-05  2.00664978e-01  2.01263390e-01  2.01253326e-01 -1.52706864e-05  2.03670826e-11  8.30542503e-13 
 8.41426538e-05  2.00664975e-01  2.01263404e-01  2.01253342e-01 -1.52520413e-05 -2.36065061e-11  1.19044884e-12 
 8.42426538e-05  2.00665009e-01  2.01263421e-01  2.01253357e-01 -1.52706872e-05  2.03616063e-11  8.30460646e-13 
 8.43426538e-05  2.00665006e-01  2.01263435e-01  2.01253373e-01 -1.52520405e-05 -2.36010116e-11  1.19053058e-12 
 8.44426538e-05  2.00665040e-01  2.01263452e-01  2.01253388e-01 -1.52706880e-05  2.03560263e-11  8.30379439e-13 
 8.45426538e-05  2.00665038e-01  2.01263466e-01  2.01253404e-01 -1.52520397e-05 -2.35953926e-11  1.19061152e-12 
 8.46426538e-05  2.00665071e-01  2.01263483e-01  2.01253419e-01 -1.52706888e-05  2.03505368e-11  8.30298070e-13 
 8.47426538e-05  2.00665069e-01  2.01263497e-01  2.01253435e-01 -1.52520388e-05 -2.35899039e-11  1.19069311e-12 
 8.48426538e-05  2.00665102e-01  2.01263514e-01  2.01253450e-01 -1.52706896e-05  2.03448441e-11  8.30216809e-13 
 8.49426538e-05  2.00665100e-01  2.01263528e-01  2.01253466e-01 -1.52520380e-05 -2.35843732e-11  1.19077448e-12 
 8.50426538e-05  2.00665134e-01  2.01263546e-01  2.01253481e-01 -1.52706904e-05  2.03394352e-11  8.30135656e-13 
 8.51426538e-05  2.00665131e-01  2.01263559e-01  2.01253497e-01 -1.52520372e-05 -2.35788435e-11  1.19085509e-12 
 8.52426538e-05  2.00665165e-01  2.01263577e-01  2.01253512e-01 -1.52706912e-05  2.03339494e-11  8.30055154e-13 
 8.53426538e-05  2.00665162e-01  2.01263590e-01  2.01253528e-01 -1.52520364e-05 -2.35732089e-11  1.19093564e-12 
 8.54426538e-05  2.00665196e-01  2.01263608e-01  2.01253543e-01 -1.52706920e-05  2.03282415e-11  8.29974707e-13 
 8.55426538e-05  2.00665194e-01  2.01263621e-01  2.01253559e-01 -1.52520356e-05 -2.35677552e-11  1.19101652e-12 
 8.56426538e-05  2.00665227e-01  2.01263639e-01  2.01253574e-01 -1.52706928e-05  2.03227728e-11  8.29893825e-13 
 8.57426538e-05  2.00665225e-01  2.01263652e-01  2.01253590e-01 -1.52520348e-05 -2.35622212e-11  1.19109741e-12 
 8.58426538e-05  2.00665258e-01  2.01263670e-01  2.01253605e-01 -1.52706936e-05  2.03172086e-11  8.29813377e-13 
 8.59426538e-05  2.00665256e-01  2.01263683e-01  2.01253621e-01 -1.52520340e-05 -2.35565909e-11  1.19117731e-12 
 8.60426538e-05  2.00665290e-01  2.01263701e-01  2.01253637e-01 -1.52706944e-05  2.03117740e-11  8.29733038e-13 
 8.61426538e-05  2.00665287e-01  2.01263714e-01  2.01253652e-01 -1.52520332e-05 -2.35510806e-11  1.19125760e-12 
 8.62426538e-05  2.00665321e-01  2.01263732e-01  2.01253668e-01 -1.52706952e-05  2.03061467e-11  8.29652373e-13 
 8.63426538e-05  2.00665318e-01  2.01263745e-01  2.01253683e-01 -1.52520324e-05 -2.35456012e-11  1.19133831e-12 
 8.64426538e-05  2.00665352e-01  2.01263763e-01  2.01253699e-01 -1.52706960e-05  2.03005989e-11  8.29571871e-13 
 8.65426538e-05  2.00665350e-01  2.01263776e-01  2.01253714e-01 -1.52520316e-05 -2.35399549e-11  1.19141871e-12 
 8.66426538e-05  2.00665383e-01  2.01263794e-01  2.01253730e-01 -1.52706968e-05  2.02950879e-11  8.29491640e-13 
 8.67426538e-05  2.00665381e-01  2.01263807e-01  2.01253745e-01 -1.52520308e-05 -2.35345448e-11  1.19149883e-12 
 8.68426538e-05  2.00665414e-01  2.01263825e-01  2.01253761e-01 -1.52706976e-05  2.02895803e-11  8.29411518e-13 
 8.69426538e-05  2.00665412e-01  2.01263838e-01  2.01253776e-01 -1.52520300e-05 -2.35289175e-11  1.19157928e-12 
 8.70426538e-05  2.00665445e-01  2.01263856e-01  2.01253792e-01 -1.52706984e-05  2.02841567e-11  8.29331504e-13 
 8.71426538e-05  2.00665443e-01  2.01263869e-01  2.01253807e-01 -1.52520292e-05 -2.35233779e-11  1.19165891e-12 
 8.72426538e-05  2.00665477e-01  2.01263887e-01  2.01253823e-01 -1.52706992e-05  2.02785260e-11  8.29251761e-13 
 8.73426538e-05  2.00665475e-01  2.01263900e-01  2.01253838e-01 -1.52520284e-05 -2.35177843e-11  1.19173909e-12 
 8.74426538e-05  2.00665508e-01  2.01263918e-01  2.01253854e-01 -1.52707000e-05  2.02730025e-11  8.29171746e-13 
 8.75426538e-05  2.00665506e-01  2.01263931e-01  2.01253869e-01 -1.52520276e-05 -2.35124090e-11  1.19181862e-12 
 8.76426538e-05  2.00665539e-01  2.01263949e-01  2.01253885e-01 -1.52707008e-05  2.02674565e-11  8.29091895e-13 
 8.77426538e-05  2.00665537e-01  2.01263962e-01  2.01253900e-01 -1.52520267e-05 -2.35068044e-11  1.19189852e-12 
 8.78426538e-05  2.00665570e-01  2.01263980e-01  2.01253916e-01 -1.52707016e-05  2.02619514e-11  8.29012152e-13 
 8.79426538e-05  2.00665568e-01  2.01263993e-01  2.01253931e-01 -1.52520259e-05 -2.35013372e-11  1.19197794e-12 
 8.80426538e-05  2.00665601e-01  2.01264011e-01  2.01253947e-01 -1.52707024e-05  2.02563662e-11  8.28932788e-13 
 8.81426538e-05  2.00665599e-01  2.01264024e-01  2.01253962e-01 -1.52520251e-05 -2.34957264e-11  1.19205752e-12 
 8.82426538e-05  2.00665633e-01  2.01264042e-01  2.01253978e-01 -1.52707032e-05  2.02509693e-11  8.28853045e-13 
 8.83426538e-05  2.00665631e-01  2.01264055e-01  2.01253993e-01 -1.52520243e-05 -2.34902850e-11  1.19213705e-12 
 8.84426538e-05  2.00665664e-01  2.01264073e-01  2.01254009e-01 -1.52707040e-05  2.02453579e-11  8.28773844e-13 
 8.85426538e-05  2.00665662e-01  2.01264086e-01  2.01254025e-01 -1.52520235e-05 -2.34846279e-11  1.19221652e-12 
 8.86426538e-05  2.00665695e-01  2.01264104e-01  2.01254040e-01 -1.52707048e-05  2.02399037e-11  8.28694318e-13 
 8.87426538e-05  2.00665693e-01  2.01264117e-01  2.01254056e-01 -1.52520227e-05 -2.34791342e-11  1.19229594e-12 
 8.88426538e-05  2.00665726e-01  2.01264135e-01  2.01254071e-01 -1.52707056e-05  2.02343734e-11  8.28615009e-13 
 8.89426538e-05  2.00665724e-01  2.01264149e-01  2.01254087e-01 -1.52520219e-05 -2.34736818e-11  1.19237476e-12 
 8.90426538e-05  2.00665757e-01  2.01264166e-01  2.01254102e-01 -1.52707064e-05  2.02287690e-11  8.28536079e-13 
 8.91426538e-05  2.00665755e-01  2.01264180e-01  2.01254118e-01 -1.52520211e-05 -2.34682729e-11  1.19245363e-12 
 8.92426538e-05  2.00665788e-01  2.01264197e-01  2.01254133e-01 -1.52707072e-05  2.02231910e-11  8.28457095e-13 
 8.93426538e-05  2.00665787e-01  2.01264211e-01  2.01254149e-01 -1.52520203e-05 -2.34626812e-11  1.19253262e-12 
 8.94426538e-05  2.00665820e-01  2.01264228e-01  2.01254164e-01 -1.52707080e-05  2.02177825e-11  8.28378327e-13 
 8.95426538e-05  2.00665818e-01  2.01264242e-01  2.01254180e-01 -1.52520195e-05 -2.34570874e-11  1.19261155e-12 
 8.96426538e-05  2.00665851e-01  2.01264260e-01  2.01254195e-01 -1.52707088e-05  2.02123017e-11  8.28299668e-13 
 8.97426538e-05  2.00665849e-01  2.01264273e-01  2.01254211e-01 -1.52520187e-05 -2.34516471e-11  1.19269053e-12 
 8.98426538e-05  2.00665882e-01  2.01264291e-01  2.01254226e-01 -1.52707096e-05  2.02067031e-11  8.28220793e-13 
 8.99426538e-05  2.00665880e-01  2.01264304e-01  2.01254242e-01 -1.52520179e-05 -2.34461263e-11  1.19276849e-12 
 9.00426538e-05  2.00665913e-01  2.01264322e-01  2.01254257e-01 -1.52707104e-05  2.02012098e-11  8.28142839e-13 
 9.01426538e-05  2.00665912e-01  2.01264335e-01  2.01254273e-01 -1.52520171e-05 -2.34406609e-11  1.19284747e-12 
 9.02426538e-05  2.00665944e-01  2.01264353e-01  2.01254288e-01 -1.52707112e-05  2.01957472e-11  8.28064342e-13 
 9.03426538e-05  2.00665943e-01  2.01264366e-01  2.01254304e-01 -1.52520163e-05 -2.34351234e-11  1.19292575e-12 
 9.04426538e-05  2.00665975e-01  2.01264384e-01  2.01254319e-01 -1.52707120e-05  2.01901874e-11  8.27985738e-13 
 9.05426538e-05  2.00665974e-01  2.01264397e-01  2.01254335e-01 -1.52520155e-05 -2.34295439e-11  1.19300387e-12 
 9.06426538e-05  2.00666007e-01  2.01264415e-01  2.01254350e-01 -1.52707128e-05  2.01847573e-11  8.27907296e-13 
 9.07426538e-05  2.00666005e-01  2.01264428e-01  2.01254366e-01 -1.52520147e-05 -2.34241029e-11  1.19308187e-12 
 9.08426538e-05  2.00666038e-01  2.01264446e-01  2.01254381e-01 -1.52707136e-05  2.01791459e-11  8.27829179e-13 
 9.09426538e-05  2.00666036e-01  2.01264459e-01  2.01254397e-01 -1.52520139e-05 -2.34186175e-11  1.19316026e-12 
 9.10426538e-05  2.00666069e-01  2.01264477e-01  2.01254413e-01 -1.52707144e-05  2.01736496e-11  8.27751225e-13 
 9.11426538e-05  2.00666068e-01  2.01264490e-01  2.01254428e-01 -1.52520131e-05 -2.34131237e-11  1.19323860e-12 
 9.12426538e-05  2.00666100e-01  2.01264508e-01  2.01254444e-01 -1.52707152e-05  2.01681167e-11  8.27672945e-13 
 9.13426538e-05  2.00666099e-01  2.01264521e-01  2.01254459e-01 -1.52520122e-05 -2.34076296e-11  1.19331622e-12 
 9.14426538e-05  2.00666131e-01  2.01264539e-01  2.01254475e-01 -1.52707160e-05  2.01626860e-11  8.27595208e-13 
 9.15426538e-05  2.00666130e-01  2.01264552e-01  2.01254490e-01 -1.52520114e-05 -2.34020843e-11  1.19339385e-12 
 9.16426538e-05  2.00666163e-01  2.01264570e-01  2.01254506e-01 -1.52707168e-05  2.01572465e-11  8.27518284e-13 
 9.17426538e-05  2.00666161e-01  2.01264583e-01  2.01254521e-01 -1.52520106e-05 -2.33964922e-11  1.19347137e-12 
 9.18426538e-05  2.00666194e-01  2.01264601e-01  2.01254537e-01 -1.52707176e-05  2.01516718e-11  8.27440167e-13 
 9.19426538e-05  2.00666192e-01  2.01264614e-01  2.01254552e-01 -1.52520098e-05 -2.33911026e-11  1.19354955e-12 
 9.20426538e-05  2.00666225e-01  2.01264632e-01  2.01254568e-01 -1.52707183e-05  2.01462057e-11  8.27362592e-13 
 9.21426538e-05  2.00666224e-01  2.01264645e-01  2.01254583e-01 -1.52520090e-05 -2.33855092e-11  1.19362663e-12 
 9.22426538e-05  2.00666256e-01  2.01264663e-01  2.01254599e-01 -1.52707191e-05  2.01408144e-11  8.27285343e-13 
 9.23426538e-05  2.00666255e-01  2.01264676e-01  2.01254614e-01 -1.52520082e-05 -2.33800505e-11  1.19370404e-12 
 9.24426538e-05  2.00666287e-01  2.01264694e-01  2.01254630e-01 -1.52707199e-05  2.01352867e-11  8.27207714e-13 
 9.25426538e-05  2.00666286e-01  2.01264707e-01  2.01254645e-01 -1.52520074e-05 -2.33745558e-11  1.19378135e-12 
 9.26426538e-05  2.00666318e-01  2.01264725e-01  2.01254661e-01 -1.52707207e-05  2.01296447e-11  8.27130248e-13 
 9.27426538e-05  2.00666317e-01  2.01264738e-01  2.01254676e-01 -1.52520066e-05 -2.33691599e-11  1.19385843e-12 
 9.28426538e-05  2.00666350e-01  2.01264756e-01  2.01254692e-01 -1.52707215e-05  2.01242731e-11  8.27053486e-13 
 9.29426538e-05  2.00666348e-01  2.01264769e-01  2.01254707e-01 -1.52520058e-05 -2.33635700e-11  1.19393579e-12 
 9.30426538e-05  2.00666381e-01  2.01264787e-01  2.01254723e-01 -1.52707223e-05  2.01185986e-11  8.26975912e-13 
 9.31426538e-05  2.00666380e-01  2.01264800e-01  2.01254738e-01 -1.52520050e-05 -2.33582494e-11  1.19401326e-12 
 9.32426538e-05  2.00666412e-01  2.01264818e-01  2.01254754e-01 -1.52707231e-05  2.01132238e-11  8.26899096e-13 
 9.33426538e-05  2.00666411e-01  2.01264831e-01  2.01254769e-01 -1.52520042e-05 -2.33526373e-11  1.19409002e-12 
 9.34426538e-05  2.00666443e-01  2.01264849e-01  2.01254785e-01 -1.52707239e-05  2.01078596e-11  8.26822389e-13 
 9.35426538e-05  2.00666442e-01  2.01264862e-01  2.01254801e-01 -1.52520034e-05 -2.33470860e-11  1.19416629e-12 
 9.36426538e-05  2.00666474e-01  2.01264880e-01  2.01254816e-01 -1.52707247e-05  2.01023148e-11  8.26746115e-13 
 9.37426538e-05  2.00666473e-01  2.01264894e-01  2.01254832e-01 -1.52520026e-05 -2.33415980e-11  1.19424311e-12 
 9.38426538e-05  2.00666506e-01  2.01264911e-01  2.01254847e-01 -1.52707255e-05  2.00968239e-11  8.26668757e-13 
 9.39426538e-05  2.00666505e-01  2.01264925e-01  2.01254863e-01 -1.52520018e-05 -2.33361306e-11  1.19431960e-12 
 9.40426538e-05  2.00666537e-01  2.01264942e-01  2.01254878e-01 -1.52707263e-05  2.00913453e-11  8.26592213e-13 
 9.41426538e-05  2.00666536e-01  2.01264956e-01  2.01254894e-01 -1.52520010e-05 -2.33306755e-11  1.19439642e-12 
 9.42426538e-05  2.00666568e-01  2.01264974e-01  2.01254909e-01 -1.52707271e-05  2.00857911e-11  8.26515505e-13 
 9.43426538e-05  2.00666567e-01  2.01264987e-01  2.01254925e-01 -1.52520002e-05 -2.33253336e-11  1.19447285e-12 
 9.44426538e-05  2.00666599e-01  2.01265005e-01  2.01254940e-01 -1.52707279e-05  2.00803122e-11  8.26439340e-13 
 9.45426538e-05  2.00666598e-01  2.01265018e-01  2.01254956e-01 -1.52519994e-05 -2.33197368e-11  1.19454891e-12 
 9.46426538e-05  2.00666630e-01  2.01265036e-01  2.01254971e-01 -1.52707287e-05  2.00748888e-11  8.26362958e-13 
 9.47426538e-05  2.00666629e-01  2.01265049e-01  2.01254987e-01 -1.52519986e-05 -2.33142581e-11  1.19462551e-12 
 9.48426538e-05  2.00666661e-01  2.01265067e-01  2.01255002e-01 -1.52707295e-05  2.00694658e-11  8.26287660e-13 
 9.49426538e-05  2.00666661e-01  2.01265080e-01  2.01255018e-01 -1.52519978e-05 -2.33088611e-11  1.19470102e-12 
 9.50426538e-05  2.00666693e-01  2.01265098e-01  2.01255033e-01 -1.52707303e-05  2.00637592e-11  8.26211387e-13 
 9.51426538e-05  2.00666692e-01  2.01265111e-01  2.01255049e-01 -1.52519970e-05 -2.33033636e-11  1.19477762e-12 
 9.52426538e-05  2.00666724e-01  2.01265129e-01  2.01255064e-01 -1.52707311e-05  2.00584985e-11  8.26135167e-13 
 9.53426538e-05  2.00666723e-01  2.01265142e-01  2.01255080e-01 -1.52519962e-05 -2.32978485e-11  1.19485270e-12 
 9.54426538e-05  2.00666755e-01  2.01265160e-01  2.01255095e-01 -1.52707319e-05  2.00529621e-11  8.26059761e-13 
 9.55426538e-05  2.00666754e-01  2.01265173e-01  2.01255111e-01 -1.52519954e-05 -2.32923878e-11  1.19492838e-12 
 9.56426538e-05  2.00666786e-01  2.01265191e-01  2.01255126e-01 -1.52707327e-05  2.00475396e-11  8.25983813e-13 
 9.57426538e-05  2.00666785e-01  2.01265204e-01  2.01255142e-01 -1.52519946e-05 -2.32869566e-11  1.19500438e-12 
 9.58426538e-05  2.00666817e-01  2.01265222e-01  2.01255158e-01 -1.52707335e-05  2.00419440e-11  8.25908135e-13 
 9.59426538e-05  2.00666817e-01  2.01265235e-01  2.01255173e-01 -1.52519938e-05 -2.32814991e-11  1.19508001e-12 
 9.60426538e-05  2.00666849e-01  2.01265253e-01  2.01255189e-01 -1.52707343e-05  2.00365230e-11  8.25832187e-13 
 9.61426538e-05  2.00666848e-01  2.01265266e-01  2.01255204e-01 -1.52519930e-05 -2.32760903e-11  1.19515557e-12 
 9.62426538e-05  2.00666880e-01  2.01265284e-01  2.01255220e-01 -1.52707351e-05  2.00310929e-11  8.25757160e-13 
 9.63426538e-05  2.00666879e-01  2.01265297e-01  2.01255235e-01 -1.52519922e-05 -2.32704598e-11  1.19523087e-12 
 9.64426538e-05  2.00666911e-01  2.01265315e-01  2.01255251e-01 -1.52707358e-05  2.00257087e-11  8.25681754e-13 
 9.65426538e-05  2.00666910e-01  2.01265328e-01  2.01255266e-01 -1.52519914e-05 -2.32650166e-11  1.19530633e-12 
 9.66426538e-05  2.00666942e-01  2.01265346e-01  2.01255282e-01 -1.52707366e-05  2.00202311e-11  8.25606727e-13 
 9.67426538e-05  2.00666941e-01  2.01265359e-01  2.01255297e-01 -1.52519906e-05 -2.32595683e-11  1.19538136e-12 
 9.68426538e-05  2.00666973e-01  2.01265377e-01  2.01255313e-01 -1.52707374e-05  2.00147050e-11  8.25531429e-13 
 9.69426538e-05  2.00666973e-01  2.01265390e-01  2.01255328e-01 -1.52519898e-05 -2.32540558e-11  1.19545693e-12 
 9.70426538e-05  2.00667004e-01  2.01265408e-01  2.01255344e-01 -1.52707382e-05  2.00093299e-11  8.25456240e-13 
 9.71426538e-05  2.00667004e-01  2.01265421e-01  2.01255359e-01 -1.52519890e-05 -2.32486706e-11  1.19553174e-12 
 9.72426538e-05  2.00667036e-01  2.01265439e-01  2.01255375e-01 -1.52707390e-05  2.00038662e-11  8.25381267e-13 
 9.73426538e-05  2.00667035e-01  2.01265452e-01  2.01255390e-01 -1.52519882e-05 -2.32432266e-11  1.19560644e-12 
 9.74426538e-05  2.00667067e-01  2.01265470e-01  2.01255406e-01 -1.52707398e-05  1.99983825e-11  8.25306783e-13 
 9.75426538e-05  2.00667066e-01  2.01265483e-01  2.01255421e-01 -1.52519874e-05 -2.32377444e-11  1.19568147e-12 
 9.76426538e-05  2.00667098e-01  2.01265501e-01  2.01255437e-01 -1.52707406e-05  1.99929305e-11  8.25231593e-13 
 9.77426538e-05  2.00667098e-01  2.01265514e-01  2.01255452e-01 -1.52519866e-05 -2.32322536e-11  1.19575611e-12 
 9.78426538e-05  2.00667129e-01  2.01265532e-01  2.01255468e-01 -1.52707414e-05  1.99874314e-11  8.25156675e-13 
 9.79426538e-05  2.00667129e-01  2.01265545e-01  2.01255483e-01 -1.52519858e-05 -2.32269846e-11  1.19583033e-12 
 9.80426538e-05  2.00667160e-01  2.01265563e-01  2.01255499e-01 -1.52707422e-05  1.99819800e-11  8.25083437e-13 
 9.81426538e-05  2.00667160e-01  2.01265576e-01  2.01255514e-01 -1.52519850e-05 -2.32213279e-11  1.19590503e-12 
 9.82426538e-05  2.00667192e-01  2.01265594e-01  2.01255530e-01 -1.52707430e-05  1.99765510e-11  8.25008193e-13 
 9.83426538e-05  2.00667191e-01  2.01265607e-01  2.01255546e-01 -1.52519842e-05 -2.32159895e-11  1.19597973e-12 
 9.84426538e-05  2.00667223e-01  2.01265625e-01  2.01255561e-01 -1.52707438e-05  1.99710929e-11  8.24933817e-13 
 9.85426538e-05  2.00667222e-01  2.01265638e-01  2.01255577e-01 -1.52519834e-05 -2.32104956e-11  1.19605411e-12 
 9.86426538e-05  2.00667254e-01  2.01265656e-01  2.01255592e-01 -1.52707446e-05  1.99656984e-11  8.24859224e-13 
 9.87426538e-05  2.00667254e-01  2.01265670e-01  2.01255608e-01 -1.52519826e-05 -2.32050783e-11  1.19612778e-12 
 9.88426538e-05  2.00667285e-01  2.01265688e-01  2.01255623e-01 -1.52707454e-05  1.99601733e-11  8.24785336e-13 
 9.89426538e-05  2.00667285e-01  2.01265701e-01  2.01255639e-01 -1.52519818e-05 -2.31996709e-11  1.19620183e-12 
 9.90426538e-05  2.00667316e-01  2.01265719e-01  2.01255654e-01 -1.52707461e-05  1.99547373e-11  8.24711393e-13 
 9.91426538e-05  2.00667316e-01  2.01265732e-01  2.01255670e-01 -1.52519810e-05 -2.31941560e-11  1.19627593e-12 
 9.92426538e-05  2.00667347e-01  2.01265750e-01  2.01255685e-01 -1.52707469e-05  1.99493581e-11  8.24637559e-13 
 9.93426538e-05  2.00667347e-01  2.01265763e-01  2.01255701e-01 -1.52519802e-05 -2.31887517e-11  1.19634993e-12 
 9.94426538e-05  2.00667379e-01  2.01265781e-01  2.01255716e-01 -1.52707477e-05  1.99439050e-11  8.24563291e-13 
 9.95426538e-05  2.00667378e-01  2.01265794e-01  2.01255732e-01 -1.52519794e-05 -2.31832888e-11  1.19642371e-12 
 9.96426538e-05  2.00667410e-01  2.01265812e-01  2.01255747e-01 -1.52707485e-05  1.99384712e-11  8.24489565e-13 
 9.97426538e-05  2.00667410e-01  2.01265825e-01  2.01255763e-01 -1.52519786e-05 -2.31778667e-11  1.19649771e-12 
 9.98426538e-05  2.00667441e-01  2.01265843e-01  2.01255778e-01 -1.52707493e-05  1.99331140e-11  8.24416327e-13 
 9.99426538e-05  2.00667441e-01  2.01265856e-01  2.01255794e-01 -1.52519778e-05 -2.31723811e-11  1.19657111e-12 
 1.00042654e-04  2.00667472e-01  2.01265874e-01  2.01255809e-01 -1.52707501e-05  1.99275373e-11  8.24342439e-13 
 1.00142654e-04  2.00667472e-01  2.01265887e-01  2.01255825e-01 -1.52519770e-05 -2.31670880e-11  1.19664435e-12 
 1.00242654e-04  2.00667503e-01  2.01265905e-01  2.01255840e-01 -1.52707509e-05  1.99220996e-11  8.24269093e-13 
 1.00342654e-04  2.00667503e-01  2.01265918e-01  2.01255856e-01 -1.52519762e-05 -2.31615339e-11  1.19671780e-12 
 1.00442654e-04  2.00667535e-01  2.01265936e-01  2.01255871e-01 -1.52707517e-05  1.99167740e-11  8.24195746e-13 
 1.00542654e-04  2.00667534e-01  2.01265949e-01  2.01255887e-01 -1.52519754e-05 -2.31561662e-11  1.19679136e-12 
 1.00642654e-04  2.00667566e-01  2.01265967e-01  2.01255902e-01 -1.52707525e-05  1.99112072e-11  8.24122237e-13 
 1.00742654e-04  2.00667566e-01  2.01265980e-01  2.01255918e-01 -1.52519746e-05 -2.31507773e-11  1.19686449e-12 
 1.00842654e-04  2.00667597e-01  2.01265998e-01  2.01255934e-01 -1.52707533e-05  1.99058868e-11  8.24049379e-13 
 1.00942654e-04  2.00667597e-01  2.01266011e-01  2.01255949e-01 -1.52519738e-05 -2.31453337e-11  1.19693686e-12 
 1.01042654e-04  2.00667628e-01  2.01266029e-01  2.01255965e-01 -1.52707541e-05  1.99003806e-11  8.23976466e-13 
 1.01142654e-04  2.00667628e-01  2.01266042e-01  2.01255980e-01 -1.52519730e-05 -2.31398004e-11  1.19701048e-12 
 1.01242654e-04  2.00667659e-01  2.01266060e-01  2.01255996e-01 -1.52707549e-05  1.98950986e-11  8.23903717e-13 
 1.01342654e-04  2.00667659e-01  2.01266073e-01  2.01256011e-01 -1.52519722e-05 -2.31344490e-11  1.19708329e-12 
 1.01442654e-04  2.00667690e-01  2.01266091e-01  2.01256027e-01 -1.52707556e-05  1.98895173e-11  8.23831021e-13 
 1.01542654e-04  2.00667691e-01  2.01266104e-01  2.01256042e-01 -1.52519714e-05 -2.31290111e-11  1.19715614e-12 
 1.01642654e-04  2.00667722e-01  2.01266122e-01  2.01256058e-01 -1.52707564e-05  1.98842514e-11  8.23758325e-13 
 1.01742654e-04  2.00667722e-01  2.01266135e-01  2.01256073e-01 -1.52519706e-05 -2.31235651e-11  1.19722797e-12 
 1.01842654e-04  2.00667753e-01  2.01266153e-01  2.01256089e-01 -1.52707572e-05  1.98786593e-11  8.23685250e-13 
 1.01942654e-04  2.00667753e-01  2.01266166e-01  2.01256104e-01 -1.52519698e-05 -2.31182751e-11  1.19730099e-12 
 1.02042654e-04  2.00667784e-01  2.01266184e-01  2.01256120e-01 -1.52707580e-05  1.98732736e-11  8.23612608e-13 
 1.02142654e-04  2.00667784e-01  2.01266197e-01  2.01256135e-01 -1.52519690e-05 -2.31128049e-11  1.19737374e-12 
 1.02242654e-04  2.00667815e-01  2.01266215e-01  2.01256151e-01 -1.52707588e-05  1.98678597e-11  8.23540238e-13 
 1.02342654e-04  2.00667815e-01  2.01266228e-01  2.01256166e-01 -1.52519682e-05 -2.31073964e-11  1.19744579e-12 
 1.02442654e-04  2.00667846e-01  2.01266246e-01  2.01256182e-01 -1.52707596e-05  1.98624997e-11  8.23468464e-13 
 1.02542654e-04  2.00667847e-01  2.01266259e-01  2.01256197e-01 -1.52519674e-05 -2.31018956e-11  1.19751800e-12 
 1.02642654e-04  2.00667877e-01  2.01266277e-01  2.01256213e-01 -1.52707604e-05  1.98571129e-11  8.23396093e-13 
 1.02742654e-04  2.00667878e-01  2.01266290e-01  2.01256228e-01 -1.52519666e-05 -2.30964974e-11  1.19759031e-12 
 1.02842654e-04  2.00667909e-01  2.01266308e-01  2.01256244e-01 -1.52707612e-05  1.98516815e-11  8.23323614e-13 
 1.02942654e-04  2.00667909e-01  2.01266321e-01  2.01256259e-01 -1.52519658e-05 -2.30911087e-11  1.19766268e-12 
 1.03042654e-04  2.00667940e-01  2.01266339e-01  2.01256275e-01 -1.52707620e-05  1.98463088e-11  8.23251677e-13 
 1.03142654e-04  2.00667940e-01  2.01266352e-01  2.01256290e-01 -1.52519650e-05 -2.30856809e-11  1.19773440e-12 
 1.03242654e-04  2.00667971e-01  2.01266370e-01  2.01256306e-01 -1.52707627e-05  1.98408406e-11  8.23179741e-13 
 1.03342654e-04  2.00667971e-01  2.01266383e-01  2.01256322e-01 -1.52519642e-05 -2.30802534e-11  1.19780661e-12 
 1.03442654e-04  2.00668002e-01  2.01266402e-01  2.01256337e-01 -1.52707635e-05  1.98355163e-11  8.23107858e-13 
 1.03542654e-04  2.00668003e-01  2.01266415e-01  2.01256353e-01 -1.52519634e-05 -2.30748626e-11  1.19787784e-12 
 1.03642654e-04  2.00668033e-01  2.01266433e-01  2.01256368e-01 -1.52707643e-05  1.98300965e-11  8.23036355e-13 
 1.03742654e-04  2.00668034e-01  2.01266446e-01  2.01256384e-01 -1.52519626e-05 -2.30694396e-11  1.19794956e-12 
 1.03842654e-04  2.00668065e-01  2.01266464e-01  2.01256399e-01 -1.52707651e-05  1.98246252e-11  8.22964472e-13 
 1.03942654e-04  2.00668065e-01  2.01266477e-01  2.01256415e-01 -1.52519618e-05 -2.30641279e-11  1.19802166e-12 
 1.04042654e-04  2.00668096e-01  2.01266495e-01  2.01256430e-01 -1.52707659e-05  1.98191429e-11  8.22892698e-13 
 1.04142654e-04  2.00668096e-01  2.01266508e-01  2.01256446e-01 -1.52519610e-05 -2.30586780e-11  1.19809338e-12 
 1.04242654e-04  2.00668127e-01  2.01266526e-01  2.01256461e-01 -1.52707667e-05  1.98138361e-11  8.22820924e-13 
 1.04342654e-04  2.00668127e-01  2.01266539e-01  2.01256477e-01 -1.52519602e-05 -2.30533021e-11  1.19816456e-12 
 1.04442654e-04  2.00668158e-01  2.01266557e-01  2.01256492e-01 -1.52707675e-05  1.98085083e-11  8.22750396e-13 
 1.04542654e-04  2.00668159e-01  2.01266570e-01  2.01256508e-01 -1.52519594e-05 -2.30478011e-11  1.19823585e-12 
 1.04642654e-04  2.00668189e-01  2.01266588e-01  2.01256523e-01 -1.52707683e-05  1.98030036e-11  8.22678893e-13 
 1.04742654e-04  2.00668190e-01  2.01266601e-01  2.01256539e-01 -1.52519586e-05 -2.30426125e-11  1.19830713e-12 
 1.04842654e-04  2.00668220e-01  2.01266619e-01  2.01256554e-01 -1.52707690e-05  1.97975473e-11  8.22607987e-13 
 1.04942654e-04  2.00668221e-01  2.01266632e-01  2.01256570e-01 -1.52519578e-05 -2.30371744e-11  1.19837831e-12 
 1.05042654e-04  2.00668252e-01  2.01266650e-01  2.01256585e-01 -1.52707698e-05  1.97922297e-11  8.22536700e-13 
 1.05142654e-04  2.00668252e-01  2.01266663e-01  2.01256601e-01 -1.52519571e-05 -2.30316491e-11  1.19844965e-12 
 1.05242654e-04  2.00668283e-01  2.01266681e-01  2.01256616e-01 -1.52707706e-05  1.97868692e-11  8.22465305e-13 
 1.05342654e-04  2.00668284e-01  2.01266694e-01  2.01256632e-01 -1.52519563e-05 -2.30263415e-11  1.19852023e-12 
 1.05442654e-04  2.00668314e-01  2.01266712e-01  2.01256647e-01 -1.52707714e-05  1.97814709e-11  8.22394832e-13 
 1.05542654e-04  2.00668315e-01  2.01266725e-01  2.01256663e-01 -1.52519555e-05 -2.30209085e-11  1.19859109e-12 
 1.05642654e-04  2.00668345e-01  2.01266743e-01  2.01256679e-01 -1.52707722e-05  1.97760803e-11  8.22323980e-13 
 1.05742654e-04  2.00668346e-01  2.01266756e-01  2.01256694e-01 -1.52519547e-05 -2.30155168e-11  1.19866199e-12 
 1.05842654e-04  2.00668376e-01  2.01266774e-01  2.01256710e-01 -1.52707730e-05  1.97707061e-11  8.22253398e-13 
 1.05942654e-04  2.00668377e-01  2.01266787e-01  2.01256725e-01 -1.52519539e-05 -2.30101992e-11  1.19873241e-12 
 1.06042654e-04  2.00668408e-01  2.01266805e-01  2.01256741e-01 -1.52707738e-05  1.97652036e-11  8.22183142e-13 
 1.06142654e-04  2.00668408e-01  2.01266818e-01  2.01256756e-01 -1.52519531e-05 -2.30048441e-11  1.19880310e-12 
 1.06242654e-04  2.00668439e-01  2.01266836e-01  2.01256772e-01 -1.52707746e-05  1.97599808e-11  8.22112777e-13 
 1.06342654e-04  2.00668440e-01  2.01266849e-01  2.01256787e-01 -1.52519523e-05 -2.29992939e-11  1.19887347e-12 
 1.06442654e-04  2.00668470e-01  2.01266867e-01  2.01256803e-01 -1.52707753e-05  1.97545780e-11  8.22042033e-13 
 1.06542654e-04  2.00668471e-01  2.01266880e-01  2.01256818e-01 -1.52519515e-05 -2.29940084e-11  1.19894416e-12 
 1.06642654e-04  2.00668501e-01  2.01266898e-01  2.01256834e-01 -1.52707761e-05  1.97490917e-11  8.21971397e-13 
 1.06742654e-04  2.00668502e-01  2.01266911e-01  2.01256849e-01 -1.52519507e-05 -2.29886086e-11  1.19901398e-12 
 1.06842654e-04  2.00668532e-01  2.01266929e-01  2.01256865e-01 -1.52707769e-05  1.97438144e-11  8.21901575e-13 
 1.06942654e-04  2.00668533e-01  2.01266942e-01  2.01256880e-01 -1.52519499e-05 -2.29832791e-11  1.19908386e-12 
 1.07042654e-04  2.00668563e-01  2.01266960e-01  2.01256896e-01 -1.52707777e-05  1.97383895e-11  8.21831427e-13 
 1.07142654e-04  2.00668564e-01  2.01266973e-01  2.01256911e-01 -1.52519491e-05 -2.29778243e-11  1.19915438e-12 
 1.07242654e-04  2.00668595e-01  2.01266991e-01  2.01256927e-01 -1.52707785e-05  1.97330364e-11  8.21761170e-13 
 1.07342654e-04  2.00668596e-01  2.01267004e-01  2.01256942e-01 -1.52519483e-05 -2.29726266e-11  1.19922399e-12 
 1.07442654e-04  2.00668626e-01  2.01267022e-01  2.01256958e-01 -1.52707793e-05  1.97275195e-11  8.21691727e-13 
 1.07542654e-04  2.00668627e-01  2.01267035e-01  2.01256973e-01 -1.52519475e-05 -2.29671605e-11  1.19929419e-12 
 1.07642654e-04  2.00668657e-01  2.01267053e-01  2.01256989e-01 -1.52707801e-05  1.97222520e-11  8.21621417e-13 
 1.07742654e-04  2.00668658e-01  2.01267066e-01  2.01257004e-01 -1.52519467e-05 -2.29618397e-11  1.19936412e-12 
 1.07842654e-04  2.00668688e-01  2.01267084e-01  2.01257020e-01 -1.52707808e-05  1.97168848e-11  8.21552082e-13 
 1.07942654e-04  2.00668689e-01  2.01267097e-01  2.01257035e-01 -1.52519459e-05 -2.29563413e-11  1.19943362e-12 
 1.08042654e-04  2.00668719e-01  2.01267115e-01  2.01257051e-01 -1.52707816e-05  1.97116045e-11  8.21482259e-13 
 1.08142654e-04  2.00668720e-01  2.01267128e-01  2.01257067e-01 -1.52519452e-05 -2.29509302e-11  1.19950355e-12 
 1.08242654e-04  2.00668751e-01  2.01267147e-01  2.01257082e-01 -1.52707824e-05  1.97062941e-11  8.21412491e-13 
 1.08342654e-04  2.00668752e-01  2.01267160e-01  2.01257098e-01 -1.52519444e-05 -2.29456066e-11  1.19957283e-12 
 1.08442654e-04  2.00668782e-01  2.01267178e-01  2.01257113e-01 -1.52707832e-05  1.97008332e-11  8.21343536e-13 
 1.08542654e-04  2.00668783e-01  2.01267191e-01  2.01257129e-01 -1.52519436e-05 -2.29402580e-11  1.19964227e-12 
 1.08642654e-04  2.00668813e-01  2.01267209e-01  2.01257144e-01 -1.52707840e-05  1.96954534e-11  8.21273767e-13 
 1.08742654e-04  2.00668814e-01  2.01267222e-01  2.01257160e-01 -1.52519428e-05 -2.29350065e-11  1.19971134e-12 
 1.08842654e-04  2.00668844e-01  2.01267240e-01  2.01257175e-01 -1.52707848e-05  1.96900350e-11  8.21204378e-13 
 1.08942654e-04  2.00668845e-01  2.01267253e-01  2.01257191e-01 -1.52519420e-05 -2.29295211e-11  1.19978078e-12 
 1.09042654e-04  2.00668875e-01  2.01267271e-01  2.01257206e-01 -1.52707855e-05  1.96848024e-11  8.21135694e-13 
 1.09142654e-04  2.00668877e-01  2.01267284e-01  2.01257222e-01 -1.52519412e-05 -2.29242012e-11  1.19984957e-12 
 1.09242654e-04  2.00668906e-01  2.01267302e-01  2.01257237e-01 -1.52707863e-05  1.96794271e-11  8.21066685e-13 
 1.09342654e-04  2.00668908e-01  2.01267315e-01  2.01257253e-01 -1.52519404e-05 -2.29187719e-11  1.19991869e-12 
 1.09442654e-04  2.00668938e-01  2.01267333e-01  2.01257268e-01 -1.52707871e-05  1.96739823e-11  8.20997621e-13 
 1.09542654e-04  2.00668939e-01  2.01267346e-01  2.01257284e-01 -1.52519396e-05 -2.29134253e-11  1.19998781e-12 
 1.09642654e-04  2.00668969e-01  2.01267364e-01  2.01257299e-01 -1.52707879e-05  1.96687295e-11  8.20928503e-13 
 1.09742654e-04  2.00668970e-01  2.01267377e-01  2.01257315e-01 -1.52519388e-05 -2.29081036e-11  1.20005644e-12 
 1.09842654e-04  2.00669000e-01  2.01267395e-01  2.01257330e-01 -1.52707887e-05  1.96633040e-11  8.20859548e-13 
 1.09942654e-04  2.00669001e-01  2.01267408e-01  2.01257346e-01 -1.52519380e-05 -2.29028500e-11  1.20012550e-12 
 1.10042654e-04  2.00669031e-01  2.01267426e-01  2.01257361e-01 -1.52707895e-05  1.96580328e-11  8.20791026e-13 
 1.10142654e-04  2.00669033e-01  2.01267439e-01  2.01257377e-01 -1.52519372e-05 -2.28972958e-11  1.20019316e-12 
 1.10242654e-04  2.00669062e-01  2.01267457e-01  2.01257392e-01 -1.52707902e-05  1.96525916e-11  8.20722396e-13 
 1.10342654e-04  2.00669064e-01  2.01267470e-01  2.01257408e-01 -1.52519365e-05 -2.28921101e-11  1.20026217e-12 
 1.10442654e-04  2.00669094e-01  2.01267488e-01  2.01257423e-01 -1.52707910e-05  1.96472751e-11  8.20654200e-13 
 1.10542654e-04  2.00669095e-01  2.01267501e-01  2.01257439e-01 -1.52519357e-05 -2.28866960e-11  1.20033069e-12 
 1.10642654e-04  2.00669125e-01  2.01267519e-01  2.01257455e-01 -1.52707918e-05  1.96419899e-11  8.20585136e-13 
 1.10742654e-04  2.00669126e-01  2.01267532e-01  2.01257470e-01 -1.52519349e-05 -2.28813086e-11  1.20039937e-12 
 1.10842654e-04  2.00669156e-01  2.01267550e-01  2.01257486e-01 -1.52707926e-05  1.96365845e-11  8.20516669e-13 
 1.10942654e-04  2.00669157e-01  2.01267563e-01  2.01257501e-01 -1.52519341e-05 -2.28760053e-11  1.20046751e-12 
 1.11042654e-04  2.00669187e-01  2.01267581e-01  2.01257517e-01 -1.52707934e-05  1.96312281e-11  8.20449123e-13 
 1.11142654e-04  2.00669189e-01  2.01267594e-01  2.01257532e-01 -1.52519333e-05 -2.28707220e-11  1.20053539e-12 
 1.11242654e-04  2.00669218e-01  2.01267612e-01  2.01257548e-01 -1.52707941e-05  1.96259122e-11  8.20381306e-13 
 1.11342654e-04  2.00669220e-01  2.01267625e-01  2.01257563e-01 -1.52519325e-05 -2.28653392e-11  1.20060347e-12 
 1.11442654e-04  2.00669249e-01  2.01267643e-01  2.01257579e-01 -1.52707949e-05  1.96205743e-11  8.20313002e-13 
 1.11542654e-04  2.00669251e-01  2.01267656e-01  2.01257594e-01 -1.52519317e-05 -2.28600355e-11  1.20067205e-12 
 1.11642654e-04  2.00669281e-01  2.01267674e-01  2.01257610e-01 -1.52707957e-05  1.96151953e-11  8.20244697e-13 
 1.11742654e-04  2.00669282e-01  2.01267687e-01  2.01257625e-01 -1.52519309e-05 -2.28547003e-11  1.20073922e-12 
 1.11842654e-04  2.00669312e-01  2.01267705e-01  2.01257641e-01 -1.52707965e-05  1.96098324e-11  8.20177422e-13 
 1.11942654e-04  2.00669313e-01  2.01267718e-01  2.01257656e-01 -1.52519301e-05 -2.28493116e-11  1.20080725e-12 
 1.12042654e-04  2.00669343e-01  2.01267736e-01  2.01257672e-01 -1.52707973e-05  1.96046055e-11  8.20109117e-13 
 1.12142654e-04  2.00669345e-01  2.01267749e-01  2.01257687e-01 -1.52519294e-05 -2.28440090e-11  1.20087496e-12 
 1.12242654e-04  2.00669374e-01  2.01267767e-01  2.01257703e-01 -1.52707981e-05  1.95991376e-11  8.20041192e-13 
 1.12342654e-04  2.00669376e-01  2.01267780e-01  2.01257718e-01 -1.52519286e-05 -2.28386973e-11  1.20094294e-12 
 1.12442654e-04  2.00669405e-01  2.01267798e-01  2.01257734e-01 -1.52707988e-05  1.95939183e-11  8.19973646e-13 
 1.12542654e-04  2.00669407e-01  2.01267811e-01  2.01257749e-01 -1.52519278e-05 -2.28333483e-11  1.20101027e-12 
 1.12642654e-04  2.00669437e-01  2.01267829e-01  2.01257765e-01 -1.52707996e-05  1.95885448e-11  8.19906859e-13 
 1.12742654e-04  2.00669438e-01  2.01267842e-01  2.01257780e-01 -1.52519270e-05 -2.28279316e-11  1.20107819e-12 
 1.12842654e-04  2.00669468e-01  2.01267861e-01  2.01257796e-01 -1.52708004e-05  1.95833222e-11  8.19839151e-13 
 1.12942654e-04  2.00669470e-01  2.01267873e-01  2.01257811e-01 -1.52519262e-05 -2.28226624e-11  1.20114498e-12 
 1.13042654e-04  2.00669499e-01  2.01267892e-01  2.01257827e-01 -1.52708012e-05  1.95778723e-11  8.19772093e-13 
 1.13142654e-04  2.00669501e-01  2.01267905e-01  2.01257843e-01 -1.52519254e-05 -2.28173511e-11  1.20121204e-12 
 1.13242654e-04  2.00669530e-01  2.01267923e-01  2.01257858e-01 -1.52708020e-05  1.95725582e-11  8.19704547e-13 
 1.13342654e-04  2.00669532e-01  2.01267936e-01  2.01257874e-01 -1.52519246e-05 -2.28120398e-11  1.20127899e-12 
 1.13442654e-04  2.00669561e-01  2.01267954e-01  2.01257889e-01 -1.52708027e-05  1.95673200e-11  8.19637652e-13 
 1.13542654e-04  2.00669563e-01  2.01267967e-01  2.01257905e-01 -1.52519238e-05 -2.28066741e-11  1.20134593e-12 
 1.13642654e-04  2.00669592e-01  2.01267985e-01  2.01257920e-01 -1.52708035e-05  1.95618305e-11  8.19570160e-13 
 1.13742654e-04  2.00669594e-01  2.01267998e-01  2.01257936e-01 -1.52519231e-05 -2.28014751e-11  1.20141326e-12 
 1.13842654e-04  2.00669624e-01  2.01268016e-01  2.01257951e-01 -1.52708043e-05  1.95565478e-11  8.19503265e-13 
 1.13942654e-04  2.00669626e-01  2.01268029e-01  2.01257967e-01 -1.52519223e-05 -2.27960743e-11  1.20148021e-12 
 1.14042654e-04  2.00669655e-01  2.01268047e-01  2.01257982e-01 -1.52708051e-05  1.95512890e-11  8.19436207e-13 
 1.14142654e-04  2.00669657e-01  2.01268060e-01  2.01257998e-01 -1.52519215e-05 -2.27907925e-11  1.20154695e-12 
 1.14242654e-04  2.00669686e-01  2.01268078e-01  2.01258013e-01 -1.52708059e-05  1.95460165e-11  8.19369637e-13 
 1.14342654e-04  2.00669688e-01  2.01268091e-01  2.01258029e-01 -1.52519207e-05 -2.27854281e-11  1.20161352e-12 
 1.14442654e-04  2.00669717e-01  2.01268109e-01  2.01258044e-01 -1.52708066e-05  1.95406811e-11  8.19303392e-13 
 1.14542654e-04  2.00669719e-01  2.01268122e-01  2.01258060e-01 -1.52519199e-05 -2.27801205e-11  1.20168030e-12 
 1.14642654e-04  2.00669748e-01  2.01268140e-01  2.01258075e-01 -1.52708074e-05  1.95352436e-11  8.19236985e-13 
 1.14742654e-04  2.00669750e-01  2.01268153e-01  2.01258091e-01 -1.52519191e-05 -2.27748475e-11  1.20174671e-12 
 1.14842654e-04  2.00669780e-01  2.01268171e-01  2.01258106e-01 -1.52708082e-05  1.95299926e-11  8.19170307e-13 
 1.14942654e-04  2.00669782e-01  2.01268184e-01  2.01258122e-01 -1.52519183e-05 -2.27694964e-11  1.20181344e-12 
 1.15042654e-04  2.00669811e-01  2.01268202e-01  2.01258137e-01 -1.52708090e-05  1.95247020e-11  8.19103411e-13 
 1.15142654e-04  2.00669813e-01  2.01268215e-01  2.01258153e-01 -1.52519176e-05 -2.27642655e-11  1.20188012e-12 
 1.15242654e-04  2.00669842e-01  2.01268233e-01  2.01258168e-01 -1.52708097e-05  1.95193590e-11  8.19037167e-13 
 1.15342654e-04  2.00669844e-01  2.01268246e-01  2.01258184e-01 -1.52519168e-05 -2.27589317e-11  1.20194620e-12 
 1.15442654e-04  2.00669873e-01  2.01268264e-01  2.01258199e-01 -1.52708105e-05  1.95140124e-11  8.18970868e-13 
 1.15542654e-04  2.00669875e-01  2.01268277e-01  2.01258215e-01 -1.52519160e-05 -2.27536720e-11  1.20201256e-12 
 1.15642654e-04  2.00669904e-01  2.01268295e-01  2.01258231e-01 -1.52708113e-05  1.95087846e-11  8.18904731e-13 
 1.15742654e-04  2.00669906e-01  2.01268308e-01  2.01258246e-01 -1.52519152e-05 -2.27483123e-11  1.20207837e-12 
 1.15842654e-04  2.00669935e-01  2.01268326e-01  2.01258262e-01 -1.52708121e-05  1.95034379e-11  8.18838595e-13 
 1.15942654e-04  2.00669938e-01  2.01268339e-01  2.01258277e-01 -1.52519144e-05 -2.27429735e-11  1.20214467e-12 
 1.16042654e-04  2.00669967e-01  2.01268357e-01  2.01258293e-01 -1.52708129e-05  1.94981483e-11  8.18772784e-13 
 1.16142654e-04  2.00669969e-01  2.01268370e-01  2.01258308e-01 -1.52519136e-05 -2.27376464e-11  1.20221075e-12 
 1.16242654e-04  2.00669998e-01  2.01268388e-01  2.01258324e-01 -1.52708136e-05  1.94929606e-11  8.18706810e-13 
 1.16342654e-04  2.00670000e-01  2.01268401e-01  2.01258339e-01 -1.52519128e-05 -2.27323963e-11  1.20227651e-12 
 1.16442654e-04  2.00670029e-01  2.01268419e-01  2.01258355e-01 -1.52708144e-05  1.94875682e-11  8.18641108e-13 
 1.16542654e-04  2.00670031e-01  2.01268432e-01  2.01258370e-01 -1.52519121e-05 -2.27271019e-11  1.20234199e-12 
 1.16642654e-04  2.00670060e-01  2.01268450e-01  2.01258386e-01 -1.52708152e-05  1.94822793e-11  8.18575351e-13 
 1.16742654e-04  2.00670063e-01  2.01268463e-01  2.01258401e-01 -1.52519113e-05 -2.27218346e-11  1.20240759e-12 
 1.16842654e-04  2.00670091e-01  2.01268481e-01  2.01258417e-01 -1.52708160e-05  1.94770953e-11  8.18509811e-13 
 1.16942654e-04  2.00670094e-01  2.01268494e-01  2.01258432e-01 -1.52519105e-05 -2.27163869e-11  1.20247280e-12 
 1.17042654e-04  2.00670123e-01  2.01268512e-01  2.01258448e-01 -1.52708167e-05  1.94716697e-11  8.18444216e-13 
 1.17142654e-04  2.00670125e-01  2.01268525e-01  2.01258463e-01 -1.52519097e-05 -2.27111930e-11  1.20253850e-12 
 1.17242654e-04  2.00670154e-01  2.01268543e-01  2.01258479e-01 -1.52708175e-05  1.94665094e-11  8.18378839e-13 
 1.17342654e-04  2.00670156e-01  2.01268556e-01  2.01258494e-01 -1.52519089e-05 -2.27058229e-11  1.20260404e-12 
 1.17442654e-04  2.00670185e-01  2.01268574e-01  2.01258510e-01 -1.52708183e-05  1.94611410e-11  8.18313028e-13 
 1.17542654e-04  2.00670187e-01  2.01268587e-01  2.01258525e-01 -1.52519081e-05 -2.27006276e-11  1.20266937e-12 
 1.17642654e-04  2.00670216e-01  2.01268606e-01  2.01258541e-01 -1.52708191e-05  1.94558310e-11  8.18248301e-13 
 1.17742654e-04  2.00670219e-01  2.01268618e-01  2.01258556e-01 -1.52519074e-05 -2.26952361e-11  1.20273496e-12 
 1.17842654e-04  2.00670247e-01  2.01268637e-01  2.01258572e-01 -1.52708198e-05  1.94506342e-11  8.18182598e-13 
 1.17942654e-04  2.00670250e-01  2.01268650e-01  2.01258587e-01 -1.52519066e-05 -2.26901132e-11  1.20279974e-12 
 1.18042654e-04  2.00670278e-01  2.01268668e-01  2.01258603e-01 -1.52708206e-05  1.94452900e-11  8.18118251e-13 
 1.18142654e-04  2.00670281e-01  2.01268681e-01  2.01258619e-01 -1.52519058e-05 -2.26846972e-11  1.20286441e-12 
 1.18242654e-04  2.00670310e-01  2.01268699e-01  2.01258634e-01 -1.52708214e-05  1.94399961e-11  8.18053199e-13 
 1.18342654e-04  2.00670312e-01  2.01268712e-01  2.01258650e-01 -1.52519050e-05 -2.26794716e-11  1.20292990e-12 
 1.18442654e-04  2.00670341e-01  2.01268730e-01  2.01258665e-01 -1.52708222e-05  1.94347227e-11  8.17987930e-13 
 1.18542654e-04  2.00670343e-01  2.01268743e-01  2.01258681e-01 -1.52519042e-05 -2.26741570e-11  1.20299495e-12 
 1.18642654e-04  2.00670372e-01  2.01268761e-01  2.01258696e-01 -1.52708229e-05  1.94295066e-11  8.17922986e-13 
 1.18742654e-04  2.00670375e-01  2.01268774e-01  2.01258712e-01 -1.52519034e-05 -2.26688477e-11  1.20305957e-12 
 1.18842654e-04  2.00670403e-01  2.01268792e-01  2.01258727e-01 -1.52708237e-05  1.94241021e-11  8.17858259e-13 
 1.18942654e-04  2.00670406e-01  2.01268805e-01  2.01258743e-01 -1.52519027e-05 -2.26637016e-11  1.20312446e-12 
 1.19042654e-04  2.00670434e-01  2.01268823e-01  2.01258758e-01 -1.52708245e-05  1.94188888e-11  8.17793749e-13 
 1.19142654e-04  2.00670437e-01  2.01268836e-01  2.01258774e-01 -1.52519019e-05 -2.26583268e-11  1.20318902e-12 
 1.19242654e-04  2.00670465e-01  2.01268854e-01  2.01258789e-01 -1.52708253e-05  1.94136235e-11  8.17729131e-13 
 1.19342654e-04  2.00670468e-01  2.01268867e-01  2.01258805e-01 -1.52519011e-05 -2.26530860e-11  1.20325359e-12 
 1.19442654e-04  2.00670497e-01  2.01268885e-01  2.01258820e-01 -1.52708260e-05  1.94083410e-11  8.17664838e-13 
 1.19542654e-04  2.00670499e-01  2.01268898e-01  2.01258836e-01 -1.52519003e-05 -2.26477760e-11  1.20331794e-12 
 1.19642654e-04  2.00670528e-01  2.01268916e-01  2.01258851e-01 -1.52708268e-05  1.94031208e-11  8.17600653e-13 
 1.19742654e-04  2.00670531e-01  2.01268929e-01  2.01258867e-01 -1.52518995e-05 -2.26424814e-11  1.20338201e-12 
 1.19842654e-04  2.00670559e-01  2.01268947e-01  2.01258882e-01 -1.52708276e-05  1.93978637e-11  8.17536306e-13 
 1.19942654e-04  2.00670562e-01  2.01268960e-01  2.01258898e-01 -1.52518988e-05 -2.26371814e-11  1.20344663e-12 
 1.20042654e-04  2.00670590e-01  2.01268978e-01  2.01258913e-01 -1.52708284e-05  1.93925934e-11  8.17472121e-13 
 1.20142654e-04  2.00670593e-01  2.01268991e-01  2.01258929e-01 -1.52518980e-05 -2.26319673e-11  1.20351027e-12 
 1.20242654e-04  2.00670621e-01  2.01269009e-01  2.01258944e-01 -1.52708291e-05  1.93872654e-11  8.17407665e-13 
 1.20342654e-04  2.00670624e-01  2.01269022e-01  2.01258960e-01 -1.52518972e-05 -2.26267633e-11  1.20357440e-12 
 1.20442654e-04  2.00670653e-01  2.01269040e-01  2.01258976e-01 -1.52708299e-05  1.93820405e-11  8.17343643e-13 
 1.20542654e-04  2.00670656e-01  2.01269053e-01  2.01258991e-01 -1.52518964e-05 -2.26214260e-11  1.20363848e-12 
 1.20642654e-04  2.00670684e-01  2.01269071e-01  2.01259007e-01 -1.52708307e-05  1.93768001e-11  8.17280109e-13 
 1.20742654e-04  2.00670687e-01  2.01269084e-01  2.01259022e-01 -1.52518956e-05 -2.26161223e-11  1.20370185e-12 
 1.20842654e-04  2.00670715e-01  2.01269102e-01  2.01259038e-01 -1.52708314e-05  1.93714220e-11  8.17215707e-13 
 1.20942654e-04  2.00670718e-01  2.01269115e-01  2.01259053e-01 -1.52518949e-05 -2.26109539e-11  1.20376625e-12 
 1.21042654e-04  2.00670746e-01  2.01269133e-01  2.01259069e-01 -1.52708322e-05  1.93663215e-11  8.17152227e-13 
 1.21142654e-04  2.00670749e-01  2.01269146e-01  2.01259084e-01 -1.52518941e-05 -2.26055546e-11  1.20383000e-12 
 1.21242654e-04  2.00670777e-01  2.01269164e-01  2.01259100e-01 -1.52708330e-05  1.93609733e-11  8.17088639e-13 
 1.21342654e-04  2.00670780e-01  2.01269177e-01  2.01259115e-01 -1.52518933e-05 -2.26004901e-11  1.20389332e-12 
 1.21442654e-04  2.00670808e-01  2.01269195e-01  2.01259131e-01 -1.52708338e-05  1.93557121e-11  8.17025538e-13 
 1.21542654e-04  2.00670812e-01  2.01269208e-01  2.01259146e-01 -1.52518925e-05 -2.25951566e-11  1.20395718e-12 
 1.21642654e-04  2.00670840e-01  2.01269226e-01  2.01259162e-01 -1.52708345e-05  1.93503460e-11  8.16960974e-13 
 1.21742654e-04  2.00670843e-01  2.01269239e-01  2.01259177e-01 -1.52518917e-05 -2.25899648e-11  1.20402115e-12 
 1.21842654e-04  2.00670871e-01  2.01269257e-01  2.01259193e-01 -1.52708353e-05  1.93451945e-11  8.16897439e-13 
 1.21942654e-04  2.00670874e-01  2.01269270e-01  2.01259208e-01 -1.52518910e-05 -2.25846627e-11  1.20408458e-12 
 1.22042654e-04  2.00670902e-01  2.01269288e-01  2.01259224e-01 -1.52708361e-05  1.93399639e-11  8.16834122e-13 
 1.22142654e-04  2.00670905e-01  2.01269301e-01  2.01259239e-01 -1.52518902e-05 -2.25794086e-11  1.20414773e-12 
 1.22242654e-04  2.00670933e-01  2.01269320e-01  2.01259255e-01 -1.52708368e-05  1.93346767e-11  8.16770750e-13 
 1.22342654e-04  2.00670936e-01  2.01269332e-01  2.01259270e-01 -1.52518894e-05 -2.25741591e-11  1.20421132e-12 
 1.22442654e-04  2.00670964e-01  2.01269351e-01  2.01259286e-01 -1.52708376e-05  1.93294335e-11  8.16707325e-13 
 1.22542654e-04  2.00670968e-01  2.01269363e-01  2.01259301e-01 -1.52518886e-05 -2.25689304e-11  1.20427447e-12 
 1.22642654e-04  2.00670996e-01  2.01269382e-01  2.01259317e-01 -1.52708384e-05  1.93241833e-11  8.16644441e-13 
 1.22742654e-04  2.00670999e-01  2.01269395e-01  2.01259332e-01 -1.52518878e-05 -2.25637174e-11  1.20433719e-12 
 1.22842654e-04  2.00671027e-01  2.01269413e-01  2.01259348e-01 -1.52708392e-05  1.93189488e-11  8.16581720e-13 
 1.22942654e-04  2.00671030e-01  2.01269426e-01  2.01259364e-01 -1.52518871e-05 -2.25583859e-11  1.20440057e-12 
 1.23042654e-04  2.00671058e-01  2.01269444e-01  2.01259379e-01 -1.52708399e-05  1.93136841e-11  8.16518294e-13 
 1.23142654e-04  2.00671061e-01  2.01269457e-01  2.01259395e-01 -1.52518863e-05 -2.25532694e-11  1.20446350e-12 
 1.23242654e-04  2.00671089e-01  2.01269475e-01  2.01259410e-01 -1.52708407e-05  1.93084277e-11  8.16455898e-13 
 1.23342654e-04  2.00671092e-01  2.01269488e-01  2.01259426e-01 -1.52518855e-05 -2.25479566e-11  1.20452639e-12 
 1.23442654e-04  2.00671120e-01  2.01269506e-01  2.01259441e-01 -1.52708415e-05  1.93031481e-11  8.16392743e-13 
 1.23542654e-04  2.00671124e-01  2.01269519e-01  2.01259457e-01 -1.52518847e-05 -2.25427435e-11  1.20458927e-12 
 1.23642654e-04  2.00671151e-01  2.01269537e-01  2.01259472e-01 -1.52708422e-05  1.92979649e-11  8.16330185e-13 
 1.23742654e-04  2.00671155e-01  2.01269550e-01  2.01259488e-01 -1.52518840e-05 -2.25375380e-11  1.20465178e-12 
 1.23842654e-04  2.00671183e-01  2.01269568e-01  2.01259503e-01 -1.52708430e-05  1.92927536e-11  8.16267518e-13 
 1.23942654e-04  2.00671186e-01  2.01269581e-01  2.01259519e-01 -1.52518832e-05 -2.25322423e-11  1.20471423e-12 
 1.24042654e-04  2.00671214e-01  2.01269599e-01  2.01259534e-01 -1.52708438e-05  1.92874800e-11  8.16204851e-13 
 1.24142654e-04  2.00671217e-01  2.01269612e-01  2.01259550e-01 -1.52518824e-05 -2.25269981e-11  1.20477706e-12 
 1.24242654e-04  2.00671245e-01  2.01269630e-01  2.01259565e-01 -1.52708445e-05  1.92822282e-11  8.16142184e-13 
 1.24342654e-04  2.00671249e-01  2.01269643e-01  2.01259581e-01 -1.52518816e-05 -2.25218464e-11  1.20483994e-12 
 1.24442654e-04  2.00671276e-01  2.01269661e-01  2.01259596e-01 -1.52708453e-05  1.92770149e-11  8.16080168e-13 
 1.24542654e-04  2.00671280e-01  2.01269674e-01  2.01259612e-01 -1.52518808e-05 -2.25165542e-11  1.20490206e-12 
 1.24642654e-04  2.00671307e-01  2.01269692e-01  2.01259627e-01 -1.52708461e-05  1.92717940e-11  8.16017935e-13 
 1.24742654e-04  2.00671311e-01  2.01269705e-01  2.01259643e-01 -1.52518801e-05 -2.25112966e-11  1.20496430e-12 
 1.24842654e-04  2.00671339e-01  2.01269723e-01  2.01259658e-01 -1.52708469e-05  1.92666419e-11  8.15955647e-13 
 1.24942654e-04  2.00671342e-01  2.01269736e-01  2.01259674e-01 -1.52518793e-05 -2.25060845e-11  1.20502620e-12 
 1.25042654e-04  2.00671370e-01  2.01269754e-01  2.01259689e-01 -1.52708476e-05  1.92612803e-11  8.15893468e-13 
 1.25142654e-04  2.00671373e-01  2.01269767e-01  2.01259705e-01 -1.52518785e-05 -2.25008413e-11  1.20508909e-12 
 1.25242654e-04  2.00671401e-01  2.01269785e-01  2.01259720e-01 -1.52708484e-05  1.92561321e-11  8.15831289e-13 
 1.25342654e-04  2.00671405e-01  2.01269798e-01  2.01259736e-01 -1.52518777e-05 -2.24956529e-11  1.20515045e-12 
 1.25442654e-04  2.00671432e-01  2.01269816e-01  2.01259752e-01 -1.52708492e-05  1.92509357e-11  8.15769273e-13 
 1.25542654e-04  2.00671436e-01  2.01269829e-01  2.01259767e-01 -1.52518770e-05 -2.24903499e-11  1.20521215e-12 
 1.25642654e-04  2.00671463e-01  2.01269847e-01  2.01259783e-01 -1.52708499e-05  1.92457461e-11  8.15707365e-13 
 1.25742654e-04  2.00671467e-01  2.01269860e-01  2.01259798e-01 -1.52518762e-05 -2.24851411e-11  1.20527422e-12 
 1.25842654e-04  2.00671494e-01  2.01269878e-01  2.01259814e-01 -1.52708507e-05  1.92405048e-11  8.15645078e-13 
 1.25942654e-04  2.00671498e-01  2.01269891e-01  2.01259829e-01 -1.52518754e-05 -2.24799367e-11  1.20533639e-12 
 1.26042654e-04  2.00671526e-01  2.01269909e-01  2.01259845e-01 -1.52708515e-05  1.92352985e-11  8.15583224e-13 
 1.26142654e-04  2.00671529e-01  2.01269922e-01  2.01259860e-01 -1.52518746e-05 -2.24746988e-11  1.20539830e-12 
 1.26242654e-04  2.00671557e-01  2.01269940e-01  2.01259876e-01 -1.52708522e-05  1.92300566e-11  8.15521858e-13 
 1.26342654e-04  2.00671561e-01  2.01269953e-01  2.01259891e-01 -1.52518739e-05 -2.24695640e-11  1.20545945e-12 
 1.26442654e-04  2.00671588e-01  2.01269971e-01  2.01259907e-01 -1.52708530e-05  1.92247858e-11  8.15460438e-13 
 1.26542654e-04  2.00671592e-01  2.01269984e-01  2.01259922e-01 -1.52518731e-05 -2.24642841e-11  1.20552152e-12 
 1.26642654e-04  2.00671619e-01  2.01270002e-01  2.01259938e-01 -1.52708538e-05  1.92197354e-11  8.15398476e-13 
 1.26742654e-04  2.00671623e-01  2.01270015e-01  2.01259953e-01 -1.52518723e-05 -2.24591077e-11  1.20558240e-12 
 1.26842654e-04  2.00671650e-01  2.01270033e-01  2.01259969e-01 -1.52708545e-05  1.92143916e-11  8.15337977e-13 
 1.26942654e-04  2.00671654e-01  2.01270046e-01  2.01259984e-01 -1.52518715e-05 -2.24537776e-11  1.20564322e-12 
 1.27042654e-04  2.00671682e-01  2.01270065e-01  2.01260000e-01 -1.52708553e-05  1.92092340e-11  8.15276286e-13 
 1.27142654e-04  2.00671685e-01  2.01270077e-01  2.01260015e-01 -1.52518708e-05 -2.24486382e-11  1.20570481e-12 
 1.27242654e-04  2.00671713e-01  2.01270096e-01  2.01260031e-01 -1.52708561e-05  1.92039921e-11  8.15214649e-13 
 1.27342654e-04  2.00671717e-01  2.01270108e-01  2.01260046e-01 -1.52518700e-05 -2.24434156e-11  1.20576628e-12 
 1.27442654e-04  2.00671744e-01  2.01270127e-01  2.01260062e-01 -1.52708568e-05  1.91987895e-11  8.15153121e-13 
 1.27542654e-04  2.00671748e-01  2.01270140e-01  2.01260077e-01 -1.52518692e-05 -2.24383047e-11  1.20582770e-12 
 1.27642654e-04  2.00671775e-01  2.01270158e-01  2.01260093e-01 -1.52708576e-05  1.91935062e-11  8.15092026e-13 
 1.27742654e-04  2.00671779e-01  2.01270171e-01  2.01260108e-01 -1.52518685e-05 -2.24331009e-11  1.20588847e-12 
 1.27842654e-04  2.00671806e-01  2.01270189e-01  2.01260124e-01 -1.52708584e-05  1.91883879e-11  8.15031473e-13 
 1.27942654e-04  2.00671810e-01  2.01270202e-01  2.01260140e-01 -1.52518677e-05 -2.24278818e-11  1.20594946e-12 
 1.28042654e-04  2.00671837e-01  2.01270220e-01  2.01260155e-01 -1.52708591e-05  1.91831154e-11  8.14970487e-13 
 1.28142654e-04  2.00671841e-01  2.01270233e-01  2.01260171e-01 -1.52518669e-05 -2.24226390e-11  1.20601044e-12 
 1.28242654e-04  2.00671869e-01  2.01270251e-01  2.01260186e-01 -1.52708599e-05  1.91780105e-11  8.14909501e-13 
 1.28342654e-04  2.00671873e-01  2.01270264e-01  2.01260202e-01 -1.52518661e-05 -2.24174585e-11  1.20607165e-12 
 1.28442654e-04  2.00671900e-01  2.01270282e-01  2.01260217e-01 -1.52708606e-05  1.91727203e-11  8.14848406e-13 
 1.28542654e-04  2.00671904e-01  2.01270295e-01  2.01260233e-01 -1.52518654e-05 -2.24122812e-11  1.20613236e-12 
 1.28642654e-04  2.00671931e-01  2.01270313e-01  2.01260248e-01 -1.52708614e-05  1.91674558e-11  8.14787799e-13 
 1.28742654e-04  2.00671935e-01  2.01270326e-01  2.01260264e-01 -1.52518646e-05 -2.24071467e-11  1.20619302e-12 
 1.28842654e-04  2.00671962e-01  2.01270344e-01  2.01260279e-01 -1.52708622e-05  1.91623527e-11  8.14727084e-13 
 1.28942654e-04  2.00671966e-01  2.01270357e-01  2.01260295e-01 -1.52518638e-05 -2.24018579e-11  1.20625352e-12 
 1.29042654e-04  2.00671993e-01  2.01270375e-01  2.01260310e-01 -1.52708629e-05  1.91571876e-11  8.14666314e-13 
 1.29142654e-04  2.00671998e-01  2.01270388e-01  2.01260326e-01 -1.52518630e-05 -2.23967494e-11  1.20631386e-12 
 1.29242654e-04  2.00672025e-01  2.01270406e-01  2.01260341e-01 -1.52708637e-05  1.91518940e-11  8.14605924e-13 
 1.29342654e-04  2.00672029e-01  2.01270419e-01  2.01260357e-01 -1.52518623e-05 -2.23914275e-11  1.20637468e-12 
 1.29442654e-04  2.00672056e-01  2.01270437e-01  2.01260372e-01 -1.52708645e-05  1.91468488e-11  8.14545209e-13 
 1.29542654e-04  2.00672060e-01  2.01270450e-01  2.01260388e-01 -1.52518615e-05 -2.23863369e-11  1.20643491e-12 
 1.29642654e-04  2.00672087e-01  2.01270468e-01  2.01260403e-01 -1.52708652e-05  1.91415093e-11  8.14485632e-13 
 1.29742654e-04  2.00672091e-01  2.01270481e-01  2.01260419e-01 -1.52518607e-05 -2.23811436e-11  1.20649546e-12 
 1.29842654e-04  2.00672118e-01  2.01270499e-01  2.01260434e-01 -1.52708660e-05  1.91363459e-11  8.14425025e-13 
 1.29942654e-04  2.00672122e-01  2.01270512e-01  2.01260450e-01 -1.52518600e-05 -2.23759945e-11  1.20655569e-12 
 1.30042654e-04  2.00672149e-01  2.01270530e-01  2.01260465e-01 -1.52708668e-05  1.91311788e-11  8.14365068e-13 
 1.30142654e-04  2.00672154e-01  2.01270543e-01  2.01260481e-01 -1.52518592e-05 -2.23708016e-11  1.20661554e-12 
 1.30242654e-04  2.00672180e-01  2.01270561e-01  2.01260496e-01 -1.52708675e-05  1.91259925e-11  8.14304949e-13 
 1.30342654e-04  2.00672185e-01  2.01270574e-01  2.01260512e-01 -1.52518584e-05 -2.23655595e-11  1.20667571e-12 
 1.30442654e-04  2.00672212e-01  2.01270592e-01  2.01260528e-01 -1.52708683e-05  1.91208529e-11  8.14244776e-13 
 1.30542654e-04  2.00672216e-01  2.01270605e-01  2.01260543e-01 -1.52518577e-05 -2.23603427e-11  1.20673529e-12 
 1.30642654e-04  2.00672243e-01  2.01270623e-01  2.01260559e-01 -1.52708691e-05  1.91157637e-11  8.14184711e-13 
 1.30742654e-04  2.00672247e-01  2.01270636e-01  2.01260574e-01 -1.52518569e-05 -2.23551214e-11  1.20679562e-12 
 1.30842654e-04  2.00672274e-01  2.01270654e-01  2.01260590e-01 -1.52708698e-05  1.91105068e-11  8.14124267e-13 
 1.30942654e-04  2.00672278e-01  2.01270667e-01  2.01260605e-01 -1.52518561e-05 -2.23498678e-11  1.20685580e-12 
 1.31042654e-04  2.00672305e-01  2.01270685e-01  2.01260621e-01 -1.52708706e-05  1.91054048e-11  8.14064365e-13 
 1.31142654e-04  2.00672310e-01  2.01270698e-01  2.01260636e-01 -1.52518553e-05 -2.23448228e-11  1.20691526e-12 
 1.31242654e-04  2.00672336e-01  2.01270716e-01  2.01260652e-01 -1.52708713e-05  1.91000635e-11  8.14005005e-13 
 1.31342654e-04  2.00672341e-01  2.01270729e-01  2.01260667e-01 -1.52518546e-05 -2.23397058e-11  1.20697533e-12 
 1.31442654e-04  2.00672368e-01  2.01270747e-01  2.01260683e-01 -1.52708721e-05  1.90949808e-11  8.13945211e-13 
 1.31542654e-04  2.00672372e-01  2.01270760e-01  2.01260698e-01 -1.52518538e-05 -2.23344828e-11  1.20703480e-12 
 1.31642654e-04  2.00672399e-01  2.01270779e-01  2.01260714e-01 -1.52708729e-05  1.90898328e-11  8.13885851e-13 
 1.31742654e-04  2.00672403e-01  2.01270791e-01  2.01260729e-01 -1.52518530e-05 -2.23292285e-11  1.20709410e-12 
 1.31842654e-04  2.00672430e-01  2.01270810e-01  2.01260745e-01 -1.52708736e-05  1.90846919e-11  8.13825949e-13 
 1.31942654e-04  2.00672434e-01  2.01270822e-01  2.01260760e-01 -1.52518523e-05 -2.23240473e-11  1.20715411e-12 
 1.32042654e-04  2.00672461e-01  2.01270841e-01  2.01260776e-01 -1.52708744e-05  1.90795656e-11  8.13766589e-13 
 1.32142654e-04  2.00672466e-01  2.01270853e-01  2.01260791e-01 -1.52518515e-05 -2.23188985e-11  1.20721315e-12 
 1.32242654e-04  2.00672492e-01  2.01270872e-01  2.01260807e-01 -1.52708751e-05  1.90743051e-11  8.13707500e-13 
 1.32342654e-04  2.00672497e-01  2.01270885e-01  2.01260822e-01 -1.52518507e-05 -2.23137129e-11  1.20727273e-12 
 1.32442654e-04  2.00672523e-01  2.01270903e-01  2.01260838e-01 -1.52708759e-05  1.90692440e-11  8.13647706e-13 
 1.32542654e-04  2.00672528e-01  2.01270916e-01  2.01260853e-01 -1.52518500e-05 -2.23085944e-11  1.20733192e-12 
 1.32642654e-04  2.00672555e-01  2.01270934e-01  2.01260869e-01 -1.52708767e-05  1.90639310e-11  8.13588509e-13 
 1.32742654e-04  2.00672559e-01  2.01270947e-01  2.01260884e-01 -1.52518492e-05 -2.23034332e-11  1.20739145e-12 
 1.32842654e-04  2.00672586e-01  2.01270965e-01  2.01260900e-01 -1.52708774e-05  1.90588439e-11  8.13529474e-13 
 1.32942654e-04  2.00672591e-01  2.01270978e-01  2.01260916e-01 -1.52518484e-05 -2.22982388e-11  1.20745043e-12 
 1.33042654e-04  2.00672617e-01  2.01270996e-01  2.01260931e-01 -1.52708782e-05  1.90536692e-11  8.13470710e-13 
 1.33142654e-04  2.00672622e-01  2.01271009e-01  2.01260947e-01 -1.52518477e-05 -2.22930524e-11  1.20750962e-12 
 1.33242654e-04  2.00672648e-01  2.01271027e-01  2.01260962e-01 -1.52708789e-05  1.90484247e-11  8.13411513e-13 
 1.33342654e-04  2.00672653e-01  2.01271040e-01  2.01260978e-01 -1.52518469e-05 -2.22879931e-11  1.20756855e-12 
 1.33442654e-04  2.00672679e-01  2.01271058e-01  2.01260993e-01 -1.52708797e-05  1.90433923e-11  8.13352803e-13 
 1.33542654e-04  2.00672684e-01  2.01271071e-01  2.01261009e-01 -1.52518461e-05 -2.22827577e-11  1.20762742e-12 
 1.33642654e-04  2.00672711e-01  2.01271089e-01  2.01261024e-01 -1.52708805e-05  1.90381792e-11  8.13293389e-13 
 1.33742654e-04  2.00672715e-01  2.01271102e-01  2.01261040e-01 -1.52518454e-05 -2.22776695e-11  1.20768640e-12 
 1.33842654e-04  2.00672742e-01  2.01271120e-01  2.01261055e-01 -1.52708812e-05  1.90330197e-11  8.13235221e-13 
 1.33942654e-04  2.00672747e-01  2.01271133e-01  2.01261071e-01 -1.52518446e-05 -2.22725310e-11  1.20774468e-12 
 1.34042654e-04  2.00672773e-01  2.01271151e-01  2.01261086e-01 -1.52708820e-05  1.90278776e-11  8.13176295e-13 
 1.34142654e-04  2.00672778e-01  2.01271164e-01  2.01261102e-01 -1.52518438e-05 -2.22673561e-11  1.20780301e-12 
 1.34242654e-04  2.00672804e-01  2.01271182e-01  2.01261117e-01 -1.52708827e-05  1.90226973e-11  8.13117965e-13 
 1.34342654e-04  2.00672809e-01  2.01271195e-01  2.01261133e-01 -1.52518431e-05 -2.22621194e-11  1.20786183e-12 
 1.34442654e-04  2.00672835e-01  2.01271213e-01  2.01261148e-01 -1.52708835e-05  1.90176427e-11  8.13059310e-13 
 1.34542654e-04  2.00672840e-01  2.01271226e-01  2.01261164e-01 -1.52518423e-05 -2.22570226e-11  1.20792032e-12 
 1.34642654e-04  2.00672866e-01  2.01271244e-01  2.01261179e-01 -1.52708843e-05  1.90124138e-11  8.13000708e-13 
 1.34742654e-04  2.00672871e-01  2.01271257e-01  2.01261195e-01 -1.52518415e-05 -2.22517543e-11  1.20797919e-12 
 1.34842654e-04  2.00672898e-01  2.01271275e-01  2.01261210e-01 -1.52708850e-05  1.90074456e-11  8.12941728e-13 
 1.34942654e-04  2.00672903e-01  2.01271288e-01  2.01261226e-01 -1.52518408e-05 -2.22465993e-11  1.20803796e-12 
 1.35042654e-04  2.00672929e-01  2.01271306e-01  2.01261241e-01 -1.52708858e-05  1.90022301e-11  8.12883506e-13 
 1.35142654e-04  2.00672934e-01  2.01271319e-01  2.01261257e-01 -1.52518400e-05 -2.22415354e-11  1.20809558e-12 
 1.35242654e-04  2.00672960e-01  2.01271337e-01  2.01261272e-01 -1.52708865e-05  1.89969672e-11  8.12825447e-13 
 1.35342654e-04  2.00672965e-01  2.01271350e-01  2.01261288e-01 -1.52518392e-05 -2.22363798e-11  1.20815424e-12 
 1.35442654e-04  2.00672991e-01  2.01271368e-01  2.01261304e-01 -1.52708873e-05  1.89918998e-11  8.12766846e-13 
 1.35542654e-04  2.00672996e-01  2.01271381e-01  2.01261319e-01 -1.52518385e-05 -2.22311297e-11  1.20821257e-12 
 1.35642654e-04  2.00673022e-01  2.01271399e-01  2.01261335e-01 -1.52708880e-05  1.89868622e-11  8.12708895e-13 
 1.35742654e-04  2.00673027e-01  2.01271412e-01  2.01261350e-01 -1.52518377e-05 -2.22261207e-11  1.20826987e-12 
 1.35842654e-04  2.00673054e-01  2.01271430e-01  2.01261366e-01 -1.52708888e-05  1.89816121e-11  8.12650945e-13 
 1.35942654e-04  2.00673059e-01  2.01271443e-01  2.01261381e-01 -1.52518369e-05 -2.22209586e-11  1.20832863e-12 
 1.36042654e-04  2.00673085e-01  2.01271461e-01  2.01261397e-01 -1.52708896e-05  1.89765315e-11  8.12592506e-13 
 1.36142654e-04  2.00673090e-01  2.01271474e-01  2.01261412e-01 -1.52518362e-05 -2.22158175e-11  1.20838620e-12 
 1.36242654e-04  2.00673116e-01  2.01271492e-01  2.01261428e-01 -1.52708903e-05  1.89712883e-11  8.12534935e-13 
 1.36342654e-04  2.00673121e-01  2.01271505e-01  2.01261443e-01 -1.52518354e-05 -2.22106463e-11  1.20844404e-12 
 1.36442654e-04  2.00673147e-01  2.01271524e-01  2.01261459e-01 -1.52708911e-05  1.89662589e-11  8.12477256e-13 
 1.36542654e-04  2.00673152e-01  2.01271536e-01  2.01261474e-01 -1.52518346e-05 -2.22055896e-11  1.20850183e-12 
 1.36642654e-04  2.00673178e-01  2.01271555e-01  2.01261490e-01 -1.52708918e-05  1.89610018e-11  8.12419684e-13 
 1.36742654e-04  2.00673183e-01  2.01271567e-01  2.01261505e-01 -1.52518339e-05 -2.22003804e-11  1.20855984e-12 
 1.36842654e-04  2.00673209e-01  2.01271586e-01  2.01261521e-01 -1.52708926e-05  1.89560190e-11  8.12361951e-13 
 1.36942654e-04  2.00673215e-01  2.01271598e-01  2.01261536e-01 -1.52518331e-05 -2.21953380e-11  1.20861703e-12 
 1.37042654e-04  2.00673241e-01  2.01271617e-01  2.01261552e-01 -1.52708933e-05  1.89507479e-11  8.12304434e-13 
 1.37142654e-04  2.00673246e-01  2.01271630e-01  2.01261567e-01 -1.52518323e-05 -2.21901557e-11  1.20867525e-12 
 1.37242654e-04  2.00673272e-01  2.01271648e-01  2.01261583e-01 -1.52708941e-05  1.89456578e-11  8.12246375e-13 
 1.37342654e-04  2.00673277e-01  2.01271661e-01  2.01261598e-01 -1.52518316e-05 -2.21850492e-11  1.20873309e-12 
 1.37442654e-04  2.00673303e-01  2.01271679e-01  2.01261614e-01 -1.52708949e-05  1.89406464e-11  8.12189020e-13 
 1.37542654e-04  2.00673308e-01  2.01271692e-01  2.01261629e-01 -1.52518308e-05 -2.21797743e-11  1.20878942e-12 
 1.37642654e-04  2.00673334e-01  2.01271710e-01  2.01261645e-01 -1.52708956e-05  1.89354472e-11  8.12131341e-13 
 1.37742654e-04  2.00673340e-01  2.01271723e-01  2.01261660e-01 -1.52518301e-05 -2.21747963e-11  1.20884704e-12 
 1.37842654e-04  2.00673365e-01  2.01271741e-01  2.01261676e-01 -1.52708964e-05  1.89302927e-11  8.12073824e-13 
 1.37942654e-04  2.00673371e-01  2.01271754e-01  2.01261692e-01 -1.52518293e-05 -2.21696329e-11  1.20890488e-12 
 1.38042654e-04  2.00673397e-01  2.01271772e-01  2.01261707e-01 -1.52708971e-05  1.89251746e-11  8.12016307e-13 
 1.38142654e-04  2.00673402e-01  2.01271785e-01  2.01261723e-01 -1.52518285e-05 -2.21645467e-11  1.20896213e-12 
 1.38242654e-04  2.00673428e-01  2.01271803e-01  2.01261738e-01 -1.52708979e-05  1.89200439e-11  8.11959441e-13 
 1.38342654e-04  2.00673433e-01  2.01271816e-01  2.01261754e-01 -1.52518278e-05 -2.21594984e-11  1.20901932e-12 
 1.38442654e-04  2.00673459e-01  2.01271834e-01  2.01261769e-01 -1.52708986e-05  1.89148616e-11  8.11902683e-13 
 1.38542654e-04  2.00673464e-01  2.01271847e-01  2.01261785e-01 -1.52518270e-05 -2.21543376e-11  1.20907678e-12 
 1.38642654e-04  2.00673490e-01  2.01271865e-01  2.01261800e-01 -1.52708994e-05  1.89098080e-11  8.11845328e-13 
 1.38742654e-04  2.00673496e-01  2.01271878e-01  2.01261816e-01 -1.52518262e-05 -2.21491751e-11  1.20913387e-12 
 1.38842654e-04  2.00673521e-01  2.01271896e-01  2.01261831e-01 -1.52709001e-05  1.89047922e-11  8.11788245e-13 
 1.38942654e-04  2.00673527e-01  2.01271909e-01  2.01261847e-01 -1.52518255e-05 -2.21440852e-11  1.20919041e-12 
 1.39042654e-04  2.00673552e-01  2.01271927e-01  2.01261862e-01 -1.52709009e-05  1.88994571e-11  8.11731650e-13 
 1.39142654e-04  2.00673558e-01  2.01271940e-01  2.01261878e-01 -1.52518247e-05 -2.21389684e-11  1.20924755e-12 
 1.39242654e-04  2.00673584e-01  2.01271958e-01  2.01261893e-01 -1.52709017e-05  1.88945175e-11  8.11674512e-13 
 1.39342654e-04  2.00673589e-01  2.01271971e-01  2.01261909e-01 -1.52518240e-05 -2.21338442e-11  1.20930457e-12 
 1.39442654e-04  2.00673615e-01  2.01271989e-01  2.01261924e-01 -1.52709024e-05  1.88894024e-11  8.11617266e-13 
 1.39542654e-04  2.00673620e-01  2.01272002e-01  2.01261940e-01 -1.52518232e-05 -2.21287056e-11  1.20936106e-12 
 1.39642654e-04  2.00673646e-01  2.01272020e-01  2.01261955e-01 -1.52709032e-05  1.88842750e-11  8.11560834e-13 
 1.39742654e-04  2.00673652e-01  2.01272033e-01  2.01261971e-01 -1.52518224e-05 -2.21236447e-11  1.20941771e-12 
 1.39842654e-04  2.00673677e-01  2.01272051e-01  2.01261986e-01 -1.52709039e-05  1.88791584e-11  8.11504401e-13 
 1.39942654e-04  2.00673683e-01  2.01272064e-01  2.01262002e-01 -1.52518217e-05 -2.21184219e-11  1.20947452e-12 
 1.40042654e-04  2.00673708e-01  2.01272082e-01  2.01262017e-01 -1.52709047e-05  1.88740792e-11  8.11448131e-13 
 1.40142654e-04  2.00673714e-01  2.01272095e-01  2.01262033e-01 -1.52518209e-05 -2.21134467e-11  1.20953144e-12 
 1.40242654e-04  2.00673740e-01  2.01272113e-01  2.01262049e-01 -1.52709054e-05  1.88689394e-11  8.11391373e-13 
 1.40342654e-04  2.00673745e-01  2.01272126e-01  2.01262064e-01 -1.52518202e-05 -2.21082683e-11  1.20958761e-12 
 1.40442654e-04  2.00673771e-01  2.01272144e-01  2.01262080e-01 -1.52709062e-05  1.88638181e-11  8.11335049e-13 
 1.40542654e-04  2.00673776e-01  2.01272157e-01  2.01262095e-01 -1.52518194e-05 -2.21032361e-11  1.20964415e-12 
 1.40642654e-04  2.00673802e-01  2.01272175e-01  2.01262111e-01 -1.52709069e-05  1.88587321e-11  8.11278453e-13 
 1.40742654e-04  2.00673808e-01  2.01272188e-01  2.01262126e-01 -1.52518186e-05 -2.20981107e-11  1.20970090e-12 
 1.40842654e-04  2.00673833e-01  2.01272206e-01  2.01262142e-01 -1.52709077e-05  1.88536142e-11  8.11221858e-13 
 1.40942654e-04  2.00673839e-01  2.01272219e-01  2.01262157e-01 -1.52518179e-05 -2.20929937e-11  1.20975696e-12 
 1.41042654e-04  2.00673864e-01  2.01272237e-01  2.01262173e-01 -1.52709084e-05  1.88485180e-11  8.11165805e-13 
 1.41142654e-04  2.00673870e-01  2.01272250e-01  2.01262188e-01 -1.52518171e-05 -2.20879194e-11  1.20981258e-12 
 1.41242654e-04  2.00673895e-01  2.01272269e-01  2.01262204e-01 -1.52709092e-05  1.88434175e-11  8.11109480e-13 
 1.41342654e-04  2.00673901e-01  2.01272281e-01  2.01262219e-01 -1.52518164e-05 -2.20829271e-11  1.20986879e-12 
 1.41442654e-04  2.00673927e-01  2.01272300e-01  2.01262235e-01 -1.52709099e-05  1.88382675e-11  8.11053427e-13 
 1.41542654e-04  2.00673933e-01  2.01272312e-01  2.01262250e-01 -1.52518156e-05 -2.20776188e-11  1.20992571e-12 
 1.41642654e-04  2.00673958e-01  2.01272331e-01  2.01262266e-01 -1.52709107e-05  1.88332657e-11  8.10996778e-13 
 1.41742654e-04  2.00673964e-01  2.01272343e-01  2.01262281e-01 -1.52518148e-05 -2.20725831e-11  1.20998123e-12 
 1.41842654e-04  2.00673989e-01  2.01272362e-01  2.01262297e-01 -1.52709114e-05  1.88282510e-11  8.10941266e-13 
 1.41942654e-04  2.00673995e-01  2.01272375e-01  2.01262312e-01 -1.52518141e-05 -2.20675277e-11  1.21003679e-12 
 1.42042654e-04  2.00674020e-01  2.01272393e-01  2.01262328e-01 -1.52709122e-05  1.88231113e-11  8.10885701e-13 
 1.42142654e-04  2.00674026e-01  2.01272406e-01  2.01262343e-01 -1.52518133e-05 -2.20623489e-11  1.21009317e-12 
 1.42242654e-04  2.00674051e-01  2.01272424e-01  2.01262359e-01 -1.52709129e-05  1.88180730e-11  8.10829214e-13 
 1.42342654e-04  2.00674057e-01  2.01272437e-01  2.01262374e-01 -1.52518126e-05 -2.20573468e-11  1.21014873e-12 
 1.42442654e-04  2.00674083e-01  2.01272455e-01  2.01262390e-01 -1.52709137e-05  1.88128235e-11  8.10773486e-13 
 1.42542654e-04  2.00674089e-01  2.01272468e-01  2.01262405e-01 -1.52518118e-05 -2.20521954e-11  1.21020528e-12 
 1.42642654e-04  2.00674114e-01  2.01272486e-01  2.01262421e-01 -1.52709144e-05  1.88078630e-11  8.10717487e-13 
 1.42742654e-04  2.00674120e-01  2.01272499e-01  2.01262437e-01 -1.52518110e-05 -2.20471718e-11  1.21026057e-12 
 1.42842654e-04  2.00674145e-01  2.01272517e-01  2.01262452e-01 -1.52709152e-05  1.88027701e-11  8.10662139e-13 
 1.42942654e-04  2.00674151e-01  2.01272530e-01  2.01262468e-01 -1.52518103e-05 -2.20420173e-11  1.21031597e-12 
 1.43042654e-04  2.00674176e-01  2.01272548e-01  2.01262483e-01 -1.52709159e-05  1.87976412e-11  8.10606302e-13 
 1.43142654e-04  2.00674182e-01  2.01272561e-01  2.01262499e-01 -1.52518095e-05 -2.20369877e-11  1.21037138e-12 
 1.43242654e-04  2.00674207e-01  2.01272579e-01  2.01262514e-01 -1.52709167e-05  1.87925938e-11  8.10550737e-13 
 1.43342654e-04  2.00674213e-01  2.01272592e-01  2.01262530e-01 -1.52518088e-05 -2.20318969e-11  1.21042710e-12 
 1.43442654e-04  2.00674238e-01  2.01272610e-01  2.01262545e-01 -1.52709174e-05  1.87875431e-11  8.10495334e-13 
 1.43542654e-04  2.00674245e-01  2.01272623e-01  2.01262561e-01 -1.52518080e-05 -2.20268667e-11  1.21048240e-12 
 1.43642654e-04  2.00674270e-01  2.01272641e-01  2.01262576e-01 -1.52709182e-05  1.87823366e-11  8.10439877e-13 
 1.43742654e-04  2.00674276e-01  2.01272654e-01  2.01262592e-01 -1.52518073e-05 -2.20217432e-11  1.21053807e-12 
 1.43842654e-04  2.00674301e-01  2.01272672e-01  2.01262607e-01 -1.52709189e-05  1.87774312e-11  8.10384637e-13 
 1.43942654e-04  2.00674307e-01  2.01272685e-01  2.01262623e-01 -1.52518065e-05 -2.20165834e-11  1.21059331e-12 
 1.44042654e-04  2.00674332e-01  2.01272703e-01  2.01262638e-01 -1.52709197e-05  1.87722440e-11  8.10329017e-13 
 1.44142654e-04  2.00674338e-01  2.01272716e-01  2.01262654e-01 -1.52518057e-05 -2.20115939e-11  1.21064909e-12 
 1.44242654e-04  2.00674363e-01  2.01272734e-01  2.01262669e-01 -1.52709204e-05  1.87672445e-11  8.10273777e-13 
 1.44342654e-04  2.00674369e-01  2.01272747e-01  2.01262685e-01 -1.52518050e-05 -2.20065596e-11  1.21070406e-12 
 1.44442654e-04  2.00674394e-01  2.01272765e-01  2.01262700e-01 -1.52709212e-05  1.87620375e-11  8.10218754e-13 
 1.44542654e-04  2.00674401e-01  2.01272778e-01  2.01262716e-01 -1.52518042e-05 -2.20014345e-11  1.21075865e-12 
 1.44642654e-04  2.00674426e-01  2.01272796e-01  2.01262731e-01 -1.52709219e-05  1.87570664e-11  8.10164002e-13 
 1.44742654e-04  2.00674432e-01  2.01272809e-01  2.01262747e-01 -1.52518035e-05 -2.19964507e-11  1.21081384e-12 
 1.44842654e-04  2.00674457e-01  2.01272827e-01  2.01262762e-01 -1.52709227e-05  1.87518427e-11  8.10108491e-13 
 1.44942654e-04  2.00674463e-01  2.01272840e-01  2.01262778e-01 -1.52518027e-05 -2.19913939e-11  1.21086962e-12 
 1.45042654e-04  2.00674488e-01  2.01272858e-01  2.01262793e-01 -1.52709234e-05  1.87469051e-11  8.10053684e-13 
 1.45142654e-04  2.00674494e-01  2.01272871e-01  2.01262809e-01 -1.52518020e-05 -2.19862793e-11  1.21092356e-12 
 1.45242654e-04  2.00674519e-01  2.01272889e-01  2.01262825e-01 -1.52709242e-05  1.87418650e-11  8.09999312e-13 
 1.45342654e-04  2.00674525e-01  2.01272902e-01  2.01262840e-01 -1.52518012e-05 -2.19811055e-11  1.21097837e-12 
 1.45442654e-04  2.00674550e-01  2.01272920e-01  2.01262856e-01 -1.52709249e-05  1.87367266e-11  8.09944614e-13 
 1.45542654e-04  2.00674557e-01  2.01272933e-01  2.01262871e-01 -1.52518005e-05 -2.19762173e-11  1.21103323e-12 
 1.45642654e-04  2.00674581e-01  2.01272951e-01  2.01262887e-01 -1.52709257e-05  1.87316575e-11  8.09889428e-13 
 1.45742654e-04  2.00674588e-01  2.01272964e-01  2.01262902e-01 -1.52517997e-05 -2.19710320e-11  1.21108863e-12 
 1.45842654e-04  2.00674613e-01  2.01272982e-01  2.01262918e-01 -1.52709264e-05  1.87266483e-11  8.09834296e-13 
 1.45942654e-04  2.00674619e-01  2.01272995e-01  2.01262933e-01 -1.52517989e-05 -2.19660084e-11  1.21114327e-12 
 1.46042654e-04  2.00674644e-01  2.01273014e-01  2.01262949e-01 -1.52709272e-05  1.87215389e-11  8.09780194e-13 
 1.46142654e-04  2.00674650e-01  2.01273026e-01  2.01262964e-01 -1.52517982e-05 -2.19610664e-11  1.21119759e-12 
 1.46242654e-04  2.00674675e-01  2.01273045e-01  2.01262980e-01 -1.52709279e-05  1.87164405e-11  8.09725713e-13 
 1.46342654e-04  2.00674682e-01  2.01273057e-01  2.01262995e-01 -1.52517974e-05 -2.19559334e-11  1.21125142e-12 
 1.46442654e-04  2.00674706e-01  2.01273076e-01  2.01263011e-01 -1.52709287e-05  1.87114636e-11  8.09671069e-13 
 1.46542654e-04  2.00674713e-01  2.01273088e-01  2.01263026e-01 -1.52517967e-05 -2.19507685e-11  1.21130601e-12 
 1.46642654e-04  2.00674737e-01  2.01273107e-01  2.01263042e-01 -1.52709294e-05  1.87063867e-11  8.09616263e-13 
 1.46742654e-04  2.00674744e-01  2.01273120e-01  2.01263057e-01 -1.52517959e-05 -2.19458716e-11  1.21136055e-12 
 1.46821327e-04  2.00674765e-01  2.01273134e-01  2.01263069e-01 -1.52709302e-05  1.87010936e-11  8.09551699e-13 
 1.46900000e-04  2.00674768e-01  2.01273144e-01  2.01263082e-01 -1.52517950e-05 -2.19383355e-11  1.21143357e-12 
