 time            v(XDUT.HOLD)    v(out)          v(pad)          i(VDD)          i(VHI)          i(VLO)         
 0.00000000e+00  7.01867023e-01  7.02010857e-01  7.01975759e-01 -1.55871866e-05 -3.95975787e-13  1.05530824e-12 
 1.00000000e-09  7.01867023e-01  7.02010857e-01  7.01975759e-01 -1.55871866e-05 -3.96051898e-13  1.05525929e-12 
 2.00000000e-09  7.01867023e-01  7.02010857e-01  7.01975758e-01 -1.55871866e-05 -3.96059704e-13  1.05525370e-12 
 4.00000000e-09  7.01867023e-01  7.02010857e-01  7.01975758e-01 -1.55871866e-05 -3.96057753e-13  1.05525403e-12 
 8.00000000e-09  7.01867023e-01  7.02010857e-01  7.01975758e-01 -1.55871866e-05 -3.96060138e-13  1.05525300e-12 
 1.60000000e-08  7.01867023e-01  7.02010857e-01  7.01975758e-01 -1.55871866e-05 -3.96045176e-13  1.05525582e-12 
 3.20000000e-08  7.01867023e-01  7.02010857e-01  7.01975758e-01 -1.55871866e-05 -3.95954537e-13  1.05531811e-12 
 6.40000000e-08  7.01867023e-01  7.02010857e-01  7.01975758e-01 -1.55871866e-05 -3.95925914e-13  1.05535193e-12 
 1.00000000e-07  7.01867023e-01  7.02010857e-01  7.01975759e-01 -1.55871866e-05 -3.95959090e-13  1.05532054e-12 
 1.00017697e-07  7.01881063e-01  7.02039557e-01  7.01975960e-01 -1.24792998e-05  3.76294920e-09  5.10263275e-09 
 1.00053092e-07  7.01891385e-01  7.02086113e-01  7.01976688e-01 -1.05930713e-05  1.06350274e-08  1.52021706e-08 
 1.00115067e-07  7.01896017e-01  7.02141396e-01  7.01979185e-01 -9.09411800e-06  1.99005571e-08  3.21368878e-08 
 1.00179065e-07  7.01906357e-01  7.02178847e-01  7.01982871e-01 -8.00336280e-06  2.71249270e-08  4.88688030e-08 
 1.00301353e-07  7.01919876e-01  7.02208831e-01  7.01991268e-01 -7.43713087e-06  3.78957369e-08  7.93512595e-08 
 1.00491704e-07  7.01945206e-01  7.02206235e-01  7.02004557e-01 -7.06801221e-06  5.12684685e-08  1.23689927e-07 
 1.00812231e-07  7.01983859e-01  7.02159165e-01  7.02021791e-01 -7.21109691e-06  7.06008718e-08  1.91401160e-07 
 1.01279267e-07  7.02046392e-01  7.02069804e-01  7.02031631e-01 -7.67023219e-06  9.23106908e-08  2.76874245e-07 
 1.01464358e-07  7.02075779e-01  7.02030151e-01  7.02030435e-01 -8.90447047e-06  9.48922920e-08  3.06888554e-07 
 1.01636159e-07  7.02117645e-01  7.01989900e-01  7.02026747e-01 -1.17097117e-05  8.42126565e-08  3.32661157e-07 
 1.01760329e-07  7.02160318e-01  7.01956903e-01  7.02022460e-01 -1.60413509e-05  6.03372486e-08  3.49978139e-07 
 1.01877145e-07  7.02218026e-01  7.01921875e-01  7.02017065e-01 -2.23623473e-05  1.55700697e-08  3.65533563e-07 
 1.02000925e-07  7.02296971e-01  7.01879048e-01  7.02009735e-01 -3.24380922e-05 -6.68140478e-08  3.82947791e-07 
 1.02131033e-07  7.02400976e-01  7.01827463e-01  7.02000017e-01 -4.61149287e-05 -2.05462825e-07  4.07852228e-07 
 1.02274759e-07  7.02529858e-01  7.01761824e-01  7.01986579e-01 -6.37446653e-05 -4.37402391e-07  4.60757769e-07 
 1.02407900e-07  7.02651662e-01  7.01691506e-01  7.01971275e-01 -7.92158610e-05 -7.42774813e-07  5.65858959e-07 
 1.02521864e-07  7.02745724e-01  7.01620772e-01  7.01955665e-01 -8.91191660e-05 -1.08982048e-06  7.39277497e-07 
 1.02625210e-07  7.02816339e-01  7.01544983e-01  7.01939145e-01 -9.31058929e-05 -1.48838538e-06  1.00654914e-06 
 1.02740740e-07  7.02871394e-01  7.01447558e-01  7.01917556e-01 -9.31314241e-05 -2.04012918e-06  1.48987886e-06 
 1.02861285e-07  7.02900145e-01  7.01341282e-01  7.01891273e-01 -9.20322427e-05 -2.72902194e-06  2.27491130e-06 
 1.02942932e-07  7.02902295e-01  7.01273747e-01  7.01871387e-01 -9.14222167e-05 -3.25090677e-06  3.00559779e-06 
 1.03032048e-07  7.02889458e-01  7.01208448e-01  7.01848083e-01 -9.05514723e-05 -3.85919473e-06  4.01645276e-06 
 1.03131092e-07  7.02855092e-01  7.01148459e-01  7.01820706e-01 -8.95275902e-05 -4.56852020e-06  5.42419854e-06 
 1.03213260e-07  7.02804919e-01  7.01110872e-01  7.01797226e-01 -8.81630719e-05 -5.17026734e-06  6.83197027e-06 
 1.03265114e-07  7.02752961e-01  7.01094703e-01  7.01782250e-01 -8.68924661e-05 -5.54759685e-06  7.83798607e-06 
 1.03298111e-07  7.02704136e-01  7.01088737e-01  7.01772736e-01 -8.56618952e-05 -5.78184320e-06  8.52966680e-06 
 1.03325984e-07  7.02646463e-01  7.01087571e-01  7.01764756e-01 -8.43054415e-05 -5.97212677e-06  9.14940338e-06 
 1.03351678e-07  7.02573195e-01  7.01091006e-01  7.01757491e-01 -8.25678324e-05 -6.13704618e-06  9.75344065e-06 
 1.03378306e-07  7.02472177e-01  7.01101354e-01  7.01750113e-01 -8.01928834e-05 -6.29152189e-06  1.04169264e-05 
 1.03412117e-07  7.02314825e-01  7.01128165e-01  7.01741106e-01 -7.62897676e-05 -6.45477184e-06  1.13201411e-05 
 1.03443758e-07  7.02156799e-01  7.01168564e-01  7.01733210e-01 -7.20041039e-05 -6.56964473e-06  1.22299606e-05 
 1.03490274e-07  7.01936478e-01  7.01249373e-01  7.01722899e-01 -6.50953457e-05 -6.67285233e-06  1.36789584e-05 
 1.03525298e-07  7.01792401e-01  7.01320719e-01  7.01716319e-01 -5.98225624e-05 -6.70449757e-06  1.48524149e-05 
 1.03558951e-07  7.01675059e-01  7.01391380e-01  7.01711033e-01 -5.49049168e-05 -6.70495696e-06  1.60397624e-05 
 1.03597358e-07  7.01564079e-01  7.01469068e-01  7.01706217e-01 -4.96839039e-05 -6.67782387e-06  1.74587599e-05 
 1.03638319e-07  7.01468797e-01  7.01544392e-01  7.01702405e-01 -4.46410487e-05 -6.62501777e-06  1.90394115e-05 
 1.03681888e-07  7.01386995e-01  7.01613287e-01  7.01699664e-01 -3.99231611e-05 -6.55034399e-06  2.07889901e-05 
 1.03729479e-07  7.01313969e-01  7.01674523e-01  7.01697951e-01 -3.54778961e-05 -6.45492274e-06  2.27729694e-05 
 1.03782487e-07  7.01245208e-01  7.01726664e-01  7.01697270e-01 -3.13010399e-05 -6.33871146e-06  2.50651030e-05 
 1.03843712e-07  7.01175342e-01  7.01769145e-01  7.01697646e-01 -2.73276675e-05 -6.19794422e-06  2.78129754e-05 
 1.03915594e-07  7.01098936e-01  7.01800427e-01  7.01699122e-01 -2.35626377e-05 -6.02938491e-06  3.11677935e-05 
 1.04003987e-07  7.01005761e-01  7.01819940e-01  7.01701762e-01 -1.99878116e-05 -5.82222247e-06  3.54716496e-05 
 1.04115335e-07  7.00879178e-01  7.01826435e-01  7.01705523e-01 -1.67063432e-05 -5.56548150e-06  4.11538291e-05 
 1.04264498e-07  7.00674657e-01  7.01818738e-01  7.01710273e-01 -1.38720989e-05 -5.23227625e-06  4.91800589e-05 
 1.04465764e-07  7.00293461e-01  7.01795082e-01  7.01715036e-01 -1.18959729e-05 -4.80498275e-06  6.06628180e-05 
 1.04724656e-07  6.99550447e-01  7.01755163e-01  7.01717498e-01 -1.09802364e-05 -4.29555264e-06  7.63014136e-05 
 1.05000000e-07  6.98371191e-01  7.01706788e-01  7.01715242e-01 -1.07266817e-05 -3.80391741e-06  9.36164696e-05 
 1.05005433e-07  6.98334874e-01  7.01695302e-01  7.01715123e-01 -1.28084003e-05 -3.79588683e-06  9.39605169e-05 
 1.05016300e-07  6.98270635e-01  7.01674868e-01  7.01714840e-01 -1.35973676e-05 -3.77976002e-06  9.46466375e-05 
 1.05038032e-07  6.98161607e-01  7.01642617e-01  7.01714051e-01 -1.38472494e-05 -3.74709143e-06  9.60062648e-05 
 1.05073720e-07  6.97982175e-01  7.01598503e-01  7.01712229e-01 -1.45539010e-05 -3.69289760e-06  9.82019276e-05 
 1.05108867e-07  6.97803520e-01  7.01562182e-01  7.01709898e-01 -1.48550580e-05 -3.63945177e-06  1.00319688e-04 
 1.05179160e-07  6.97438240e-01  7.01508678e-01  7.01704087e-01 -1.54506526e-05 -3.53378368e-06  1.04424807e-04 
 1.05297924e-07  6.96791470e-01  7.01456696e-01  7.01692186e-01 -1.57868819e-05 -3.36120223e-06  1.10979235e-04 
 1.05462431e-07  6.95833769e-01  7.01426256e-01  7.01673979e-01 -1.60199648e-05 -3.13601191e-06  1.19310926e-04 
 1.05755413e-07  6.93958848e-01  7.01409099e-01  7.01641721e-01 -1.60147818e-05 -2.77303581e-06  1.32209924e-04 
 1.06168604e-07  6.90979796e-01  7.01402661e-01  7.01600362e-01 -1.60833380e-05 -2.33450635e-06  1.46748705e-04 
 1.06753150e-07  6.86181709e-01  7.01396779e-01  7.01551015e-01 -1.60553450e-05 -1.83524637e-06  1.61477567e-04 
 1.07397810e-07  6.80222958e-01  7.01389967e-01  7.01506995e-01 -1.61395062e-05 -1.41481807e-06  1.71714489e-04 
 1.08107074e-07  6.73015833e-01  7.01374879e-01  7.01467329e-01 -1.61225801e-05 -1.07036841e-06  1.77878857e-04 
 1.08871426e-07  6.64652109e-01  7.01341337e-01  7.01429063e-01 -1.62141165e-05 -8.00337076e-07  1.80518725e-04 
 1.09748913e-07  6.54479078e-01  7.01267879e-01  7.01381430e-01 -1.62090419e-05 -5.81590362e-07  1.80341913e-04 
 1.10740853e-07  6.42461586e-01  7.01122454e-01  7.01308149e-01 -1.63109022e-05 -4.14520951e-07  1.77740675e-04 
 1.11919760e-07  6.27734916e-01  7.00833671e-01  7.01168812e-01 -1.63202730e-05 -2.87378301e-07  1.72978412e-04 
 1.13317658e-07  6.09980688e-01  7.00279133e-01  7.00885880e-01 -1.64356171e-05 -1.97680014e-07  1.66398998e-04 
 1.15083753e-07  5.87548915e-01  6.99156815e-01  7.00257897e-01 -1.64627234e-05 -1.36618247e-07  1.57864360e-04 
 1.17394501e-07  5.58830525e-01  6.96789342e-01  6.98791436e-01 -1.65971838e-05 -9.98168102e-08  1.47193824e-04 
 1.20345679e-07  5.23964229e-01  6.91949070e-01  6.95482830e-01 -1.66371804e-05 -8.26326145e-08  1.34679321e-04 
 1.23426948e-07  4.90255882e-01  6.84429259e-01  6.89894484e-01 -1.67539059e-05 -7.78746688e-08  1.22757532e-04 
 1.26640856e-07  4.58235446e-01  6.73846402e-01  6.81450008e-01 -1.67551819e-05 -7.73907010e-08  1.11291282e-04 
 1.30165267e-07  4.26727980e-01  6.59392060e-01  6.69158541e-01 -1.68340012e-05 -7.80107071e-08  9.96669763e-05 
 1.34156862e-07  3.95283315e-01  6.40374774e-01  6.52015791e-01 -1.67972227e-05 -7.79905883e-08  8.76065187e-05 
 1.38495702e-07  3.65710654e-01  6.18012276e-01  6.30779471e-01 -1.68315353e-05 -7.59685229e-08  7.57802736e-05 
 1.43674970e-07  3.35897408e-01  5.91197764e-01  6.04112643e-01 -1.67426225e-05 -7.07605540e-08  6.33540125e-05 
 1.49199776e-07  3.09732364e-01  5.64506874e-01  5.76511893e-01 -1.67227384e-05 -6.27900408e-08  5.20132804e-05 
 1.54784523e-07  2.88228805e-01  5.40846522e-01  5.51330186e-01 -1.65936656e-05 -5.36656463e-08  4.23863068e-05 
 1.60301029e-07  2.71021225e-01  5.21152177e-01  5.29972464e-01 -1.65525650e-05 -4.47971059e-08  3.44820370e-05 
 1.66316494e-07  2.55971841e-01  5.03567154e-01  5.10707607e-01 -1.64089402e-05 -3.61804834e-08  2.74249404e-05 
 1.72364750e-07  2.44003588e-01  4.89321839e-01  4.95063686e-01 -1.63619049e-05 -2.89735000e-08  2.17150758e-05 
 1.79004515e-07  2.33746658e-01  4.76708447e-01  4.81289943e-01 -1.62208215e-05 -2.27961159e-08  1.67547909e-05 
 1.86276090e-07  2.25203733e-01  4.65447271e-01  4.69159354e-01 -1.61760718e-05 -1.78309952e-08  1.25754123e-05 
 1.94674661e-07  2.17960276e-01  4.54501328e-01  4.57615448e-01 -1.60417246e-05 -1.39677223e-08  8.99859267e-06 
 2.03361753e-07  2.12638575e-01  4.44410082e-01  4.47228881e-01 -1.60157436e-05 -1.14953508e-08  6.35059322e-06 
 2.11251399e-07  2.09185773e-01  4.35657881e-01  4.38393899e-01 -1.59188031e-05 -1.01972732e-08  4.62398164e-06 
 2.18027995e-07  2.06986132e-01  4.28150649e-01  4.30900240e-01 -1.59309265e-05 -9.54565531e-09  3.52016968e-06 
 2.24842652e-07  2.05303189e-01  4.20468776e-01  4.23272815e-01 -1.58581338e-05 -9.18209648e-09  2.67400392e-06 
 2.32358008e-07  2.03910485e-01  4.11787135e-01  4.14666812e-01 -1.58813154e-05 -8.95719516e-09  1.97233790e-06 
 2.44867799e-07  2.02335238e-01  3.96929160e-01  3.99907756e-01 -1.58087516e-05 -8.75343103e-09  1.17765073e-06 
 2.61473784e-07  2.01159401e-01  3.76991726e-01  3.79975625e-01 -1.58319479e-05 -8.39318254e-09  5.83448916e-07 
 2.79684702e-07  2.00528059e-01  3.55990329e-01  3.58787041e-01 -1.57692058e-05 -7.66848406e-09  2.64619976e-07 
 3.01012120e-07  2.00199372e-01  3.34165847e-01  3.36548072e-01 -1.57996867e-05 -6.40406118e-09  9.87534912e-08 
 3.20939871e-07  2.00074345e-01  3.17414195e-01  3.19321447e-01 -1.57444011e-05 -5.08332180e-09  3.61338067e-08 
 3.40129043e-07  2.00024188e-01  3.04708587e-01  3.06191298e-01 -1.57858779e-05 -3.93280189e-09  1.10280564e-08 
 3.58525491e-07  2.00004354e-01  2.95038001e-01  2.96232017e-01 -1.57397897e-05 -3.16694774e-09  1.30593201e-09 
 3.80529292e-07  1.99996434e-01  2.85313991e-01  2.86338895e-01 -1.57868952e-05 -2.71200909e-09 -2.71258965e-09 
 4.01272875e-07  1.99994297e-01  2.76977569e-01  2.77947178e-01 -1.57433227e-05 -2.58282045e-09 -3.66216855e-09 
 4.25408368e-07  1.99993737e-01  2.67834787e-01  2.68744339e-01 -1.57909787e-05 -2.43799628e-09 -3.97662180e-09 
 4.52448647e-07  1.99993144e-01  2.58596779e-01  2.59390443e-01 -1.57468895e-05 -2.14961069e-09 -4.05978032e-09 
 4.86917300e-07  1.99993815e-01  2.48750576e-01  2.49383128e-01 -1.57926631e-05 -1.71462896e-09 -3.68030001e-09 
 5.37380639e-07  1.99995163e-01  2.37513435e-01  2.37985785e-01 -1.57465125e-05 -1.29098380e-09 -2.77723873e-09 
 5.86394072e-07  1.99996510e-01  2.29114777e-01  2.29486129e-01 -1.57915250e-05 -1.01882025e-09 -2.10914448e-09 
 6.34919251e-07  1.99996985e-01  2.22637663e-01  2.22920237e-01 -1.57457340e-05 -7.89113308e-10 -1.70103318e-09 
 6.93950844e-07  1.99997986e-01  2.16749350e-01  2.16950429e-01 -1.57905959e-05 -5.63787889e-10 -1.22829663e-09 
 7.57450931e-07  1.99998398e-01  2.12169235e-01  2.12311929e-01 -1.57447031e-05 -4.14030229e-10 -8.78755313e-10 
 8.29002444e-07  1.99999058e-01  2.08537931e-01  2.08631385e-01 -1.57897700e-05 -2.75990925e-10 -6.01965947e-10 
 9.07107656e-07  1.99999215e-01  2.05887073e-01  2.05944871e-01 -1.57440265e-05 -1.85924932e-10 -4.00438415e-10 
 9.98632053e-07  1.99999695e-01  2.03898583e-01  2.03930346e-01 -1.57891998e-05 -1.10084848e-10 -2.32829786e-10 
 1.09863205e-06  1.99999652e-01  2.02596442e-01  2.02610352e-01 -1.57436442e-05 -6.79848213e-11 -1.45634938e-10 
 1.19863205e-06  1.99999975e-01  2.01842950e-01  2.01846985e-01 -1.57889332e-05 -3.53540463e-11 -6.99011483e-11 
 1.29863205e-06  1.99999817e-01  2.01402683e-01  2.01400794e-01 -1.57434982e-05 -2.54803973e-11 -5.05980163e-11 
 1.39863205e-06  2.00000068e-01  2.01148971e-01  2.01143593e-01 -1.57888397e-05 -9.98106979e-12 -1.57909021e-11 
 1.49863205e-06  1.99999873e-01  2.01000931e-01  2.00993697e-01 -1.57434502e-05 -1.10686826e-11 -1.78440879e-11 
 1.59863205e-06  2.00000098e-01  2.00915061e-01  2.00906556e-01 -1.57888049e-05 -1.57692869e-12  2.27161904e-12 
 1.69863205e-06  1.99999892e-01  2.00865528e-01  2.00856450e-01 -1.57434380e-05 -6.08165428e-12 -6.93705293e-12 
 1.79863205e-06  2.00000109e-01  2.00836434e-01  2.00826906e-01 -1.57887887e-05  1.17293415e-12  8.59849751e-12 
 1.89863205e-06  1.99999898e-01  2.00819787e-01  2.00810076e-01 -1.57434386e-05 -4.37152745e-12 -3.48952838e-12 
 1.99863205e-06  2.00000113e-01  2.00810040e-01  2.00800166e-01 -1.57887786e-05  2.10273205e-12  1.08824283e-11 
 2.09863205e-06  1.99999900e-01  2.00804350e-01  2.00794431e-01 -1.57434432e-05 -3.81433210e-12 -2.40459286e-12 
 2.19863205e-06  2.00000114e-01  2.00801148e-01  2.00791152e-01 -1.57887709e-05  2.43587008e-12  1.16737185e-11 
 2.29863205e-06  1.99999901e-01  2.00799170e-01  2.00789186e-01 -1.57434490e-05 -3.64104883e-12 -2.03520089e-12 
 2.39863205e-06  2.00000115e-01  2.00798133e-01  2.00788094e-01 -1.57887642e-05  2.55545021e-12  1.19312529e-11 
 2.49863205e-06  1.99999901e-01  2.00797440e-01  2.00787433e-01 -1.57434550e-05 -3.58479934e-12 -1.90803417e-12 
 2.59863205e-06  2.00000115e-01  2.00797112e-01  2.00787058e-01 -1.57887578e-05  2.59510252e-12  1.20238970e-11 
 2.69863205e-06  1.99999901e-01  2.00796857e-01  2.00786843e-01 -1.57434612e-05 -3.56461453e-12 -1.87776091e-12 
 2.79863205e-06  2.00000115e-01  2.00796771e-01  2.00786713e-01 -1.57887515e-05  2.60777836e-12  1.20709047e-11 
 2.89863205e-06  1.99999901e-01  2.00796658e-01  2.00786641e-01 -1.57434675e-05 -3.55806443e-12 -1.88346631e-12 
 2.99863205e-06  2.00000115e-01  2.00796658e-01  2.00786599e-01 -1.57887451e-05  2.61307078e-12  1.21008440e-11 
 3.09863205e-06  1.99999901e-01  2.00796589e-01  2.00786571e-01 -1.57434738e-05 -3.55731742e-12 -1.89730626e-12 
 3.19863205e-06  2.00000115e-01  2.00796621e-01  2.00786560e-01 -1.57887388e-05  2.61642964e-12  1.21209321e-11 
 3.29863205e-06  1.99999901e-01  2.00796566e-01  2.00786549e-01 -1.57434802e-05 -3.55855536e-12 -1.91045579e-12 
 3.39863205e-06  2.00000115e-01  2.00796608e-01  2.00786547e-01 -1.57887324e-05  2.61888167e-12  1.21352485e-11 
 3.49863205e-06  1.99999901e-01  2.00796559e-01  2.00786541e-01 -1.57434865e-05 -3.56012962e-12 -1.92198357e-12 
 3.59863205e-06  2.00000115e-01  2.00796603e-01  2.00786542e-01 -1.57887261e-05  2.62074347e-12  1.21467485e-11 
 3.69863205e-06  1.99999901e-01  2.00796556e-01  2.00786539e-01 -1.57434928e-05 -3.56162365e-12 -1.93215138e-12 
 3.79863205e-06  2.00000115e-01  2.00796602e-01  2.00786541e-01 -1.57887198e-05  2.62229908e-12  1.21566422e-11 
 3.89863205e-06  1.99999901e-01  2.00796555e-01  2.00786538e-01 -1.57434992e-05 -3.56303767e-12 -1.94131272e-12 
 3.99863205e-06  2.00000115e-01  2.00796602e-01  2.00786540e-01 -1.57887135e-05  2.62371808e-12  1.21652275e-11 
 4.09863205e-06  1.99999901e-01  2.00796555e-01  2.00786538e-01 -1.57435055e-05 -3.56439336e-12 -1.94926090e-12 
 4.19863205e-06  2.00000115e-01  2.00796602e-01  2.00786540e-01 -1.57887071e-05  2.62505404e-12  1.21726713e-11 
 4.29863205e-06  1.99999901e-01  2.00796554e-01  2.00786538e-01 -1.57435118e-05 -3.56568334e-12 -1.95608650e-12 
 4.39863205e-06  2.00000115e-01  2.00796602e-01  2.00786540e-01 -1.57887008e-05  2.62631366e-12  1.21789686e-11 
 4.49863205e-06  1.99999901e-01  2.00796554e-01  2.00786538e-01 -1.57435182e-05 -3.56690437e-12 -1.96195566e-12 
 4.59863205e-06  2.00000115e-01  2.00796602e-01  2.00786540e-01 -1.57886945e-05  2.62750347e-12  1.21844272e-11 
 4.69863205e-06  1.99999901e-01  2.00796554e-01  2.00786538e-01 -1.57435245e-05 -3.56806230e-12 -1.96699650e-12 
 4.79863205e-06  2.00000115e-01  2.00796602e-01  2.00786540e-01 -1.57886881e-05  2.62863342e-12  1.21890819e-11 
 4.89863205e-06  1.99999901e-01  2.00796554e-01  2.00786538e-01 -1.57435308e-05 -3.56916645e-12 -1.97136117e-12 
 4.99863205e-06  2.00000115e-01  2.00796603e-01  2.00786540e-01 -1.57886818e-05  2.62971372e-12  1.21930666e-11 
 5.09863205e-06  1.99999901e-01  2.00796553e-01  2.00786538e-01 -1.57435371e-05 -3.57022484e-12 -1.97500480e-12 
 5.19863205e-06  2.00000115e-01  2.00796603e-01  2.00786540e-01 -1.57886755e-05  2.63075347e-12  1.21964192e-11 
 5.29863205e-06  1.99999901e-01  2.00796553e-01  2.00786538e-01 -1.57435435e-05 -3.57124595e-12 -1.97810317e-12 
 5.39863205e-06  2.00000115e-01  2.00796603e-01  2.00786540e-01 -1.57886691e-05  2.63175766e-12  1.21992310e-11 
 5.49863205e-06  1.99999901e-01  2.00796553e-01  2.00786538e-01 -1.57435498e-05 -3.57223279e-12 -1.98066628e-12 
 5.59863205e-06  2.00000115e-01  2.00796603e-01  2.00786540e-01 -1.57886628e-05  2.63272975e-12  1.22015422e-11 
 5.69863205e-06  1.99999901e-01  2.00796553e-01  2.00786538e-01 -1.57435561e-05 -3.57319252e-12 -1.98281804e-12 
 5.79863205e-06  2.00000115e-01  2.00796603e-01  2.00786540e-01 -1.57886565e-05  2.63367626e-12  1.22034653e-11 
 5.89863205e-06  1.99999901e-01  2.00796553e-01  2.00786538e-01 -1.57435625e-05 -3.57412645e-12 -1.98451168e-12 
 5.99863205e-06  2.00000115e-01  2.00796603e-01  2.00786540e-01 -1.57886502e-05  2.63459870e-12  1.22049961e-11 
 6.09863205e-06  1.99999901e-01  2.00796553e-01  2.00786538e-01 -1.57435688e-05 -3.57503784e-12 -1.98582654e-12 
 6.19863205e-06  2.00000115e-01  2.00796604e-01  2.00786540e-01 -1.57886438e-05  2.63550141e-12  1.22061337e-11 
 6.29863205e-06  1.99999901e-01  2.00796552e-01  2.00786538e-01 -1.57435751e-05 -3.57592927e-12 -1.98684797e-12 
 6.39863205e-06  2.00000115e-01  2.00796604e-01  2.00786540e-01 -1.57886375e-05  2.63638395e-12  1.22070209e-11 
 6.49863205e-06  1.99999902e-01  2.00796552e-01  2.00786538e-01 -1.57435814e-05 -3.57680443e-12 -1.98756815e-12 
 6.59863205e-06  2.00000115e-01  2.00796604e-01  2.00786540e-01 -1.57886312e-05  2.63724979e-12  1.22075992e-11 
 6.69863205e-06  1.99999902e-01  2.00796552e-01  2.00786538e-01 -1.57435878e-05 -3.57766139e-12 -1.98803279e-12 
 6.79863205e-06  2.00000115e-01  2.00796604e-01  2.00786540e-01 -1.57886249e-05  2.63809916e-12  1.22079151e-11 
 6.89863205e-06  1.99999902e-01  2.00796552e-01  2.00786538e-01 -1.57435941e-05 -3.57850360e-12 -1.98826518e-12 
 6.99863205e-06  2.00000115e-01  2.00796604e-01  2.00786540e-01 -1.57886185e-05  2.63893551e-12  1.22080236e-11 
 7.09863205e-06  1.99999902e-01  2.00796552e-01  2.00786538e-01 -1.57436004e-05 -3.57933301e-12 -1.98828378e-12 
 7.19863205e-06  2.00000115e-01  2.00796604e-01  2.00786540e-01 -1.57886122e-05  2.63975799e-12  1.22079338e-11 
 7.29863205e-06  1.99999902e-01  2.00796552e-01  2.00786538e-01 -1.57436067e-05 -3.58014898e-12 -1.98810440e-12 
 7.39863205e-06  2.00000115e-01  2.00796605e-01  2.00786540e-01 -1.57886059e-05  2.64056724e-12  1.22076540e-11 
 7.49863205e-06  1.99999902e-01  2.00796551e-01  2.00786538e-01 -1.57436130e-05 -3.58095216e-12 -1.98778580e-12 
 7.59863205e-06  2.00000115e-01  2.00796605e-01  2.00786540e-01 -1.57885996e-05  2.64136629e-12  1.22072219e-11 
 7.69863205e-06  1.99999902e-01  2.00796551e-01  2.00786538e-01 -1.57436194e-05 -3.58174449e-12 -1.98726777e-12 
 7.79863205e-06  2.00000115e-01  2.00796605e-01  2.00786540e-01 -1.57885933e-05  2.64215212e-12  1.22066696e-11 
 7.89863205e-06  1.99999902e-01  2.00796551e-01  2.00786538e-01 -1.57436257e-05 -3.58252729e-12 -1.98666062e-12 
 7.94931603e-06  2.00000115e-01  2.00796605e-01  2.00786540e-01 -1.57885839e-05  2.64327210e-12  1.22093758e-11 
 8.00000000e-06  1.99999902e-01  2.00796551e-01  2.00786538e-01 -1.57436381e-05 -3.58399226e-12 -1.99197245e-12 
 8.00004912e-06  1.99971946e-01  2.00734160e-01  2.00785335e-01 -1.89938853e-05 -7.81214564e-09 -1.66373304e-08 
 8.00014736e-06  1.99947452e-01  2.00647231e-01  2.00781301e-01 -2.04325278e-05 -1.96649523e-08 -4.95261140e-08 
 8.00028080e-06  1.99929883e-01  2.00599639e-01  2.00772572e-01 -2.10861557e-05 -2.97462115e-08 -9.20211686e-08 
 8.00043272e-06  1.99905491e-01  2.00592245e-01  2.00761563e-01 -2.17744839e-05 -3.96239108e-08 -1.38161619e-07 
 8.00059180e-06  1.99884569e-01  2.00608581e-01  2.00751006e-01 -2.25344407e-05 -4.83936884e-08 -1.84178334e-07 
 8.00090998e-06  1.99846614e-01  2.00659627e-01  2.00735817e-01 -2.70059876e-05 -5.80780750e-08 -2.68470474e-07 
 8.00120565e-06  1.99833859e-01  2.00722973e-01  2.00729725e-01 -3.66640601e-05 -5.08557586e-08 -3.36425645e-07 
 8.00146523e-06  1.99842107e-01  2.00786751e-01  2.00731216e-01 -5.12771186e-05 -2.35481522e-08 -3.86342942e-07 
 8.00169585e-06  1.99869883e-01  2.00852706e-01  2.00738135e-01 -6.91221170e-05  2.45089038e-08 -4.22178465e-07 
 8.00187364e-06  1.99899182e-01  2.00908925e-01  2.00747245e-01 -8.62022729e-05  8.39176876e-08 -4.43716634e-07 
 8.00201115e-06  1.99927589e-01  2.00958052e-01  2.00756677e-01 -1.01064584e-04  1.49813283e-07 -4.56344332e-07 
 8.00212372e-06  1.99949496e-01  2.01001966e-01  2.00766070e-01 -1.14353079e-04  2.22725612e-07 -4.63575814e-07 
 8.00221936e-06  1.99967127e-01  2.01043857e-01  2.00775334e-01 -1.26090671e-04  3.03944285e-07 -4.67120877e-07 
 8.00230228e-06  1.99976785e-01  2.01084207e-01  2.00784427e-01 -1.36599098e-04  3.94613618e-07 -4.67704254e-07 
 8.00237549e-06  1.99979570e-01  2.01124654e-01  2.00793372e-01 -1.45795082e-04  4.96442863e-07 -4.65800370e-07 
 8.00244227e-06  1.99972960e-01  2.01166722e-01  2.00802395e-01 -1.54047639e-04  6.13769867e-07 -4.61432806e-07 
 8.00250847e-06  1.99957174e-01  2.01214994e-01  2.00812285e-01 -1.61786325e-04  7.60318562e-07 -4.53987913e-07 
 8.00258513e-06  1.99930423e-01  2.01279981e-01  2.00825124e-01 -1.70222968e-04  9.75318940e-07 -4.40693565e-07 
 8.00266158e-06  1.99902953e-01  2.01352860e-01  2.00839620e-01 -1.78025844e-04  1.24105749e-06 -4.22171713e-07 
 8.00277963e-06  1.99867787e-01  2.01471569e-01  2.00865571e-01 -1.89190426e-04  1.74617538e-06 -3.83748996e-07 
 8.00287847e-06  1.99847933e-01  2.01569409e-01  2.00890573e-01 -1.97606853e-04  2.24776538e-06 -3.43370831e-07 
 8.00298815e-06  1.99835987e-01  2.01669366e-01  2.00921429e-01 -2.05853611e-04  2.87220893e-06 -2.91338917e-07 
 8.00311295e-06  1.99833976e-01  2.01766813e-01  2.00959741e-01 -2.13076375e-04  3.64715752e-06 -2.25115887e-07 
 8.00323003e-06  1.99841512e-01  2.01837468e-01  2.00997830e-01 -2.16208585e-04  4.40993801e-06 -1.58829088e-07 
 8.00331311e-06  1.99850781e-01  2.01869995e-01  2.01025480e-01 -2.13191484e-04  4.95063095e-06 -1.11526745e-07 
 8.00337042e-06  1.99857472e-01  2.01878296e-01  2.01044485e-01 -2.05048253e-04  5.30660570e-06 -8.04326622e-08 
 8.00342031e-06  1.99862296e-01  2.01870471e-01  2.01060685e-01 -1.92547406e-04  5.59055963e-06 -5.58492852e-08 
 8.00347677e-06  1.99866008e-01  2.01840711e-01  2.01078212e-01 -1.73618267e-04  5.86819894e-06 -3.22368442e-08 
 8.00353853e-06  1.99867768e-01  2.01783619e-01  2.01095876e-01 -1.49510607e-04  6.10787723e-06 -1.25644020e-08 
 8.00361229e-06  1.99866860e-01  2.01689857e-01  2.01114219e-01 -1.19970431e-04  6.30075730e-06  2.01719446e-09 
 8.00371089e-06  1.99861449e-01  2.01544296e-01  2.01133279e-01 -8.52243013e-05  6.41104434e-06  7.57638649e-09 
 8.00377864e-06  1.99855723e-01  2.01444594e-01  2.01142666e-01 -6.69157500e-05  6.40400676e-06  3.67715058e-09 
 8.00384495e-06  1.99849113e-01  2.01357190e-01  2.01149163e-01 -5.34089162e-05  6.34912783e-06 -4.51692398e-09 
 8.00392166e-06  1.99840687e-01  2.01273431e-01  2.01153880e-01 -4.23988055e-05  6.24383987e-06 -1.77146407e-08 
 8.00400291e-06  1.99831190e-01  2.01205996e-01  2.01156303e-01 -3.48833239e-05  6.10027775e-06 -3.44531655e-08 
 8.00409045e-06  1.99820617e-01  2.01155722e-01  2.01156802e-01 -3.00419049e-05  5.92464807e-06 -5.41815203e-08 
 8.00418593e-06  1.99808860e-01  2.01122174e-01  2.01155756e-01 -2.71155850e-05  5.72174801e-06 -7.64820539e-08 
 8.00429572e-06  1.99795244e-01  2.01103357e-01  2.01153476e-01 -2.54762753e-05  5.48507895e-06 -1.02135933e-07 
 8.00442531e-06  1.99779113e-01  2.01098543e-01  2.01150314e-01 -2.46519999e-05  5.21033937e-06 -1.31642032e-07 
 8.00458539e-06  1.99759225e-01  2.01106992e-01  2.01146740e-01 -2.43359207e-05  4.88482700e-06 -1.66374056e-07 
 8.00479182e-06  1.99733630e-01  2.01128805e-01  2.01143656e-01 -2.42367349e-05  4.49158878e-06 -2.08121062e-07 
 8.00500000e-06  1.99707921e-01  2.01156168e-01  2.01142758e-01 -2.42378428e-05  4.12523456e-06 -2.46853000e-07 
 8.00500204e-06  1.99711913e-01  2.01160749e-01  2.01142765e-01 -2.24658103e-05  4.12224745e-06 -2.46642794e-07 
 8.00500611e-06  1.99718067e-01  2.01169430e-01  2.01142784e-01 -2.16461436e-05  4.11630372e-06 -2.46194079e-07 
 8.00501425e-06  1.99722747e-01  2.01184527e-01  2.01142863e-01 -2.09931258e-05  4.10445225e-06 -2.45239575e-07 
 8.00502484e-06  1.99723481e-01  2.01200998e-01  2.01143031e-01 -2.05240168e-05  4.08893147e-06 -2.44038024e-07 
 8.00504438e-06  1.99723809e-01  2.01227723e-01  2.01143509e-01 -1.95924571e-05  4.06010054e-06 -2.41909594e-07 
 8.00508003e-06  1.99723947e-01  2.01269797e-01  2.01144856e-01 -1.84535189e-05  4.00715768e-06 -2.38209759e-07 
 8.00515132e-06  1.99724237e-01  2.01332759e-01  2.01148972e-01 -1.69494649e-05  3.90106618e-06 -2.31327360e-07 
 8.00529234e-06  1.99724485e-01  2.01399875e-01  2.01160343e-01 -1.59407696e-05  3.69513143e-06 -2.18914043e-07 
 8.00551347e-06  1.99725078e-01  2.01433324e-01  2.01181198e-01 -1.56506702e-05  3.39017543e-06 -2.01258245e-07 
 8.00580311e-06  1.99725685e-01  2.01440736e-01  2.01208113e-01 -1.57184332e-05  3.02732493e-06 -1.80350756e-07 
 8.00628573e-06  1.99726774e-01  2.01439470e-01  2.01247185e-01 -1.56563815e-05  2.50591207e-06 -1.50150333e-07 
 8.00709111e-06  1.99728194e-01  2.01424315e-01  2.01295641e-01 -1.57144541e-05  1.82487828e-06 -1.10373625e-07 
 8.00870186e-06  1.99730531e-01  2.01355016e-01  2.01336555e-01 -1.56538886e-05  9.51629968e-07 -5.86536875e-08 
 8.01192337e-06  1.99733068e-01  2.01111616e-01  2.01247762e-01 -1.57084429e-05  2.16556306e-07 -1.40616615e-08 
 8.01711523e-06  1.99734234e-01  2.00600930e-01  2.00838662e-01 -1.56453146e-05 -1.95699678e-09 -2.47964055e-10 
 8.02297119e-06  1.99733417e-01  2.00056912e-01  2.00277911e-01 -1.56995372e-05 -5.02425561e-10 -3.90375376e-10 
 8.02930452e-06  1.99732092e-01  1.99643687e-01  1.99788814e-01 -1.56391156e-05 -4.75339230e-10 -3.86546435e-10 
 8.03656912e-06  1.99730620e-01  1.99420302e-01  1.99472750e-01 -1.56953543e-05 -2.19291659e-10 -2.28707226e-10 
 8.04642004e-06  1.99729535e-01  1.99447104e-01  1.99407719e-01 -1.56356243e-05  4.96723450e-11 -2.38303154e-11 
 8.06117150e-06  1.99729146e-01  1.99840900e-01  1.99745751e-01 -1.56909856e-05  2.31177233e-10  1.42097568e-10 
 8.08037562e-06  1.99730004e-01  2.00405610e-01  2.00328921e-01 -1.56309182e-05  1.96613997e-10  1.46698819e-10 
 8.10016386e-06  1.99730843e-01  2.00694099e-01  2.00665655e-01 -1.56881022e-05  6.02168983e-11  5.82262098e-11 
 8.12467223e-06  1.99731310e-01  2.00685661e-01  2.00689228e-01 -1.56307939e-05 -3.58246234e-11 -1.90098447e-11 
 8.15454145e-06  1.99731075e-01  2.00542865e-01  2.00543612e-01 -1.56892281e-05 -3.33426427e-11 -2.36675435e-11 
 8.17727072e-06  1.99730972e-01  2.00501358e-01  2.00491929e-01 -1.56315010e-05 -3.10592090e-12 -4.02525420e-12 
 8.20000000e-06  1.99730880e-01  2.00515918e-01  2.00502887e-01 -1.56891455e-05  7.40250461e-12  6.77212371e-12 
 8.20001126e-06  1.99735368e-01  2.00524103e-01  2.00502937e-01 -1.44871766e-05  7.82794959e-10  2.64044520e-09 
 8.20003379e-06  1.99738825e-01  2.00537706e-01  2.00503098e-01 -1.39443262e-05  2.24891930e-09  8.00109082e-09 
 8.20007884e-06  1.99738836e-01  2.00557197e-01  2.00503711e-01 -1.35807728e-05  4.74615821e-09  1.85534828e-08 
 8.20012059e-06  1.99740570e-01  2.00571533e-01  2.00504549e-01 -1.32077903e-05  6.71377646e-09  2.80372986e-08 
 8.20020409e-06  1.99742167e-01  2.00590377e-01  2.00506730e-01 -1.29874964e-05  1.01343022e-08  4.64611069e-08 
 8.20037110e-06  1.99746631e-01  2.00604812e-01  2.00511956e-01 -1.27501434e-05  1.60929060e-08  8.12756068e-08 
 8.20069395e-06  1.99754208e-01  2.00600396e-01  2.00521736e-01 -1.28076500e-05  2.64439312e-08  1.42470244e-07 
 8.20109070e-06  1.99764571e-01  2.00582242e-01  2.00530493e-01 -1.28247053e-05  3.76363512e-08  2.08362244e-07 
 8.20130487e-06  1.99770994e-01  2.00571733e-01  2.00533489e-01 -1.31268439e-05  4.27996239e-08  2.40331604e-07 
 8.20153604e-06  1.99783548e-01  2.00559227e-01  2.00535430e-01 -1.41599494e-05  4.70550530e-08  2.72066089e-07 
 8.20167050e-06  1.99796670e-01  2.00550978e-01  2.00535935e-01 -1.57802478e-05  4.83069667e-08  2.88945334e-07 
 8.20180092e-06  1.99817961e-01  2.00541481e-01  2.00535949e-01 -1.85675715e-05  4.78226025e-08  3.03531685e-07 
 8.20192885e-06  1.99849013e-01  2.00530326e-01  2.00535446e-01 -2.31603729e-05  4.50387162e-08  3.15415680e-07 
 8.20205921e-06  1.99892844e-01  2.00516614e-01  2.00534328e-01 -2.98006466e-05  3.92306568e-08  3.24069722e-07 
 8.20219525e-06  1.99949610e-01  2.00499696e-01  2.00532410e-01 -3.87507945e-05  2.96092753e-08  3.28345870e-07 
 8.20234108e-06  2.00018784e-01  2.00478330e-01  2.00529382e-01 -4.93972888e-05  1.51078679e-08  3.26252754e-07 
 8.20248094e-06  2.00087012e-01  2.00453849e-01  2.00525392e-01 -5.90849260e-05 -3.19702524e-09  3.16442167e-07 
 8.20260101e-06  2.00142824e-01  2.00427966e-01  2.00520959e-01 -6.53667334e-05 -2.30308093e-08  3.00597129e-07 
 8.20273071e-06  2.00196374e-01  2.00394185e-01  2.00514896e-01 -6.94996057e-05 -4.90778543e-08  2.74526630e-07 
 8.20284854e-06  2.00237385e-01  2.00361044e-01  2.00508113e-01 -7.23520890e-05 -7.54977535e-08  2.42823937e-07 
 8.20297846e-06  2.00273367e-01  2.00328596e-01  2.00499334e-01 -7.54369112e-05 -1.04625420e-07  2.00681190e-07 
 8.20309653e-06  2.00297237e-01  2.00306199e-01  2.00490477e-01 -7.78131236e-05 -1.29251230e-07  1.57559806e-07 
 8.20320572e-06  2.00310735e-01  2.00292676e-01  2.00481883e-01 -7.95910071e-05 -1.49454563e-07  1.15097955e-07 
 8.20329171e-06  2.00313175e-01  2.00287511e-01  2.00475059e-01 -8.04212228e-05 -1.62920513e-07  8.08504032e-08 
 8.20334519e-06  2.00307835e-01  2.00287314e-01  2.00470875e-01 -8.05807622e-05 -1.69623688e-07  5.96762546e-08 
 8.20337775e-06  2.00299135e-01  2.00288720e-01  2.00468380e-01 -8.03518880e-05 -1.72646406e-07  4.70739088e-08 
 8.20340829e-06  2.00283378e-01  2.00291668e-01  2.00466095e-01 -7.97907148e-05 -1.74191318e-07  3.57306686e-08 
 8.20343560e-06  2.00258720e-01  2.00296310e-01  2.00464115e-01 -7.87495004e-05 -1.73855639e-07  2.62871605e-08 
 8.20346362e-06  2.00220255e-01  2.00304244e-01  2.00462177e-01 -7.69852259e-05 -1.71002661e-07  1.77199185e-08 
 8.20349880e-06  2.00157813e-01  2.00320737e-01  2.00459946e-01 -7.36693851e-05 -1.63054537e-07  9.16669233e-09 
 8.20353250e-06  2.00092578e-01  2.00344083e-01  2.00458104e-01 -6.95396472e-05 -1.51020289e-07  3.55646683e-09 
 8.20358438e-06  1.99998311e-01  2.00390720e-01  2.00456035e-01 -6.20926435e-05 -1.26504380e-07 -3.33262911e-10 
 8.20361449e-06  1.99951375e-01  2.00421320e-01  2.00455316e-01 -5.75112247e-05 -1.10261449e-07 -2.37383806e-10 
 8.20364808e-06  1.99907471e-01  2.00455631e-01  2.00454958e-01 -5.24898797e-05 -9.18716197e-08  1.45355662e-09 
 8.20368910e-06  1.99864615e-01  2.00495244e-01  2.00455128e-01 -4.67352981e-05 -7.02643074e-08  5.23493092e-09 
 8.20373276e-06  1.99830517e-01  2.00532775e-01  2.00455974e-01 -4.12531980e-05 -4.93381792e-08  1.07387982e-08 
 8.20377890e-06  1.99804395e-01  2.00566123e-01  2.00457500e-01 -3.62764939e-05 -3.02113586e-08  1.75980638e-08 
 8.20382866e-06  1.99784536e-01  2.00594831e-01  2.00459726e-01 -3.18337550e-05 -1.31591923e-08  2.56729489e-08 
 8.20388488e-06  1.99769105e-01  2.00619311e-01  2.00462780e-01 -2.78365124e-05  2.03308375e-09  3.51737561e-08 
 8.20394955e-06  1.99757302e-01  2.00639239e-01  2.00466776e-01 -2.43409942e-05  1.51118039e-08  4.62136599e-08 
 8.20402631e-06  1.99748314e-01  2.00654831e-01  2.00471924e-01 -2.13435332e-05  2.60999805e-08  5.91526119e-08 
 8.20411939e-06  1.99741740e-01  2.00666436e-01  2.00478455e-01 -1.88845147e-05  3.50312661e-08  7.43874148e-08 
 8.20423634e-06  1.99737388e-01  2.00675007e-01  2.00486785e-01 -1.69564168e-05  4.22737781e-08  9.27235155e-08 
 8.20438700e-06  1.99735567e-01  2.00681728e-01  2.00497407e-01 -1.55918653e-05  4.83148842e-08  1.15086139e-07 
 8.20458384e-06  1.99736801e-01  2.00687860e-01  2.00510843e-01 -1.47768456e-05  5.37658327e-08  1.42446449e-07 
 8.20479192e-06  1.99740312e-01  2.00693087e-01  2.00524395e-01 -1.44528100e-05  5.82044831e-08  1.69476301e-07 
 8.20500000e-06  1.99744668e-01  2.00697646e-01  2.00537256e-01 -1.43310218e-05  6.19759378e-08  1.94977384e-07 
 8.20500497e-06  1.99741381e-01  2.00693705e-01  2.00537546e-01 -1.52527776e-05  6.17143104e-08  1.94298596e-07 
 8.20501490e-06  1.99737303e-01  2.00686736e-01  2.00538112e-01 -1.55630195e-05  6.12141008e-08  1.92688202e-07 
 8.20503476e-06  1.99735722e-01  2.00676187e-01  2.00539166e-01 -1.55512557e-05  6.03515761e-08  1.89126657e-07 
 8.20506793e-06  1.99734365e-01  2.00662148e-01  2.00540748e-01 -1.56810605e-05  5.91724972e-08  1.83479193e-07 
 8.20512563e-06  1.99732962e-01  2.00643323e-01  2.00543075e-01 -1.56942830e-05  5.75344115e-08  1.73978623e-07 
 8.20524103e-06  1.99732243e-01  2.00622751e-01  2.00546681e-01 -1.57413906e-05  5.48600055e-08  1.56246716e-07 
 8.20538482e-06  1.99731918e-01  2.00616165e-01  2.00550189e-01 -1.56976585e-05  5.18525052e-08  1.35989022e-07 
 8.20561787e-06  1.99731690e-01  2.00622435e-01  2.00555452e-01 -1.57201268e-05  4.72812095e-08  1.06992940e-07 
 8.20603864e-06  1.99731091e-01  2.00646148e-01  2.00566134e-01 -1.56915031e-05  3.99966442e-08  6.45459586e-08 
 8.20688019e-06  1.99730376e-01  2.00699862e-01  2.00594037e-01 -1.57174547e-05  2.85992017e-08  7.80162762e-09 
 8.20856328e-06  1.99729267e-01  2.00815050e-01  2.00671296e-01 -1.56900700e-05  1.44378463e-08 -4.20956017e-08 
 8.21192947e-06  1.99728622e-01  2.01055991e-01  2.00875842e-01 -1.57162002e-05  3.22050341e-09 -5.24409793e-08 
 8.21866185e-06  1.99729014e-01  2.01470121e-01  2.01308692e-01 -1.56917736e-05  2.20422296e-11 -2.75799278e-08 
 8.22498500e-06  1.99730173e-01  2.01707316e-01  2.01610190e-01 -1.57195478e-05  3.31079867e-10 -1.52880670e-08 
 8.23373739e-06  1.99731242e-01  2.01776281e-01  2.01764872e-01 -1.56952549e-05  3.45220707e-11 -6.26866134e-09 
 8.24352395e-06  1.99731936e-01  2.01601249e-01  2.01650779e-01 -1.57229921e-05 -1.40354417e-10 -2.29879306e-09 
 8.26289942e-06  1.99731578e-01  2.01026467e-01  2.01099152e-01 -1.56997555e-05 -2.39103587e-10 -2.64534204e-10 
 8.28105436e-06  1.99730761e-01  2.00609118e-01  2.00642195e-01 -1.57269644e-05 -1.29884844e-10 -2.92355025e-10 
 8.30679534e-06  1.99729922e-01  2.00459303e-01  2.00444560e-01 -1.57009834e-05  6.53799931e-12 -1.52116691e-10 
 8.33087220e-06  1.99729999e-01  2.00557089e-01  2.00533345e-01 -1.57262586e-05  4.02468206e-11  1.32373648e-11 
 8.36853325e-06  1.99730179e-01  2.00648406e-01  2.00638174e-01 -1.57000167e-05  9.32109858e-13  5.01232192e-11 
 8.40868856e-06  1.99730302e-01  2.00604504e-01  2.00599490e-01 -1.57261228e-05 -1.38710900e-11 -3.41252542e-12 
 8.47088955e-06  1.99730104e-01  2.00557240e-01  2.00546459e-01 -1.57002961e-05  4.70860330e-13 -1.10288714e-11 
 8.55866500e-06  1.99730231e-01  2.00565811e-01  2.00555994e-01 -1.57260750e-05  2.84731873e-13  1.74075996e-11 
 8.65866500e-06  1.99730144e-01  2.00541763e-01  2.00532691e-01 -1.57002624e-05 -4.30898221e-12 -7.71557308e-12 
 8.75866500e-06  1.99730226e-01  2.00537425e-01  2.00526742e-01 -1.57261075e-05  2.42948912e-12  1.12575011e-11 
 8.85866500e-06  1.99730168e-01  2.00536589e-01  2.00527197e-01 -1.57002367e-05 -3.16121239e-12 -9.43287115e-13 
 8.95866500e-06  1.99730256e-01  2.00529747e-01  2.00519473e-01 -1.57261165e-05  1.08093222e-12  7.56635976e-12 
 9.05866500e-06  1.99730188e-01  2.00532183e-01  2.00522265e-01 -1.57002378e-05 -1.59139390e-12  5.70723969e-13 
 9.15866500e-06  1.99730291e-01  2.00529359e-01  2.00519369e-01 -1.57261086e-05  2.47403010e-13  8.01201916e-12 
 9.25866500e-06  1.99730215e-01  2.00529496e-01  2.00519431e-01 -1.57002469e-05 -1.18230122e-12 -5.33720149e-13 
 9.35866500e-06  1.99730322e-01  2.00529619e-01  2.00519622e-01 -1.57261002e-05  2.77804689e-13  9.25630969e-12 
 9.45866500e-06  1.99730247e-01  2.00528768e-01  2.00518756e-01 -1.57002531e-05 -1.33939236e-12 -1.43888612e-12 
 9.55866500e-06  1.99730353e-01  2.00529375e-01  2.00519308e-01 -1.57260956e-05  4.74429740e-13  9.81111985e-12 
 9.65866500e-06  1.99730278e-01  2.00528870e-01  2.00518905e-01 -1.57002566e-05 -1.46314189e-12 -1.68801995e-12 
 9.75866500e-06  1.99730383e-01  2.00529107e-01  2.00519014e-01 -1.57260924e-05  5.31205071e-13  9.90857608e-12 
 9.85866500e-06  1.99730310e-01  2.00529007e-01  2.00519046e-01 -1.57002599e-05 -1.45849023e-12 -1.73184936e-12 
 9.95866500e-06  1.99730414e-01  2.00529040e-01  2.00518954e-01 -1.57260890e-05  4.99985253e-13  9.97114224e-12 
 1.00586650e-05  1.99730341e-01  2.00529031e-01  2.00519060e-01 -1.57002635e-05 -1.41957539e-12 -1.83055258e-12 
 1.01293325e-05  1.99730441e-01  2.00529088e-01  2.00519010e-01 -1.57260843e-05  4.65179111e-13  1.01328236e-11 
 1.02000000e-05  1.99730363e-01  2.00529010e-01  2.00519034e-01 -1.57002691e-05 -1.39598576e-12 -2.04290073e-12 
 1.02000996e-05  1.99718534e-01  2.00488882e-01  2.00517494e-01 -1.70397903e-05 -4.98385134e-09 -2.80055804e-08 
 1.02002989e-05  1.99710601e-01  2.00444148e-01  2.00512818e-01 -1.73447227e-05 -1.32125215e-08 -8.21304887e-08 
 1.02005924e-05  1.99706413e-01  2.00441065e-01  2.00503921e-01 -1.78192632e-05 -2.28089191e-08 -1.54117647e-07 
 1.02009252e-05  1.99704859e-01  2.00457601e-01  2.00495856e-01 -2.01281519e-05 -3.24530460e-08 -2.25957957e-07 
 1.02011370e-05  1.99710854e-01  2.00470717e-01  2.00492465e-01 -2.32106073e-05 -3.73914823e-08 -2.66149231e-07 
 1.02013844e-05  1.99725007e-01  2.00488599e-01  2.00490312e-01 -2.91192356e-05 -4.21600135e-08 -3.07329237e-07 
 1.02016267e-05  1.99748639e-01  2.00509697e-01  2.00490202e-01 -3.73612157e-05 -4.56092831e-08 -3.41367779e-07 
 1.02018223e-05  1.99772556e-01  2.00529017e-01  2.00491642e-01 -4.58437015e-05 -4.71687008e-08 -3.63883975e-07 
 1.02019753e-05  1.99794179e-01  2.00546713e-01  2.00493793e-01 -5.34431114e-05 -4.72065611e-08 -3.78095081e-07 
 1.02020994e-05  1.99811213e-01  2.00562597e-01  2.00496254e-01 -6.01562778e-05 -4.60566715e-08 -3.86986181e-07 
 1.02022039e-05  1.99824635e-01  2.00578037e-01  2.00498877e-01 -6.59966986e-05 -4.38275993e-08 -3.92291075e-07 
 1.02022944e-05  1.99833191e-01  2.00593074e-01  2.00501601e-01 -7.10915570e-05 -4.05107116e-08 -3.94788416e-07 
 1.02023742e-05  1.99837242e-01  2.00608463e-01  2.00504403e-01 -7.54016946e-05 -3.60169683e-08 -3.94948013e-07 
 1.02024467e-05  1.99835763e-01  2.00624621e-01  2.00507321e-01 -7.90337755e-05 -3.01320628e-08 -3.92889795e-07 
 1.02025175e-05  1.99828773e-01  2.00643197e-01  2.00510578e-01 -8.21098400e-05 -2.21898968e-08 -3.88319785e-07 
 1.02026007e-05  1.99815014e-01  2.00668762e-01  2.00515009e-01 -8.50820714e-05 -9.86054346e-09 -3.79050204e-07 
 1.02026809e-05  1.99800483e-01  2.00696309e-01  2.00519984e-01 -8.73802620e-05  4.53692734e-09 -3.65910045e-07 
 1.02028048e-05  1.99780809e-01  2.00739547e-01  2.00529070e-01 -9.03426713e-05  2.90971759e-08 -3.37973592e-07 
 1.02029067e-05  1.99768671e-01  2.00772685e-01  2.00537741e-01 -9.24430967e-05  4.97669623e-08 -3.08766024e-07 
 1.02030219e-05  1.99759474e-01  2.00804885e-01  2.00548590e-01 -9.45928793e-05  7.20927994e-08 -2.70191972e-07 
 1.02031533e-05  1.99754217e-01  2.00833330e-01  2.00561935e-01 -9.65206641e-05  9.52107501e-08 -2.20584454e-07 
 1.02032847e-05  1.99753691e-01  2.00851172e-01  2.00575780e-01 -9.72035560e-05  1.14622202e-07 -1.67253988e-07 
 1.02033734e-05  1.99755282e-01  2.00855177e-01  2.00585096e-01 -9.56926473e-05  1.24436260e-07 -1.30798899e-07 
 1.02034369e-05  1.99756708e-01  2.00851594e-01  2.00591578e-01 -9.20760760e-05  1.28503581e-07 -1.05712709e-07 
 1.02034926e-05  1.99757634e-01  2.00841398e-01  2.00596969e-01 -8.64478219e-05  1.28739344e-07 -8.56264669e-08 
 1.02035537e-05  1.99758068e-01  2.00820722e-01  2.00602381e-01 -7.81824058e-05  1.24507335e-07 -6.67549740e-08 
 1.02036228e-05  1.99757818e-01  2.00786013e-01  2.00607589e-01 -6.74267061e-05  1.14141864e-07 -5.04037648e-08 
 1.02036990e-05  1.99756760e-01  2.00737677e-01  2.00611919e-01 -5.54641149e-05  9.72602657e-08 -3.89931398e-08 
 1.02037989e-05  1.99754495e-01  2.00667970e-01  2.00615087e-01 -4.18369946e-05  7.04043895e-08 -3.39388583e-08 
 1.02038812e-05  1.99752241e-01  2.00612522e-01  2.00615577e-01 -3.34875662e-05  4.74984438e-08 -3.69110330e-08 
 1.02039544e-05  1.99750142e-01  2.00569250e-01  2.00614575e-01 -2.82106786e-05  2.86799281e-08 -4.35874654e-08 
 1.02040349e-05  1.99747842e-01  2.00530078e-01  2.00612199e-01 -2.42921378e-05  1.07889412e-08 -5.39632485e-08 
 1.02041253e-05  1.99745321e-01  2.00496478e-01  2.00608330e-01 -2.16028913e-05 -5.42619120e-09 -6.80309717e-08 
 1.02042178e-05  1.99742830e-01  2.00471922e-01  2.00603455e-01 -2.00834964e-05 -1.80861359e-08 -8.39092214e-08 
 1.02043215e-05  1.99740126e-01  2.00453384e-01  2.00597330e-01 -1.92186914e-05 -2.84383429e-08 -1.02428306e-07 
 1.02044354e-05  1.99737238e-01  2.00440512e-01  2.00590183e-01 -1.88040992e-05 -3.64300920e-08 -1.22877455e-07 
 1.02045717e-05  1.99733853e-01  2.00431313e-01  2.00581463e-01 -1.86253271e-05 -4.30062389e-08 -1.46796149e-07 
 1.02047329e-05  1.99729918e-01  2.00425052e-01  2.00571263e-01 -1.85796807e-05 -4.83991828e-08 -1.73839478e-07 
 1.02048664e-05  1.99726685e-01  2.00421738e-01  2.00563047e-01 -1.85767460e-05 -5.18081523e-08 -1.95096124e-07 
 1.02050000e-05  1.99723476e-01  2.00419191e-01  2.00555105e-01 -1.85822320e-05 -5.47328062e-08 -2.15290329e-07 
 1.02050015e-05  1.99724704e-01  2.00420492e-01  2.00555019e-01 -1.78315750e-05 -5.46576325e-08 -2.15184184e-07 
 1.02050045e-05  1.99726790e-01  2.00422981e-01  2.00554848e-01 -1.75372930e-05 -5.45058047e-08 -2.14948994e-07 
 1.02050104e-05  1.99728948e-01  2.00427413e-01  2.00554515e-01 -1.72607237e-05 -5.42036652e-08 -2.14400407e-07 
 1.02050193e-05  1.99729697e-01  2.00432846e-01  2.00554039e-01 -1.71486344e-05 -5.37872682e-08 -2.13558367e-07 
 1.02050332e-05  1.99729873e-01  2.00439974e-01  2.00553333e-01 -1.69111992e-05 -5.31950043e-08 -2.12274522e-07 
 1.02050609e-05  1.99729919e-01  2.00452303e-01  2.00552040e-01 -1.66125789e-05 -5.21632424e-08 -2.09768729e-07 
 1.02051164e-05  1.99730016e-01  2.00471605e-01  2.00549842e-01 -1.61555887e-05 -5.05256876e-08 -2.04963290e-07 
 1.02052274e-05  1.99730095e-01  2.00493675e-01  2.00546489e-01 -1.58019831e-05 -4.81085937e-08 -1.95935588e-07 
 1.02054493e-05  1.99730323e-01  2.00502701e-01  2.00541531e-01 -1.56420920e-05 -4.42627611e-08 -1.79423580e-07 
 1.02057475e-05  1.99730597e-01  2.00490461e-01  2.00535343e-01 -1.56885268e-05 -3.94934628e-08 -1.59568293e-07 
 1.02061885e-05  1.99731004e-01  2.00465799e-01  2.00524442e-01 -1.56610194e-05 -3.31586565e-08 -1.34139090e-07 
 1.02069219e-05  1.99731535e-01  2.00421592e-01  2.00501219e-01 -1.56877992e-05 -2.47820714e-08 -1.00377789e-07 
 1.02083887e-05  1.99732340e-01  2.00325106e-01  2.00438665e-01 -1.56624337e-05 -1.37143365e-08 -5.55112038e-08 
 1.02113223e-05  1.99733062e-01  2.00117358e-01  2.00270457e-01 -1.56874625e-05 -3.86103188e-09 -1.50225413e-08 
 1.02171895e-05  1.99732919e-01  1.99732017e-01  1.99886294e-01 -1.56593004e-05 -1.19575505e-10  8.14770352e-10 
 1.02247289e-05  1.99731696e-01  1.99409015e-01  1.99494559e-01 -1.56815718e-05 -3.46514469e-10 -4.58744621e-10 
 1.02327380e-05  1.99730584e-01  1.99312910e-01  1.99317785e-01 -1.56538208e-05 -6.57652207e-11 -7.30203638e-11 
 1.02428849e-05  1.99729848e-01  1.99456048e-01  1.99393787e-01 -1.56768881e-05  1.19669086e-10  2.98528830e-11 
 1.02582795e-05  1.99729927e-01  1.99896848e-01  1.99805447e-01 -1.56488425e-05  2.29399831e-10  1.56759069e-10 
 1.02787306e-05  1.99730816e-01  2.00398731e-01  2.00339545e-01 -1.56722623e-05  1.45719299e-10  1.11600762e-10 
 1.03008846e-05  1.99731597e-01  2.00589971e-01  2.00575791e-01 -1.56466984e-05  1.87368942e-11  2.69845482e-11 
 1.03268963e-05  1.99731740e-01  2.00523989e-01  2.00527412e-01 -1.56726297e-05 -3.92171176e-11 -2.54859650e-11 
 1.03650446e-05  1.99731510e-01  2.00416441e-01  2.00408550e-01 -1.56477622e-05 -7.87429735e-12 -6.73626806e-12 
 1.04000000e-05  1.99731433e-01  2.00443664e-01  2.00428640e-01 -1.56728956e-05  1.29091590e-11  9.61096052e-12 
 1.04000187e-05  1.99740459e-01  2.00461360e-01  2.00428809e-01 -1.38254928e-05  2.72428450e-09  9.98118095e-10 
 1.04000561e-05  1.99747630e-01  2.00490012e-01  2.00429355e-01 -1.25309734e-05  7.63034409e-09  2.81189511e-09 
 1.04001308e-05  1.99753295e-01  2.00527245e-01  2.00431395e-01 -1.12868918e-05  1.47199980e-08  5.99591990e-09 
 1.04002026e-05  1.99761982e-01  2.00548134e-01  2.00434120e-01 -1.05956245e-05  1.93721879e-08  8.78468441e-09 
 1.04003461e-05  1.99775286e-01  2.00560779e-01  2.00440278e-01 -1.02287161e-05  2.60361708e-08  1.39080052e-08 
 1.04005800e-05  1.99799900e-01  2.00548057e-01  2.00449584e-01 -1.00438424e-05  3.39128030e-08  2.15500615e-08 
 1.04008788e-05  1.99829220e-01  2.00513216e-01  2.00457594e-01 -1.01342082e-05  4.22675781e-08  3.03128839e-08 
 1.04013222e-05  1.99877426e-01  2.00452838e-01  2.00460104e-01 -1.04322099e-05  4.99646714e-08  4.15072281e-08 
 1.04014596e-05  1.99893942e-01  2.00432113e-01  2.00458625e-01 -1.09178262e-05  4.88754599e-08  4.45066061e-08 
 1.04016744e-05  1.99930560e-01  2.00397256e-01  2.00454179e-01 -1.28602840e-05  3.00520099e-08  4.85144446e-08 
 1.04018218e-05  1.99966115e-01  2.00370262e-01  2.00449573e-01 -1.59337048e-05 -6.82515240e-09  5.05252548e-08 
 1.04019456e-05  2.00007606e-01  2.00344853e-01  2.00444642e-01 -2.00101506e-05 -6.64421235e-08  5.14750052e-08 
 1.04020732e-05  2.00059918e-01  2.00315184e-01  2.00438437e-01 -2.60529323e-05 -1.68014034e-07  5.14758675e-08 
 1.04022101e-05  2.00126736e-01  2.00279485e-01  2.00430381e-01 -3.39981489e-05 -3.35664692e-07  5.01298282e-08 
 1.04023561e-05  2.00203113e-01  2.00236328e-01  2.00420026e-01 -4.32087153e-05 -5.96621756e-07  4.68570774e-08 
 1.04024971e-05  2.00276775e-01  2.00188443e-01  2.00408089e-01 -5.08572710e-05 -9.46390038e-07  4.15649727e-08 
 1.04026166e-05  2.00333380e-01  2.00140937e-01  2.00396255e-01 -5.49303923e-05 -1.33507022e-06  3.50787858e-08 
 1.04027450e-05  2.00385236e-01  2.00081989e-01  2.00381494e-01 -5.62814752e-05 -1.86309424e-06  2.57675252e-08 
 1.04028656e-05  2.00422978e-01  2.00022600e-01  2.00365513e-01 -5.66856617e-05 -2.46338611e-06  1.49130143e-08 
 1.04029721e-05  2.00447726e-01  1.99972040e-01  2.00349734e-01 -5.70043594e-05 -3.06547866e-06  4.00376522e-09 
 1.04030732e-05  2.00463157e-01  1.99928630e-01  2.00333519e-01 -5.72269719e-05 -3.68518373e-06 -7.14910336e-09 
 1.04031819e-05  2.00471107e-01  1.99888070e-01  2.00314990e-01 -5.73197682e-05 -4.39027842e-06 -1.97060965e-08 
 1.04032809e-05  2.00468292e-01  1.99857828e-01  2.00297443e-01 -5.71452639e-05 -5.05098471e-06 -3.13154475e-08 
 1.04033444e-05  2.00458259e-01  1.99842489e-01  2.00285971e-01 -5.67771987e-05 -5.47532184e-06 -3.86640875e-08 
 1.04033806e-05  2.00446342e-01  1.99835727e-01  2.00279393e-01 -5.63567564e-05 -5.71280195e-06 -4.27210370e-08 
 1.04034115e-05  2.00428831e-01  1.99831652e-01  2.00273797e-01 -5.57679962e-05 -5.90803705e-06 -4.60050749e-08 
 1.04034385e-05  2.00403773e-01  1.99830081e-01  2.00268930e-01 -5.49194798e-05 -6.06874338e-06 -4.86444902e-08 
 1.04034663e-05  2.00365357e-01  1.99831531e-01  2.00263984e-01 -5.36216479e-05 -6.21813360e-06 -5.09863721e-08 
 1.04034991e-05  2.00306426e-01  1.99839308e-01  2.00258270e-01 -5.14409782e-05 -6.36665259e-06 -5.30559037e-08 
 1.04035336e-05  2.00237762e-01  1.99855901e-01  2.00252498e-01 -4.85628751e-05 -6.48549469e-06 -5.42684029e-08 
 1.04035801e-05  2.00149370e-01  1.99889917e-01  2.00245324e-01 -4.40903643e-05 -6.58482366e-06 -5.43700136e-08 
 1.04036134e-05  2.00094380e-01  1.99919930e-01  2.00240687e-01 -4.07511692e-05 -6.61730292e-06 -5.35110880e-08 
 1.04036471e-05  2.00048063e-01  1.99952113e-01  2.00236467e-01 -3.74190366e-05 -6.62315796e-06 -5.20537205e-08 
 1.04036866e-05  2.00005246e-01  1.99989092e-01  2.00232142e-01 -3.37903024e-05 -6.60270294e-06 -4.98363612e-08 
 1.04037314e-05  1.99970005e-01  2.00027400e-01  2.00227992e-01 -3.00999962e-05 -6.55309017e-06 -4.69274847e-08 
 1.04037762e-05  1.99945879e-01  2.00060194e-01  2.00224539e-01 -2.69420342e-05 -6.48375627e-06 -4.38209065e-08 
 1.04038260e-05  1.99928696e-01  2.00089256e-01  2.00221390e-01 -2.40089315e-05 -6.39223586e-06 -4.03441719e-08 
 1.04038797e-05  1.99917867e-01  2.00112437e-01  2.00218614e-01 -2.14732082e-05 -6.28305416e-06 -3.66771163e-08 
 1.04039430e-05  1.99911730e-01  2.00130466e-01  2.00215935e-01 -1.91318582e-05 -6.14732780e-06 -3.25495856e-08 
 1.04040156e-05  1.99910030e-01  2.00141630e-01  2.00213360e-01 -1.71393643e-05 -5.98773839e-06 -2.80823487e-08 
 1.04041054e-05  1.99912477e-01  2.00145755e-01  2.00210548e-01 -1.53697156e-05 -5.79008075e-06 -2.29086789e-08 
 1.04042158e-05  1.99919381e-01  2.00141866e-01  2.00207232e-01 -1.39395306e-05 -5.55097879e-06 -1.69682855e-08 
 1.04043619e-05  1.99932337e-01  2.00128790e-01  2.00202583e-01 -1.28044738e-05 -5.24493552e-06 -9.64480326e-09 
 1.04045534e-05  1.99953118e-01  2.00105403e-01  2.00195537e-01 -1.20932823e-05 -4.86431211e-06 -7.72720384e-10 
 1.04047767e-05  1.99980159e-01  2.00074157e-01  2.00185639e-01 -1.17634843e-05 -4.45164523e-06  8.66892382e-09 
 1.04050000e-05  2.00008413e-01  2.00040653e-01  2.00173819e-01 -1.16593619e-05 -4.07211381e-06  1.72284264e-08 
 1.04050040e-05  2.00004096e-01  2.00035303e-01  2.00173581e-01 -1.27625326e-05 -4.06617289e-06  1.71358953e-08 
 1.04050121e-05  1.99998504e-01  2.00025490e-01  2.00173089e-01 -1.32771676e-05 -4.05429032e-06  1.69755702e-08 
 1.04050281e-05  1.99996272e-01  2.00009311e-01  2.00172027e-01 -1.36004834e-05 -4.03036533e-06  1.67484569e-08 
 1.04050570e-05  1.99995122e-01  1.99984969e-01  2.00169904e-01 -1.42013712e-05 -3.98705109e-06  1.64404227e-08 
 1.04050971e-05  1.99993814e-01  1.99956389e-01  2.00166572e-01 -1.47105580e-05 -3.92661135e-06  1.61195988e-08 
 1.04051774e-05  1.99993264e-01  1.99914902e-01  2.00158957e-01 -1.53261682e-05 -3.80680919e-06  1.56934729e-08 
 1.04053183e-05  1.99993172e-01  1.99874635e-01  2.00143926e-01 -1.56511625e-05 -3.60352082e-06  1.51952415e-08 
 1.04054963e-05  1.99993692e-01  1.99852312e-01  2.00123957e-01 -1.57263025e-05 -3.36153353e-06  1.46697168e-08 
 1.04057852e-05  1.99994047e-01  1.99834954e-01  2.00092237e-01 -1.57088840e-05 -3.00250753e-06  1.38139309e-08 
 1.04061471e-05  1.99994803e-01  1.99821179e-01  2.00055228e-01 -1.57222585e-05 -2.60612808e-06  1.27531458e-08 
 1.04068709e-05  1.99995667e-01  1.99800223e-01  1.99990858e-01 -1.57073437e-05 -1.96066187e-06  1.07301670e-08 
 1.04083184e-05  1.99997226e-01  1.99779945e-01  1.99896218e-01 -1.57210092e-05 -1.09649310e-06  7.29496775e-09 
 1.04112135e-05  1.99998437e-01  1.99802761e-01  1.99811983e-01 -1.57065047e-05 -3.04494915e-07  2.89965272e-09 
 1.04170036e-05  1.99999154e-01  1.99983786e-01  1.99888502e-01 -1.57212682e-05  1.87856712e-08  6.37594929e-11 
 1.04232962e-05  1.99999087e-01  2.00249500e-01  2.00131612e-01 -1.57073249e-05 -1.65877974e-09  1.16378094e-10 
 1.04310216e-05  1.99999646e-01  2.00536804e-01  2.00437007e-01 -1.57209501e-05  6.53930599e-10  2.05887367e-10 
 1.04398953e-05  2.00000050e-01  2.00756110e-01  2.00692110e-01 -1.57060165e-05  6.06743007e-11  1.37017904e-10 
 1.04535850e-05  2.00000781e-01  2.00879970e-01  2.00861884e-01 -1.57195767e-05  8.53884409e-11  4.64473825e-11 
 1.04732928e-05  2.00000882e-01  2.00804255e-01  2.00814323e-01 -1.57057228e-05 -8.58694958e-11 -3.29975246e-11 
 1.05030158e-05  2.00000810e-01  2.00625275e-01  2.00626697e-01 -1.57204429e-05 -1.37800478e-11 -2.68607788e-11 
 1.05343560e-05  2.00000473e-01  2.00604915e-01  2.00589384e-01 -1.57062968e-05 -3.87902319e-12  6.62721494e-12 
 1.05783524e-05  2.00000699e-01  2.00697158e-01  2.00682089e-01 -1.57200928e-05  2.88369814e-11  1.39375426e-11 
 1.06445089e-05  2.00000667e-01  2.00733938e-01  2.00725644e-01 -1.57060654e-05 -1.82893113e-11 -3.90200670e-12 
 1.07241017e-05  2.00000799e-01  2.00736954e-01  2.00725202e-01 -1.57202172e-05  1.55050064e-11  4.85440312e-12 
 1.08241017e-05  2.00000724e-01  2.00776242e-01  2.00765885e-01 -1.57060580e-05 -9.96853143e-12  1.03908196e-12 
 1.09241017e-05  2.00000906e-01  2.00778091e-01  2.00768253e-01 -1.57201981e-05  8.60513093e-12  1.27531845e-12 
 1.10241017e-05  2.00000789e-01  2.00787621e-01  2.00776947e-01 -1.57060898e-05 -7.79131165e-12  1.33623245e-12 
 1.11241017e-05  2.00000980e-01  2.00793464e-01  2.00783721e-01 -1.57201764e-05  7.25623749e-12  1.46778743e-12 
 1.12241017e-05  2.00000859e-01  2.00792545e-01  2.00782281e-01 -1.57061037e-05 -7.91048433e-12  3.26965939e-13 
 1.13241017e-05  2.00001042e-01  2.00796825e-01  2.00786785e-01 -1.57201723e-05  7.11695113e-12  2.12839983e-12 
 1.14241017e-05  2.00000927e-01  2.00795872e-01  2.00785878e-01 -1.57061037e-05 -7.73414124e-12 -1.63447923e-13 
 1.15241017e-05  2.00001104e-01  2.00797021e-01  2.00786885e-01 -1.57201744e-05  6.51750897e-12  2.23600272e-12 
 1.16241017e-05  2.00000992e-01  2.00797385e-01  2.00787416e-01 -1.57061023e-05 -7.00458355e-12 -1.21274518e-13 
 1.17241017e-05  2.00001168e-01  2.00797191e-01  2.00787097e-01 -1.57201746e-05  5.68340383e-12  2.08496729e-12 
 1.18241017e-05  2.00001055e-01  2.00797701e-01  2.00787686e-01 -1.57061035e-05 -6.23793985e-12  1.32479748e-14 
 1.19241017e-05  2.00001232e-01  2.00797529e-01  2.00787476e-01 -1.57201726e-05  5.00167139e-12  1.98096460e-12 
 1.20241017e-05  2.00001118e-01  2.00797688e-01  2.00787654e-01 -1.57061058e-05 -5.67361869e-12  6.62633468e-14 
 1.21241017e-05  2.00001296e-01  2.00797756e-01  2.00787709e-01 -1.57201703e-05  4.52648943e-12  1.95870365e-12 
 1.22241017e-05  2.00001182e-01  2.00797720e-01  2.00787689e-01 -1.57061079e-05 -5.27069425e-12  6.90944155e-14 
 1.23120509e-05  2.00001355e-01  2.00797842e-01  2.00787788e-01 -1.57201682e-05  4.14787258e-12  1.95933238e-12 
 1.24000000e-05  2.00001238e-01  2.00797801e-01  2.00787777e-01 -1.57061100e-05 -4.90800608e-12  7.12972975e-14 
 1.24000847e-05  1.99977964e-01  2.00745858e-01  2.00786074e-01 -1.83068734e-05 -7.48232486e-09 -3.83867453e-09 
 1.24002541e-05  1.99952620e-01  2.00686948e-01  2.00780850e-01 -1.98523398e-05 -1.72446639e-08 -1.06007936e-08 
 1.24005141e-05  1.99922291e-01  2.00686467e-01  2.00770551e-01 -2.03000879e-05 -2.40124241e-08 -1.93312793e-08 
 1.24008071e-05  1.99888416e-01  2.00720604e-01  2.00762020e-01 -2.17351786e-05 -2.75232718e-08 -2.81038620e-08 
 1.24010968e-05  1.99864898e-01  2.00761690e-01  2.00758634e-01 -2.53134904e-05 -1.97954778e-08 -3.55492714e-08 
 1.24013771e-05  1.99851874e-01  2.00807502e-01  2.00760324e-01 -3.19202170e-05  5.80060979e-09 -4.15584012e-08 
 1.24016245e-05  1.99852468e-01  2.00853990e-01  2.00766018e-01 -4.05327035e-05  5.07551508e-08 -4.57842195e-08 
 1.24018256e-05  1.99858379e-01  2.00895590e-01  2.00773652e-01 -4.95631579e-05  1.09974421e-07 -4.83842157e-08 
 1.24019804e-05  1.99867063e-01  2.00931443e-01  2.00781450e-01 -5.76032408e-05  1.76255727e-07 -4.97344942e-08 
 1.24021047e-05  1.99873686e-01  2.00962476e-01  2.00788993e-01 -6.47240743e-05  2.48762470e-07 -5.02965140e-08 
 1.24022095e-05  1.99879220e-01  2.00991487e-01  2.00796299e-01 -7.10132073e-05  3.29199942e-07 -5.02723574e-08 
 1.24023003e-05  1.99881122e-01  2.01018885e-01  2.00803397e-01 -7.66321275e-05  4.19212913e-07 -4.97653982e-08 
 1.24023807e-05  1.99880017e-01  2.01045931e-01  2.00810320e-01 -8.15461781e-05  5.20705470e-07 -4.87978547e-08 
 1.24024539e-05  1.99874124e-01  2.01073438e-01  2.00817227e-01 -8.59063296e-05  6.37821357e-07 -4.73518000e-08 
 1.24025261e-05  1.99863563e-01  2.01104236e-01  2.00824672e-01 -8.99163010e-05  7.83631048e-07 -4.52314318e-08 
 1.24026101e-05  1.99847013e-01  2.01145015e-01  2.00834255e-01 -9.42185915e-05  9.99081452e-07 -4.17349109e-08 
 1.24026932e-05  1.99831153e-01  2.01189493e-01  2.00844812e-01 -9.81117495e-05  1.26301804e-06 -3.71671238e-08 
 1.24028239e-05  1.99812153e-01  2.01262040e-01  2.00863716e-01 -1.03811870e-04  1.77365777e-06 -2.80625055e-08 
 1.24029349e-05  1.99803325e-01  2.01322010e-01  2.00881878e-01 -1.08254814e-04  2.28701984e-06 -1.88418051e-08 
 1.24030548e-05  1.99800876e-01  2.01381749e-01  2.00903434e-01 -1.12607808e-04  2.90721981e-06 -7.77008631e-09 
 1.24031877e-05  1.99805752e-01  2.01439426e-01  2.00929163e-01 -1.16449867e-04  3.65031244e-06  5.33538368e-09 
 1.24033130e-05  1.99816155e-01  2.01483224e-01  2.00954697e-01 -1.18210374e-04  4.37947641e-06  1.79569124e-08 
 1.24034009e-05  1.99825555e-01  2.01504784e-01  2.00972982e-01 -1.16593771e-04  4.88575906e-06  2.64805644e-08 
 1.24034626e-05  1.99832051e-01  2.01512202e-01  2.00985797e-01 -1.12260904e-04  5.22212189e-06  3.19089851e-08 
 1.24035182e-05  1.99837066e-01  2.01510378e-01  2.00997137e-01 -1.05596031e-04  5.49694166e-06  3.60525800e-08 
 1.24035828e-05  1.99841387e-01  2.01496442e-01  2.01009800e-01 -9.54004383e-05  5.76826266e-06  3.96650778e-08 
 1.24036512e-05  1.99844003e-01  2.01469101e-01  2.01022284e-01 -8.30323489e-05  5.98916312e-06  4.19290875e-08 
 1.24037350e-05  1.99844450e-01  2.01423240e-01  2.01035924e-01 -6.77425235e-05  6.16296729e-06  4.25843176e-08 
 1.24038450e-05  1.99841114e-01  2.01355535e-01  2.01050708e-01 -5.04582221e-05  6.24336579e-06  4.05243197e-08 
 1.24039227e-05  1.99836685e-01  2.01310197e-01  2.01059043e-01 -4.13179407e-05  6.21633442e-06  3.76003401e-08 
 1.24039985e-05  1.99831259e-01  2.01273035e-01  2.01065686e-01 -3.47560931e-05  6.14216188e-06  3.40746053e-08 
 1.24040907e-05  1.99823658e-01  2.01239040e-01  2.01072216e-01 -2.92990772e-05  6.00868883e-06  2.93205528e-08 
 1.24041774e-05  1.99815863e-01  2.01218031e-01  2.01077202e-01 -2.60838862e-05  5.85550811e-06  2.46718919e-08 
 1.24042790e-05  1.99806272e-01  2.01204906e-01  2.01082149e-01 -2.38380243e-05  5.65831724e-06  1.92560778e-08 
 1.24043828e-05  1.99796176e-01  2.01201319e-01  2.01086661e-01 -2.25945290e-05  5.44850536e-06  1.38869838e-08 
 1.24045115e-05  1.99783482e-01  2.01206183e-01  2.01092030e-01 -2.18371912e-05  5.18829867e-06  7.55409160e-09 
 1.24046544e-05  1.99769273e-01  2.01219045e-01  2.01098174e-01 -2.14927569e-05  4.90666817e-06  9.46560056e-10 
 1.24048272e-05  1.99752068e-01  2.01240193e-01  2.01106284e-01 -2.13520534e-05  4.58235972e-06 -6.47464446e-09 
 1.24050000e-05  1.99734870e-01  2.01264462e-01  2.01115370e-01 -2.13139069e-05  4.27761112e-06 -1.33308281e-08 
 1.24050022e-05  1.99737443e-01  2.01267513e-01  2.01115496e-01 -2.03230263e-05  4.27416165e-06 -1.32815939e-08 
 1.24050067e-05  1.99741254e-01  2.01273285e-01  2.01115753e-01 -1.98322867e-05  4.26729452e-06 -1.31916313e-08 
 1.24050155e-05  1.99743838e-01  2.01283342e-01  2.01116293e-01 -1.94226756e-05  4.25360594e-06 -1.30534200e-08 
 1.24050275e-05  1.99744166e-01  2.01294903e-01  2.01117070e-01 -1.90319842e-05  4.23506818e-06 -1.29114833e-08 
 1.24050514e-05  1.99744367e-01  2.01315386e-01  2.01118766e-01 -1.82980492e-05  4.19788345e-06 -1.26763954e-08 
 1.24050993e-05  1.99744487e-01  2.01349678e-01  2.01122629e-01 -1.73233302e-05  4.12341331e-06 -1.23406432e-08 
 1.24051872e-05  1.99744668e-01  2.01393799e-01  2.01130886e-01 -1.63188208e-05  3.98774732e-06 -1.19869988e-08 
 1.24053629e-05  1.99744869e-01  2.01438626e-01  2.01149581e-01 -1.57486236e-05  3.72566020e-06 -1.16425172e-08 
 1.24055812e-05  1.99745213e-01  2.01460560e-01  2.01173842e-01 -1.56637285e-05  3.42154433e-06 -1.13299585e-08 
 1.24058810e-05  1.99745571e-01  2.01477744e-01  2.01206107e-01 -1.56856851e-05  3.04324027e-06 -1.08382215e-08 
 1.24062980e-05  1.99746120e-01  2.01496389e-01  2.01247816e-01 -1.56572672e-05  2.58489052e-06 -1.00880091e-08 
 1.24071320e-05  1.99746993e-01  2.01525175e-01  2.01320126e-01 -1.56826662e-05  1.86080017e-06 -8.52509321e-09 
 1.24088001e-05  1.99748469e-01  2.01553543e-01  2.01424775e-01 -1.56533916e-05  9.46406131e-07 -5.65406420e-09 
 1.24121362e-05  1.99750233e-01  2.01525014e-01  2.01508361e-01 -1.56775348e-05  1.99751199e-07 -1.94602941e-09 
 1.24181790e-05  1.99751478e-01  2.01319995e-01  2.01403373e-01 -1.56482571e-05 -1.66309036e-08  8.07646685e-12 
 1.24255030e-05  1.99751348e-01  2.00998128e-01  2.01101032e-01 -1.56741427e-05  2.62572746e-09 -1.60990940e-10 
 1.24334845e-05  1.99750762e-01  2.00702910e-01  2.00780628e-01 -1.56473254e-05 -8.96969806e-10 -2.03841153e-10 
 1.24433284e-05  1.99749970e-01  2.00482167e-01  2.00517855e-01 -1.56745498e-05  5.64986796e-11 -1.20562892e-10 
 1.24573398e-05  1.99749352e-01  2.00396820e-01  2.00387577e-01 -1.56477524e-05 -1.06645955e-10 -2.73320810e-11 
 1.24797206e-05  1.99749139e-01  2.00520159e-01  2.00487120e-01 -1.56739318e-05  1.22761523e-10  4.39482015e-11 
 1.25105081e-05  1.99749547e-01  2.00696345e-01  2.00678281e-01 -1.56464709e-05 -1.62933443e-11  2.34560421e-11 
 1.25431800e-05  1.99749701e-01  2.00689884e-01  2.00686606e-01 -1.56734722e-05  1.19172285e-11 -9.40474434e-12 
 1.25715900e-05  1.99749656e-01  2.00626628e-01  2.00621329e-01 -1.56468466e-05 -3.56560779e-11 -9.97166884e-12 
 1.26000000e-05  1.99749546e-01  2.00601828e-01  2.00592194e-01 -1.56736902e-05  1.28399862e-11 -4.39076238e-13 
 1.26000140e-05  1.99754394e-01  2.00611616e-01  2.00592246e-01 -1.44247408e-05  9.65289757e-10  3.28887569e-09 
 1.26000421e-05  1.99757761e-01  2.00627602e-01  2.00592440e-01 -1.38449809e-05  2.74216842e-09  9.94632551e-09 
 1.26000919e-05  1.99757753e-01  2.00647710e-01  2.00593134e-01 -1.34775519e-05  5.39349875e-09  2.15440263e-08 
 1.26001432e-05  1.99759848e-01  2.00663514e-01  2.00594200e-01 -1.31011402e-05  7.69828342e-09  3.30951479e-08 
 1.26002459e-05  1.99761776e-01  2.00681722e-01  2.00596951e-01 -1.29145419e-05  1.16993560e-08  5.53973692e-08 
 1.26004512e-05  1.99767309e-01  2.00691276e-01  2.00603223e-01 -1.27350513e-05  1.87685087e-08  9.71444916e-08 
 1.26008119e-05  1.99775696e-01  2.00680224e-01  2.00612979e-01 -1.28188883e-05  2.99538394e-08  1.63032790e-07 
 1.26012719e-05  1.99788809e-01  2.00657704e-01  2.00620723e-01 -1.30375190e-05  4.20705107e-08  2.35588861e-07 
 1.26013956e-05  1.99793398e-01  2.00651197e-01  2.00621867e-01 -1.33829342e-05  4.47400374e-08  2.53217410e-07 
 1.26016429e-05  1.99812316e-01  2.00636604e-01  2.00622998e-01 -1.53840249e-05  4.81382873e-08  2.85587182e-07 
 1.26017990e-05  1.99835950e-01  2.00625463e-01  2.00622878e-01 -1.86108613e-05  4.79030100e-08  3.03352757e-07 
 1.26019221e-05  1.99865935e-01  2.00614639e-01  2.00622259e-01 -2.28346284e-05  4.53233475e-08  3.14913306e-07 
 1.26020472e-05  1.99906816e-01  2.00601435e-01  2.00621075e-01 -2.91503186e-05  3.99528133e-08  3.23544501e-07 
 1.26021822e-05  1.99962532e-01  2.00584673e-01  2.00619075e-01 -3.77927352e-05  3.07254105e-08  3.28320876e-07 
 1.26023285e-05  2.00031181e-01  2.00563378e-01  2.00615942e-01 -4.85118346e-05  1.65524132e-08  3.27038031e-07 
 1.26024689e-05  2.00099894e-01  2.00539032e-01  2.00611860e-01 -5.82938768e-05 -1.41289231e-09  3.18229269e-07 
 1.26025897e-05  2.00156307e-01  2.00513384e-01  2.00607343e-01 -6.49118158e-05 -2.09740454e-08  3.03530072e-07 
 1.26027061e-05  2.00205448e-01  2.00483536e-01  2.00601936e-01 -6.88395111e-05 -4.38070350e-08  2.82120969e-07 
 1.26028295e-05  2.00249739e-01  2.00448831e-01  2.00594913e-01 -7.19129242e-05 -7.11255887e-08  2.51594746e-07 
 1.26029974e-05  2.00296320e-01  2.00406895e-01  2.00583406e-01 -7.58104300e-05 -1.08618585e-07  1.99747790e-07 
 1.26031267e-05  2.00320311e-01  2.00383883e-01  2.00573421e-01 -7.83665765e-05 -1.35068118e-07  1.54149442e-07 
 1.26032293e-05  2.00330757e-01  2.00372706e-01  2.00565174e-01 -7.98648325e-05 -1.53378471e-07  1.16055973e-07 
 1.26033064e-05  2.00330841e-01  2.00369094e-01  2.00558969e-01 -8.05202065e-05 -1.64910843e-07  8.71245262e-08 
 1.26033535e-05  2.00324564e-01  2.00369367e-01  2.00555235e-01 -8.05483287e-05 -1.70492372e-07  6.96800280e-08 
 1.26033847e-05  2.00314776e-01  2.00371042e-01  2.00552815e-01 -8.02754611e-05 -1.73134194e-07  5.84788638e-08 
 1.26034141e-05  2.00297586e-01  2.00374217e-01  2.00550596e-01 -7.96269754e-05 -1.74291999e-07  4.84648722e-08 
 1.26034412e-05  2.00270559e-01  2.00379333e-01  2.00548609e-01 -7.84694895e-05 -1.73526588e-07  3.99744734e-08 
 1.26034701e-05  2.00228265e-01  2.00388349e-01  2.00546605e-01 -7.64847146e-05 -1.69949276e-07  3.22367799e-08 
 1.26035045e-05  2.00165393e-01  2.00405815e-01  2.00544422e-01 -7.30441411e-05 -1.61341716e-07  2.52379255e-08 
 1.26035402e-05  2.00096242e-01  2.00431940e-01  2.00542497e-01 -6.85150029e-05 -1.47792259e-07  2.08113292e-08 
 1.26035972e-05  1.99995820e-01  2.00484892e-01  2.00540377e-01 -6.01791073e-05 -1.19832212e-07  1.92687453e-08 
 1.26036357e-05  1.99940614e-01  2.00524386e-01  2.00539677e-01 -5.43481593e-05 -9.87348460e-08  2.15016891e-08 
 1.26036721e-05  1.99899223e-01  2.00560603e-01  2.00539573e-01 -4.90800329e-05 -7.91307547e-08  2.53758474e-08 
 1.26037168e-05  1.99859909e-01  2.00601067e-01  2.00540127e-01 -4.31961364e-05 -5.67444742e-08  3.18003755e-08 
 1.26037594e-05  1.99832571e-01  2.00634240e-01  2.00541268e-01 -3.82835599e-05 -3.79129496e-08  3.90878686e-08 
 1.26038098e-05  1.99809380e-01  2.00666165e-01  2.00543241e-01 -3.34217364e-05 -1.91890958e-08  4.85456731e-08 
 1.26038612e-05  1.99793047e-01  2.00691259e-01  2.00545796e-01 -2.93996573e-05 -3.85297677e-09  5.86897034e-08 
 1.26039245e-05  1.99779413e-01  2.00713704e-01  2.00549466e-01 -2.55748397e-05  1.05877198e-08  7.14107933e-08 
 1.26039939e-05  1.99769745e-01  2.00730291e-01  2.00553913e-01 -2.24785585e-05  2.20043729e-08  8.52938635e-08 
 1.26040826e-05  1.99762027e-01  2.00743653e-01  2.00559943e-01 -1.97364731e-05  3.20039632e-08  1.02688350e-07 
 1.26041866e-05  1.99756950e-01  2.00752869e-01  2.00567207e-01 -1.76530725e-05  3.96358957e-08  1.22425053e-07 
 1.26043262e-05  1.99754000e-01  2.00760178e-01  2.00576950e-01 -1.60356261e-05  4.62397042e-08  1.47777455e-07 
 1.26045002e-05  1.99754009e-01  2.00766067e-01  2.00588795e-01 -1.50329623e-05  5.17281428e-08  1.77630642e-07 
 1.26047342e-05  1.99757250e-01  2.00772084e-01  2.00604020e-01 -1.45123744e-05  5.71494286e-08  2.15145506e-07 
 1.26050000e-05  1.99762721e-01  2.00777722e-01  2.00620258e-01 -1.43268599e-05  6.20736683e-08  2.54670318e-07 
 1.26050073e-05  1.99758623e-01  2.00772216e-01  2.00620670e-01 -1.53082082e-05  6.16975395e-08  2.53779819e-07 
 1.26050218e-05  1.99754283e-01  2.00762798e-01  2.00621465e-01 -1.56031904e-05  6.09953771e-08  2.51671811e-07 
 1.26050510e-05  1.99753208e-01  2.00748989e-01  2.00622906e-01 -1.55771111e-05  5.98388420e-08  2.47195117e-07 
 1.26050966e-05  1.99751488e-01  2.00731961e-01  2.00624850e-01 -1.57294452e-05  5.84060001e-08  2.40627368e-07 
 1.26051728e-05  1.99750680e-01  2.00712544e-01  2.00627475e-01 -1.56911832e-05  5.64801280e-08  2.30048200e-07 
 1.26053081e-05  1.99750095e-01  2.00697649e-01  2.00631035e-01 -1.57484189e-05  5.35247850e-08  2.12706883e-07 
 1.26054829e-05  1.99749975e-01  2.00696928e-01  2.00634833e-01 -1.56805316e-05  4.99673886e-08  1.92294454e-07 
 1.26057940e-05  1.99749501e-01  2.00710835e-01  2.00641748e-01 -1.57324656e-05  4.41647388e-08  1.61021101e-07 
 1.26064163e-05  1.99748942e-01  2.00748392e-01  2.00658976e-01 -1.56782678e-05  3.44809224e-08  1.13403468e-07 
 1.26076608e-05  1.99747943e-01  2.00829551e-01  2.00706792e-01 -1.57300219e-05  2.09170798e-08  5.74312775e-08 
 1.26101497e-05  1.99747102e-01  2.01003819e-01  2.00839637e-01 -1.56769568e-05  7.31330135e-09  1.69014473e-08 
 1.26151277e-05  1.99746889e-01  2.01341479e-01  2.01161886e-01 -1.57300419e-05  4.41494581e-10  6.09732100e-09 
 1.26219439e-05  1.99747974e-01  2.01682033e-01  2.01553916e-01 -1.56798243e-05  3.25640090e-10  4.58832516e-09 
 1.26291801e-05  1.99749042e-01  2.01838251e-01  2.01785904e-01 -1.57334877e-05  1.55051332e-10  2.40130176e-09 
 1.26384696e-05  1.99750039e-01  2.01777767e-01  2.01801526e-01 -1.56831955e-05 -6.79099392e-11  1.42022080e-09 
 1.26514751e-05  1.99750237e-01  2.01430248e-01  2.01501622e-01 -1.57372646e-05 -2.20345246e-10  3.89713765e-10 
 1.26705362e-05  1.99749601e-01  2.00873593e-01  2.00931618e-01 -1.56875023e-05 -2.00225088e-10 -1.61800763e-10 
 1.26907781e-05  1.99748628e-01  2.00560589e-01  2.00571454e-01 -1.57400640e-05 -6.74872842e-11 -2.59180003e-10 
 1.27158862e-05  1.99748285e-01  2.00543158e-01  2.00522072e-01 -1.56877591e-05  2.81841746e-11 -7.49917521e-11 
 1.27456389e-05  1.99748363e-01  2.00658471e-01  2.00639727e-01 -1.57389781e-05  2.67092472e-11  5.20199736e-11 
 1.27875318e-05  1.99748636e-01  2.00677920e-01  2.00672667e-01 -1.56871454e-05 -1.35488777e-11  1.97325183e-11 
 1.28376568e-05  1.99748477e-01  2.00606186e-01  2.00598749e-01 -1.57391543e-05 -7.94387256e-12 -1.47962543e-11 
 1.29221532e-05  1.99748500e-01  2.00589408e-01  2.00578013e-01 -1.56872694e-05  3.34024778e-12  5.44657760e-12 
 1.30221532e-05  1.99748475e-01  2.00579318e-01  2.00571006e-01 -1.57390546e-05 -4.85993038e-12  8.60119300e-12 
 1.31221532e-05  1.99748515e-01  2.00555612e-01  2.00545161e-01 -1.56873093e-05  2.02271793e-13 -6.43438612e-12 
 1.32221532e-05  1.99748470e-01  2.00559951e-01  2.00550100e-01 -1.57390398e-05 -3.62604695e-13  1.51116669e-11 
 1.33221532e-05  1.99748551e-01  2.00550230e-01  2.00540505e-01 -1.56873036e-05 -1.87953754e-12 -7.00164498e-12 
 1.34221532e-05  1.99748487e-01  2.00550073e-01  2.00539779e-01 -1.57390479e-05  8.05829795e-13  1.39836219e-11 
 1.35221532e-05  1.99748582e-01  2.00549485e-01  2.00539727e-01 -1.56872970e-05 -1.70311421e-12 -5.21041240e-12 
 1.36221532e-05  1.99748518e-01  2.00547175e-01  2.00537015e-01 -1.57390487e-05  3.61882616e-13  1.30925917e-11 
 1.37221532e-05  1.99748609e-01  2.00548299e-01  2.00538339e-01 -1.56873005e-05 -1.10364951e-12 -5.13109249e-12 
 1.38221532e-05  1.99748550e-01  2.00547115e-01  2.00537084e-01 -1.57390420e-05 -8.50556604e-15  1.37912992e-11 
 1.39221532e-05  1.99748639e-01  2.00547348e-01  2.00537314e-01 -1.56873082e-05 -9.04494145e-13 -6.14731844e-12 
 1.40221532e-05  1.99748582e-01  2.00547345e-01  2.00537325e-01 -1.57390344e-05 -2.57662815e-14  1.48870452e-11 
 1.41221532e-05  1.99748670e-01  2.00547056e-01  2.00537037e-01 -1.56873151e-05 -9.58945813e-13 -7.11236891e-12 
 1.42221532e-05  1.99748613e-01  2.00547326e-01  2.00537279e-01 -1.57390281e-05  5.66300479e-14  1.56857064e-11 
 1.43221532e-05  1.99748701e-01  2.00547108e-01  2.00537109e-01 -1.56873208e-05 -1.02092878e-12 -7.75083600e-12 
 1.44221532e-05  1.99748644e-01  2.00547248e-01  2.00537189e-01 -1.57390226e-05  9.29120062e-14  1.62194433e-11 
 1.45110766e-05  1.99748731e-01  2.00547191e-01  2.00537196e-01 -1.56873267e-05 -1.03104482e-12 -8.24535844e-12 
 1.46000000e-05  1.99748672e-01  2.00547231e-01  2.00537174e-01 -1.57390162e-05  8.82596947e-14  1.67124029e-11 
 1.46001252e-05  1.99735869e-01  2.00501910e-01  2.00535014e-01 -1.70699588e-05 -6.01560887e-09 -3.48854463e-08 
 1.46003756e-05  1.99727198e-01  2.00457064e-01  2.00528761e-01 -1.74311691e-05 -1.59073384e-08 -1.01536897e-07 
 1.46007791e-05  1.99723380e-01  2.00466727e-01  2.00517278e-01 -1.87611350e-05 -2.83347926e-08 -1.95527199e-07 
 1.46011918e-05  1.99731235e-01  2.00492667e-01  2.00510018e-01 -2.43619980e-05 -3.87043199e-08 -2.75725796e-07 
 1.46014076e-05  1.99745563e-01  2.00508683e-01  2.00508415e-01 -2.97803258e-05 -4.25667183e-08 -3.10821083e-07 
 1.46016327e-05  1.99767177e-01  2.00528243e-01  2.00508417e-01 -3.76163335e-05 -4.56588926e-08 -3.42046868e-07 
 1.46018244e-05  1.99791492e-01  2.00547631e-01  2.00509857e-01 -4.59192612e-05 -4.71614919e-08 -3.64058157e-07 
 1.46019752e-05  1.99812142e-01  2.00564673e-01  2.00511981e-01 -5.34550347e-05 -4.71979825e-08 -3.78020353e-07 
 1.46020988e-05  1.99829690e-01  2.00580818e-01  2.00514428e-01 -6.01056737e-05 -4.60552156e-08 -3.86913010e-07 
 1.46022035e-05  1.99842673e-01  2.00596030e-01  2.00517052e-01 -6.59858676e-05 -4.38327077e-08 -3.92215225e-07 
 1.46022941e-05  1.99851636e-01  2.00611248e-01  2.00519779e-01 -7.10639260e-05 -4.05147832e-08 -3.94748922e-07 
 1.46023740e-05  1.99855414e-01  2.00626534e-01  2.00522580e-01 -7.54000545e-05 -3.60262074e-08 -3.94898319e-07 
 1.46024465e-05  1.99854166e-01  2.00642756e-01  2.00525499e-01 -7.90164027e-05 -3.01423881e-08 -3.92862543e-07 
 1.46025173e-05  1.99847038e-01  2.00661278e-01  2.00528752e-01 -8.21083345e-05 -2.22125146e-08 -3.88291048e-07 
 1.46026005e-05  1.99833406e-01  2.00686849e-01  2.00533179e-01 -8.50686709e-05 -9.89193985e-09 -3.79046396e-07 
 1.46026807e-05  1.99818785e-01  2.00714382e-01  2.00538151e-01 -8.73796918e-05  4.50030061e-09 -3.65908667e-07 
 1.46028042e-05  1.99799225e-01  2.00757500e-01  2.00547203e-01 -9.03247719e-05  2.89815545e-08 -3.38095869e-07 
 1.46029059e-05  1.99787027e-01  2.00790591e-01  2.00555848e-01 -9.24308789e-05  4.96105887e-08 -3.08978099e-07 
 1.46030209e-05  1.99777858e-01  2.00822784e-01  2.00566670e-01 -9.45719558e-05  7.19100912e-08 -2.70518753e-07 
 1.46031523e-05  1.99772520e-01  2.00851298e-01  2.00580005e-01 -9.65120118e-05  9.50467501e-08 -2.20955588e-07 
 1.46032837e-05  1.99771998e-01  2.00869232e-01  2.00593849e-01 -9.72043001e-05  1.14495771e-07 -1.67642498e-07 
 1.46033725e-05  1.99773551e-01  2.00873334e-01  2.00603184e-01 -9.57248372e-05  1.24366814e-07 -1.31107624e-07 
 1.46034362e-05  1.99775003e-01  2.00869827e-01  2.00609680e-01 -9.21317133e-05  1.28481376e-07 -1.05961969e-07 
 1.46034919e-05  1.99775921e-01  2.00859729e-01  2.00615076e-01 -8.65348158e-05  1.28764246e-07 -8.58371242e-08 
 1.46035529e-05  1.99776370e-01  2.00839222e-01  2.00620484e-01 -7.83053167e-05  1.24602294e-07 -6.69621557e-08 
 1.46036220e-05  1.99776124e-01  2.00804641e-01  2.00625706e-01 -6.75610429e-05  1.14301881e-07 -5.05383258e-08 
 1.46036980e-05  1.99775081e-01  2.00756536e-01  2.00630042e-01 -5.56215451e-05  9.75251660e-08 -3.90781232e-08 
 1.46037975e-05  1.99772833e-01  2.00687134e-01  2.00633232e-01 -4.20125635e-05  7.08150703e-08 -3.39143447e-08 
 1.46038805e-05  1.99770562e-01  2.00631106e-01  2.00633750e-01 -3.35441800e-05  4.76879878e-08 -3.68396968e-08 
 1.46039539e-05  1.99768457e-01  2.00587648e-01  2.00632754e-01 -2.82386617e-05  2.87951801e-08 -4.35108089e-08 
 1.46040344e-05  1.99766158e-01  2.00548462e-01  2.00630388e-01 -2.43123807e-05  1.09042669e-08 -5.38600109e-08 
 1.46041248e-05  1.99763637e-01  2.00514792e-01  2.00626523e-01 -2.16151902e-05 -5.33965013e-09 -6.79198669e-08 
 1.46042172e-05  1.99761147e-01  2.00490212e-01  2.00621659e-01 -2.00906594e-05 -1.80054528e-08 -8.37710178e-08 
 1.46043208e-05  1.99758445e-01  2.00471622e-01  2.00615535e-01 -1.92227343e-05 -2.83818101e-08 -1.02291559e-07 
 1.46044346e-05  1.99755559e-01  2.00458730e-01  2.00608401e-01 -1.88055120e-05 -3.63789664e-08 -1.22709633e-07 
 1.46045708e-05  1.99752177e-01  2.00449503e-01  2.00599682e-01 -1.86262461e-05 -4.29692084e-08 -1.46628033e-07 
 1.46047316e-05  1.99748247e-01  2.00443232e-01  2.00589501e-01 -1.85794621e-05 -4.83623941e-08 -1.73624790e-07 
 1.46048658e-05  1.99745002e-01  2.00439895e-01  2.00581245e-01 -1.85769965e-05 -5.17916928e-08 -1.94985674e-07 
 1.46050000e-05  1.99741776e-01  2.00437334e-01  2.00573266e-01 -1.85820196e-05 -5.47308585e-08 -2.15274987e-07 
 1.46050015e-05  1.99743004e-01  2.00438635e-01  2.00573179e-01 -1.78313187e-05 -5.46556707e-08 -2.15168863e-07 
 1.46050045e-05  1.99745090e-01  2.00441123e-01  2.00573009e-01 -1.75371529e-05 -5.45038483e-08 -2.14933699e-07 
 1.46050104e-05  1.99747248e-01  2.00445554e-01  2.00572676e-01 -1.72608403e-05 -5.42017831e-08 -2.14385257e-07 
 1.46050193e-05  1.99747998e-01  2.00450997e-01  2.00572199e-01 -1.71483831e-05 -5.37846515e-08 -2.13541767e-07 
 1.46050332e-05  1.99748174e-01  2.00458134e-01  2.00571492e-01 -1.69107572e-05 -5.31916654e-08 -2.12256247e-07 
 1.46050610e-05  1.99748220e-01  2.00470476e-01  2.00570196e-01 -1.66118418e-05 -5.21588079e-08 -2.09747271e-07 
 1.46051165e-05  1.99748317e-01  2.00489792e-01  2.00567997e-01 -1.61547275e-05 -5.05198656e-08 -2.04935907e-07 
 1.46052277e-05  1.99748396e-01  2.00511856e-01  2.00564640e-01 -1.58014329e-05 -4.81008782e-08 -1.95897546e-07 
 1.46054499e-05  1.99748624e-01  2.00520835e-01  2.00559676e-01 -1.56420702e-05 -4.42508846e-08 -1.79367142e-07 
 1.46057481e-05  1.99748898e-01  2.00508566e-01  2.00553483e-01 -1.56885430e-05 -3.94812705e-08 -1.59513773e-07 
 1.46061897e-05  1.99749306e-01  2.00483870e-01  2.00542562e-01 -1.56610114e-05 -3.31414156e-08 -1.34065412e-07 
 1.46069240e-05  1.99749837e-01  2.00439601e-01  2.00519295e-01 -1.56878025e-05 -2.47606044e-08 -1.00287680e-07 
 1.46083925e-05  1.99750642e-01  2.00342981e-01  2.00456622e-01 -1.56624285e-05 -1.36924477e-08 -5.54201434e-08 
 1.46113296e-05  1.99751364e-01  2.00134974e-01  2.00288131e-01 -1.56874607e-05 -3.84802657e-09 -1.49677773e-08 
 1.46172037e-05  1.99751218e-01  1.99749343e-01  1.99903538e-01 -1.56592886e-05 -1.18512578e-10  8.19426157e-10 
 1.46247400e-05  1.99749994e-01  1.99426866e-01  1.99512282e-01 -1.56815685e-05 -3.46391251e-10 -4.59340888e-10 
 1.46327552e-05  1.99748882e-01  1.99331100e-01  1.99335821e-01 -1.56538117e-05 -6.52583020e-11 -7.24495313e-11 
 1.46429032e-05  1.99748148e-01  1.99474655e-01  1.99412310e-01 -1.56768846e-05  1.19904905e-10  2.99974917e-11 
 1.46583222e-05  1.99748228e-01  1.99916266e-01  1.99824867e-01 -1.56488318e-05  2.29454623e-10  1.56911080e-10 
 1.46787579e-05  1.99749119e-01  2.00417376e-01  2.00358260e-01 -1.56722612e-05  1.45506942e-10  1.11441071e-10 
 1.47009398e-05  1.99749898e-01  2.00608229e-01  2.00594130e-01 -1.56466946e-05  1.85066864e-11  2.68217970e-11 
 1.47269395e-05  1.99750041e-01  2.00541936e-01  2.00545357e-01 -1.56726308e-05 -3.92321137e-11 -2.55190844e-11 
 1.47651694e-05  1.99749810e-01  2.00434486e-01  2.00426554e-01 -1.56477579e-05 -7.75001656e-12 -6.64194876e-12 
 1.48000000e-05  1.99749734e-01  2.00461849e-01  2.00446827e-01 -1.56728955e-05  1.28916704e-11  9.59543361e-12 
 1.48000186e-05  1.99758747e-01  2.00479494e-01  2.00446995e-01 -1.38277741e-05  2.71563332e-09  9.94912264e-10 
 1.48000559e-05  1.99765911e-01  2.00508074e-01  2.00447538e-01 -1.25356576e-05  7.60806897e-09  2.80295063e-09 
 1.48001303e-05  1.99771550e-01  2.00545254e-01  2.00449566e-01 -1.12925993e-05  1.46844992e-08  5.97731871e-09 
 1.48002019e-05  1.99780212e-01  2.00566177e-01  2.00452278e-01 -1.05997215e-05  1.93325212e-08  8.75845901e-09 
 1.48003449e-05  1.99793469e-01  2.00578954e-01  2.00458413e-01 -1.02303495e-05  2.59902079e-08  1.38676208e-08 
 1.48005788e-05  1.99818076e-01  2.00566363e-01  2.00467727e-01 -1.00437516e-05  3.38763393e-08  2.15120477e-08 
 1.48008767e-05  1.99847311e-01  2.00531660e-01  2.00475741e-01 -1.01339950e-05  4.22138488e-08  3.02555944e-08 
 1.48013193e-05  1.99895384e-01  2.00471443e-01  2.00478309e-01 -1.04247043e-05  4.99710081e-08  4.14411140e-08 
 1.48014580e-05  1.99912034e-01  2.00450525e-01  2.00476832e-01 -1.09100740e-05  4.89240613e-08  4.44745741e-08 
 1.48016724e-05  1.99948446e-01  2.00415780e-01  2.00472417e-01 -1.28294076e-05  3.03904628e-08  4.84820114e-08 
 1.48018193e-05  1.99983714e-01  2.00388910e-01  2.00467843e-01 -1.58669305e-05 -5.93798606e-09  5.04990282e-08 
 1.48019430e-05  2.00024946e-01  2.00363589e-01  2.00462938e-01 -1.99058167e-05 -6.48362686e-08  5.14638463e-08 
 1.48020705e-05  2.00077011e-01  2.00334013e-01  2.00456761e-01 -2.59106015e-05 -1.65386836e-07  5.14872189e-08 
 1.48022073e-05  2.00143607e-01  2.00298428e-01  2.00448742e-01 -3.38246065e-05 -3.31564060e-07  5.01726122e-08 
 1.48023534e-05  2.00219963e-01  2.00255356e-01  2.00438417e-01 -4.30430859e-05 -5.90908172e-07  4.69367459e-08 
 1.48024944e-05  2.00293689e-01  2.00207610e-01  2.00426518e-01 -5.07335762e-05 -9.38641163e-07  4.16890433e-08 
 1.48026140e-05  2.00350465e-01  2.00160232e-01  2.00414713e-01 -5.48739879e-05 -1.32551528e-06  3.52432239e-08 
 1.48027426e-05  2.00402591e-01  2.00101312e-01  2.00399968e-01 -5.62707788e-05 -1.85225027e-06  2.59622717e-08 
 1.48028627e-05  2.00440339e-01  2.00042199e-01  2.00384104e-01 -5.66774716e-05 -2.44778800e-06  1.51964143e-08 
 1.48029719e-05  2.00465771e-01  1.99990319e-01  2.00367949e-01 -5.70029326e-05 -3.06412437e-06  4.02931315e-09 
 1.48030737e-05  2.00481236e-01  1.99946569e-01  2.00351602e-01 -5.72283954e-05 -3.68882152e-06 -7.21290943e-09 
 1.48031824e-05  2.00489032e-01  1.99906075e-01  2.00333084e-01 -5.73190670e-05 -4.39348416e-06 -1.97610826e-08 
 1.48032812e-05  2.00486072e-01  1.99875917e-01  2.00315568e-01 -5.71447038e-05 -5.05299245e-06 -3.13482823e-08 
 1.48033446e-05  2.00475954e-01  1.99860624e-01  2.00304119e-01 -5.67752587e-05 -5.47642229e-06 -3.86805119e-08 
 1.48033807e-05  2.00463987e-01  1.99853879e-01  2.00297552e-01 -5.63556086e-05 -5.71349968e-06 -4.27302001e-08 
 1.48034116e-05  2.00446408e-01  1.99849812e-01  2.00291956e-01 -5.57650368e-05 -5.90867454e-06 -4.60128440e-08 
 1.48034386e-05  2.00421263e-01  1.99848250e-01  2.00287088e-01 -5.49155316e-05 -6.06938109e-06 -4.86517852e-08 
 1.48034664e-05  2.00382738e-01  1.99849718e-01  2.00282140e-01 -5.36142778e-05 -6.21876214e-06 -5.09926790e-08 
 1.48034992e-05  2.00323659e-01  1.99857535e-01  2.00276420e-01 -5.14293138e-05 -6.36728482e-06 -5.30604138e-08 
 1.48035338e-05  2.00254925e-01  1.99874172e-01  2.00270649e-01 -4.85476751e-05 -6.48596602e-06 -5.42681995e-08 
 1.48035803e-05  2.00166332e-01  1.99908309e-01  2.00263464e-01 -4.40646055e-05 -6.58519960e-06 -5.43623651e-08 
 1.48036136e-05  2.00111477e-01  1.99938275e-01  2.00258840e-01 -4.07324992e-05 -6.61740622e-06 -5.35006510e-08 
 1.48036473e-05  2.00065141e-01  1.99970478e-01  2.00254621e-01 -3.73998680e-05 -6.62312412e-06 -5.20394550e-08 
 1.48036869e-05  2.00022283e-01  2.00007490e-01  2.00250294e-01 -3.37684405e-05 -6.60249989e-06 -4.98168302e-08 
 1.48037316e-05  1.99987052e-01  2.00045761e-01  2.00246150e-01 -3.00821515e-05 -6.55277159e-06 -4.69067870e-08 
 1.48037765e-05  1.99962893e-01  2.00078544e-01  2.00242697e-01 -2.69245848e-05 -6.48330208e-06 -4.37972345e-08 
 1.48038262e-05  1.99945673e-01  2.00107569e-01  2.00239551e-01 -2.39945507e-05 -6.39170252e-06 -4.03198373e-08 
 1.48038800e-05  1.99934781e-01  2.00130728e-01  2.00236776e-01 -2.14592902e-05 -6.28236950e-06 -3.66495531e-08 
 1.48039433e-05  1.99928566e-01  2.00148717e-01  2.00234098e-01 -1.91203741e-05 -6.14654009e-06 -3.25205383e-08 
 1.48040161e-05  1.99926764e-01  2.00159846e-01  2.00231522e-01 -1.71287026e-05 -5.98675084e-06 -2.80490692e-08 
 1.48041060e-05  1.99929077e-01  2.00163928e-01  2.00228709e-01 -1.53611934e-05 -5.78891409e-06 -2.28718290e-08 
 1.48042165e-05  1.99935813e-01  2.00159991e-01  2.00225387e-01 -1.39322345e-05 -5.54948546e-06 -1.69240591e-08 
 1.48043628e-05  1.99948539e-01  2.00146863e-01  2.00220728e-01 -1.27995574e-05 -5.24308384e-06 -9.59234194e-09 
 1.48045546e-05  1.99969017e-01  2.00123410e-01  2.00213663e-01 -1.20903362e-05 -4.86196181e-06 -7.08547520e-10 
 1.48047773e-05  1.99995577e-01  2.00092236e-01  2.00203784e-01 -1.17631390e-05 -4.45056521e-06  8.70458633e-09 
 1.48050000e-05  2.00023341e-01  2.00058820e-01  2.00191993e-01 -1.16593048e-05 -4.07212055e-06  1.72405533e-08 
 1.48050040e-05  2.00019031e-01  2.00053496e-01  2.00191756e-01 -1.27612298e-05 -4.06621002e-06  1.71484529e-08 
 1.48050120e-05  2.00013431e-01  2.00043725e-01  2.00191267e-01 -1.32751353e-05 -4.05438847e-06  1.69887846e-08 
 1.48050280e-05  2.00011156e-01  2.00027611e-01  2.00190211e-01 -1.35976052e-05 -4.03058709e-06  1.67624894e-08 
 1.48050567e-05  2.00009957e-01  2.00003340e-01  2.00188099e-01 -1.41968467e-05 -3.98744927e-06  1.64552701e-08 
 1.48050968e-05  2.00008572e-01  1.99974801e-01  2.00184779e-01 -1.47066943e-05 -3.92719289e-06  1.61347590e-08 
 1.48051768e-05  2.00007877e-01  1.99933324e-01  2.00177194e-01 -1.53230474e-05 -3.80774089e-06  1.57090708e-08 
 1.48053176e-05  2.00007541e-01  1.99892939e-01  2.00162182e-01 -1.56507779e-05 -3.60458468e-06  1.52109745e-08 
 1.48054950e-05  2.00007773e-01  1.99870592e-01  2.00142279e-01 -1.57260260e-05 -3.36328293e-06  1.46876375e-08 
 1.48057838e-05  2.00007692e-01  1.99853176e-01  2.00110561e-01 -1.57091446e-05 -3.00418602e-06  1.38328055e-08 
 1.48061445e-05  2.00007957e-01  1.99839427e-01  2.00073657e-01 -1.57220912e-05 -2.60884424e-06  1.27759623e-08 
 1.48068658e-05  2.00007990e-01  1.99818487e-01  2.00009435e-01 -1.57075703e-05 -1.96463013e-06  1.07589847e-08 
 1.48083084e-05  2.00008356e-01  1.99798103e-01  1.99914880e-01 -1.57208507e-05 -1.10100841e-06  7.32907477e-09 
 1.48111936e-05  2.00008310e-01  1.99820362e-01  1.99830254e-01 -1.57067233e-05 -3.07477954e-07  2.92815529e-09 
 1.48169640e-05  2.00008325e-01  1.99999784e-01  1.99905074e-01 -1.57210953e-05  1.84454577e-08  7.04871134e-11 
 1.48232606e-05  2.00008227e-01  2.00264880e-01  2.00147267e-01 -1.57075319e-05 -1.63102225e-09  1.14793295e-10 
 1.48309695e-05  2.00008784e-01  2.00550988e-01  2.00451344e-01 -1.57207763e-05  6.45582570e-10  2.05497420e-10 
 1.48398382e-05  2.00009186e-01  2.00769720e-01  2.00705831e-01 -1.57062197e-05  6.25648589e-11  1.36813153e-10 
 1.48534809e-05  2.00009916e-01  2.00892840e-01  2.00874744e-01 -1.57193951e-05  8.42953914e-11  4.65187243e-11 
 1.48731662e-05  2.00010018e-01  2.00816982e-01  2.00827095e-01 -1.57059136e-05 -8.52738561e-11 -3.30277133e-11 
 1.49028708e-05  2.00009946e-01  2.00637259e-01  2.00638772e-01 -1.57202525e-05 -1.45331503e-11 -2.70356007e-11 
 1.49341976e-05  2.00009608e-01  2.00616091e-01  2.00600608e-01 -1.57064864e-05 -3.65346707e-12  6.52464687e-12 
 1.49781620e-05  2.00009834e-01  2.00707858e-01  2.00692793e-01 -1.57199026e-05  2.85369985e-11  1.39293412e-11 
 1.50442100e-05  2.00009801e-01  2.00744279e-01  2.00736002e-01 -1.57062535e-05 -1.80773183e-11 -3.92240017e-12 
 1.51236741e-05  2.00009932e-01  2.00746728e-01  2.00734995e-01 -1.57200269e-05  1.52248240e-11  4.81219865e-12 
 1.52236741e-05  2.00009857e-01  2.00785714e-01  2.00775354e-01 -1.57062464e-05 -9.75461075e-12  1.04843228e-12 
 1.53236741e-05  2.00010039e-01  2.00787429e-01  2.00777600e-01 -1.57200075e-05  8.39544298e-12  1.25806006e-12 
 1.54236741e-05  2.00009921e-01  2.00796802e-01  2.00786127e-01 -1.57062782e-05 -7.62221666e-12  1.33686974e-12 
 1.55236741e-05  2.00010113e-01  2.00802624e-01  2.00792882e-01 -1.57199858e-05  7.10062955e-12  1.46605297e-12 
 1.56236741e-05  2.00009992e-01  2.00801650e-01  2.00791387e-01 -1.57062920e-05 -7.77622736e-12  3.23904261e-13 
 1.57236741e-05  2.00010175e-01  2.00805914e-01  2.00795873e-01 -1.57199818e-05  6.99269267e-12  2.12946110e-12 
 1.58236741e-05  2.00010060e-01  2.00804954e-01  2.00794961e-01 -1.57062919e-05 -7.62172725e-12 -1.64658109e-13 
 1.59236741e-05  2.00010237e-01  2.00806088e-01  2.00795952e-01 -1.57199840e-05  6.41316709e-12  2.23566695e-12 
 1.60236741e-05  2.00010125e-01  2.00806455e-01  2.00796485e-01 -1.57062905e-05 -6.90905189e-12 -1.20694091e-13 
 1.61236741e-05  2.00010301e-01  2.00806254e-01  2.00796161e-01 -1.57199842e-05  5.59548913e-12  2.08396852e-12 
 1.62236741e-05  2.00010188e-01  2.00806766e-01  2.00796750e-01 -1.57062916e-05 -6.15764341e-12  1.40662221e-14 
 1.63236741e-05  2.00010365e-01  2.00806592e-01  2.00796539e-01 -1.57199822e-05  4.92825984e-12  1.98028041e-12 
 1.64236741e-05  2.00010251e-01  2.00806750e-01  2.00796715e-01 -1.57062939e-05 -5.60658529e-12  6.66929077e-14 
 1.65236741e-05  2.00010429e-01  2.00806819e-01  2.00796771e-01 -1.57199800e-05  4.46518300e-12  1.95843320e-12 
 1.66236741e-05  2.00010315e-01  2.00806782e-01  2.00796751e-01 -1.57062960e-05 -5.21448878e-12  6.92379097e-14 
 1.67118370e-05  2.00010489e-01  2.00806904e-01  2.00796850e-01 -1.57199779e-05  4.09727677e-12  1.95925925e-12 
 1.68000000e-05  2.00010371e-01  2.00806864e-01  2.00796838e-01 -1.57062981e-05 -4.86228137e-12  7.13100911e-14 
 1.68000849e-05  1.99987066e-01  2.00754849e-01  2.00795130e-01 -1.83086993e-05 -7.49406712e-09 -3.84677856e-09 
 1.68002547e-05  1.99961675e-01  2.00695929e-01  2.00789889e-01 -1.98546827e-05 -1.72679843e-08 -1.06228896e-08 
 1.68005151e-05  1.99931308e-01  2.00695610e-01  2.00779578e-01 -2.03023425e-05 -2.40325829e-08 -1.93619350e-08 
 1.68008088e-05  1.99897381e-01  2.00729885e-01  2.00771049e-01 -2.17484313e-05 -2.75175802e-08 -2.81501215e-08 
 1.68010986e-05  1.99873914e-01  2.00771025e-01  2.00767692e-01 -2.53451067e-05 -1.96979480e-08 -3.55911979e-08 
 1.68013789e-05  1.99860971e-01  2.00816881e-01  2.00769414e-01 -3.19730396e-05  6.04024047e-09 -4.15926237e-08 
 1.68016261e-05  1.99861631e-01  2.00863369e-01  2.00775131e-01 -4.05971813e-05  5.11321258e-08 -4.58078608e-08 
 1.68018268e-05  1.99867569e-01  2.00904926e-01  2.00782770e-01 -4.96240764e-05  1.10423004e-07 -4.83974249e-08 
 1.68019814e-05  1.99876251e-01  2.00940741e-01  2.00790567e-01 -5.76568661e-05  1.76746896e-07 -4.97408084e-08 
 1.68021055e-05  1.99882864e-01  2.00971751e-01  2.00798108e-01 -6.47714734e-05  2.49302882e-07 -5.02981558e-08 
 1.68022102e-05  1.99888380e-01  2.01000750e-01  2.00805413e-01 -7.10553893e-05  3.29802066e-07 -5.02703203e-08 
 1.68023009e-05  1.99890260e-01  2.01028141e-01  2.00812509e-01 -7.66693447e-05  4.19888306e-07 -4.97600617e-08 
 1.68023812e-05  1.99889126e-01  2.01055186e-01  2.00819432e-01 -8.15788605e-05  5.21471716e-07 -4.87893062e-08 
 1.68024544e-05  1.99883200e-01  2.01082705e-01  2.00826340e-01 -8.59355062e-05  6.38728488e-07 -4.73394589e-08 
 1.68025266e-05  1.99872601e-01  2.01113542e-01  2.00833793e-01 -8.99447011e-05  7.84830389e-07 -4.52128691e-08 
 1.68026106e-05  1.99856049e-01  2.01154327e-01  2.00843377e-01 -9.42420673e-05  1.00046452e-06 -4.17114840e-08 
 1.68026938e-05  1.99840175e-01  2.01198905e-01  2.00853960e-01 -9.81404162e-05  1.26521087e-06 -3.71284323e-08 
 1.68028250e-05  1.99821163e-01  2.01271723e-01  2.00872953e-01 -1.03858821e-04  1.77849846e-06 -2.79755934e-08 
 1.68029367e-05  1.99812367e-01  2.01332036e-01  2.00891257e-01 -1.08326018e-04  2.29605914e-06 -1.86797904e-08 
 1.68030570e-05  1.99810028e-01  2.01391848e-01  2.00912910e-01 -1.12681676e-04  2.91911233e-06 -7.55882508e-09 
 1.68031899e-05  1.99815025e-01  2.01449364e-01  2.00938668e-01 -1.16501364e-04  3.66303974e-06  5.55805421e-09 
 1.68033150e-05  1.99825492e-01  2.01492890e-01  2.00964181e-01 -1.18211818e-04  4.39132323e-06  1.81592694e-08 
 1.68034025e-05  1.99834859e-01  2.01514131e-01  2.00982372e-01 -1.16523477e-04  4.89455530e-06  2.66256320e-08 
 1.68034640e-05  1.99841316e-01  2.01521327e-01  2.00995135e-01 -1.12130981e-04  5.22906824e-06  3.20176479e-08 
 1.68035196e-05  1.99846310e-01  2.01519278e-01  2.01006479e-01 -1.05401059e-04  5.50335137e-06  3.61444589e-08 
 1.68035916e-05  1.99850964e-01  2.01502696e-01  2.01020520e-01 -9.38790630e-05  5.80037394e-06  4.00436053e-08 
 1.68036566e-05  1.99853252e-01  2.01475555e-01  2.01032281e-01 -8.20402800e-05  6.00342702e-06  4.20371094e-08 
 1.68037461e-05  1.99853429e-01  2.01425642e-01  2.01046649e-01 -6.58002867e-05  6.17832281e-06  4.25130268e-08 
 1.68038557e-05  1.99849725e-01  2.01358116e-01  2.01061018e-01 -4.90437598e-05  6.24330830e-06  4.01823694e-08 
 1.68039364e-05  1.99844916e-01  2.01312050e-01  2.01069403e-01 -3.99641935e-05  6.20623656e-06  3.70107518e-08 
 1.68040145e-05  1.99839142e-01  2.01275308e-01  2.01075998e-01 -3.36220054e-05  6.12202541e-06  3.32787415e-08 
 1.68041057e-05  1.99831478e-01  2.01243730e-01  2.01082214e-01 -2.86263504e-05  5.98373195e-06  2.85220273e-08 
 1.68041940e-05  1.99823459e-01  2.01224175e-01  2.01087129e-01 -2.56240564e-05  5.82435903e-06  2.37825496e-08 
 1.68042962e-05  1.99813746e-01  2.01212773e-01  2.01091990e-01 -2.35719148e-05  5.62384992e-06  1.83515347e-08 
 1.68044033e-05  1.99803301e-01  2.01210574e-01  2.01096586e-01 -2.24307210e-05  5.40698198e-06  1.28562349e-08 
 1.68045345e-05  1.99790328e-01  2.01216904e-01  2.01102065e-01 -2.17554613e-05  5.14219557e-06  6.45815429e-09 
 1.68046832e-05  1.99775538e-01  2.01231309e-01  2.01108532e-01 -2.14568315e-05  4.85132930e-06 -3.31629959e-10 
 1.68048416e-05  1.99759768e-01  2.01251222e-01  2.01116066e-01 -2.13468494e-05  4.55623749e-06 -7.06528016e-09 
 1.68050000e-05  1.99744004e-01  2.01273552e-01  2.01124435e-01 -2.13162296e-05  4.27767029e-06 -1.33287733e-08 
 1.68050019e-05  1.99746260e-01  2.01276141e-01  2.01124540e-01 -2.03652898e-05  4.27476736e-06 -1.32867882e-08 
 1.68050056e-05  1.99749769e-01  2.01281068e-01  2.01124755e-01 -1.99132997e-05  4.26898756e-06 -1.32089187e-08 
 1.68050131e-05  1.99752614e-01  2.01289810e-01  2.01125204e-01 -1.95118922e-05  4.25747910e-06 -1.30855372e-08 
 1.68050237e-05  1.99753250e-01  2.01300521e-01  2.01125886e-01 -1.91621923e-05  4.24093167e-06 -1.29514386e-08 
 1.68050434e-05  1.99753458e-01  2.01317867e-01  2.01127241e-01 -1.85148880e-05  4.21045432e-06 -1.27472285e-08 
 1.68050826e-05  1.99753579e-01  2.01347768e-01  2.01130287e-01 -1.76237777e-05  4.14936674e-06 -1.24394719e-08 
 1.68051609e-05  1.99753765e-01  2.01391910e-01  2.01137366e-01 -1.65251514e-05  4.02803071e-06 -1.20664134e-08 
 1.68053176e-05  1.99753941e-01  2.01439795e-01  2.01153674e-01 -1.58154866e-05  3.79190655e-06 -1.17099141e-08 
 1.68055332e-05  1.99754279e-01  2.01466131e-01  2.01177584e-01 -1.56624679e-05  3.48640649e-06 -1.14003610e-08 
 1.68058044e-05  1.99754608e-01  2.01482903e-01  2.01207103e-01 -1.56884668e-05  3.13582232e-06 -1.09679513e-08 
 1.68061912e-05  1.99755125e-01  2.01500986e-01  2.01246563e-01 -1.56556429e-05  2.69537457e-06 -1.02834520e-08 
 1.68068973e-05  1.99755887e-01  2.01527216e-01  2.01310285e-01 -1.56848496e-05  2.04211796e-06 -8.96405432e-09 
 1.68083094e-05  1.99757224e-01  2.01557872e-01  2.01408154e-01 -1.56522477e-05  1.15927782e-06 -6.43520420e-09 
 1.68111338e-05  1.99758947e-01  2.01551991e-01  2.01506847e-01 -1.56799135e-05  3.35113420e-07 -2.78335969e-09 
 1.68167826e-05  1.99760491e-01  2.01386880e-01  2.01456468e-01 -1.56469148e-05 -1.65139582e-08 -1.06619444e-10 
 1.68234594e-05  1.99760584e-01  2.01094956e-01  2.01198452e-01 -1.56759981e-05  1.89423284e-09 -1.01508042e-10 
 1.68315158e-05  1.99760060e-01  2.00775591e-01  2.00861262e-01 -1.56455510e-05 -7.61569340e-10 -2.17068834e-10 
 1.68404736e-05  1.99759304e-01  2.00539228e-01  2.00586725e-01 -1.56761637e-05 -4.59653990e-11 -1.42199945e-10 
 1.68536215e-05  1.99758607e-01  2.00408235e-01  2.00408475e-01 -1.56460957e-05 -9.98946730e-11 -5.01191478e-11 
 1.68727142e-05  1.99758255e-01  2.00478397e-01  2.00447813e-01 -1.56758613e-05  8.82693582e-11  3.34195060e-11 
 1.69014981e-05  1.99758567e-01  2.00671989e-01  2.00647782e-01 -1.56448576e-05  1.93126047e-11  3.46123252e-11 
 1.69320693e-05  1.99758816e-01  2.00715743e-01  2.00709747e-01 -1.56750780e-05  6.82548527e-12 -1.92415170e-12 
 1.69660346e-05  1.99758812e-01  2.00646706e-01  2.00642530e-01 -1.56451213e-05 -2.99988240e-11 -1.19448803e-11 
 1.70000000e-05  1.99758681e-01  2.00609056e-01  2.00599505e-01 -1.56753970e-05  7.07795823e-12 -6.91541171e-13 
 1.70000167e-05  1.99763821e-01  2.00620344e-01  2.00599576e-01 -1.43723473e-05  1.12783960e-09  3.92731036e-09 
 1.70000501e-05  1.99767120e-01  2.00638538e-01  2.00599840e-01 -1.37562626e-05  3.19559180e-09  1.18426006e-08 
 1.70001088e-05  1.99767263e-01  2.00660547e-01  2.00600760e-01 -1.33629611e-05  6.18483198e-09  2.53870257e-08 
 1.70001694e-05  1.99769678e-01  2.00676829e-01  2.00602146e-01 -1.30053729e-05  8.76994289e-09  3.88739509e-08 
 1.70002905e-05  1.99771951e-01  2.00693115e-01  2.00605591e-01 -1.28669972e-05  1.32979031e-08  6.47791781e-08 
 1.70005328e-05  1.99778496e-01  2.00697574e-01  2.00612960e-01 -1.27327382e-05  2.14141279e-08  1.12843312e-07 
 1.70009147e-05  1.99787342e-01  2.00682535e-01  2.00622478e-01 -1.28326211e-05  3.28899990e-08  1.80277188e-07 
 1.70014604e-05  1.99806461e-01  2.00655087e-01  2.00629622e-01 -1.37860167e-05  4.59430615e-08  2.62044415e-07 
 1.70015848e-05  1.99815009e-01  2.00647896e-01  2.00630197e-01 -1.46846760e-05  4.78420934e-08  2.78496375e-07 
 1.70017603e-05  1.99838277e-01  2.00635825e-01  2.00630307e-01 -1.75566277e-05  4.82885760e-08  2.99324195e-07 
 1.70018983e-05  1.99868144e-01  2.00624151e-01  2.00629751e-01 -2.19199794e-05  4.60449927e-08  3.12981155e-07 
 1.70020245e-05  1.99907958e-01  2.00611332e-01  2.00628666e-01 -2.78308798e-05  4.11786181e-08  3.22333166e-07 
 1.70021569e-05  1.99960271e-01  2.00595312e-01  2.00626841e-01 -3.60804571e-05  3.27630248e-08  3.27922794e-07 
 1.70023042e-05  2.00028672e-01  2.00574479e-01  2.00623867e-01 -4.66751518e-05  1.92460615e-08  3.27857071e-07 
 1.70024437e-05  2.00096649e-01  2.00551056e-01  2.00620004e-01 -5.66809888e-05  2.17752706e-09  3.20528352e-07 
 1.70025657e-05  2.00154677e-01  2.00526206e-01  2.00615651e-01 -6.37735319e-05 -1.67204330e-08  3.07165123e-07 
 1.70026800e-05  2.00204038e-01  2.00497910e-01  2.00610572e-01 -6.81378230e-05 -3.83526693e-08  2.87726045e-07 
 1.70028041e-05  2.00250530e-01  2.00463247e-01  2.00603788e-01 -7.12819265e-05 -6.53482666e-08  2.58686175e-07 
 1.70029503e-05  2.00293962e-01  2.00424723e-01  2.00594141e-01 -7.47753111e-05 -9.83489586e-08  2.15532160e-07 
 1.70030548e-05  2.00317402e-01  2.00402713e-01  2.00586337e-01 -7.70273595e-05 -1.20806688e-07  1.80162055e-07 
 1.70031614e-05  2.00333841e-01  2.00386675e-01  2.00577923e-01 -7.89405856e-05 -1.41573200e-07  1.41711257e-07 
 1.70032580e-05  2.00340859e-01  2.00378177e-01  2.00570132e-01 -8.01689200e-05 -1.57926714e-07  1.05702092e-07 
 1.70033249e-05  2.00338223e-01  2.00376294e-01  2.00564769e-01 -8.05743669e-05 -1.67252347e-07  8.07297765e-08 
 1.70033646e-05  2.00330806e-01  2.00377155e-01  2.00561649e-01 -8.04833849e-05 -1.71522433e-07  6.62235623e-08 
 1.70033955e-05  2.00318595e-01  2.00379356e-01  2.00559274e-01 -8.00852475e-05 -1.73703371e-07  5.53419005e-08 
 1.70034225e-05  2.00299461e-01  2.00382897e-01  2.00557252e-01 -7.93282367e-05 -1.74239292e-07  4.63750328e-08 
 1.70034492e-05  2.00269015e-01  2.00388768e-01  2.00555323e-01 -7.79897740e-05 -1.72797890e-07  3.83612832e-08 
 1.70034795e-05  2.00220812e-01  2.00399752e-01  2.00553264e-01 -7.56374917e-05 -1.67996838e-07  3.07944536e-08 
 1.70035134e-05  2.00157021e-01  2.00419009e-01  2.00551192e-01 -7.19788119e-05 -1.58294090e-07  2.46566066e-08 
 1.70035532e-05  2.00080842e-01  2.00450456e-01  2.00549196e-01 -6.66867584e-05 -1.41892806e-07  2.07580797e-08 
 1.70035961e-05  2.00006694e-01  2.00491544e-01  2.00547695e-01 -6.03065718e-05 -1.20188220e-07  2.02173421e-08 
 1.70036318e-05  1.99955040e-01  2.00528038e-01  2.00547014e-01 -5.49020948e-05 -1.00704404e-07  2.22025400e-08 
 1.70036693e-05  1.99911162e-01  2.00565477e-01  2.00546861e-01 -4.94405862e-05 -8.04335890e-08  2.61020433e-08 
 1.70037138e-05  1.99871341e-01  2.00605954e-01  2.00547369e-01 -4.35505486e-05 -5.80704824e-08  3.24465351e-08 
 1.70037568e-05  1.99843109e-01  2.00639762e-01  2.00548486e-01 -3.85507619e-05 -3.89080139e-08  3.98003577e-08 
 1.70038062e-05  1.99819890e-01  2.00671485e-01  2.00550386e-01 -3.37272201e-05 -2.03448399e-08  4.90990534e-08 
 1.70038577e-05  1.99803090e-01  2.00697075e-01  2.00552911e-01 -2.96427905e-05 -4.75327668e-09  5.93036643e-08 
 1.70039199e-05  1.99789353e-01  2.00719612e-01  2.00556484e-01 -2.58179032e-05  9.69038113e-09  7.18706857e-08 
 1.70039890e-05  1.99779407e-01  2.00736620e-01  2.00560891e-01 -2.26662672e-05  2.13357267e-08  8.58135245e-08 
 1.70040759e-05  1.99771593e-01  2.00750148e-01  2.00566782e-01 -1.99059932e-05  3.13964078e-08  1.03007976e-07 
 1.70041789e-05  1.99766327e-01  2.00759624e-01  2.00573969e-01 -1.77766184e-05  3.91865253e-08  1.22752287e-07 
 1.70043153e-05  1.99763225e-01  2.00767011e-01  2.00583499e-01 -1.61274172e-05  4.58299561e-08  1.47802127e-07 
 1.70044870e-05  1.99763016e-01  2.00772969e-01  2.00595211e-01 -1.50848582e-05  5.13821152e-08  1.77608681e-07 
 1.70047163e-05  1.99766037e-01  2.00778958e-01  2.00610186e-01 -1.45339003e-05  5.67910296e-08  2.14850621e-07 
 1.70048582e-05  1.99768825e-01  2.00782102e-01  2.00619031e-01 -1.43995869e-05  5.95482945e-08  2.36567872e-07 
 1.70050000e-05  1.99771840e-01  2.00784986e-01  2.00627554e-01 -1.43349597e-05  6.20606121e-08  2.57429852e-07 
 1.70050042e-05  1.99768886e-01  2.00781586e-01  2.00627795e-01 -1.52281723e-05  6.18380741e-08  2.56977870e-07 
 1.70050126e-05  1.99764978e-01  2.00775487e-01  2.00628267e-01 -1.55418964e-05  6.14085558e-08  2.55854010e-07 
 1.70050294e-05  1.99763146e-01  2.00766084e-01  2.00629155e-01 -1.55448496e-05  6.06543338e-08  2.53245200e-07 
 1.70050583e-05  1.99761923e-01  2.00753239e-01  2.00630539e-01 -1.56568327e-05  5.95772953e-08  2.48973070e-07 
 1.70051106e-05  1.99760349e-01  2.00734783e-01  2.00632680e-01 -1.56946005e-05  5.80155194e-08  2.41493962e-07 
 1.70052151e-05  1.99759533e-01  2.00712918e-01  2.00636005e-01 -1.57361735e-05  5.55161893e-08  2.27446549e-07 
 1.70053525e-05  1.99759143e-01  2.00703493e-01  2.00639330e-01 -1.57069473e-05  5.26066120e-08  2.10396645e-07 
 1.70055596e-05  1.99758997e-01  2.00706706e-01  2.00643762e-01 -1.57142417e-05  4.84789759e-08  1.87304449e-07 
 1.70059230e-05  1.99758447e-01  2.00725524e-01  2.00652207e-01 -1.56984975e-05  4.19638206e-08  1.53128171e-07 
 1.70066498e-05  1.99757866e-01  2.00770503e-01  2.00673978e-01 -1.57111570e-05  3.14235021e-08  1.03353180e-07 
 1.70081033e-05  1.99756799e-01  2.00867031e-01  2.00734681e-01 -1.56970479e-05  1.74699769e-08  4.91943924e-08 
 1.70110105e-05  1.99756100e-01  2.01072492e-01  2.00900159e-01 -1.57095928e-05  4.95411659e-09  1.52689179e-08 
 1.70168249e-05  1.99756168e-01  2.01449649e-01  2.01277437e-01 -1.56980075e-05  6.66916791e-11  7.64699225e-09 
 1.70233580e-05  1.99757359e-01  2.01737419e-01  2.01624142e-01 -1.57126355e-05  3.44112818e-10  4.95559486e-09 
 1.70313132e-05  1.99758413e-01  2.01855279e-01  2.01823244e-01 -1.57015046e-05  8.70858891e-11  2.62585771e-09 
 1.70407693e-05  1.99759305e-01  2.01739138e-01  2.01775983e-01 -1.57159438e-05 -1.04428546e-10  1.38077679e-09 
 1.70563400e-05  1.99759241e-01  2.01288814e-01  2.01364081e-01 -1.57056215e-05 -2.39813751e-10  2.07126591e-10 
 1.70763807e-05  1.99758458e-01  2.00756546e-01  2.00801524e-01 -1.57201557e-05 -1.63154138e-10 -2.23784527e-10 
 1.70980255e-05  1.99757526e-01  2.00532741e-01  2.00530341e-01 -1.57077475e-05 -3.02433178e-11 -2.27172428e-10 
 1.71233472e-05  1.99757432e-01  2.00582554e-01  2.00559201e-01 -1.57198159e-05  3.78302643e-11 -1.66829042e-11 
 1.71588836e-05  1.99757556e-01  2.00693414e-01  2.00679744e-01 -1.57066413e-05  1.10624637e-11  4.91552007e-11 
 1.71981350e-05  1.99757776e-01  2.00669219e-01  2.00664734e-01 -1.57194479e-05 -1.49223303e-11  1.41695891e-11 
 1.72541773e-05  1.99757545e-01  2.00603698e-01  2.00594396e-01 -1.57069299e-05 -3.92513994e-12 -2.38086514e-11 
 1.73483007e-05  1.99757663e-01  2.00600905e-01  2.00590362e-01 -1.57194605e-05  2.41284727e-12  2.28237264e-11 
 1.74483007e-05  1.99757568e-01  2.00578920e-01  2.00570403e-01 -1.57068637e-05 -5.83522206e-12 -1.04404969e-11 
 1.75483007e-05  1.99757661e-01  2.00565561e-01  2.00554802e-01 -1.57195017e-05  2.57930201e-12  1.21710457e-11 
 1.76483007e-05  1.99757578e-01  2.00567346e-01  2.00557894e-01 -1.57068396e-05 -2.93765576e-12 -1.89542045e-12 
 1.77483007e-05  1.99757694e-01  2.00557852e-01  2.00547755e-01 -1.57195038e-05  5.50408677e-13  8.70018554e-12 
 1.78483007e-05  1.99757595e-01  2.00559823e-01  2.00549765e-01 -1.57068467e-05 -1.19578284e-12 -9.69201336e-13 
 1.79483007e-05  1.99757728e-01  2.00557457e-01  2.00547570e-01 -1.57194921e-05 -2.72154261e-14  9.60235797e-12 
 1.80483007e-05  1.99757623e-01  2.00556543e-01  2.00546432e-01 -1.57068566e-05 -1.08614203e-12 -2.00806873e-12 
 1.81483007e-05  1.99757758e-01  2.00557197e-01  2.00547214e-01 -1.57194847e-05  2.68862623e-13  1.03869988e-11 
 1.82483007e-05  1.99757655e-01  2.00555989e-01  2.00545979e-01 -1.57068610e-05 -1.38139760e-12 -2.19216523e-12 
 1.83483007e-05  1.99757787e-01  2.00556594e-01  2.00546522e-01 -1.57194820e-05  5.13821407e-13  1.01626364e-11 
 1.84483007e-05  1.99757686e-01  2.00556183e-01  2.00546215e-01 -1.57068628e-05 -1.48787167e-12 -1.70655368e-12 
 1.85483007e-05  1.99757818e-01  2.00556253e-01  2.00546169e-01 -1.57194802e-05  5.34129815e-13  9.62858601e-12 
 1.86483007e-05  1.99757718e-01  2.00556280e-01  2.00546303e-01 -1.57068649e-05 -1.44785052e-12 -1.21766507e-12 
 1.87483007e-05  1.99757849e-01  2.00556221e-01  2.00546151e-01 -1.57194776e-05  4.82233177e-13  9.23692996e-12 
 1.88483007e-05  1.99757749e-01  2.00556257e-01  2.00546267e-01 -1.57068678e-05 -1.40176087e-12 -9.11508119e-13 
 1.89241503e-05  1.99757877e-01  2.00556291e-01  2.00546229e-01 -1.57194741e-05  4.52040749e-13  8.95511898e-12 
 1.90000000e-05  1.99757772e-01  2.00556229e-01  2.00546236e-01 -1.57068718e-05 -1.38756237e-12 -6.37796836e-13 
 1.90001069e-05  1.99745670e-01  2.00514514e-01  2.00544524e-01 -1.70487485e-05 -5.28136066e-09 -2.99738157e-08 
 1.90003207e-05  1.99737522e-01  2.00469552e-01  2.00539397e-01 -1.73668394e-05 -1.39896182e-08 -8.77040612e-08 
 1.90006358e-05  1.99733318e-01  2.00469706e-01  2.00529936e-01 -1.79801527e-05 -2.41372744e-08 -1.64016268e-07 
 1.90009873e-05  1.99733338e-01  2.00488458e-01  2.00521937e-01 -2.08848535e-05 -3.40213784e-08 -2.38165115e-07 
 1.90011677e-05  1.99739555e-01  2.00499985e-01  2.00519309e-01 -2.38060678e-05 -3.80499019e-08 -2.71579080e-07 
 1.90014085e-05  1.99754354e-01  2.00517752e-01  2.00517428e-01 -2.98263202e-05 -4.25516052e-08 -3.10969243e-07 
 1.90016492e-05  1.99778619e-01  2.00539012e-01  2.00517513e-01 -3.82539652e-05 -4.58482103e-08 -3.44162313e-07 
 1.90018396e-05  1.99802329e-01  2.00558102e-01  2.00519055e-01 -4.66641314e-05 -4.72318683e-08 -3.65629107e-07 
 1.90019889e-05  1.99823507e-01  2.00575572e-01  2.00521244e-01 -5.41542484e-05 -4.71383354e-08 -3.79167206e-07 
 1.90021106e-05  1.99840157e-01  2.00591369e-01  2.00523726e-01 -6.07787419e-05 -4.58780215e-08 -3.87642062e-07 
 1.90022136e-05  1.99853135e-01  2.00606760e-01  2.00526361e-01 -6.65418838e-05 -4.35413767e-08 -3.92640444e-07 
 1.90023028e-05  1.99861238e-01  2.00621807e-01  2.00529094e-01 -7.15587734e-05 -4.01116375e-08 -3.94887956e-07 
 1.90023817e-05  1.99864768e-01  2.00637240e-01  2.00531904e-01 -7.57957473e-05 -3.54918298e-08 -3.94823926e-07 
 1.90024537e-05  1.99862745e-01  2.00653547e-01  2.00534841e-01 -7.93633119e-05 -2.94423784e-08 -3.92540985e-07 
 1.90025249e-05  1.99855156e-01  2.00672509e-01  2.00538157e-01 -8.24010509e-05 -2.12225643e-08 -3.87659056e-07 
 1.90026074e-05  1.99841223e-01  2.00698179e-01  2.00542609e-01 -8.52912532e-05 -8.74007075e-09 -3.78100600e-07 
 1.90026896e-05  1.99826386e-01  2.00726568e-01  2.00547778e-01 -8.76064853e-05  6.19465643e-09 -3.64232924e-07 
 1.90028200e-05  1.99806176e-01  2.00771871e-01  2.00557507e-01 -9.06746650e-05  3.21749263e-08 -3.33955029e-07 
 1.90029325e-05  1.99793632e-01  2.00807591e-01  2.00567282e-01 -9.29502297e-05  5.48645435e-08 -3.00638740e-07 
 1.90030530e-05  1.99785170e-01  2.00839676e-01  2.00578878e-01 -9.51166376e-05  7.78261309e-08 -2.58929402e-07 
 1.90031846e-05  1.99781123e-01  2.00865845e-01  2.00592411e-01 -9.68426524e-05  1.00226208e-07 -2.08140718e-07 
 1.90033170e-05  1.99781554e-01  2.00880723e-01  2.00606385e-01 -9.69699287e-05  1.18575178e-07 -1.53980443e-07 
 1.90034020e-05  1.99783350e-01  2.00881576e-01  2.00615241e-01 -9.44375149e-05  1.26644757e-07 -1.19368519e-07 
 1.90034626e-05  1.99784607e-01  2.00875055e-01  2.00621299e-01 -8.97850276e-05  1.29052290e-07 -9.62260332e-08 
 1.90035189e-05  1.99785314e-01  2.00860998e-01  2.00626568e-01 -8.31256917e-05  1.27521523e-07 -7.70937994e-08 
 1.90035916e-05  1.99785440e-01  2.00830373e-01  2.00632559e-01 -7.24219583e-05  1.19547288e-07 -5.71574976e-08 
 1.90036577e-05  1.99784846e-01  2.00792169e-01  2.00636964e-01 -6.18996511e-05  1.07027888e-07 -4.43549348e-08 
 1.90037490e-05  1.99783142e-01  2.00730380e-01  2.00641063e-01 -4.82519936e-05  8.42626149e-08 -3.51688338e-08 
 1.90038688e-05  1.99780021e-01  2.00648144e-01  2.00642848e-01 -3.44652314e-05  5.10808702e-08 -3.59831491e-08 
 1.90039514e-05  1.99777649e-01  2.00598110e-01  2.00641880e-01 -2.83071767e-05  2.94563142e-08 -4.31439913e-08 
 1.90040282e-05  1.99775456e-01  2.00560121e-01  2.00639680e-01 -2.45221537e-05  1.21562422e-08 -5.29222422e-08 
 1.90041196e-05  1.99772902e-01  2.00525399e-01  2.00635839e-01 -2.17103209e-05 -4.54998175e-09 -6.70278233e-08 
 1.90042090e-05  1.99770485e-01  2.00501015e-01  2.00631176e-01 -2.01853321e-05 -1.70612481e-08 -8.23163959e-08 
 1.90043145e-05  1.99767729e-01  2.00481537e-01  2.00624980e-01 -1.92524533e-05 -2.78732336e-08 -1.01141901e-07 
 1.90044251e-05  1.99764917e-01  2.00468610e-01  2.00618057e-01 -1.88283150e-05 -3.58327912e-08 -1.21016985e-07 
 1.90045624e-05  1.99761507e-01  2.00458984e-01  2.00609276e-01 -1.86297762e-05 -4.26395716e-08 -1.45169575e-07 
 1.90047185e-05  1.99757688e-01  2.00452692e-01  2.00599378e-01 -1.85823647e-05 -4.79853948e-08 -1.71467671e-07 
 1.90048593e-05  1.99754284e-01  2.00449101e-01  2.00590699e-01 -1.85755246e-05 -5.16384898e-08 -1.93957720e-07 
 1.90050000e-05  1.99750897e-01  2.00446395e-01  2.00582322e-01 -1.85830830e-05 -5.47322200e-08 -2.15269069e-07 
 1.90050015e-05  1.99752125e-01  2.00447694e-01  2.00582236e-01 -1.78317033e-05 -5.46570828e-08 -2.15163060e-07 
 1.90050045e-05  1.99754210e-01  2.00450180e-01  2.00582065e-01 -1.75374031e-05 -5.45053802e-08 -2.14928193e-07 
 1.90050104e-05  1.99756369e-01  2.00454607e-01  2.00581733e-01 -1.72612644e-05 -5.42035841e-08 -2.14380489e-07 
 1.90050193e-05  1.99757121e-01  2.00460050e-01  2.00581256e-01 -1.71484760e-05 -5.37864636e-08 -2.13537341e-07 
 1.90050332e-05  1.99757296e-01  2.00467181e-01  2.00580549e-01 -1.69112653e-05 -5.31938741e-08 -2.12253189e-07 
 1.90050609e-05  1.99757343e-01  2.00479514e-01  2.00579255e-01 -1.66123305e-05 -5.21615887e-08 -2.09746850e-07 
 1.90051164e-05  1.99757440e-01  2.00498821e-01  2.00577057e-01 -1.61555264e-05 -5.05232882e-08 -2.04940381e-07 
 1.90052274e-05  1.99757518e-01  2.00520891e-01  2.00573703e-01 -1.58017620e-05 -4.81052627e-08 -1.95910872e-07 
 1.90054494e-05  1.99757746e-01  2.00529906e-01  2.00568743e-01 -1.56421924e-05 -4.42581690e-08 -1.79395785e-07 
 1.90057477e-05  1.99758021e-01  2.00517655e-01  2.00562552e-01 -1.56884244e-05 -3.94880906e-08 -1.59539171e-07 
 1.90061889e-05  1.99758428e-01  2.00492980e-01  2.00551643e-01 -1.56611166e-05 -3.31516187e-08 -1.34104559e-07 
 1.90069227e-05  1.99758959e-01  2.00448743e-01  2.00528400e-01 -1.56876934e-05 -2.47728604e-08 -1.00335849e-07 
 1.90083903e-05  1.99759763e-01  2.00352193e-01  2.00465791e-01 -1.56625313e-05 -1.37046358e-08 -5.54690181e-08 
 1.90113255e-05  1.99760486e-01  2.00144320e-01  2.00297449e-01 -1.56873550e-05 -3.85515099e-09 -1.49972523e-08 
 1.90171959e-05  1.99760342e-01  1.99758832e-01  1.99913075e-01 -1.56593952e-05 -1.19093508e-10  8.16910543e-10 
 1.90247336e-05  1.99759118e-01  1.99436065e-01  1.99521556e-01 -1.56814644e-05 -3.46472015e-10 -4.59017108e-10 
 1.90327455e-05  1.99758006e-01  1.99340103e-01  1.99344909e-01 -1.56539173e-05 -6.55457923e-11 -7.27698628e-11 
 1.90428926e-05  1.99757271e-01  1.99483422e-01  1.99421123e-01 -1.56767810e-05  1.19773825e-10  2.99118133e-11 
 1.90582982e-05  1.99757350e-01  1.99924600e-01  1.99833196e-01 -1.56489384e-05  2.29432658e-10  1.56834749e-10 
 1.90787430e-05  1.99758240e-01  2.00426171e-01  2.00367014e-01 -1.56721563e-05  1.45630333e-10  1.11531040e-10 
 1.91009097e-05  1.99759020e-01  2.00617241e-01  2.00603098e-01 -1.56467973e-05  1.86305559e-11  2.69132723e-11 
 1.91269155e-05  1.99759163e-01  2.00551109e-01  2.00554532e-01 -1.56725248e-05 -3.92266465e-11 -2.55060055e-11 
 1.91650995e-05  1.99758933e-01  2.00443597e-01  2.00435687e-01 -1.56478610e-05 -7.82023144e-12 -6.69208352e-12 
 1.92000000e-05  1.99758856e-01  2.00470886e-01  2.00455861e-01 -1.56727902e-05  1.29031347e-11  9.60193822e-12 
 1.92000187e-05  1.99767876e-01  2.00488559e-01  2.00456029e-01 -1.38264908e-05  2.72048222e-09  9.96709115e-10 
 1.92000560e-05  1.99775044e-01  2.00517179e-01  2.00456574e-01 -1.25330321e-05  7.62055214e-09  2.80796276e-09 
 1.92001306e-05  1.99780698e-01  2.00554389e-01  2.00458609e-01 -1.12893943e-05  1.47043957e-08  5.98774095e-09 
 1.92002023e-05  1.99789374e-01  2.00575293e-01  2.00461328e-01 -1.05974229e-05  1.93547539e-08  8.77315224e-09 
 1.92003456e-05  1.99802657e-01  2.00587996e-01  2.00467476e-01 -1.02294274e-05  2.60159657e-08  1.38902452e-08 
 1.92005795e-05  1.99827268e-01  2.00575331e-01  2.00476786e-01 -1.00438025e-05  3.38967591e-08  2.15333371e-08 
 1.92008779e-05  1.99856551e-01  2.00540550e-01  2.00484797e-01 -1.01341092e-05  4.22439446e-08  3.02876840e-08 
 1.92013209e-05  1.99904698e-01  2.00480242e-01  2.00487333e-01 -1.04288891e-05  4.99676526e-08  4.14781412e-08 
 1.92014589e-05  1.99921273e-01  2.00459432e-01  2.00485854e-01 -1.09143821e-05  4.88970799e-08  4.44924436e-08 
 1.92016735e-05  1.99957801e-01  2.00424624e-01  2.00481422e-01 -1.28466679e-05  3.02013696e-08  4.85001915e-08 
 1.92018207e-05  1.99993229e-01  2.00397683e-01  2.00476830e-01 -1.59042886e-05 -6.43408196e-09  5.05137657e-08 
 1.92019444e-05  2.00034606e-01  2.00372313e-01  2.00471910e-01 -1.99642206e-05 -6.57345521e-08  5.14701557e-08 
 1.92020720e-05  2.00086808e-01  2.00342684e-01  2.00465718e-01 -2.59903030e-05 -1.66856734e-07  5.14809299e-08 
 1.92022089e-05  2.00153525e-01  2.00307035e-01  2.00457677e-01 -3.39218549e-05 -3.33858991e-07  5.01487356e-08 
 1.92023549e-05  2.00229886e-01  2.00263915e-01  2.00447336e-01 -4.31359649e-05 -5.94106208e-07  4.68922471e-08 
 1.92024959e-05  2.00303560e-01  2.00216090e-01  2.00435415e-01 -5.08030816e-05 -9.42980509e-07  4.16197321e-08 
 1.92026155e-05  2.00360216e-01  2.00168641e-01  2.00423593e-01 -5.49057748e-05 -1.33086381e-06  3.51514587e-08 
 1.92027440e-05  2.00412147e-01  2.00109704e-01  2.00408839e-01 -5.62768051e-05 -1.85832092e-06  2.58537248e-08 
 1.92028643e-05  2.00449831e-01  2.00050438e-01  2.00392910e-01 -5.66820454e-05 -2.45650418e-06  1.50387971e-08 
 1.92029720e-05  2.00474809e-01  1.99999297e-01  2.00376966e-01 -5.70037371e-05 -3.06485988e-06  4.01649107e-09 
 1.92030734e-05  2.00490174e-01  1.99955736e-01  2.00360692e-01 -5.72275965e-05 -3.68678434e-06 -7.17572778e-09 
 1.92031821e-05  2.00497951e-01  1.99915204e-01  2.00342167e-01 -5.73194734e-05 -4.39170396e-06 -1.97286322e-08 
 1.92032810e-05  2.00494963e-01  1.99884999e-01  2.00324634e-01 -5.71450090e-05 -5.05188392e-06 -3.13277607e-08 
 1.92033445e-05  2.00484817e-01  1.99869681e-01  2.00313171e-01 -5.67763441e-05 -5.47581702e-06 -3.86687567e-08 
 1.92033807e-05  2.00472831e-01  1.99862926e-01  2.00306598e-01 -5.63562344e-05 -5.71311644e-06 -4.27222497e-08 
 1.92034116e-05  2.00455249e-01  1.99858855e-01  2.00301002e-01 -5.57666791e-05 -5.90832431e-06 -4.60054854e-08 
 1.92034386e-05  2.00430116e-01  1.99857289e-01  2.00296135e-01 -5.49177020e-05 -6.06903045e-06 -4.86445286e-08 
 1.92034663e-05  2.00391613e-01  1.99858747e-01  2.00291188e-01 -5.36183471e-05 -6.21841653e-06 -5.09858051e-08 
 1.92034991e-05  2.00332570e-01  1.99866543e-01  2.00285471e-01 -5.14357339e-05 -6.36693712e-06 -5.30543344e-08 
 1.92035337e-05  2.00263825e-01  1.99883157e-01  2.00279699e-01 -4.85560555e-05 -6.48570682e-06 -5.42645057e-08 
 1.92035802e-05  2.00175274e-01  1.99917228e-01  2.00272521e-01 -4.40787873e-05 -6.58499299e-06 -5.43624873e-08 
 1.92036135e-05  2.00120295e-01  1.99947220e-01  2.00267890e-01 -4.07427974e-05 -6.61734951e-06 -5.35021004e-08 
 1.92036472e-05  2.00073918e-01  1.99979412e-01  2.00263670e-01 -3.74104267e-05 -6.62314296e-06 -5.20427990e-08 
 1.92036867e-05  2.00031020e-01  2.00016406e-01  2.00259344e-01 -3.37804899e-05 -6.60261193e-06 -4.98228217e-08 
 1.92037315e-05  1.99995712e-01  2.00054697e-01  2.00255197e-01 -3.00919825e-05 -6.55294725e-06 -4.69131336e-08 
 1.92037763e-05  1.99971497e-01  2.00087487e-01  2.00251744e-01 -2.69342055e-05 -6.48355242e-06 -4.38049175e-08 
 1.92038261e-05  1.99954215e-01  2.00116531e-01  2.00248596e-01 -2.40024770e-05 -6.39199651e-06 -4.03275580e-08 
 1.92038798e-05  1.99943265e-01  2.00139702e-01  2.00245821e-01 -2.14669679e-05 -6.28274679e-06 -3.66586951e-08 
 1.92039431e-05  1.99936983e-01  2.00157713e-01  2.00243142e-01 -1.91267078e-05 -6.14697426e-06 -3.25300773e-08 
 1.92040158e-05  1.99935107e-01  2.00168861e-01  2.00240567e-01 -1.71345888e-05 -5.98729497e-06 -2.80604499e-08 
 1.92041057e-05  1.99937330e-01  2.00172966e-01  2.00237754e-01 -1.53658988e-05 -5.78955711e-06 -2.28845790e-08 
 1.92042162e-05  1.99943952e-01  2.00169055e-01  2.00234436e-01 -1.39362768e-05 -5.55030826e-06 -1.69401328e-08 
 1.92043623e-05  1.99956526e-01  2.00155955e-01  2.00229782e-01 -1.28022811e-05 -5.24410499e-06 -9.61201761e-09 
 1.92045540e-05  1.99976799e-01  2.00132538e-01  2.00222727e-01 -1.20919831e-05 -4.86325478e-06 -7.33401728e-10 
 1.92047770e-05  2.00003187e-01  2.00101323e-01  2.00212837e-01 -1.17633480e-05 -4.45115952e-06  8.69670181e-09 
 1.92050000e-05  2.00030788e-01  2.00067857e-01  2.00201030e-01 -1.16593680e-05 -4.07211710e-06  1.72468007e-08 
 1.92050040e-05  2.00026466e-01  2.00062519e-01  2.00200792e-01 -1.27619741e-05 -4.06618986e-06  1.71544841e-08 
 1.92050120e-05  2.00020855e-01  2.00052725e-01  2.00200302e-01 -1.32762786e-05 -4.05433477e-06  1.69944951e-08 
 1.92050281e-05  2.00018572e-01  2.00036575e-01  2.00199242e-01 -1.35992145e-05 -4.03046545e-06  1.67678290e-08 
 1.92050569e-05  2.00017346e-01  2.00012265e-01  2.00197124e-01 -1.41993614e-05 -3.98723065e-06  1.64603001e-08 
 1.92050970e-05  2.00015927e-01  1.99983703e-01  2.00193798e-01 -1.47088464e-05 -3.92687360e-06  1.61398034e-08 
 1.92051771e-05  2.00015164e-01  1.99942221e-01  2.00186196e-01 -1.53247909e-05 -3.80722934e-06  1.57142240e-08 
 1.92053180e-05  2.00014711e-01  1.99901900e-01  2.00171173e-01 -1.56510180e-05 -3.60400042e-06  1.52165949e-08 
 1.92054957e-05  2.00014799e-01  1.99879565e-01  2.00151234e-01 -1.57262063e-05 -3.36232223e-06  1.46926192e-08 
 1.92057846e-05  2.00014503e-01  1.99862178e-01  2.00119513e-01 -1.57090310e-05 -3.00326437e-06  1.38379250e-08 
 1.92061459e-05  2.00014524e-01  1.99848410e-01  2.00082551e-01 -1.57222130e-05 -2.60735292e-06  1.27793742e-08 
 1.92068686e-05  2.00014145e-01  1.99827448e-01  2.00018243e-01 -1.57074775e-05 -1.96245113e-06  1.07591133e-08 
 1.92083139e-05  2.00013918e-01  1.99807084e-01  1.99923624e-01 -1.57209694e-05 -1.09852821e-06  7.32431645e-09 
 1.92112045e-05  2.00013247e-01  1.99829517e-01  1.99839134e-01 -1.57066331e-05 -3.05838193e-07  2.92067609e-09 
 1.92169857e-05  2.00012911e-01  2.00009371e-01  1.99914545e-01 -1.57212125e-05  1.86329315e-08  6.78497692e-11 
 1.92232784e-05  2.00012799e-01  2.00274022e-01  2.00156552e-01 -1.57074349e-05 -1.64465101e-09  1.15183054e-10 
 1.92309962e-05  2.00013357e-01  2.00559734e-01  2.00460354e-01 -1.57208837e-05  6.48708408e-10  2.05140808e-10 
 1.92398660e-05  2.00013759e-01  2.00777515e-01  2.00713908e-01 -1.57061179e-05  6.07353354e-11  1.36287166e-10 
 1.92535357e-05  2.00014487e-01  2.00899478e-01  2.00881650e-01 -1.57195018e-05  8.40558844e-11  4.59235124e-11 
 1.92732436e-05  2.00014586e-01  2.00822356e-01  2.00832554e-01 -1.57058139e-05 -8.59053169e-11 -3.32923795e-11 
 1.93029907e-05  2.00014512e-01  2.00642523e-01  2.00643952e-01 -1.57203580e-05 -1.40455221e-11 -2.68892336e-11 
 1.93343316e-05  2.00014175e-01  2.00622020e-01  2.00606503e-01 -1.57063808e-05 -3.72790058e-12  6.62425833e-12 
 1.93783330e-05  2.00014402e-01  2.00713653e-01  2.00698635e-01 -1.57200053e-05  2.85566100e-11  1.38453642e-11 
 1.94445713e-05  2.00014369e-01  2.00749423e-01  2.00741159e-01 -1.57061501e-05 -1.82547918e-11 -3.96333866e-12 
 1.95242150e-05  2.00014500e-01  2.00751853e-01  2.00740109e-01 -1.57201299e-05  1.53818401e-11  4.84471165e-12 
 1.96242150e-05  2.00014425e-01  2.00790613e-01  2.00780272e-01 -1.57061421e-05 -9.92293791e-12  1.00589009e-12 
 1.97242150e-05  2.00014607e-01  2.00792092e-01  2.00782255e-01 -1.57201109e-05  8.51525621e-12  1.27169363e-12 
 1.98242150e-05  2.00014489e-01  2.00801492e-01  2.00790822e-01 -1.57061737e-05 -7.72569790e-12  1.32947646e-12 
 1.99242150e-05  2.00014680e-01  2.00807193e-01  2.00797452e-01 -1.57200892e-05  7.17831025e-12  1.46163843e-12 
 2.00242150e-05  2.00014559e-01  2.00806227e-01  2.00795963e-01 -1.57061876e-05 -7.84566921e-12  3.28285901e-13 
 2.01242150e-05  2.00014742e-01  2.00810471e-01  2.00800432e-01 -1.57200850e-05  7.05357105e-12  2.12451389e-12 
 2.02242150e-05  2.00014628e-01  2.00809491e-01  2.00799496e-01 -1.57061876e-05 -7.68008899e-12 -1.62585603e-13 
 2.03242150e-05  2.00014805e-01  2.00810635e-01  2.00800499e-01 -1.57200871e-05  6.46788200e-12  2.23504537e-12 
 2.04242150e-05  2.00014692e-01  2.00810987e-01  2.00801017e-01 -1.57061862e-05 -6.96096804e-12 -1.21547846e-13 
 2.05242150e-05  2.00014868e-01  2.00810791e-01  2.00800697e-01 -1.57200873e-05  5.64351343e-12  2.08510759e-12 
 2.06242150e-05  2.00014755e-01  2.00811299e-01  2.00801283e-01 -1.57061874e-05 -6.20181207e-12  1.29168594e-14 
 2.07242150e-05  2.00014933e-01  2.00811124e-01  2.00801070e-01 -1.57200854e-05  4.96840720e-12  1.98106261e-12 
 2.08242150e-05  2.00014819e-01  2.00811284e-01  2.00801249e-01 -1.57061897e-05 -5.64306739e-12  6.62202498e-14 
 2.09242150e-05  2.00014996e-01  2.00811350e-01  2.00801303e-01 -1.57200831e-05  4.49836587e-12  1.95863941e-12 
 2.10242150e-05  2.00014882e-01  2.00811315e-01  2.00801283e-01 -1.57061918e-05 -5.24479895e-12  6.91641297e-14 
 2.11121075e-05  2.00015056e-01  2.00811436e-01  2.00801382e-01 -1.57200810e-05  4.12424912e-12  1.95927346e-12 
 2.12000000e-05  2.00014938e-01  2.00811395e-01  2.00801370e-01 -1.57061939e-05 -4.88636605e-12  7.13197405e-14 
 2.12000846e-05  1.99991672e-01  2.00759471e-01  2.00799669e-01 -1.83063904e-05 -7.47918534e-09 -3.83640872e-09 
 2.12002539e-05  1.99966341e-01  2.00700564e-01  2.00794450e-01 -1.98517139e-05 -1.72384585e-08 -1.05948205e-08 
 2.12005138e-05  1.99936023e-01  2.00700040e-01  2.00784153e-01 -2.02994926e-05 -2.40070525e-08 -1.93230559e-08 
 2.12008067e-05  1.99902160e-01  2.00734141e-01  2.00775622e-01 -2.17316806e-05 -2.75246958e-08 -2.80915182e-08 
 2.12010964e-05  1.99878629e-01  2.00775213e-01  2.00772228e-01 -2.53051450e-05 -1.98211496e-08 -3.55380885e-08 
 2.12013766e-05  1.99865585e-01  2.00821013e-01  2.00773910e-01 -3.19062457e-05  5.73733611e-09 -4.15492491e-08 
 2.12016241e-05  1.99866161e-01  2.00867502e-01  2.00779599e-01 -4.05156326e-05  5.06554562e-08 -4.57778806e-08 
 2.12018252e-05  1.99872065e-01  2.00909113e-01  2.00787231e-01 -4.95470143e-05  1.09855693e-07 -4.83806405e-08 
 2.12019801e-05  1.99880749e-01  2.00944976e-01  2.00795029e-01 -5.75890326e-05  1.76125711e-07 -4.97327584e-08 
 2.12021045e-05  1.99887375e-01  2.00976015e-01  2.00802573e-01 -6.47115130e-05  2.48619425e-07 -5.02960136e-08 
 2.12022093e-05  1.99892914e-01  2.01005031e-01  2.00809880e-01 -7.10020319e-05  3.29040566e-07 -5.02728393e-08 
 2.12023002e-05  1.99894822e-01  2.01032430e-01  2.00816978e-01 -7.66222643e-05  4.19034148e-07 -4.97667508e-08 
 2.12023805e-05  1.99893724e-01  2.01059476e-01  2.00823901e-01 -8.15375193e-05  5.20502674e-07 -4.88000632e-08 
 2.12024537e-05  1.99887840e-01  2.01086981e-01  2.00830808e-01 -8.58985989e-05  6.37581351e-07 -4.73550089e-08 
 2.12025259e-05  1.99877289e-01  2.01117769e-01  2.00838251e-01 -8.99087825e-05  7.83313943e-07 -4.52362875e-08 
 2.12026100e-05  1.99860740e-01  2.01158546e-01  2.00847834e-01 -9.42123792e-05  9.98715927e-07 -4.17410495e-08 
 2.12026930e-05  1.99844883e-01  2.01202998e-01  2.00858384e-01 -9.81041739e-05  1.26243915e-06 -3.71772888e-08 
 2.12028236e-05  1.99825887e-01  2.01275474e-01  2.00877264e-01 -1.03799497e-04  1.77238398e-06 -2.80853273e-08 
 2.12029344e-05  1.99817052e-01  2.01335353e-01  2.00895388e-01 -1.08235955e-04  2.28463070e-06 -1.88845842e-08 
 2.12030543e-05  1.99814573e-01  2.01395071e-01  2.00916920e-01 -1.12588183e-04  2.90407026e-06 -7.82599777e-09 
 2.12031871e-05  1.99819416e-01  2.01452791e-01  2.00942640e-01 -1.16436131e-04  3.64694124e-06  5.27643285e-09 
 2.12033125e-05  1.99829802e-01  2.01496660e-01  2.00968180e-01 -1.18209781e-04  4.37633379e-06  1.79032556e-08 
 2.12034005e-05  1.99839211e-01  2.01518304e-01  2.00986490e-01 -1.16611374e-04  4.88342288e-06  2.64420261e-08 
 2.12034623e-05  1.99845718e-01  2.01525782e-01  2.00999320e-01 -1.12294651e-04  5.22030046e-06  3.18804571e-08 
 2.12035179e-05  1.99850739e-01  2.01524016e-01  2.01010659e-01 -1.05646520e-04  5.49527443e-06  3.60286438e-08 
 2.12035824e-05  1.99855065e-01  2.01510178e-01  2.01023309e-01 -9.54781859e-05  5.76657275e-06  3.96447999e-08 
 2.12036507e-05  1.99857694e-01  2.01482921e-01  2.01035797e-01 -8.31191373e-05  5.98789623e-06  4.19191241e-08 
 2.12037344e-05  1.99858159e-01  2.01437203e-01  2.01049426e-01 -6.78502686e-05  6.16207160e-06  4.25873511e-08 
 2.12038440e-05  1.99854859e-01  2.01369695e-01  2.01064193e-01 -5.05850833e-05  6.24329382e-06  4.05526526e-08 
 2.12039214e-05  1.99850471e-01  2.01324496e-01  2.01072511e-01 -4.14523955e-05  6.21721002e-06  3.76554873e-08 
 2.12039970e-05  1.99845077e-01  2.01287292e-01  2.01079161e-01 -3.48678646e-05  6.14397231e-06  3.41485273e-08 
 2.12040893e-05  1.99837482e-01  2.01253066e-01  2.01085721e-01 -2.93651202e-05  6.01098825e-06  2.93952757e-08 
 2.12041759e-05  1.99829707e-01  2.01231918e-01  2.01090715e-01 -2.61290182e-05  5.85836686e-06  2.47543768e-08 
 2.12042774e-05  1.99820128e-01  2.01218629e-01  2.01095671e-01 -2.38641427e-05  5.66151286e-06  1.93405240e-08 
 2.12043809e-05  1.99810063e-01  2.01214913e-01  2.01100177e-01 -2.26109450e-05  5.45234230e-06  1.39827293e-08 
 2.12045093e-05  1.99797396e-01  2.01219638e-01  2.01105536e-01 -2.18452678e-05  5.19257365e-06  7.65607547e-09 
 2.12046517e-05  1.99783238e-01  2.01232357e-01  2.01111651e-01 -2.14965909e-05  4.91178323e-06  1.06501395e-09 
 2.12048259e-05  1.99765902e-01  2.01253611e-01  2.01119814e-01 -2.13523826e-05  4.58477049e-06 -6.42010229e-09 
 2.12050000e-05  1.99748572e-01  2.01278057e-01  2.01128966e-01 -2.13138048e-05  4.27760658e-06 -1.33309934e-08 
 2.12050023e-05  1.99751175e-01  2.01281155e-01  2.01129094e-01 -2.03190648e-05  4.27410284e-06 -1.32810492e-08 
 2.12050068e-05  1.99755012e-01  2.01287009e-01  2.01129355e-01 -1.98247649e-05  4.26712764e-06 -1.31899213e-08 
 2.12050158e-05  1.99757568e-01  2.01297193e-01  2.01129904e-01 -1.94141202e-05  4.25322213e-06 -1.30502995e-08 
 2.12050279e-05  1.99757871e-01  2.01308838e-01  2.01130691e-01 -1.90192132e-05  4.23448598e-06 -1.29075683e-08 
 2.12050520e-05  1.99758073e-01  2.01329485e-01  2.01132408e-01 -1.82820242e-05  4.19690454e-06 -1.26711234e-08 
 2.12051004e-05  1.99758191e-01  2.01363988e-01  2.01136322e-01 -1.73044680e-05  4.12164589e-06 -1.23344794e-08 
 2.12051890e-05  1.99758372e-01  2.01408099e-01  2.01144665e-01 -1.63065088e-05  3.98495863e-06 -1.19820097e-08 
 2.12053661e-05  1.99758575e-01  2.01452720e-01  2.01163529e-01 -1.57449010e-05  3.72103401e-06 -1.16379412e-08 
 2.12055847e-05  1.99758919e-01  2.01474397e-01  2.01187819e-01 -1.56639295e-05  3.41693038e-06 -1.13247983e-08 
 2.12058864e-05  1.99759280e-01  2.01491614e-01  2.01220277e-01 -1.56853772e-05  3.03671144e-06 -1.08288278e-08 
 2.12063058e-05  1.99759831e-01  2.01510306e-01  2.01262158e-01 -1.56574998e-05  2.57698894e-06 -1.00736285e-08 
 2.12071445e-05  1.99760707e-01  2.01539123e-01  2.01334695e-01 -1.56823983e-05  1.85165593e-06 -8.50184786e-09 
 2.12088218e-05  1.99762187e-01  2.01567285e-01  2.01439416e-01 -1.56536077e-05  9.37936554e-07 -5.62075547e-09 
 2.12121766e-05  1.99763950e-01  2.01537747e-01  2.01522153e-01 -1.56772678e-05  1.95471849e-07 -1.91684024e-09 
 2.12182249e-05  1.99765183e-01  2.01331601e-01  2.01415344e-01 -1.56484853e-05 -1.63682455e-08  9.04042596e-12 
 2.12255824e-05  1.99765045e-01  2.01008384e-01  2.01111202e-01 -1.56738968e-05  2.61433061e-09 -1.62874818e-10 
 2.12335555e-05  1.99764458e-01  2.00714324e-01  2.00791746e-01 -1.56475662e-05 -8.92344447e-10 -2.03252177e-10 
 2.12434426e-05  1.99763664e-01  2.00494076e-01  2.00529306e-01 -1.56743117e-05  5.77954253e-11 -1.19730355e-10 
 2.12574751e-05  1.99763050e-01  2.00410542e-01  2.00400988e-01 -1.56479876e-05 -1.05799630e-10 -2.65402261e-11 
 2.12800109e-05  1.99762842e-01  2.00535858e-01  2.00502782e-01 -1.56736820e-05  1.23200248e-10  4.42094016e-11 
 2.13106976e-05  1.99763252e-01  2.00710461e-01  2.00692556e-01 -1.56467075e-05 -1.68748177e-11  2.31511646e-11 
 2.13435536e-05  1.99763402e-01  2.00702750e-01  2.00699525e-01 -1.56732349e-05  1.18695999e-11 -9.59590101e-12 
 2.13717768e-05  1.99763357e-01  2.00639908e-01  2.00634573e-01 -1.56470844e-05 -3.55895027e-11 -9.89424509e-12 
 2.14000000e-05  1.99763248e-01  2.00615469e-01  2.00605833e-01 -1.56734495e-05  1.28193452e-11 -4.47182547e-13 
 2.14000139e-05  1.99768085e-01  2.00625205e-01  2.00605885e-01 -1.44265919e-05  9.59568409e-10  3.26736909e-09 
 2.14000418e-05  1.99771455e-01  2.00641114e-01  2.00606076e-01 -1.38481209e-05  2.72645821e-09  9.88236374e-09 
 2.14000913e-05  1.99771442e-01  2.00661152e-01  2.00606764e-01 -1.34817254e-05  5.36600996e-09  2.14141501e-08 
 2.14001424e-05  1.99773526e-01  2.00676929e-01  2.00607819e-01 -1.31048777e-05  7.66110303e-09  3.28994838e-08 
 2.14002444e-05  1.99775444e-01  2.00695191e-01  2.00610547e-01 -1.29165689e-05  1.16443999e-08  5.50786749e-08 
 2.14004484e-05  1.99780941e-01  2.00704919e-01  2.00616779e-01 -1.27353086e-05  1.86781054e-08  9.66078696e-08 
 2.14008085e-05  1.99789317e-01  2.00694023e-01  2.00626541e-01 -1.28184994e-05  2.98558370e-08  1.62459174e-07 
 2.14012659e-05  1.99802298e-01  2.00671651e-01  2.00634296e-01 -1.30253465e-05  4.19314515e-08  2.34707245e-07 
 2.14013915e-05  1.99806909e-01  2.00665053e-01  2.00635473e-01 -1.33674262e-05  4.46571468e-08  2.52646911e-07 
 2.14016427e-05  1.99825999e-01  2.00650254e-01  2.00636636e-01 -1.53859647e-05  4.81352030e-08  2.85561233e-07 
 2.14017996e-05  1.99849773e-01  2.00639064e-01  2.00636514e-01 -1.86297110e-05  4.78987509e-08  3.03413110e-07 
 2.14019226e-05  1.99879778e-01  2.00628237e-01  2.00635894e-01 -2.28564383e-05  4.53105400e-08  3.14953597e-07 
 2.14020476e-05  1.99920654e-01  2.00615037e-01  2.00634710e-01 -2.91716523e-05  3.99346582e-08  3.23565707e-07 
 2.14021826e-05  1.99976395e-01  2.00598265e-01  2.00632707e-01 -3.78183487e-05  3.06966196e-08  3.28332315e-07 
 2.14023289e-05  2.00045058e-01  2.00576960e-01  2.00629572e-01 -4.85385930e-05  1.65123426e-08  3.27039977e-07 
 2.14024693e-05  2.00113776e-01  2.00552597e-01  2.00625486e-01 -5.83180996e-05 -1.46764636e-09  3.18231337e-07 
 2.14025901e-05  2.00170167e-01  2.00526937e-01  2.00620967e-01 -6.49277896e-05 -2.10391991e-08  3.03548466e-07 
 2.14027065e-05  2.00219301e-01  2.00497062e-01  2.00615554e-01 -6.88503150e-05 -4.38924819e-08  2.82163322e-07 
 2.14028299e-05  2.00263561e-01  2.00462355e-01  2.00608527e-01 -7.19226146e-05 -7.12169604e-08  2.51700224e-07 
 2.14029982e-05  2.00310196e-01  2.00420356e-01  2.00596983e-01 -7.58285043e-05 -1.08796296e-07  1.99855152e-07 
 2.14031279e-05  2.00334161e-01  2.00397358e-01  2.00586968e-01 -7.83862964e-05 -1.35288899e-07  1.54282932e-07 
 2.14032303e-05  2.00344497e-01  2.00386261e-01  2.00578725e-01 -7.98776102e-05 -1.53555312e-07  1.16360360e-07 
 2.14033071e-05  2.00344471e-01  2.00382718e-01  2.00572548e-01 -8.05233954e-05 -1.65009277e-07  8.76831847e-08 
 2.14033540e-05  2.00338142e-01  2.00383018e-01  2.00568838e-01 -8.05466657e-05 -1.70537120e-07  7.04342800e-08 
 2.14033852e-05  2.00328270e-01  2.00384712e-01  2.00566421e-01 -8.02691505e-05 -1.73160726e-07  5.93039840e-08 
 2.14034144e-05  2.00311006e-01  2.00387901e-01  2.00564210e-01 -7.96167404e-05 -1.74293930e-07  4.93843844e-08 
 2.14034415e-05  2.00283851e-01  2.00393044e-01  2.00562226e-01 -7.84524366e-05 -1.73503381e-07  4.09621509e-08 
 2.14034704e-05  2.00241340e-01  2.00402128e-01  2.00560220e-01 -7.64549034e-05 -1.69883055e-07  3.32842148e-08 
 2.14035048e-05  2.00178442e-01  2.00419654e-01  2.00558041e-01 -7.30069429e-05 -1.61237090e-07  2.63839950e-08 
 2.14035407e-05  2.00109046e-01  2.00445958e-01  2.00556114e-01 -6.84524025e-05 -1.47592292e-07  2.20423133e-08 
 2.14035980e-05  2.00008203e-01  2.00499340e-01  2.00553995e-01 -6.00564790e-05 -1.19399483e-07  2.06721910e-08 
 2.14036370e-05  1.99952722e-01  2.00539249e-01  2.00553304e-01 -5.41683873e-05 -9.80733954e-08  2.30650187e-08 
 2.14036735e-05  1.99911461e-01  2.00575583e-01  2.00553218e-01 -4.88850407e-05 -7.83952589e-08  2.70867624e-08 
 2.14037181e-05  1.99872601e-01  2.00615805e-01  2.00553792e-01 -4.30352374e-05 -5.61264674e-08  3.36363636e-08 
 2.14037608e-05  1.99845448e-01  2.00648905e-01  2.00554954e-01 -3.81298846e-05 -3.73192117e-08  4.10650046e-08 
 2.14038113e-05  1.99822475e-01  2.00680645e-01  2.00556948e-01 -3.32905552e-05 -1.86827273e-08  5.06606330e-08 
 2.14038630e-05  1.99806244e-01  2.00705651e-01  2.00559531e-01 -2.92755523e-05 -3.37845119e-09  6.09784622e-08 
 2.14039265e-05  1.99792738e-01  2.00727922e-01  2.00563227e-01 -2.54715702e-05  1.09766090e-08  7.38774217e-08 
 2.14039964e-05  1.99783141e-01  2.00744398e-01  2.00567713e-01 -2.23868709e-05  2.23435643e-08  8.79934985e-08 
 2.14040855e-05  1.99775503e-01  2.00757622e-01  2.00573781e-01 -1.96645145e-05  3.22691526e-08  1.05651493e-07 
 2.14041903e-05  1.99770487e-01  2.00766759e-01  2.00581106e-01 -1.75951232e-05  3.98596361e-08  1.25745819e-07 
 2.14043309e-05  1.99767619e-01  2.00774006e-01  2.00590915e-01 -1.59967699e-05  4.64228188e-08  1.51532231e-07 
 2.14045065e-05  1.99767722e-01  2.00779886e-01  2.00602853e-01 -1.50098393e-05  5.19007913e-08  1.81952118e-07 
 2.14047420e-05  1.99771056e-01  2.00785901e-01  2.00618152e-01 -1.45031201e-05  5.73142024e-08  2.20080143e-07 
 2.14050000e-05  1.99776385e-01  2.00791355e-01  2.00633896e-01 -1.43271708e-05  6.20776672e-08  2.58847187e-07 
 2.14050070e-05  1.99772360e-01  2.00786007e-01  2.00634295e-01 -1.53035451e-05  6.17132792e-08  2.58003357e-07 
 2.14050211e-05  1.99768036e-01  2.00776831e-01  2.00635064e-01 -1.56001773e-05  6.10314897e-08  2.55994603e-07 
 2.14050493e-05  1.99766923e-01  2.00763342e-01  2.00636464e-01 -1.55743983e-05  5.99036901e-08  2.51704974e-07 
 2.14050936e-05  1.99765234e-01  2.00746579e-01  2.00638370e-01 -1.57258852e-05  5.84956248e-08  2.45380298e-07 
 2.14051678e-05  1.99764365e-01  2.00727147e-01  2.00640957e-01 -1.56917217e-05  5.66026509e-08  2.35164361e-07 
 2.14053022e-05  1.99763777e-01  2.00711556e-01  2.00644536e-01 -1.57481147e-05  5.36531991e-08  2.18051621e-07 
 2.14054728e-05  1.99763641e-01  2.00710325e-01  2.00648256e-01 -1.56817645e-05  5.01725570e-08  1.98235388e-07 
 2.14057761e-05  1.99763198e-01  2.00723479e-01  2.00654960e-01 -1.57315814e-05  4.44856725e-08  1.67780160e-07 
 2.14063827e-05  1.99762631e-01  2.00759919e-01  2.00671558e-01 -1.56792403e-05  3.49500153e-08  1.21018653e-07 
 2.14075958e-05  1.99761663e-01  2.00838811e-01  2.00717549e-01 -1.57291375e-05  2.14776545e-08  6.50869441e-08 
 2.14100221e-05  1.99760794e-01  2.01008356e-01  2.00845618e-01 -1.56779005e-05  7.73670235e-09  2.28673233e-08 
 2.14148746e-05  1.99760557e-01  2.01339324e-01  2.01159028e-01 -1.57290444e-05  5.34621201e-10  9.48586969e-09 
 2.14217468e-05  1.99761610e-01  2.01688360e-01  2.01558137e-01 -1.56807080e-05  3.12812031e-10  6.43522839e-09 
 2.14288748e-05  1.99762693e-01  2.01849401e-01  2.01794005e-01 -1.57324973e-05  1.64871856e-10  3.35366674e-09 
 2.14381573e-05  1.99763693e-01  2.01797136e-01  2.01818927e-01 -1.56840727e-05 -6.29763561e-11  1.83402045e-09 
 2.14508276e-05  1.99763938e-01  2.01463843e-01  2.01534232e-01 -1.57362365e-05 -2.16508390e-10  5.26983468e-10 
 2.14695599e-05  1.99763323e-01  2.00910677e-01  2.00970605e-01 -1.56883587e-05 -2.05354930e-10 -1.34649047e-10 
 2.14897361e-05  1.99762357e-01  2.00582259e-01  2.00595268e-01 -1.57391278e-05 -7.35849994e-11 -2.63961002e-10 
 2.15147055e-05  1.99761963e-01  2.00552924e-01  2.00532440e-01 -1.56887188e-05  2.61041282e-11 -8.22176579e-11 
 2.15439186e-05  1.99762044e-01  2.00667373e-01  2.00648017e-01 -1.57380656e-05  2.84268418e-11  4.82214821e-11 
 2.15861266e-05  1.99762310e-01  2.00693640e-01  2.00688173e-01 -1.56880644e-05 -1.29106597e-11  2.35847134e-11 
 2.16349459e-05  1.99762177e-01  2.00622336e-01  2.00615211e-01 -1.57382189e-05 -8.77023844e-12 -1.58589383e-11 
 2.17164904e-05  1.99762172e-01  2.00602674e-01  2.00591210e-01 -1.56882052e-05  3.43634496e-12  5.11118974e-12 
 2.18159153e-05  1.99762169e-01  2.00594703e-01  2.00586352e-01 -1.57381177e-05 -4.65562983e-12  8.75660867e-12 
 2.19159153e-05  1.99762189e-01  2.00569490e-01  2.00559144e-01 -1.56882403e-05 -1.74795508e-13 -6.18662418e-12 
 2.20159153e-05  1.99762162e-01  2.00573648e-01  2.00563709e-01 -1.57381076e-05 -5.43978924e-14  1.43893015e-11 
 2.21159153e-05  1.99762226e-01  2.00564284e-01  2.00554621e-01 -1.56882315e-05 -2.10280990e-12 -6.00897836e-12 
 2.22159153e-05  1.99762180e-01  2.00563492e-01  2.00553172e-01 -1.57381170e-05  9.21109543e-13  1.28677557e-11 
 2.23159153e-05  1.99762255e-01  2.00563271e-01  2.00553518e-01 -1.56882247e-05 -1.75998929e-12 -4.10976613e-12 
 2.24159153e-05  1.99762211e-01  2.00560739e-01  2.00550584e-01 -1.57381173e-05  3.87967002e-13  1.20581601e-11 
 2.25159153e-05  1.99762283e-01  2.00561875e-01  2.00551910e-01 -1.56882288e-05 -1.13028293e-12 -4.17579767e-12 
 2.26159153e-05  1.99762243e-01  2.00560750e-01  2.00550720e-01 -1.57381102e-05  2.79502983e-14  1.28956352e-11 
 2.27159153e-05  1.99762312e-01  2.00560886e-01  2.00550854e-01 -1.56882365e-05 -9.54407560e-13 -5.28690931e-12 
 2.28159153e-05  1.99762275e-01  2.00560958e-01  2.00550931e-01 -1.57381027e-05  3.29014160e-14  1.40424782e-11 
 2.29159153e-05  1.99762343e-01  2.00560617e-01  2.00550606e-01 -1.56882432e-05 -1.02193492e-12 -6.27141161e-12 
 2.30159153e-05  1.99762306e-01  2.00560911e-01  2.00550855e-01 -1.57380967e-05  1.19611135e-13  1.48459097e-11 
 2.31159153e-05  1.99762375e-01  2.00560683e-01  2.00550692e-01 -1.56882488e-05 -1.08195419e-12 -6.91192107e-12 
 2.32159153e-05  1.99762337e-01  2.00560826e-01  2.00550758e-01 -1.57380913e-05  1.51317760e-13  1.53854235e-11 
 2.33079577e-05  1.99762405e-01  2.00560765e-01  2.00550776e-01 -1.56882544e-05 -1.08721972e-12 -7.41158973e-12 
 2.34000000e-05  1.99762365e-01  2.00560813e-01  2.00550749e-01 -1.57380854e-05  1.43220505e-13  1.58788922e-11 
 2.34001296e-05  1.99749400e-01  2.00514720e-01  2.00548479e-01 -1.70744575e-05 -6.18765922e-09 -3.60469027e-08 
 2.34003887e-05  1.99740608e-01  2.00470026e-01  2.00541963e-01 -1.74490538e-05 -1.63563585e-08 -1.04789983e-07 
 2.34008282e-05  1.99737185e-01  2.00482733e-01  2.00529744e-01 -1.91380180e-05 -2.97066600e-08 -2.05911132e-07 
 2.34012182e-05  1.99746172e-01  2.00508081e-01  2.00523324e-01 -2.49246145e-05 -3.92378560e-08 -2.80272826e-07 
 2.34014353e-05  1.99761565e-01  2.00524538e-01  2.00521906e-01 -3.06257257e-05 -4.29976828e-08 -3.14958441e-07 
 2.34016634e-05  1.99784433e-01  2.00544733e-01  2.00522142e-01 -3.88513766e-05 -4.59841380e-08 -3.45866440e-07 
 2.34018474e-05  1.99808288e-01  2.00563695e-01  2.00523706e-01 -4.70161530e-05 -4.72450265e-08 -3.66383116e-07 
 2.34019934e-05  1.99828404e-01  2.00580487e-01  2.00525883e-01 -5.44096784e-05 -4.71063175e-08 -3.79476070e-07 
 2.34021140e-05  1.99845420e-01  2.00596511e-01  2.00528361e-01 -6.09535117e-05 -4.58131805e-08 -3.87818262e-07 
 2.34022166e-05  1.99857828e-01  2.00611677e-01  2.00531002e-01 -6.67246317e-05 -4.34439454e-08 -3.92705110e-07 
 2.34023056e-05  1.99866147e-01  2.00626891e-01  2.00533739e-01 -7.16990504e-05 -3.99727187e-08 -3.94896489e-07 
 2.34023842e-05  1.99869237e-01  2.00642249e-01  2.00536551e-01 -7.59326178e-05 -3.53125097e-08 -3.94743278e-07 
 2.34024561e-05  1.99867231e-01  2.00658669e-01  2.00539496e-01 -7.94641327e-05 -2.92037502e-08 -3.92399488e-07 
 2.34025273e-05  1.99859302e-01  2.00677728e-01  2.00542831e-01 -8.25024879e-05 -2.08930103e-08 -3.87401726e-07 
 2.34026096e-05  1.99845429e-01  2.00703444e-01  2.00547288e-01 -8.53542094e-05 -8.36233860e-09 -3.77760241e-07 
 2.34026926e-05  1.99830392e-01  2.00732142e-01  2.00552529e-01 -8.76880237e-05  6.77221355e-09 -3.63616734e-07 
 2.34028252e-05  1.99810083e-01  2.00778135e-01  2.00562481e-01 -9.07834793e-05  3.32337187e-08 -3.32530413e-07 
 2.34029409e-05  1.99797411e-01  2.00814577e-01  2.00572604e-01 -9.31171815e-05  5.65265039e-08 -2.97886809e-07 
 2.34030629e-05  1.99789267e-01  2.00846516e-01  2.00584418e-01 -9.52742082e-05  7.96299742e-08 -2.55245671e-07 
 2.34031946e-05  1.99785555e-01  2.00871938e-01  2.00598005e-01 -9.69323340e-05  1.01789652e-07 -2.04092612e-07 
 2.34033112e-05  1.99786049e-01  2.00884941e-01  2.00610328e-01 -9.70173094e-05  1.17924944e-07 -1.56297935e-07 
 2.34033906e-05  1.99787652e-01  2.00886614e-01  2.00618630e-01 -9.49897682e-05  1.25866889e-07 -1.23813761e-07 
 2.34034504e-05  1.99788967e-01  2.00881549e-01  2.00624669e-01 -9.09150141e-05  1.28899274e-07 -1.00604539e-07 
 2.34035064e-05  1.99789768e-01  2.00869339e-01  2.00629999e-01 -8.47364469e-05  1.28214948e-07 -8.09978063e-08 
 2.34035704e-05  1.99790064e-01  2.00845056e-01  2.00635491e-01 -7.56616355e-05  1.22518671e-07 -6.22555075e-08 
 2.34036394e-05  1.99789636e-01  2.00807918e-01  2.00640417e-01 -6.47782723e-05  1.10884295e-07 -4.72948534e-08 
 2.34037208e-05  1.99788320e-01  2.00754437e-01  2.00644604e-01 -5.22243970e-05  9.17074441e-08 -3.69537831e-08 
 2.34038292e-05  1.99785675e-01  2.00678802e-01  2.00647236e-01 -3.84015215e-05  6.19371930e-08 -3.43063752e-08 
 2.34039032e-05  1.99783597e-01  2.00630500e-01  2.00647159e-01 -3.16807675e-05  4.16301074e-08 -3.85333994e-08 
 2.34039744e-05  1.99781554e-01  2.00590367e-01  2.00645847e-01 -2.70703259e-05  2.39376281e-08 -4.58798485e-08 
 2.34040578e-05  1.99779181e-01  2.00552274e-01  2.00643072e-01 -2.34608902e-05  6.29733366e-09 -5.73000981e-08 
 2.34041478e-05  1.99776692e-01  2.00521372e-01  2.00638959e-01 -2.11439095e-05 -8.85279468e-09 -7.17718335e-08 
 2.34042439e-05  1.99774126e-01  2.00498193e-01  2.00633711e-01 -1.97992477e-05 -2.10291302e-08 -8.84981537e-08 
 2.34043489e-05  1.99771410e-01  2.00481408e-01  2.00627379e-01 -1.90840174e-05 -3.06349304e-08 -1.07341785e-07 
 2.34044686e-05  1.99768390e-01  2.00469491e-01  2.00619801e-01 -1.87375223e-05 -3.82761526e-08 -1.28765147e-07 
 2.34046095e-05  1.99764911e-01  2.00461238e-01  2.00610790e-01 -1.86070594e-05 -4.44426030e-08 -1.53249894e-07 
 2.34047817e-05  1.99760717e-01  2.00455405e-01  2.00599967e-01 -1.85755132e-05 -4.97323559e-08 -1.81720723e-07 
 2.34050000e-05  1.99755460e-01  2.00450841e-01  2.00586844e-01 -1.85810075e-05 -5.47666954e-08 -2.15282281e-07 
 2.34050027e-05  1.99757437e-01  2.00453146e-01  2.00586687e-01 -1.77266261e-05 -5.46279836e-08 -2.15073707e-07 
 2.34050082e-05  1.99760271e-01  2.00457430e-01  2.00586378e-01 -1.73403643e-05 -5.43503138e-08 -2.14606360e-07 
 2.34050191e-05  1.99761820e-01  2.00464425e-01  2.00585787e-01 -1.71210252e-05 -5.38258747e-08 -2.13570166e-07 
 2.34050320e-05  1.99761803e-01  2.00471050e-01  2.00585130e-01 -1.69547967e-05 -5.32734466e-08 -2.12376987e-07 
 2.34050577e-05  1.99761935e-01  2.00482626e-01  2.00583920e-01 -1.66202402e-05 -5.22994002e-08 -2.10051347e-07 
 2.34051067e-05  1.99761956e-01  2.00500378e-01  2.00581930e-01 -1.62402868e-05 -5.08010020e-08 -2.05779019e-07 
 2.34051912e-05  1.99762080e-01  2.00520023e-01  2.00579213e-01 -1.58617915e-05 -4.88421551e-08 -1.98805620e-07 
 2.34053602e-05  1.99762190e-01  2.00533872e-01  2.00575140e-01 -1.56857918e-05 -4.57582842e-08 -1.85849419e-07 
 2.34056637e-05  1.99762532e-01  2.00526738e-01  2.00568861e-01 -1.56575837e-05 -4.08046767e-08 -1.64903523e-07 
 2.34060373e-05  1.99762831e-01  2.00506147e-01  2.00560177e-01 -1.56873740e-05 -3.52124178e-08 -1.42370059e-07 
 2.34066875e-05  1.99763387e-01  2.00467797e-01  2.00541022e-01 -1.56621760e-05 -2.71984338e-08 -1.10142746e-07 
 2.34079878e-05  1.99764115e-01  2.00384041e-01  2.00489370e-01 -1.56875471e-05 -1.61357622e-08 -6.53555830e-08 
 2.34105886e-05  1.99764971e-01  2.00201619e-01  2.00348013e-01 -1.56626726e-05 -5.35582590e-09 -2.12404501e-08 
 2.34154925e-05  1.99765041e-01  1.99865410e-01  2.00026651e-01 -1.56850703e-05 -4.50664884e-10 -6.07012203e-10 
 2.34234122e-05  1.99763943e-01  1.99480480e-01  1.99580765e-01 -1.56571194e-05 -3.07674867e-10 -1.81370617e-10 
 2.34307390e-05  1.99762776e-01  1.99347298e-01  1.99370533e-01 -1.56792255e-05 -1.35118350e-10 -1.71609304e-10 
 2.34408989e-05  1.99761941e-01  1.99442344e-01  1.99389726e-01 -1.56524407e-05  9.60602355e-11  2.31934338e-11 
 2.34537872e-05  1.99761772e-01  1.99794909e-01  1.99705190e-01 -1.56743575e-05  2.15454278e-10  1.32423576e-10 
 2.34732781e-05  1.99762575e-01  2.00325175e-01  2.00254088e-01 -1.56477581e-05  1.81174587e-10  1.36104861e-10 
 2.34938654e-05  1.99763379e-01  2.00596125e-01  2.00570359e-01 -1.56714526e-05  5.04182650e-11  4.96352726e-11 
 2.35195418e-05  1.99763768e-01  2.00586646e-01  2.00588769e-01 -1.56476419e-05 -3.18441963e-11 -1.77399944e-11 
 2.35513055e-05  1.99763549e-01  2.00469430e-01  2.00466501e-01 -1.56724916e-05 -2.39670321e-11 -1.72750173e-11 
 2.35756527e-05  1.99763462e-01  2.00453929e-01  2.00441871e-01 -1.56482073e-05  5.33621476e-12  2.01154062e-12 
 2.36000000e-05  1.99763429e-01  2.00484572e-01  2.00470671e-01 -1.56723486e-05  9.22701043e-12  8.75488397e-12 
 2.36000131e-05  1.99771246e-01  2.00497780e-01  2.00470760e-01 -1.40349377e-05  1.96309241e-09  7.21233501e-10 
 2.36000393e-05  1.99777860e-01  2.00519777e-01  2.00471051e-01 -1.29639632e-05  5.63316201e-09  2.03719190e-09 
 2.36000917e-05  1.99781447e-01  2.00550976e-01  2.00472177e-01 -1.18696126e-05  1.14001140e-08  4.37393142e-09 
 2.36001431e-05  1.99787861e-01  2.00572982e-01  2.00473803e-01 -1.10690406e-05  1.55853139e-08  6.49403797e-09 
 2.36002461e-05  1.99797364e-01  2.00595741e-01  2.00477860e-01 -1.04683212e-05  2.16842723e-08  1.03836067e-08 
 2.36004520e-05  1.99818858e-01  2.00599320e-01  2.00486535e-01 -1.00523624e-05  2.98961658e-08  1.74681271e-08 
 2.36006958e-05  1.99842793e-01  2.00575985e-01  2.00495004e-01 -1.01237169e-05  3.72886680e-08  2.50634675e-08 
 2.36010544e-05  1.99880052e-01  2.00530751e-01  2.00501473e-01 -1.01033900e-05  4.64995723e-08  3.50068915e-08 
 2.36014884e-05  1.99930100e-01  2.00467887e-01  2.00499527e-01 -1.12118801e-05  4.62235394e-08  4.50711100e-08 
 2.36016331e-05  1.99954248e-01  2.00444692e-01  2.00496531e-01 -1.22928945e-05  3.62024340e-08  4.78401740e-08 
 2.36017767e-05  1.99985876e-01  2.00419029e-01  2.00492360e-01 -1.47990294e-05  8.06533174e-09  5.00119029e-08 
 2.36019040e-05  2.00024602e-01  2.00393696e-01  2.00487593e-01 -1.84287100e-05 -4.24060435e-08  5.12567403e-08 
 2.36020315e-05  2.00073661e-01  2.00365193e-01  2.00481716e-01 -2.39108244e-05 -1.29386560e-07  5.16039454e-08 
 2.36021660e-05  2.00136415e-01  2.00331275e-01  2.00474194e-01 -3.12956348e-05 -2.74093671e-07  5.07363635e-08 
 2.36023136e-05  2.00212590e-01  2.00289294e-01  2.00464225e-01 -4.05707638e-05 -5.10742569e-07  4.80285334e-08 
 2.36024539e-05  2.00286710e-01  2.00243606e-01  2.00452875e-01 -4.87525534e-05 -8.27732589e-07  4.34382571e-08 
 2.36025753e-05  2.00346560e-01  2.00197851e-01  2.00441396e-01 -5.38678405e-05 -1.18992614e-06  3.75545747e-08 
 2.36026901e-05  2.00396343e-01  2.00147658e-01  2.00428895e-01 -5.59508217e-05 -1.62237980e-06  3.00594548e-08 
 2.36028137e-05  2.00439830e-01  2.00087759e-01  2.00413389e-01 -5.65379408e-05 -2.19322015e-06  1.98134662e-08 
 2.36029657e-05  2.00478188e-01  2.00014629e-01  2.00391426e-01 -5.69628980e-05 -3.02586435e-06  4.72917625e-09 
 2.36030728e-05  2.00494745e-01  1.99968260e-01  2.00374241e-01 -5.72356800e-05 -3.68102005e-06 -7.06866011e-09 
 2.36031768e-05  2.00502366e-01  1.99929194e-01  2.00356492e-01 -5.73075019e-05 -4.35485294e-06 -1.90749001e-08 
 2.36032753e-05  2.00500047e-01  1.99898630e-01  2.00338995e-01 -5.71770654e-05 -5.01253185e-06 -3.06406219e-08 
 2.36033409e-05  2.00490211e-01  1.99882495e-01  2.00327130e-01 -5.67982867e-05 -5.45091115e-06 -3.82399649e-08 
 2.36033784e-05  2.00478360e-01  1.99875331e-01  2.00320303e-01 -5.64002932e-05 -5.69728430e-06 -4.24528056e-08 
 2.36034093e-05  2.00461426e-01  1.99871095e-01  2.00314682e-01 -5.58168577e-05 -5.89351753e-06 -4.57580862e-08 
 2.36034362e-05  2.00437418e-01  1.99869321e-01  2.00309826e-01 -5.50188582e-05 -6.05441636e-06 -4.84074676e-08 
 2.36034636e-05  2.00400530e-01  1.99870392e-01  2.00304913e-01 -5.37685822e-05 -6.20396122e-06 -5.07662664e-08 
 2.36034957e-05  2.00343727e-01  1.99877324e-01  2.00299281e-01 -5.17007804e-05 -6.35256579e-06 -5.28716319e-08 
 2.36035302e-05  2.00275416e-01  1.99892993e-01  2.00293480e-01 -4.88749794e-05 -6.47499804e-06 -5.41821286e-08 
 2.36035746e-05  2.00189810e-01  1.99924496e-01  2.00286524e-01 -4.46434383e-05 -6.57621781e-06 -5.44308603e-08 
 2.36036097e-05  2.00130520e-01  1.99955621e-01  2.00281552e-01 -4.11194660e-05 -6.61488073e-06 -5.36274160e-08 
 2.36036434e-05  2.00083112e-01  1.99987657e-01  2.00277267e-01 -3.77841275e-05 -6.62349807e-06 -5.22287313e-08 
 2.36036822e-05  2.00039786e-01  2.00024100e-01  2.00272940e-01 -3.41859736e-05 -6.60613157e-06 -5.01000354e-08 
 2.36037272e-05  2.00002946e-01  2.00063061e-01  2.00268671e-01 -3.04318180e-05 -6.55867016e-06 -4.72064558e-08 
 2.36037714e-05  1.99978047e-01  2.00095999e-01  2.00265178e-01 -2.72597905e-05 -6.49191857e-06 -4.41528354e-08 
 2.36038211e-05  1.99959899e-01  2.00125755e-01  2.00261946e-01 -2.42769732e-05 -6.40178487e-06 -4.06785064e-08 
 2.36038738e-05  1.99948461e-01  2.00149279e-01  2.00259142e-01 -2.17265468e-05 -6.29549334e-06 -3.70678882e-08 
 2.36039365e-05  1.99941629e-01  2.00168022e-01  2.00256403e-01 -1.93455821e-05 -6.16146594e-06 -3.29531989e-08 
 2.36040075e-05  1.99939314e-01  2.00179762e-01  2.00253813e-01 -1.73335402e-05 -6.00576406e-06 -2.85607530e-08 
 2.36040959e-05  1.99941077e-01  2.00184643e-01  2.00250976e-01 -1.55290928e-05 -5.81100548e-06 -2.34306310e-08 
 2.36042031e-05  1.99947118e-01  2.00181552e-01  2.00247706e-01 -1.40729067e-05 -5.57830418e-06 -1.76218845e-08 
 2.36043458e-05  1.99958995e-01  2.00169336e-01  2.00243140e-01 -1.28988890e-05 -5.27804789e-06 -1.04121567e-08 
 2.36045310e-05  1.99978174e-01  2.00147086e-01  2.00236358e-01 -1.21473262e-05 -4.90759798e-06 -1.75612460e-09 
 2.36047655e-05  2.00005629e-01  2.00114425e-01  2.00225999e-01 -1.17736436e-05 -4.47155754e-06  8.23600003e-09 
 2.36050000e-05  2.00034525e-01  2.00079172e-01  2.00213527e-01 -1.16577421e-05 -4.07209479e-06  1.72499913e-08 
 2.36050044e-05  2.00029928e-01  2.00073339e-01  2.00213262e-01 -1.27864588e-05 -4.06556700e-06  1.71496721e-08 
 2.36050133e-05  2.00024185e-01  2.00062698e-01  2.00212714e-01 -1.33161579e-05 -4.05250475e-06  1.69777130e-08 
 2.36050309e-05  2.00022152e-01  2.00045279e-01  2.00211526e-01 -1.36556023e-05 -4.02618973e-06  1.67366639e-08 
 2.36050620e-05  2.00020832e-01  2.00019598e-01  2.00209190e-01 -1.42865659e-05 -3.97952329e-06  1.64164876e-08 
 2.36051044e-05  2.00019484e-01  1.99990276e-01  2.00205582e-01 -1.47816201e-05 -3.91560639e-06  1.60939274e-08 
 2.36051894e-05  2.00018749e-01  1.99948612e-01  2.00197361e-01 -1.53828865e-05 -3.78918066e-06  1.56664564e-08 
 2.36053328e-05  2.00018309e-01  1.99910422e-01  2.00181861e-01 -1.56579531e-05 -3.58317933e-06  1.51749736e-08 
 2.36055221e-05  2.00018293e-01  1.99888438e-01  2.00160528e-01 -1.57319696e-05 -3.32783035e-06  1.46179281e-08 
 2.36058132e-05  2.00017907e-01  1.99871900e-01  2.00128576e-01 -1.57043112e-05 -2.96983686e-06  1.37563564e-08 
 2.36061995e-05  2.00017776e-01  1.99857342e-01  2.00089283e-01 -1.57262881e-05 -2.55321205e-06  1.26273051e-08 
 2.36069627e-05  2.00017188e-01  1.99835713e-01  2.00022337e-01 -1.57033782e-05 -1.89084542e-06  1.05118635e-08 
 2.36084892e-05  2.00016630e-01  1.99816074e-01  1.99925768e-01 -1.57249228e-05 -1.02244412e-06  6.96883055e-09 
 2.36115421e-05  2.00015656e-01  1.99844735e-01  1.99845884e-01 -1.57026616e-05 -2.58702919e-07  2.58492310e-09 
 2.36176479e-05  2.00015168e-01  2.00041834e-01  1.99941993e-01 -1.57252588e-05  2.28211951e-08 -1.43252598e-11 
 2.36238567e-05  2.00015106e-01  2.00302366e-01  2.00185833e-01 -1.57034531e-05 -1.91791043e-09  1.30947812e-10 
 2.36318498e-05  2.00015679e-01  2.00589022e-01  2.00493233e-01 -1.57247876e-05  7.33185633e-10  2.00701853e-10 
 2.36407957e-05  2.00016090e-01  2.00795112e-01  2.00735457e-01 -1.57020980e-05  2.27089500e-11  1.28637392e-10 
 2.36552980e-05  2.00016798e-01  2.00903024e-01  2.00889492e-01 -1.57234571e-05  8.62569894e-11  3.56734746e-11 
 2.36756162e-05  2.00016859e-01  2.00807674e-01  2.00818574e-01 -1.57019176e-05 -9.84834796e-11 -3.67053274e-11 
 2.37093937e-05  2.00016725e-01  2.00626056e-01  2.00623902e-01 -1.57243666e-05  3.90714089e-12 -2.04539967e-11 
 2.37401036e-05  2.00016447e-01  2.00633890e-01  2.00617092e-01 -1.57023783e-05 -5.25704914e-12  1.01194129e-11 
 2.37876981e-05  2.00016692e-01  2.00729814e-01  2.00716140e-01 -1.57239415e-05  2.96025598e-11  1.14457849e-11 
 2.38586798e-05  2.00016649e-01  2.00750934e-01  2.00742666e-01 -1.57022218e-05 -2.27238139e-11 -4.47956581e-12 
 2.39424599e-05  2.00016768e-01  2.00760632e-01  2.00748479e-01 -1.57240725e-05  2.05560909e-11  6.02462980e-12 
 2.40424599e-05  2.00016715e-01  2.00796234e-01  2.00786414e-01 -1.57021885e-05 -1.49403562e-11 -1.57948145e-13 
 2.41424599e-05  2.00016872e-01  2.00794322e-01  2.00784176e-01 -1.57240707e-05  1.25472983e-11  1.88133661e-12 
 2.42424599e-05  2.00016775e-01  2.00806187e-01  2.00795680e-01 -1.57022121e-05 -1.10082917e-11  1.08375510e-12 
 2.43424599e-05  2.00016949e-01  2.00808998e-01  2.00799247e-01 -1.57240493e-05  9.75832045e-12  1.39994965e-12 
 2.44424599e-05  2.00016842e-01  2.00809193e-01  2.00798882e-01 -1.57022294e-05 -1.00344060e-11  4.81886720e-13 
 2.45424599e-05  2.00017012e-01  2.00812916e-01  2.00802944e-01 -1.57240407e-05  8.98278240e-12  1.95925725e-12 
 2.46424599e-05  2.00016910e-01  2.00811654e-01  2.00801613e-01 -1.57022330e-05 -9.48054959e-12 -5.60374772e-14 
 2.47424599e-05  2.00017074e-01  2.00813177e-01  2.00803065e-01 -1.57240404e-05  8.16244663e-12  2.18295022e-12 
 2.48424599e-05  2.00016975e-01  2.00813118e-01  2.00803145e-01 -1.57022328e-05 -8.56032975e-12 -1.13204422e-13 
 2.49424599e-05  2.00017138e-01  2.00813151e-01  2.00803048e-01 -1.57240400e-05  7.13029440e-12  2.09457755e-12 
 2.50424599e-05  2.00017038e-01  2.00813552e-01  2.00803549e-01 -1.57022342e-05 -7.56928439e-12  9.48731111e-16 
 2.51424599e-05  2.00017202e-01  2.00813372e-01  2.00803307e-01 -1.57240378e-05  6.21313114e-12  1.98503220e-12 
 2.52424599e-05  2.00017102e-01  2.00813573e-01  2.00803546e-01 -1.57022370e-05 -6.77246020e-12  7.18815198e-14 
 2.53424599e-05  2.00017265e-01  2.00813590e-01  2.00803537e-01 -1.57240348e-05  5.52309045e-12  1.94468329e-12 
 2.54424599e-05  2.00017165e-01  2.00813585e-01  2.00803556e-01 -1.57022399e-05 -6.17795138e-12  8.80551600e-14 
 2.55212300e-05  2.00017322e-01  2.00813692e-01  2.00803635e-01 -1.57240317e-05  4.93698463e-12  1.93760540e-12 
 2.56000000e-05  2.00017215e-01  2.00813644e-01  2.00803621e-01 -1.57022433e-05 -5.59778352e-12  9.40638626e-14 
 2.56000759e-05  1.99995269e-01  2.00764913e-01  2.00802185e-01 -1.82245306e-05 -6.96316227e-09 -3.48499872e-09 
 2.56002277e-05  1.99971953e-01  2.00706764e-01  2.00797683e-01 -1.97445041e-05 -1.62115044e-08 -9.64072832e-09 
 2.56004739e-05  1.99943083e-01  2.00699255e-01  2.00787854e-01 -2.02148732e-05 -2.31396662e-08 -1.80534513e-08 
 2.56007366e-05  1.99911679e-01  2.00727470e-01  2.00779414e-01 -2.12410086e-05 -2.74564234e-08 -2.61124407e-08 
 2.56010230e-05  1.99886112e-01  2.00766513e-01  2.00774814e-01 -2.41131136e-05 -2.32180222e-08 -3.37715223e-08 
 2.56013022e-05  1.99869826e-01  2.00810370e-01  2.00775194e-01 -2.98381305e-05 -3.27349885e-09 -4.00803122e-08 
 2.56015561e-05  1.99867526e-01  2.00856522e-01  2.00779854e-01 -3.78703114e-05  3.57323000e-08 -4.47240139e-08 
 2.56017718e-05  1.99872047e-01  2.00899766e-01  2.00787152e-01 -4.69869111e-05  9.16291422e-08 -4.77768150e-08 
 2.56019385e-05  1.99880701e-01  2.00937325e-01  2.00794982e-01 -5.53273067e-05  1.56081323e-07 -4.94345649e-08 
 2.56020703e-05  1.99887693e-01  2.00969373e-01  2.00802604e-01 -6.27149949e-05  2.26600409e-07 -5.02009016e-08 
 2.56021802e-05  1.99893967e-01  2.00998987e-01  2.00809980e-01 -6.92246955e-05  3.04541436e-07 -5.03342730e-08 
 2.56022748e-05  1.99896756e-01  2.01026685e-01  2.00817140e-01 -7.50521467e-05  3.91577560e-07 -4.99662944e-08 
 2.56023579e-05  1.99896825e-01  2.01053818e-01  2.00824108e-01 -8.01580052e-05  4.89438881e-07 -4.91320786e-08 
 2.56024327e-05  1.99892255e-01  2.01080969e-01  2.00830987e-01 -8.46744861e-05  6.01162719e-07 -4.78374121e-08 
 2.56025043e-05  1.99883255e-01  2.01110395e-01  2.00838179e-01 -8.87385168e-05  7.36195190e-07 -4.59526269e-08 
 2.56025908e-05  1.99866890e-01  2.01151028e-01  2.00847781e-01 -9.32684164e-05  9.45108091e-07 -4.26410149e-08 
 2.56026688e-05  1.99851571e-01  2.01191983e-01  2.00857414e-01 -9.69922038e-05  1.18037751e-06 -3.86183333e-08 
 2.56027840e-05  1.99832966e-01  2.01255781e-01  2.00873478e-01 -1.02124617e-04  1.60653175e-06 -3.10602227e-08 
 2.56028851e-05  1.99822459e-01  2.01311471e-01  2.00889337e-01 -1.06296134e-04  2.04934027e-06 -2.31072821e-08 
 2.56029993e-05  1.99817118e-01  2.01370736e-01  2.00909059e-01 -1.10668298e-04  2.61322233e-06 -1.30066355e-08 
 2.56031324e-05  1.99818834e-01  2.01432456e-01  2.00934076e-01 -1.15010919e-04  3.33563095e-06 -1.91665991e-10 
 2.56032617e-05  1.99827305e-01  2.01482615e-01  2.00959962e-01 -1.17827761e-04  4.08000676e-06  1.28079723e-08 
 2.56033612e-05  1.99837221e-01  2.01512164e-01  2.00980557e-01 -1.17807841e-04  4.66030818e-06  2.27210912e-08 
 2.56034305e-05  1.99844737e-01  2.01525250e-01  2.00994977e-01 -1.14914777e-04  5.05074921e-06  2.91790607e-08 
 2.56034865e-05  1.99850331e-01  2.01528364e-01  2.01006543e-01 -1.09670729e-04  5.34486744e-06  3.38036592e-08 
 2.56035450e-05  1.99855052e-01  2.01521944e-01  2.01018298e-01 -1.01621322e-04  5.61665495e-06  3.77233962e-08 
 2.56036137e-05  1.99858808e-01  2.01501333e-01  2.01031400e-01 -8.99146017e-05  5.87706327e-06  4.08911778e-08 
 2.56036862e-05  1.99860527e-01  2.01466961e-01  2.01044053e-01 -7.65378860e-05  6.07484168e-06  4.24743960e-08 
 2.56037795e-05  1.99859553e-01  2.01411749e-01  2.01058174e-01 -6.02070311e-05  6.21425362e-06  4.20950331e-08 
 2.56038663e-05  1.99856003e-01  2.01358146e-01  2.01068978e-01 -4.77405669e-05  6.24117862e-06  3.97946176e-08 
 2.56039422e-05  1.99851347e-01  2.01315654e-01  2.01076695e-01 -3.94473962e-05  6.20065395e-06  3.67303949e-08 
 2.56040231e-05  1.99845290e-01  2.01278587e-01  2.01083393e-01 -3.30704022e-05  6.11009905e-06  3.28335918e-08 
 2.56041137e-05  1.99837611e-01  2.01248345e-01  2.01089443e-01 -2.83046626e-05  5.96983272e-06  2.80899119e-08 
 2.56042040e-05  1.99829366e-01  2.01229378e-01  2.01094387e-01 -2.53725146e-05  5.80506855e-06  2.32415034e-08 
 2.56043056e-05  1.99819680e-01  2.01219031e-01  2.01099157e-01 -2.34433745e-05  5.60486160e-06  1.78587271e-08 
 2.56044153e-05  1.99808960e-01  2.01217591e-01  2.01103843e-01 -2.23447880e-05  5.38239195e-06  1.22503672e-08 
 2.56045470e-05  1.99795928e-01  2.01224657e-01  2.01109346e-01 -2.17177171e-05  5.11721081e-06  5.86684542e-09 
 2.56047001e-05  1.99780698e-01  2.01240030e-01  2.01116057e-01 -2.14384805e-05  4.81894931e-06 -1.07734468e-09 
 2.56048500e-05  1.99765763e-01  2.01259146e-01  2.01123248e-01 -2.13443120e-05  4.54081356e-06 -7.41436292e-09 
 2.56050000e-05  1.99750845e-01  2.01280337e-01  2.01131194e-01 -2.13168321e-05  4.27752753e-06 -1.33320524e-08 
 2.56050017e-05  1.99752918e-01  2.01282677e-01  2.01131289e-01 -2.03894483e-05  4.27491455e-06 -1.32940380e-08 
 2.56050050e-05  1.99756233e-01  2.01287145e-01  2.01131481e-01 -1.99621503e-05  4.26971170e-06 -1.32229136e-08 
 2.56050117e-05  1.99759190e-01  2.01295157e-01  2.01131882e-01 -1.95618190e-05  4.25935923e-06 -1.31079578e-08 
 2.56050217e-05  1.99760041e-01  2.01305392e-01  2.01132514e-01 -1.92336735e-05  4.24390707e-06 -1.29781760e-08 
 2.56050391e-05  1.99760272e-01  2.01321042e-01  2.01133696e-01 -1.86373924e-05  4.21693686e-06 -1.27914462e-08 
 2.56050739e-05  1.99760390e-01  2.01348376e-01  2.01136332e-01 -1.78014397e-05  4.16286307e-06 -1.25020482e-08 
 2.56051434e-05  1.99760577e-01  2.01390347e-01  2.01142447e-01 -1.67002773e-05  4.05498413e-06 -1.21343080e-08 
 2.56052824e-05  1.99760732e-01  2.01438948e-01  2.01156631e-01 -1.58990391e-05  3.84385994e-06 -1.17729992e-08 
 2.56054995e-05  1.99761069e-01  2.01470296e-01  2.01180598e-01 -1.56605931e-05  3.53236473e-06 -1.14511003e-08 
 2.56057500e-05  1.99761376e-01  2.01486751e-01  2.01208062e-01 -1.56899909e-05  3.20310016e-06 -1.10617146e-08 
 2.56061210e-05  1.99761877e-01  2.01504731e-01  2.01246418e-01 -1.56552803e-05  2.77028966e-06 -1.04131979e-08 
 2.56067238e-05  1.99762540e-01  2.01528268e-01  2.01302364e-01 -1.56855827e-05  2.18679982e-06 -9.29192709e-09 
 2.56079293e-05  1.99763744e-01  2.01559003e-01  2.01392192e-01 -1.56523823e-05  1.35341639e-06 -7.08065641e-09 
 2.56103402e-05  1.99765385e-01  2.01567773e-01  2.01497027e-01 -1.56808869e-05  4.86987850e-07 -3.60565201e-09 
 2.56151621e-05  1.99767078e-01  2.01453749e-01  2.01500620e-01 -1.56471147e-05  1.46017551e-08 -4.68301620e-10 
 2.56215923e-05  1.99767475e-01  2.01184425e-01  2.01285044e-01 -1.56765655e-05 -1.89690389e-09 -3.92570312e-11 
 2.56293960e-05  1.99767071e-01  2.00857887e-01  2.00951114e-01 -1.56451580e-05  5.10266174e-11 -2.17337805e-10 
 2.56379390e-05  1.99766336e-01  2.00599210e-01  2.00657655e-01 -1.56764198e-05 -2.93993672e-10 -1.63517441e-10 
 2.56497925e-05  1.99765609e-01  2.00431484e-01  2.00443372e-01 -1.56457484e-05 -4.23629560e-11 -7.51884949e-11 
 2.56668124e-05  1.99765120e-01  2.00446690e-01  2.00421256e-01 -1.56764052e-05  1.93803712e-11  1.67733803e-11 
 2.56969505e-05  1.99765326e-01  2.00651957e-01  2.00623745e-01 -1.56445880e-05  6.66975817e-11  4.20809169e-11 
 2.57252829e-05  1.99765624e-01  2.00728951e-01  2.00720093e-01 -1.56753728e-05 -1.00508818e-11  4.71253830e-12 
 2.57626414e-05  1.99765672e-01  2.00663328e-01  2.00660142e-01 -1.56447454e-05 -1.35937249e-11 -1.32643295e-11 
 2.58000000e-05  1.99765521e-01  2.00613594e-01  2.00604204e-01 -1.56757581e-05 -7.70522036e-12 -1.47766912e-12 
 2.58000184e-05  1.99770814e-01  2.00625765e-01  2.00604288e-01 -1.43429606e-05  1.21411760e-09  4.31575910e-09 
 2.58000551e-05  1.99774083e-01  2.00645239e-01  2.00604597e-01 -1.37058562e-05  3.45399938e-09  1.29948648e-08 
 2.58001192e-05  1.99774343e-01  2.00668227e-01  2.00605663e-01 -1.33017047e-05  6.63964534e-09  2.77160012e-08 
 2.58001854e-05  1.99776931e-01  2.00684543e-01  2.00607250e-01 -1.29592066e-05  9.39042022e-09  4.23663592e-08 
 2.58003178e-05  1.99779435e-01  2.00699404e-01  2.00611104e-01 -1.28477056e-05  1.42404424e-08  7.04209425e-08 
 2.58005827e-05  1.99786580e-01  2.00700891e-01  2.00619055e-01 -1.27342545e-05  2.29866031e-08  1.22191479e-07 
 2.58009800e-05  1.99795814e-01  2.00683864e-01  2.00628373e-01 -1.28466173e-05  3.46817951e-08  1.90895552e-07 
 2.58014360e-05  1.99811930e-01  2.00660837e-01  2.00634047e-01 -1.36012053e-05  4.54681737e-08  2.58697249e-07 
 2.58015541e-05  1.99819181e-01  2.00654042e-01  2.00634664e-01 -1.43615001e-05  4.74031720e-08  2.74504932e-07 
 2.58017405e-05  1.99841778e-01  2.00641650e-01  2.00634890e-01 -1.71048485e-05  4.83208734e-08  2.97060412e-07 
 2.58018848e-05  1.99871431e-01  2.00629777e-01  2.00634373e-01 -2.14031821e-05  4.63511026e-08  3.11706297e-07 
 2.58020118e-05  1.99910336e-01  2.00617144e-01  2.00633335e-01 -2.71452689e-05  4.17717669e-08  3.21478480e-07 
 2.58021432e-05  1.99961210e-01  2.00601492e-01  2.00631592e-01 -3.51552017e-05  3.37689971e-08  3.27504478e-07 
 2.58022910e-05  2.00029164e-01  2.00580906e-01  2.00628697e-01 -4.57008318e-05  2.06144468e-08  3.28097489e-07 
 2.58024301e-05  2.00096847e-01  2.00557951e-01  2.00624945e-01 -5.57646472e-05  4.01991843e-09  3.21543674e-07 
 2.58025528e-05  2.00155629e-01  2.00533479e-01  2.00620668e-01 -6.31371155e-05 -1.45550102e-08  3.08880391e-07 
 2.58026666e-05  2.00205401e-01  2.00505866e-01  2.00615727e-01 -6.77402987e-05 -3.56539883e-08  2.90360451e-07 
 2.58027914e-05  2.00253020e-01  2.00471257e-01  2.00609045e-01 -7.09757632e-05 -6.25018094e-08  2.62048549e-07 
 2.58029298e-05  2.00295444e-01  2.00434025e-01  2.00600079e-01 -7.43021799e-05 -9.38355522e-08  2.22133620e-07 
 2.58030274e-05  2.00318745e-01  2.00412288e-01  2.00592919e-01 -7.64753966e-05 -1.15129220e-07  1.89819736e-07 
 2.58031347e-05  2.00337277e-01  2.00394473e-01  2.00584533e-01 -7.85060551e-05 -1.36638955e-07  1.51685594e-07 
 2.58032372e-05  2.00347002e-01  2.00383887e-01  2.00576282e-01 -7.99594334e-05 -1.54675208e-07  1.13747872e-07 
 2.58033121e-05  2.00346257e-01  2.00380786e-01  2.00570266e-01 -8.05355269e-05 -1.65645064e-07  8.58408832e-08 
 2.58033568e-05  2.00339628e-01  2.00381257e-01  2.00566732e-01 -8.05316880e-05 -1.70796949e-07  6.94320844e-08 
 2.58033879e-05  2.00329145e-01  2.00383085e-01  2.00564325e-01 -8.02168377e-05 -1.73304564e-07  5.83800379e-08 
 2.58034165e-05  2.00311419e-01  2.00386361e-01  2.00562171e-01 -7.95417995e-05 -1.74271158e-07  4.87626878e-08 
 2.58034435e-05  2.00283438e-01  2.00391677e-01  2.00560205e-01 -7.83306544e-05 -1.73313054e-07  4.04782579e-08 
 2.58034727e-05  2.00239485e-01  2.00401221e-01  2.00558187e-01 -7.62476698e-05 -1.69401019e-07  3.28480022e-08 
 2.58035069e-05  2.00176410e-01  2.00419158e-01  2.00556039e-01 -7.27481054e-05 -1.60495784e-07  2.61758884e-08 
 2.58035437e-05  2.00105350e-01  2.00446689e-01  2.00554093e-01 -6.80180633e-05 -1.46192393e-07  2.19560555e-08 
 2.58036037e-05  2.00001411e-01  2.00503207e-01  2.00551979e-01 -5.91818360e-05 -1.16301037e-07  2.10403684e-08 
 2.58036452e-05  1.99944476e-01  2.00545753e-01  2.00551361e-01 -5.29337673e-05 -9.35143242e-08  2.40271416e-08 
 2.58036829e-05  1.99904281e-01  2.00582705e-01  2.00551403e-01 -4.75692965e-05 -7.34245024e-08  2.85562456e-08 
 2.58037269e-05  1.99868360e-01  2.00621326e-01  2.00552112e-01 -4.19425490e-05 -5.19327354e-08  3.53442393e-08 
 2.58037707e-05  1.99842458e-01  2.00653883e-01  2.00553421e-01 -3.70917137e-05 -3.33174089e-08  4.31453720e-08 
 2.58038217e-05  1.99820910e-01  2.00684397e-01  2.00555555e-01 -3.23987378e-05 -1.52572782e-08  5.29952624e-08 
 2.58038753e-05  1.99805384e-01  2.00708755e-01  2.00558336e-01 -2.84388100e-05 -1.99804937e-10  6.37805378e-08 
 2.58039404e-05  1.99792724e-01  2.00729858e-01  2.00562214e-01 -2.47730402e-05  1.35801647e-08  7.70224921e-08 
 2.58040134e-05  1.99783612e-01  2.00745554e-01  2.00566974e-01 -2.17727909e-05  2.45891772e-08  9.17580004e-08 
 2.58041058e-05  1.99776518e-01  2.00757867e-01  2.00573317e-01 -1.91819278e-05  3.40223697e-08  1.10000832e-07 
 2.58042166e-05  1.99771935e-01  2.00766478e-01  2.00581070e-01 -1.72125645e-05  4.13274910e-08  1.31101606e-07 
 2.58043645e-05  1.99769649e-01  2.00773355e-01  2.00591345e-01 -1.57428363e-05  4.76322208e-08  1.57977233e-07 
 2.58045510e-05  1.99770411e-01  2.00779189e-01  2.00603923e-01 -1.48645205e-05  5.30427847e-08  1.89929863e-07 
 2.58047755e-05  1.99773963e-01  2.00784709e-01  2.00618361e-01 -1.44691696e-05  5.79728468e-08  2.25885275e-07 
 2.58050000e-05  1.99778650e-01  2.00789405e-01  2.00631997e-01 -1.43286176e-05  6.20679493e-08  2.59514593e-07 
 2.58050057e-05  1.99775065e-01  2.00784931e-01  2.00632324e-01 -1.52737601e-05  6.17680672e-08  2.58857540e-07 
 2.58050172e-05  1.99770868e-01  2.00777114e-01  2.00632958e-01 -1.55798671e-05  6.11995425e-08  2.57261385e-07 
 2.58050401e-05  1.99769495e-01  2.00765431e-01  2.00634129e-01 -1.55593715e-05  6.02351628e-08  2.53745417e-07 
 2.58050774e-05  1.99768008e-01  2.00750295e-01  2.00635810e-01 -1.57010437e-05  5.89686091e-08  2.48370753e-07 
 2.58051409e-05  1.99766800e-01  2.00731064e-01  2.00638191e-01 -1.56937836e-05  5.72424996e-08  2.39495898e-07 
 2.58052680e-05  1.99766151e-01  2.00711746e-01  2.00641820e-01 -1.57451590e-05  5.43700984e-08  2.23001820e-07 
 2.58054189e-05  1.99765917e-01  2.00707562e-01  2.00645205e-01 -1.56903862e-05  5.12507206e-08  2.05043976e-07 
 2.58056810e-05  1.99765624e-01  2.00716537e-01  2.00650866e-01 -1.57254216e-05  4.61955956e-08  1.77557509e-07 
 2.58061737e-05  1.99765042e-01  2.00745050e-01  2.00663404e-01 -1.56860006e-05  3.79812493e-08  1.36172541e-07 
 2.58071590e-05  1.99764257e-01  2.00807898e-01  2.00697328e-01 -1.57229340e-05  2.56233778e-08  8.18997326e-08 
 2.58091297e-05  1.99763244e-01  2.00943218e-01  2.00792426e-01 -1.56845597e-05  1.13897913e-08  3.32259134e-08 
 2.58130709e-05  1.99762783e-01  2.01220171e-01  2.01038586e-01 -1.57220891e-05  1.73408614e-09  1.18447453e-08 
 2.58194229e-05  1.99763431e-01  2.01589786e-01  2.01437352e-01 -1.56866197e-05  2.16137112e-10  8.06870460e-09 
 2.58262621e-05  1.99764621e-01  2.01813785e-01  2.01731220e-01 -1.57254434e-05  2.53876981e-10  4.29392156e-09 
 2.58348580e-05  1.99765650e-01  2.01843688e-01  2.01841770e-01 -1.56900125e-05  3.14419714e-12  2.41733945e-09 
 2.58458238e-05  1.99766245e-01  2.01615940e-01  2.01674123e-01 -1.57289293e-05 -1.73239670e-10  9.36283599e-10 
 2.58661588e-05  1.99765741e-01  2.01009677e-01  2.01077946e-01 -1.56945801e-05 -2.28191107e-10 -7.95808846e-11 
 2.58844745e-05  1.99764880e-01  2.00636278e-01  2.00661585e-01 -1.57325601e-05 -1.08379242e-10 -2.79271850e-10 
 2.59113697e-05  1.99764186e-01  2.00536134e-01  2.00517546e-01 -1.56953597e-05  1.91271968e-11 -1.12723017e-10 
 2.59363109e-05  1.99764298e-01  2.00642954e-01  2.00620788e-01 -1.57316613e-05  3.61962010e-11  2.80575053e-11 
 2.59766976e-05  1.99764510e-01  2.00705686e-01  2.00698202e-01 -1.56945278e-05 -6.94496760e-12  4.22759588e-11 
 2.60187983e-05  1.99764531e-01  2.00643609e-01  2.00638158e-01 -1.57316672e-05 -1.30600840e-11 -1.38266899e-11 
 2.60887937e-05  1.99764386e-01  2.00603490e-01  2.00592166e-01 -1.56947620e-05  2.46050619e-12 -2.13374891e-12 
 2.61768135e-05  1.99764480e-01  2.00606175e-01  2.00597156e-01 -1.57315816e-05 -2.25279300e-12  1.27743873e-11 
 2.62768135e-05  1.99764417e-01  2.00576465e-01  2.00566937e-01 -1.56947589e-05 -2.83899380e-12 -6.48320574e-12 
 2.63768135e-05  1.99764467e-01  2.00575557e-01  2.00565119e-01 -1.57315997e-05  1.61037329e-12  1.15042753e-11 
 2.64768135e-05  1.99764445e-01  2.00570130e-01  2.00560730e-01 -1.56947357e-05 -3.03874330e-12 -1.77836532e-12 
 2.65768135e-05  1.99764490e-01  2.00564971e-01  2.00554620e-01 -1.57316117e-05  1.18471552e-12  8.24083515e-12 
 2.66768135e-05  1.99764468e-01  2.00566529e-01  2.00556719e-01 -1.56947320e-05 -1.77910291e-12  1.76924502e-13 
 2.67768135e-05  1.99764523e-01  2.00563264e-01  2.00553195e-01 -1.57316073e-05  3.37490452e-13  8.20040780e-12 
 2.68768135e-05  1.99764495e-01  2.00563936e-01  2.00553914e-01 -1.56947395e-05 -1.17477404e-12 -6.85212900e-13 
 2.69768135e-05  1.99764556e-01  2.00563438e-01  2.00553429e-01 -1.57315988e-05  1.76400561e-13  9.55355494e-12 
 2.70768135e-05  1.99764525e-01  2.00562914e-01  2.00552894e-01 -1.56947469e-05 -1.19558747e-12 -1.94069717e-12 
 2.71768135e-05  1.99764586e-01  2.00563368e-01  2.00553312e-01 -1.57315926e-05  3.17550023e-13  1.05817573e-11 
 2.72768135e-05  1.99764556e-01  2.00562839e-01  2.00552863e-01 -1.56947519e-05 -1.31818579e-12 -2.67045018e-12 
 2.73768135e-05  1.99764617e-01  2.00563151e-01  2.00553062e-01 -1.57315882e-05  4.03506438e-13  1.11103509e-11 
 2.74768135e-05  1.99764588e-01  2.00562961e-01  2.00552998e-01 -1.56947561e-05 -1.34765875e-12 -3.07519282e-12 
 2.75768135e-05  1.99764648e-01  2.00563055e-01  2.00552964e-01 -1.57315839e-05  3.99863519e-13  1.14732865e-11 
 2.76768135e-05  1.99764619e-01  2.00563013e-01  2.00553044e-01 -1.56947605e-05 -1.32507048e-12 -3.43143054e-12 
 2.77384068e-05  1.99764673e-01  2.00563075e-01  2.00552993e-01 -1.57315779e-05  3.70951100e-13  1.19617710e-11 
 2.78000000e-05  1.99764638e-01  2.00562998e-01  2.00553023e-01 -1.56947682e-05 -1.30173194e-12 -4.02279349e-12 
 2.78000869e-05  1.99753321e-01  2.00525898e-01  2.00551774e-01 -1.70226997e-05 -4.45250350e-09 -2.45343637e-08 
 2.78002608e-05  1.99745772e-01  2.00482033e-01  2.00547887e-01 -1.73095370e-05 -1.18258812e-08 -7.22480817e-08 
 2.78005258e-05  1.99741644e-01  2.00473367e-01  2.00539812e-01 -1.76238156e-05 -2.07188343e-08 -1.38599578e-07 
 2.78008276e-05  1.99738318e-01  2.00486228e-01  2.00531839e-01 -1.91837981e-05 -2.98517101e-08 -2.06032294e-07 
 2.78011005e-05  1.99743825e-01  2.00502332e-01  2.00526912e-01 -2.25545986e-05 -3.66027458e-08 -2.59595108e-07 
 2.78013722e-05  1.99758313e-01  2.00521562e-01  2.00524336e-01 -2.87744422e-05 -4.19807939e-08 -3.05500568e-07 
 2.78016177e-05  1.99781903e-01  2.00542849e-01  2.00524135e-01 -3.70065550e-05 -4.55199212e-08 -3.40263998e-07 
 2.78018176e-05  1.99806167e-01  2.00562488e-01  2.00525558e-01 -4.56267499e-05 -4.71584280e-08 -3.63449182e-07 
 2.78019723e-05  1.99828030e-01  2.00580342e-01  2.00527709e-01 -5.32854405e-05 -4.72287062e-08 -3.77893892e-07 
 2.78020968e-05  1.99845096e-01  2.00596215e-01  2.00530163e-01 -6.00133809e-05 -4.61041379e-08 -3.86868033e-07 
 2.78022016e-05  1.99858635e-01  2.00611664e-01  2.00532781e-01 -6.58640947e-05 -4.39017321e-08 -3.92240333e-07 
 2.78022923e-05  1.99867273e-01  2.00626686e-01  2.00535503e-01 -7.09767191e-05 -4.06131468e-08 -3.94794804e-07 
 2.78023723e-05  1.99871469e-01  2.00642068e-01  2.00538303e-01 -7.53030976e-05 -3.61502408e-08 -3.95009790e-07 
 2.78024449e-05  1.99870110e-01  2.00658190e-01  2.00541217e-01 -7.89522868e-05 -3.03047008e-08 -3.93004297e-07 
 2.78025157e-05  1.99863277e-01  2.00676678e-01  2.00544461e-01 -8.20373850e-05 -2.24279631e-08 -3.88508741e-07 
 2.78025991e-05  1.99849556e-01  2.00702219e-01  2.00548887e-01 -8.50312043e-05 -1.01348537e-08 -3.79306475e-07 
 2.78026789e-05  1.99835103e-01  2.00729573e-01  2.00553818e-01 -8.73254239e-05  4.13868964e-09 -3.66333523e-07 
 2.78028013e-05  1.99815542e-01  2.00772357e-01  2.00562765e-01 -9.02662026e-05  2.83866102e-08 -3.38906629e-07 
 2.78029003e-05  1.99803577e-01  2.00804713e-01  2.00571142e-01 -9.23143335e-05  4.84814627e-08 -3.10777108e-07 
 2.78030139e-05  1.99794218e-01  2.00836853e-01  2.00581785e-01 -9.44540650e-05  7.05952137e-08 -2.73053411e-07 
 2.78031453e-05  1.99788645e-01  2.00865872e-01  2.00595081e-01 -9.64273267e-05  9.38927511e-08 -2.23753610e-07 
 2.78032764e-05  1.99787860e-01  2.00884409e-01  2.00608876e-01 -9.72278486e-05  1.13532573e-07 -1.70712569e-07 
 2.78033659e-05  1.99789371e-01  2.00889183e-01  2.00618302e-01 -9.59386476e-05  1.23765574e-07 -1.33835592e-07 
 2.78034305e-05  1.99790828e-01  2.00886299e-01  2.00624912e-01 -9.25755742e-05  1.28251045e-07 -1.08192882e-07 
 2.78034862e-05  1.99791807e-01  2.00876953e-01  2.00630352e-01 -8.71942747e-05  1.28897716e-07 -8.78133341e-08 
 2.78035463e-05  1.99792303e-01  2.00857720e-01  2.00635746e-01 -7.92564246e-05  1.25264910e-07 -6.88306927e-08 
 2.78036157e-05  1.99792130e-01  2.00824038e-01  2.00641087e-01 -6.85563953e-05  1.15445772e-07 -5.18389984e-08 
 2.78036898e-05  1.99791178e-01  2.00777850e-01  2.00645463e-01 -5.68597160e-05  9.95135518e-08 -4.00207494e-08 
 2.78037869e-05  1.99789055e-01  2.00710346e-01  2.00648838e-01 -4.32919314e-05  7.37495268e-08 -3.40286529e-08 
 2.78038739e-05  1.99786701e-01  2.00651172e-01  2.00649587e-01 -3.41138851e-05  4.94680313e-08 -3.64498793e-08 
 2.78039482e-05  1.99784573e-01  2.00606632e-01  2.00648688e-01 -2.85833908e-05  3.01835130e-08 -4.29200973e-08 
 2.78040276e-05  1.99782303e-01  2.00567251e-01  2.00646443e-01 -2.45793117e-05  1.22738884e-08 -5.29369322e-08 
 2.78041183e-05  1.99779766e-01  2.00532701e-01  2.00642648e-01 -2.17583897e-05 -4.31970459e-09 -6.68924826e-08 
 2.78042096e-05  1.99777301e-01  2.00507750e-01  2.00637898e-01 -2.01837243e-05 -1.71103741e-08 -8.24790946e-08 
 2.78043130e-05  1.99774595e-01  2.00488597e-01  2.00631827e-01 -1.92658238e-05 -2.77283520e-08 -1.00929396e-07 
 2.78044250e-05  1.99771750e-01  2.00475435e-01  2.00624822e-01 -1.88286070e-05 -3.58215975e-08 -1.21051250e-07 
 2.78045602e-05  1.99768388e-01  2.00465904e-01  2.00616179e-01 -1.86326021e-05 -4.25464451e-08 -1.44833457e-07 
 2.78047179e-05  1.99764533e-01  2.00459503e-01  2.00606179e-01 -1.85814544e-05 -4.79724044e-08 -1.71416437e-07 
 2.78048590e-05  1.99761118e-01  2.00455894e-01  2.00597482e-01 -1.85762936e-05 -5.16364236e-08 -1.93953404e-07 
 2.78050000e-05  1.99757729e-01  2.00453187e-01  2.00589089e-01 -1.85824518e-05 -5.47369992e-08 -2.15305962e-07 
 2.78050015e-05  1.99758955e-01  2.00454486e-01  2.00589003e-01 -1.78318803e-05 -5.46618985e-08 -2.15199966e-07 
 2.78050045e-05  1.99761039e-01  2.00456971e-01  2.00588833e-01 -1.75376553e-05 -5.45102366e-08 -2.14965127e-07 
 2.78050104e-05  1.99763198e-01  2.00461398e-01  2.00588500e-01 -1.72610082e-05 -5.42084244e-08 -2.14417323e-07 
 2.78050193e-05  1.99763949e-01  2.00466829e-01  2.00588025e-01 -1.71489404e-05 -5.37922656e-08 -2.13576012e-07 
 2.78050331e-05  1.99764126e-01  2.00473949e-01  2.00587320e-01 -1.69117918e-05 -5.32006850e-08 -2.12294071e-07 
 2.78050608e-05  1.99764172e-01  2.00486263e-01  2.00586028e-01 -1.66134445e-05 -5.21699242e-08 -2.09791937e-07 
 2.78051162e-05  1.99764269e-01  2.00505551e-01  2.00583833e-01 -1.61566255e-05 -5.05335589e-08 -2.04993276e-07 
 2.78052270e-05  1.99764347e-01  2.00527630e-01  2.00580483e-01 -1.58026076e-05 -4.81181299e-08 -1.95977780e-07 
 2.78054486e-05  1.99764575e-01  2.00536708e-01  2.00575532e-01 -1.56421342e-05 -4.42766410e-08 -1.79486794e-07 
 2.78057467e-05  1.99764849e-01  2.00524500e-01  2.00569347e-01 -1.56884884e-05 -3.95068960e-08 -1.59626581e-07 
 2.78061872e-05  1.99765256e-01  2.00499873e-01  2.00558466e-01 -1.56610403e-05 -3.31772589e-08 -1.34217211e-07 
 2.78069198e-05  1.99765786e-01  2.00455724e-01  2.00535286e-01 -1.56877752e-05 -2.48041040e-08 -1.00469416e-07 
 2.78083849e-05  1.99766591e-01  2.00359364e-01  2.00472844e-01 -1.56624512e-05 -1.37360262e-08 -5.56009985e-08 
 2.78113152e-05  1.99767314e-01  2.00151860e-01  2.00304902e-01 -1.56874435e-05 -3.87363171e-09 -1.50754794e-08 
 2.78171758e-05  1.99767174e-01  1.99766781e-01  1.99921138e-01 -1.56593232e-05 -1.20591083e-10  8.10367324e-10 
 2.78247187e-05  1.99765951e-01  1.99443256e-01  1.99528919e-01 -1.56815532e-05 -3.46642479e-10 -4.58216483e-10 
 2.78327219e-05  1.99764839e-01  1.99346833e-01  1.99351850e-01 -1.56538401e-05 -6.62441046e-11 -7.35527389e-11 
 2.78428679e-05  1.99764102e-01  1.99489590e-01  1.99427402e-01 -1.56768692e-05  1.19458459e-10  2.97174327e-11 
 2.78582391e-05  1.99764178e-01  1.99929637e-01  1.99838228e-01 -1.56488627e-05  2.29357835e-10  1.56626756e-10 
 2.78787075e-05  1.99765068e-01  2.00432324e-01  2.00373072e-01 -1.56722406e-05  1.45916150e-10  1.11746019e-10 
 2.79008360e-05  1.99765849e-01  2.00623896e-01  2.00609645e-01 -1.56467119e-05  1.89352264e-11  2.71303184e-11 
 2.79268591e-05  1.99765994e-01  2.00558166e-01  2.00561591e-01 -1.56726062e-05 -3.92097125e-11 -2.54653506e-11 
 2.79649311e-05  1.99765764e-01  2.00450521e-01  2.00442664e-01 -1.56477763e-05 -7.98889232e-12 -6.81897274e-12 
 2.80000000e-05  1.99765686e-01  2.00477625e-01  2.00462595e-01 -1.56728731e-05  1.29297486e-11  9.62375871e-12 
 2.80000187e-05  1.99774723e-01  2.00495366e-01  2.00462764e-01 -1.38234125e-05  2.73215233e-09  1.00103536e-09 
 2.80000562e-05  1.99781901e-01  2.00524084e-01  2.00463314e-01 -1.25267150e-05  7.65058743e-09  2.82003083e-09 
 2.80001312e-05  1.99787590e-01  2.00561363e-01  2.00465364e-01 -1.12817129e-05  1.47522283e-08  6.01283407e-09 
 2.80002032e-05  1.99796300e-01  2.00582222e-01  2.00468101e-01 -1.05919176e-05  1.94081872e-08  8.80852917e-09 
 2.80003472e-05  1.99809646e-01  2.00594746e-01  2.00474279e-01 -1.02272400e-05  2.60778956e-08  1.39447212e-08 
 2.80005811e-05  1.99834266e-01  2.00581904e-01  2.00483579e-01 -1.00439194e-05  3.39459828e-08  2.15846576e-08 
 2.80008807e-05  1.99863665e-01  2.00546935e-01  2.00491584e-01 -1.01343983e-05  4.23164458e-08  3.03650188e-08 
 2.80013248e-05  1.99911992e-01  2.00486410e-01  2.00494042e-01 -1.04391685e-05  4.99575021e-08  4.15674105e-08 
 2.80014610e-05  1.99928389e-01  2.00465855e-01  2.00492561e-01 -1.09250747e-05  4.88295302e-08  4.45362479e-08 
 2.80016762e-05  1.99965193e-01  2.00430900e-01  2.00488087e-01 -1.28886070e-05  2.97407021e-08  4.85438727e-08 
 2.80018240e-05  2.00001007e-01  2.00403792e-01  2.00483450e-01 -1.59947222e-05 -7.63814147e-09  5.05488091e-08 
 2.80019479e-05  2.00042732e-01  2.00378304e-01  2.00478495e-01 -2.01053184e-05 -6.79115480e-08  5.14847873e-08 
 2.80020756e-05  2.00095264e-01  2.00348548e-01  2.00472264e-01 -2.61825293e-05 -1.70415912e-07  5.14651433e-08 
 2.80022126e-05  2.00162274e-01  2.00312744e-01  2.00464174e-01 -3.41557172e-05 -3.39408865e-07  5.00905113e-08 
 2.80023586e-05  2.00238648e-01  2.00269508e-01  2.00453791e-01 -4.33586094e-05 -6.01835729e-07  4.67842932e-08 
 2.80024995e-05  2.00312206e-01  2.00221495e-01  2.00441819e-01 -5.09682492e-05 -9.53446444e-07  4.14521403e-08 
 2.80026190e-05  2.00368591e-01  2.00173870e-01  2.00429957e-01 -5.49803295e-05 -1.34378715e-06  3.49292780e-08 
 2.80027472e-05  2.00420089e-01  2.00114896e-01  2.00415182e-01 -5.62909875e-05 -1.87298356e-06  2.55910696e-08 
 2.80028683e-05  2.00457671e-01  2.00055247e-01  2.00399092e-01 -5.66932149e-05 -2.47772494e-06  1.46544725e-08 
 2.80029724e-05  2.00481619e-01  2.00005886e-01  2.00383654e-01 -5.70056527e-05 -3.06684251e-06  3.98099525e-09 
 2.80030726e-05  2.00496800e-01  1.99962798e-01  2.00367563e-01 -5.72257048e-05 -3.68182213e-06 -7.08629459e-09 
 2.80031814e-05  2.00504615e-01  1.99922183e-01  2.00349026e-01 -5.73203827e-05 -4.38720069e-06 -1.96481515e-08 
 2.80032806e-05  2.00501646e-01  1.99891862e-01  2.00331451e-01 -5.71459067e-05 -5.04900608e-06 -3.12765842e-08 
 2.80033442e-05  2.00491492e-01  1.99876479e-01  2.00319956e-01 -5.67790790e-05 -5.47422017e-06 -3.86401930e-08 
 2.80033805e-05  2.00479499e-01  1.99869699e-01  2.00313368e-01 -5.63579970e-05 -5.71210028e-06 -4.27038164e-08 
 2.80034114e-05  2.00461945e-01  1.99865618e-01  2.00307770e-01 -5.57709169e-05 -5.90739621e-06 -4.59887839e-08 
 2.80034384e-05  2.00436876e-01  1.99864038e-01  2.00302905e-01 -5.49234919e-05 -6.06810442e-06 -4.86282853e-08 
 2.80034662e-05  2.00398465e-01  1.99865472e-01  2.00297961e-01 -5.36289729e-05 -6.21750376e-06 -5.09707104e-08 
 2.80034989e-05  2.00339557e-01  1.99873210e-01  2.00292251e-01 -5.14526707e-05 -6.36601958e-06 -5.30415080e-08 
 2.80035334e-05  2.00270828e-01  1.99889761e-01  2.00286479e-01 -4.85780025e-05 -6.48502279e-06 -5.42581465e-08 
 2.80035798e-05  2.00182448e-01  1.99923659e-01  2.00279317e-01 -4.41160935e-05 -6.58444621e-06 -5.43663823e-08 
 2.80036132e-05  2.00127185e-01  1.99953721e-01  2.00274666e-01 -4.07696945e-05 -6.61719893e-06 -5.35096727e-08 
 2.80036469e-05  2.00080746e-01  1.99985883e-01  2.00270446e-01 -3.74381567e-05 -6.62319032e-06 -5.20555453e-08 
 2.80036864e-05  2.00037800e-01  2.00022832e-01  2.00266122e-01 -3.38120646e-05 -6.60290370e-06 -4.98427453e-08 
 2.80037311e-05  2.00002353e-01  2.00061174e-01  2.00261967e-01 -3.01178012e-05 -6.55340604e-06 -4.69342361e-08 
 2.80037760e-05  1.99978059e-01  2.00093980e-01  2.00258512e-01 -2.69594124e-05 -6.48420737e-06 -4.38298079e-08 
 2.80038257e-05  1.99960684e-01  2.00123078e-01  2.00255361e-01 -2.40232884e-05 -6.39276537e-06 -4.03528144e-08 
 2.80038794e-05  1.99949665e-01  2.00146280e-01  2.00252585e-01 -2.14870813e-05 -6.28373472e-06 -3.66880197e-08 
 2.80039426e-05  1.99943304e-01  2.00164347e-01  2.00249904e-01 -1.91433359e-05 -6.14811001e-06 -3.25607774e-08 
 2.80040152e-05  1.99941351e-01  2.00175544e-01  2.00247331e-01 -1.71500063e-05 -5.98872036e-06 -2.80964503e-08 
 2.80041049e-05  1.99943482e-01  2.00179711e-01  2.00244520e-01 -1.53782528e-05 -5.79123906e-06 -2.29246339e-08 
 2.80042151e-05  1.99949991e-01  2.00175867e-01  2.00241209e-01 -1.39468353e-05 -5.55246389e-06 -1.69896154e-08 
 2.80043610e-05  1.99962414e-01  2.00162843e-01  2.00236568e-01 -1.28094378e-05 -5.24677353e-06 -9.67162318e-09 
 2.80045522e-05  1.99982480e-01  2.00139519e-01  2.00229541e-01 -1.20962711e-05 -4.86665107e-06 -8.08010897e-10 
 2.80047761e-05  2.00008804e-01  2.00108200e-01  2.00219623e-01 -1.17639129e-05 -4.45272032e-06  8.66554226e-09 
 2.80050000e-05  2.00036358e-01  2.00074605e-01  2.00207774e-01 -1.16594749e-05 -4.07210799e-06  1.72517057e-08 
 2.80050040e-05  2.00032013e-01  2.00069231e-01  2.00207534e-01 -1.27638982e-05 -4.06613667e-06  1.71588010e-08 
 2.80050121e-05  2.00026386e-01  2.00059374e-01  2.00207039e-01 -1.32792665e-05 -4.05419306e-06  1.69979316e-08 
 2.80050283e-05  2.00024112e-01  2.00043130e-01  2.00205971e-01 -1.36034298e-05 -4.03014443e-06  1.67702188e-08 
 2.80050573e-05  2.00022860e-01  2.00018718e-01  2.00203839e-01 -1.42059571e-05 -3.98665384e-06  1.64617534e-08 
 2.80050975e-05  2.00021421e-01  1.99990096e-01  2.00200493e-01 -1.47144810e-05 -3.92603038e-06  1.61411280e-08 
 2.80051780e-05  2.00020609e-01  1.99948597e-01  2.00192848e-01 -1.53293491e-05 -3.80587745e-06  1.57155204e-08 
 2.80053191e-05  2.00020072e-01  1.99908447e-01  2.00177796e-01 -1.56516182e-05 -3.60245628e-06  1.52186322e-08 
 2.80054976e-05  2.00020051e-01  1.99886145e-01  2.00157762e-01 -1.57266556e-05 -3.35978127e-06  1.46924573e-08 
 2.80057867e-05  2.00019593e-01  1.99868836e-01  2.00126036e-01 -1.57087033e-05 -3.00082503e-06  1.38375278e-08 
 2.80061498e-05  2.00019429e-01  1.99855022e-01  2.00088918e-01 -1.57225096e-05 -2.60340415e-06  1.27740364e-08 
 2.80068760e-05  2.00018740e-01  1.99834015e-01  2.00024388e-01 -1.57072022e-05 -1.95668390e-06  1.07450590e-08 
 2.80083285e-05  2.00018064e-01  1.99813737e-01  1.99929615e-01 -1.57212562e-05 -1.09197392e-06  7.29911031e-09 
 2.80112334e-05  2.00016924e-01  1.99836751e-01  1.99845560e-01 -1.57063665e-05 -3.01521351e-07  2.89355186e-09 
 2.80170433e-05  2.00016328e-01  2.00018153e-01  1.99922844e-01 -1.57215036e-05  1.91155074e-08  6.00056732e-11 
 2.80233271e-05  2.00016210e-01  2.00282328e-01  2.00164972e-01 -1.57071620e-05 -1.68046229e-09  1.16632869e-10 
 2.80310687e-05  2.00016770e-01  2.00567933e-01  2.00468938e-01 -1.57211583e-05  6.58005998e-10  2.04702598e-10 
 2.80399434e-05  2.00017173e-01  2.00784334e-01  2.00721164e-01 -1.57058387e-05  5.66729632e-11  1.35466715e-10 
 2.80536838e-05  2.00017899e-01  2.00904628e-01  2.00887273e-01 -1.57197791e-05  8.41548810e-11  4.48482976e-11 
 2.80734428e-05  2.00017994e-01  2.00825373e-01  2.00835695e-01 -1.57055443e-05 -8.72824608e-11 -3.37344255e-11 
 2.81032742e-05  2.00017916e-01  2.00645736e-01  2.00646972e-01 -1.57206374e-05 -1.28231145e-11 -2.65423708e-11 
 2.81346476e-05  2.00017582e-01  2.00626803e-01  2.00611204e-01 -1.57061014e-05 -3.96542868e-12  6.84870894e-12 
 2.81787316e-05  2.00017810e-01  2.00718426e-01  2.00703492e-01 -1.57202799e-05  2.87321770e-11  1.36998729e-11 
 2.82453655e-05  2.00017776e-01  2.00753234e-01  2.00744982e-01 -1.57058754e-05 -1.86641347e-11 -4.02296805e-12 
 2.83253997e-05  2.00017906e-01  2.00755922e-01  2.00744151e-01 -1.57204049e-05  1.57924967e-11  4.92257569e-12 
 2.84253997e-05  2.00017832e-01  2.00794429e-01  2.00784125e-01 -1.57058657e-05 -1.03218744e-11  9.26087007e-13 
 2.85253997e-05  2.00018013e-01  2.00795564e-01  2.00785710e-01 -1.57203869e-05  8.82759772e-12  1.30484187e-12 
 2.86253997e-05  2.00017896e-01  2.00805092e-01  2.00794431e-01 -1.57058969e-05 -7.98924382e-12  1.31577523e-12 
 2.87253997e-05  2.00018086e-01  2.00810586e-01  2.00800847e-01 -1.57203651e-05  7.38977933e-12  1.45487946e-12 
 2.88253997e-05  2.00017966e-01  2.00809667e-01  2.00799399e-01 -1.57059111e-05 -8.03195422e-12  3.37610961e-13 
 2.89253997e-05  2.00018149e-01  2.00813881e-01  2.00803846e-01 -1.57203606e-05  7.21986229e-12  2.11506778e-12 
 2.90253997e-05  2.00018035e-01  2.00812869e-01  2.00802872e-01 -1.57059113e-05 -7.83618352e-12 -1.58073316e-13 
 2.91253997e-05  2.00018211e-01  2.00814038e-01  2.00803903e-01 -1.57203626e-05  6.61373300e-12  2.23386994e-12 
 2.92253997e-05  2.00018099e-01  2.00814362e-01  2.00804392e-01 -1.57059100e-05 -7.09772150e-12 -1.23120698e-13 
 2.93253997e-05  2.00018275e-01  2.00814178e-01  2.00804083e-01 -1.57203627e-05  5.76982169e-12  2.08742756e-12 
 2.94253997e-05  2.00018163e-01  2.00814680e-01  2.00804666e-01 -1.57059111e-05 -6.31772369e-12  1.06443175e-14 
 2.95253997e-05  2.00018339e-01  2.00814504e-01  2.00804449e-01 -1.57203608e-05  5.07395471e-12  1.98263297e-12 
 2.96253997e-05  2.00018226e-01  2.00814667e-01  2.00804632e-01 -1.57059135e-05 -5.73911231e-12  6.53205788e-14 
 2.97253997e-05  2.00018403e-01  2.00814730e-01  2.00804682e-01 -1.57203584e-05  4.58585383e-12  1.95898826e-12 
 2.98253997e-05  2.00018289e-01  2.00814696e-01  2.00804664e-01 -1.57059157e-05 -5.32478640e-12  6.91145817e-14 
 2.99126999e-05  2.00018462e-01  2.00814816e-01  2.00804762e-01 -1.57203563e-05  4.19554495e-12  1.95916617e-12 
 3.00000000e-05  2.00018345e-01  2.00814775e-01  2.00804750e-01 -1.57059178e-05 -4.95016701e-12  7.14964112e-14 
 3.00000841e-05  1.99995164e-01  2.00763049e-01  2.00803066e-01 -1.83013101e-05 -7.44651841e-09 -3.81372773e-09 
 3.00002522e-05  1.99969964e-01  2.00704173e-01  2.00797893e-01 -1.98451740e-05 -1.71736185e-08 -1.05333387e-08 
 3.00005111e-05  1.99939750e-01  2.00703201e-01  2.00787628e-01 -2.02933268e-05 -2.39510843e-08 -1.92381975e-08 
 3.00008020e-05  1.99906031e-01  2.00736919e-01  2.00779094e-01 -2.16954661e-05 -2.75382802e-08 -2.79631707e-08 
 3.00010914e-05  1.99882361e-01  2.00777844e-01  2.00775620e-01 -2.52186007e-05 -2.00861096e-08 -3.54219154e-08 
 3.00013717e-05  1.99869094e-01  2.00823521e-01  2.00777215e-01 -3.17610544e-05  5.08138875e-09 -4.14541986e-08 
 3.00016197e-05  1.99869487e-01  2.00870009e-01  2.00782839e-01 -4.03376301e-05  4.96184699e-08 -4.57119736e-08 
 3.00018218e-05  1.99875314e-01  2.00911736e-01  2.00790454e-01 -4.93784615e-05  1.08618748e-07 -4.83436776e-08 
 3.00019774e-05  1.99884003e-01  2.00947707e-01  2.00798256e-01 -5.74406288e-05  1.74770886e-07 -4.97149867e-08 
 3.00021022e-05  1.99890656e-01  2.00978809e-01  2.00805805e-01 -6.45803501e-05  2.47129029e-07 -5.02912024e-08 
 3.00022074e-05  1.99896246e-01  2.01007861e-01  2.00813117e-01 -7.08853070e-05  3.27380184e-07 -5.02782286e-08 
 3.00022985e-05  1.99898215e-01  2.01035278e-01  2.00820219e-01 -7.65192590e-05  4.17171893e-07 -4.97812579e-08 
 3.00023790e-05  1.99897198e-01  2.01062328e-01  2.00827145e-01 -8.14470680e-05  5.18390570e-07 -4.88234464e-08 
 3.00024523e-05  1.99891403e-01  2.01089803e-01  2.00834048e-01 -8.58179011e-05  6.35083600e-07 -4.73888141e-08 
 3.00025244e-05  1.99880957e-01  2.01120486e-01  2.00841472e-01 -8.98303887e-05  7.80019220e-07 -4.52871109e-08 
 3.00026086e-05  1.99864414e-01  2.01161243e-01  2.00851053e-01 -9.41477411e-05  9.94922146e-07 -4.18051705e-08 
 3.00026913e-05  1.99848597e-01  2.01205427e-01  2.00861531e-01 -9.80255435e-05  1.25644676e-06 -3.72828949e-08 
 3.00028206e-05  1.99829633e-01  2.01277175e-01  2.00880171e-01 -1.03672004e-04  1.75929896e-06 -2.83201684e-08 
 3.00029293e-05  1.99820723e-01  2.01336076e-01  2.00897897e-01 -1.08039096e-04  2.25981564e-06 -1.93293647e-08 
 3.00030481e-05  1.99817941e-01  2.01395567e-01  2.00919159e-01 -1.12381856e-04  2.87119923e-06 -8.41010280e-09 
 3.00031809e-05  1.99822447e-01  2.01453730e-01  2.00944797e-01 -1.16290406e-04  3.61174456e-06  4.66031009e-09 
 3.00033068e-05  1.99832648e-01  2.01498344e-01  2.00970391e-01 -1.18198494e-04  4.34340818e-06  1.73402588e-08 
 3.00033961e-05  1.99842145e-01  2.01520871e-01  2.00988962e-01 -1.16795323e-04  4.85892940e-06  2.60373323e-08 
 3.00034586e-05  1.99848761e-01  2.01528968e-01  2.01001939e-01 -1.12643331e-04  5.20107663e-06  3.15787876e-08 
 3.00035141e-05  1.99853840e-01  2.01527810e-01  2.01013274e-01 -1.06171261e-04  5.47764610e-06  3.57745115e-08 
 3.00035777e-05  1.99858220e-01  2.01514970e-01  2.01025797e-01 -9.62781554e-05  5.74892764e-06  3.94309185e-08 
 3.00036459e-05  1.99860985e-01  2.01488570e-01  2.01038335e-01 -8.40085999e-05  5.97470691e-06  4.18125041e-08 
 3.00037280e-05  1.99861631e-01  2.01444321e-01  2.01051849e-01 -6.89590722e-05  6.15259829e-06  4.26120710e-08 
 3.00038347e-05  1.99858691e-01  2.01378757e-01  2.01066451e-01 -5.18780162e-05  6.24206245e-06  4.08283820e-08 
 3.00039079e-05  1.99854736e-01  2.01335288e-01  2.01074545e-01 -4.28902623e-05  6.22548538e-06  3.82164077e-08 
 3.00039812e-05  1.99849682e-01  2.01297793e-01  2.01081248e-01 -3.60894585e-05  6.16219915e-06  3.49161453e-08 
 3.00040746e-05  1.99842153e-01  2.01261080e-01  2.01088150e-01 -3.00820491e-05  6.03454053e-06  3.01711357e-08 
 3.00041599e-05  1.99834583e-01  2.01238478e-01  2.01093233e-01 -2.66218869e-05  5.88786016e-06  2.56132299e-08 
 3.00042608e-05  1.99825121e-01  2.01223450e-01  2.01098287e-01 -2.41486582e-05  5.69439098e-06  2.02144831e-08 
 3.00043614e-05  1.99815381e-01  2.01218391e-01  2.01102727e-01 -2.27919316e-05  5.49194919e-06  1.49755903e-08 
 3.00044874e-05  1.99802972e-01  2.01221655e-01  2.01108000e-01 -2.19351415e-05  5.23654875e-06  8.70835044e-09 
 3.00046246e-05  1.99789348e-01  2.01232896e-01  2.01113831e-01 -2.15400667e-05  4.96445066e-06  2.28744667e-09 
 3.00048055e-05  1.99771338e-01  2.01254268e-01  2.01122191e-01 -2.13598982e-05  4.62200339e-06 -5.57630125e-09 
 3.00050000e-05  1.99751979e-01  2.01281406e-01  2.01132345e-01 -2.13123936e-05  4.27755439e-06 -1.33331897e-08 
 3.00050027e-05  1.99754931e-01  2.01285061e-01  2.01132498e-01 -2.02725558e-05  4.27338036e-06 -1.32746346e-08 
 3.00050081e-05  1.99759043e-01  2.01291916e-01  2.01132811e-01 -1.97386043e-05  4.26506963e-06 -1.31696064e-08 
 3.00050188e-05  1.99761230e-01  2.01303630e-01  2.01133475e-01 -1.93114125e-05  4.24848150e-06 -1.30133045e-08 
 3.00050325e-05  1.99761305e-01  2.01316322e-01  2.01134382e-01 -1.88645689e-05  4.22728785e-06 -1.28606542e-08 
 3.00050598e-05  1.99761520e-01  2.01338939e-01  2.01136374e-01 -1.80923704e-05  4.18479454e-06 -1.26086499e-08 
 3.00051144e-05  1.99761622e-01  2.01375835e-01  2.01140936e-01 -1.70866340e-05  4.09979222e-06 -1.22632257e-08 
 3.00052122e-05  1.99761814e-01  2.01419859e-01  2.01150406e-01 -1.61673494e-05  3.94944137e-06 -1.19229945e-08 
 3.00054078e-05  1.99762036e-01  2.01461987e-01  2.01171518e-01 -1.57057743e-05  3.66107472e-06 -1.15791718e-08 
 3.00056298e-05  1.99762391e-01  2.01480779e-01  2.01196162e-01 -1.56669216e-05  3.35715227e-06 -1.12562554e-08 
 3.00059586e-05  1.99762774e-01  2.01498488e-01  2.01231141e-01 -1.56812015e-05  2.95205531e-06 -1.07040464e-08 
 3.00064099e-05  1.99763363e-01  2.01517855e-01  2.01275342e-01 -1.56608378e-05  2.47386506e-06 -9.88093854e-09 
 3.00073125e-05  1.99764276e-01  2.01546993e-01  2.01350885e-01 -1.56786399e-05  1.73247632e-06 -8.18988264e-09 
 3.00091176e-05  1.99765807e-01  2.01572110e-01  2.01456244e-01 -1.56567280e-05  8.29431013e-07 -5.18030787e-09 
 3.00127279e-05  1.99767548e-01  2.01528366e-01  2.01526618e-01 -1.56735243e-05  1.43522173e-07 -1.54858051e-09 
 3.00188561e-05  1.99768623e-01  2.01307444e-01  2.01395789e-01 -1.56517632e-05 -1.30109936e-08  1.62230028e-11 
 3.00263425e-05  1.99768399e-01  2.00979847e-01  2.01081371e-01 -1.56704534e-05  2.11280925e-09 -1.81496384e-10 
 3.00343824e-05  1.99767799e-01  2.00693045e-01  2.00766959e-01 -1.56510075e-05 -7.83953950e-10 -1.95499416e-10 
 3.00446303e-05  1.99766991e-01  2.00481269e-01  2.00511790e-01 -1.56709367e-05  4.78754057e-11 -1.11412826e-10 
 3.00591463e-05  1.99766417e-01  2.00416455e-01  2.00403269e-01 -1.56513558e-05 -8.59448430e-11 -1.70266576e-11 
 3.00829988e-05  1.99766268e-01  2.00561402e-01  2.00528327e-01 -1.56701896e-05  1.19843990e-10  4.58947310e-11 
 3.01130602e-05  1.99766691e-01  2.00719405e-01  2.00703314e-01 -1.56500978e-05 -1.87010121e-11  1.97743133e-11 
 3.01476491e-05  1.99766804e-01  2.00697850e-01  2.00695064e-01 -1.56698744e-05  8.16283716e-12 -1.14612161e-11 
 3.01738246e-05  1.99766760e-01  2.00640119e-01  2.00634422e-01 -1.56504851e-05 -3.23816850e-11 -9.01141775e-12 
 3.02000000e-05  1.99766651e-01  2.00619277e-01  2.00609644e-01 -1.56700534e-05  1.07742311e-11 -6.23840064e-13 
 3.02000129e-05  1.99771367e-01  2.00628442e-01  2.00609690e-01 -1.44473502e-05  8.94823932e-10  3.03140867e-09 
 3.02000388e-05  1.99774767e-01  2.00643498e-01  2.00609857e-01 -1.38833031e-05  2.55127896e-09  9.18024227e-09 
 3.02000851e-05  1.99774719e-01  2.00662738e-01  2.00610467e-01 -1.35289553e-05  5.05976820e-09  1.99873969e-08 
 3.02001327e-05  1.99776670e-01  2.00678179e-01  2.00611409e-01 -1.31483932e-05  7.24721625e-09  3.07483855e-08 
 3.02002279e-05  1.99778472e-01  2.00696959e-01  2.00613880e-01 -1.29410726e-05  1.10351540e-08  5.15703789e-08 
 3.02004183e-05  1.99783586e-01  2.00708596e-01  2.00619665e-01 -1.27393009e-05  1.76797882e-08  9.06857893e-08 
 3.02007722e-05  1.99791851e-01  2.00699535e-01  2.00629497e-01 -1.28142314e-05  2.87869848e-08  1.56209189e-07 
 3.02012006e-05  1.99803550e-01  2.00678734e-01  2.00637327e-01 -1.29215192e-05  4.03883223e-08  2.25078370e-07 
 3.02013517e-05  1.99808574e-01  2.00670945e-01  2.00638939e-01 -1.32368312e-05  4.38263108e-08  2.47048058e-07 
 3.02016167e-05  1.99826554e-01  2.00655710e-01  2.00640384e-01 -1.50418869e-05  4.79374842e-08  2.82327894e-07 
 3.02017725e-05  1.99848025e-01  2.00644983e-01  2.00640380e-01 -1.79063054e-05  4.81585199e-08  3.00536722e-07 
 3.02018933e-05  1.99875140e-01  2.00634757e-01  2.00639882e-01 -2.16621487e-05  4.61442570e-08  3.12439877e-07 
 3.02020166e-05  1.99912852e-01  2.00622276e-01  2.00638853e-01 -2.74360328e-05  4.15329356e-08  3.21756229e-07 
 3.02021500e-05  1.99965507e-01  2.00606312e-01  2.00637054e-01 -3.55722479e-05  3.32471518e-08  3.27647257e-07 
 3.02022977e-05  2.00033324e-01  2.00585584e-01  2.00634121e-01 -4.62293154e-05  1.99067197e-08  3.27927031e-07 
 3.02024375e-05  2.00101768e-01  2.00562307e-01  2.00630300e-01 -5.62355501e-05  3.00351604e-09  3.20935554e-07 
 3.02025602e-05  2.00160013e-01  2.00537569e-01  2.00625972e-01 -6.35320177e-05 -1.58022195e-08  3.07871772e-07 
 3.02026743e-05  2.00209782e-01  2.00509548e-01  2.00620955e-01 -6.79473625e-05 -3.72047767e-08  2.88837558e-07 
 3.02027986e-05  2.00256548e-01  2.00474944e-01  2.00614221e-01 -7.11701149e-05 -6.41252078e-08  2.60166599e-07 
 3.02029413e-05  2.00299686e-01  2.00436955e-01  2.00604882e-01 -7.45497555e-05 -9.63861420e-08  2.18501447e-07 
 3.02030381e-05  2.00322011e-01  2.00415967e-01  2.00597725e-01 -7.67084543e-05 -1.17354166e-07  1.86174322e-07 
 3.02031437e-05  2.00339655e-01  2.00398986e-01  2.00589440e-01 -7.86417139e-05 -1.38321454e-07  1.48450265e-07 
 3.02032439e-05  2.00348380e-01  2.00389170e-01  2.00581372e-01 -8.00422433e-05 -1.55734154e-07  1.11324047e-07 
 3.02033162e-05  2.00347075e-01  2.00386443e-01  2.00575562e-01 -8.05411132e-05 -1.66180944e-07  8.43561580e-08 
 3.02033592e-05  2.00340173e-01  2.00387070e-01  2.00572172e-01 -8.05250807e-05 -1.71031969e-07  6.86238045e-08 
 3.02033903e-05  2.00329181e-01  2.00388989e-01  2.00569774e-01 -8.01762969e-05 -1.73444263e-07  5.76284111e-08 
 3.02034183e-05  2.00311082e-01  2.00392354e-01  2.00567667e-01 -7.94806343e-05 -1.74275622e-07  4.82488568e-08 
 3.02034452e-05  2.00282320e-01  2.00397826e-01  2.00565711e-01 -7.82329302e-05 -1.73174295e-07  4.00498704e-08 
 3.02034747e-05  2.00237187e-01  2.00407773e-01  2.00563685e-01 -7.60692971e-05 -1.69010953e-07  3.24615140e-08 
 3.02035087e-05  2.00173947e-01  2.00426063e-01  2.00561563e-01 -7.25350859e-05 -1.59885253e-07  2.59711850e-08 
 3.02035464e-05  2.00101357e-01  2.00454722e-01  2.00559601e-01 -6.76337283e-05 -1.44979094e-07  2.18498435e-08 
 3.02035983e-05  2.00010960e-01  2.00503770e-01  2.00557743e-01 -5.99789165e-05 -1.19065008e-07  2.09876305e-08 
 3.02036368e-05  1.99956254e-01  2.00543171e-01  2.00557066e-01 -5.41532444e-05 -9.80045932e-08  2.33828042e-08 
 3.02036741e-05  1.99914086e-01  2.00580193e-01  2.00556986e-01 -4.87736247e-05 -7.79343711e-08  2.75224880e-08 
 3.02037185e-05  1.99875648e-01  2.00620085e-01  2.00557568e-01 -4.29589311e-05 -5.58387546e-08  3.40810029e-08 
 3.02037616e-05  1.99848369e-01  2.00653334e-01  2.00558750e-01 -3.80383890e-05 -3.69360706e-08  4.16072790e-08 
 3.02038117e-05  1.99825695e-01  2.00684727e-01  2.00560739e-01 -3.32377389e-05 -1.84918784e-08  5.11727384e-08 
 3.02038639e-05  1.99809392e-01  2.00709827e-01  2.00563350e-01 -2.92141845e-05 -3.12082745e-09  6.16077765e-08 
 3.02039272e-05  1.99796030e-01  2.00731890e-01  2.00567038e-01 -2.54308431e-05  1.11130409e-08  7.44903927e-08 
 3.02039975e-05  1.99786400e-01  2.00748398e-01  2.00571563e-01 -2.23459269e-05  2.25127905e-08  8.87531372e-08 
 3.02040864e-05  1.99778843e-01  2.00761495e-01  2.00577620e-01 -1.96352782e-05  3.23575908e-08  1.06410337e-07 
 3.02041920e-05  1.99773820e-01  2.00770639e-01  2.00585001e-01 -1.75725799e-05  3.99624222e-08  1.26703882e-07 
 3.02043325e-05  1.99771007e-01  2.00777830e-01  2.00594799e-01 -1.59789667e-05  4.64819490e-08  1.52526338e-07 
 3.02045094e-05  1.99771137e-01  2.00783729e-01  2.00606817e-01 -1.50039941e-05  5.19764190e-08  1.83234470e-07 
 3.02047448e-05  1.99774509e-01  2.00789721e-01  2.00622097e-01 -1.44953588e-05  5.73693430e-08  2.21425825e-07 
 3.02050000e-05  1.99779778e-01  2.00795110e-01  2.00637664e-01 -1.43318814e-05  6.20763089e-08  2.59872930e-07 
 3.02050069e-05  1.99775789e-01  2.00789829e-01  2.00638057e-01 -1.53016850e-05  6.17170191e-08  2.59046696e-07 
 3.02050208e-05  1.99771474e-01  2.00780758e-01  2.00638817e-01 -1.55985363e-05  6.10441098e-08  2.57076252e-07 
 3.02050485e-05  1.99770343e-01  2.00767408e-01  2.00640199e-01 -1.55734636e-05  5.99288653e-08  2.52858707e-07 
 3.02050920e-05  1.99768676e-01  2.00750860e-01  2.00642075e-01 -1.57236141e-05  5.85400359e-08  2.46666251e-07 
 3.02051655e-05  1.99767773e-01  2.00731359e-01  2.00644653e-01 -1.56922374e-05  5.66560896e-08  2.36565000e-07 
 3.02052992e-05  1.99767185e-01  2.00715463e-01  2.00648232e-01 -1.57476855e-05  5.37165367e-08  2.19561261e-07 
 3.02054682e-05  1.99767040e-01  2.00713973e-01  2.00651924e-01 -1.56826320e-05  5.02645919e-08  1.99937722e-07 
 3.02057670e-05  1.99766612e-01  2.00726730e-01  2.00658509e-01 -1.57308830e-05  4.46473112e-08  1.69882510e-07 
 3.02063646e-05  1.99766041e-01  2.00762527e-01  2.00674755e-01 -1.56799826e-05  3.52030358e-08  1.23541712e-07 
 3.02075597e-05  1.99765089e-01  2.00840121e-01  2.00719719e-01 -1.57284365e-05  2.17937749e-08  6.76509312e-08 
 3.02099501e-05  1.99764205e-01  2.01006939e-01  2.00845068e-01 -1.56786294e-05  7.98547022e-09  2.47189204e-08 
 3.02147309e-05  1.99763952e-01  2.01333929e-01  2.01153316e-01 -1.57282819e-05  5.94894809e-10  1.04132573e-08 
 3.02216370e-05  1.99764987e-01  2.01687791e-01  2.01556420e-01 -1.56814035e-05  3.04525678e-10  6.94655266e-09 
 3.02287035e-05  1.99766076e-01  2.01851369e-01  2.01794275e-01 -1.57317399e-05  1.70729121e-10  3.62245080e-09 
 3.02379849e-05  1.99767080e-01  2.01803656e-01  2.01824361e-01 -1.56847664e-05 -6.01936131e-11  1.95569053e-09 
 3.02504697e-05  1.99767348e-01  2.01478208e-01  2.01548010e-01 -1.57354594e-05 -2.14224658e-10  5.76533952e-10 
 3.02690215e-05  1.99766746e-01  2.00927263e-01  2.00988209e-01 -1.56890400e-05 -2.08082195e-10 -1.20919138e-10 
 3.02891645e-05  1.99765784e-01  2.00590362e-01  2.00604566e-01 -1.57384010e-05 -7.69759575e-11 -2.66456961e-10 
 3.03140596e-05  1.99765363e-01  2.00554187e-01  2.00534082e-01 -1.56894591e-05  2.48179535e-11 -8.61950682e-11 
 3.03429925e-05  1.99765443e-01  2.00667996e-01  2.00648302e-01 -1.57373531e-05  2.93670481e-11  4.58823069e-11 
 3.03854167e-05  1.99765707e-01  2.00698175e-01  2.00692582e-01 -1.56887817e-05 -1.25367696e-11  2.57198829e-11 
 3.04333259e-05  1.99765587e-01  2.00627360e-01  2.00620419e-01 -1.57374928e-05 -9.25534063e-12 -1.62878877e-11 
 3.05135192e-05  1.99765568e-01  2.00605830e-01  2.00594337e-01 -1.56889322e-05  3.46455330e-12  4.79591887e-12 
 3.06113419e-05  1.99765576e-01  2.00599264e-01  2.00590875e-01 -1.57373912e-05 -4.49203218e-12  8.99484534e-12 
 3.07113419e-05  1.99765587e-01  2.00573204e-01  2.00562933e-01 -1.56889644e-05 -4.27554259e-13 -6.13166869e-12 
 3.08113419e-05  1.99765568e-01  2.00577088e-01  2.00567094e-01 -1.57373840e-05  1.31132952e-13  1.40176920e-11 
 3.09113419e-05  1.99765623e-01  2.00568009e-01  2.00558382e-01 -1.56889537e-05 -2.22722231e-12 -5.47735463e-12 
 3.10113419e-05  1.99765586e-01  2.00566779e-01  2.00556447e-01 -1.57373941e-05  9.73974157e-13  1.22707295e-11 
 3.11113419e-05  1.99765652e-01  2.00566778e-01  2.00557026e-01 -1.56889469e-05 -1.77919550e-12 -3.53501706e-12 
 3.12113419e-05  1.99765617e-01  2.00564120e-01  2.00553970e-01 -1.57373940e-05  3.90971110e-13  1.15299112e-11 
 3.13113419e-05  1.99765679e-01  2.00565247e-01  2.00555276e-01 -1.56889514e-05 -1.13702537e-12 -3.69818965e-12 
 3.14113419e-05  1.99765650e-01  2.00564166e-01  2.00554138e-01 -1.57373868e-05  4.25922318e-14  1.24517690e-11 
 3.15113419e-05  1.99765709e-01  2.00564237e-01  2.00554206e-01 -1.56889592e-05 -9.78323542e-13 -4.86100499e-12 
 3.16113419e-05  1.99765681e-01  2.00564354e-01  2.00554324e-01 -1.57373793e-05  6.22410110e-14  1.36217044e-11 
 3.17113419e-05  1.99765740e-01  2.00563986e-01  2.00553978e-01 -1.56889657e-05 -1.05370010e-12 -5.84956270e-12 
 3.18113419e-05  1.99765712e-01  2.00564289e-01  2.00554228e-01 -1.57373734e-05  1.51036518e-13  1.44217347e-11 
 3.19113419e-05  1.99765771e-01  2.00564060e-01  2.00554072e-01 -1.56889712e-05 -1.11199353e-12 -6.48643514e-12 
 3.20113419e-05  1.99765743e-01  2.00564200e-01  2.00554129e-01 -1.57373681e-05  1.79697620e-13  1.49610013e-11 
 3.21056709e-05  1.99765802e-01  2.00564140e-01  2.00554154e-01 -1.56889766e-05 -1.11440024e-12 -6.98452407e-12 
 3.22000000e-05  1.99765772e-01  2.00564191e-01  2.00554123e-01 -1.57373624e-05  1.69832898e-13  1.54508241e-11 
 3.22001328e-05  1.99752691e-01  2.00517551e-01  2.00551773e-01 -1.70776997e-05 -6.31310827e-09 -3.68959927e-08 
 3.22003983e-05  1.99743812e-01  2.00472994e-01  2.00545064e-01 -1.74628152e-05 -1.66835919e-08 -1.07163856e-07 
 3.22008715e-05  1.99740898e-01  2.00488365e-01  2.00532195e-01 -1.95259986e-05 -3.08888249e-08 -2.14893732e-07 
 3.22012188e-05  1.99749510e-01  2.00511449e-01  2.00526699e-01 -2.49328028e-05 -3.92355590e-08 -2.80386526e-07 
 3.22014268e-05  1.99764232e-01  2.00527250e-01  2.00525311e-01 -3.03588361e-05 -4.28420941e-08 -3.13674961e-07 
 3.22016628e-05  1.99787777e-01  2.00548039e-01  2.00525519e-01 -3.88233068e-05 -4.59763722e-08 -3.45776588e-07 
 3.22018451e-05  1.99811367e-01  2.00566806e-01  2.00527058e-01 -4.69068885e-05 -4.72388957e-08 -3.66145911e-07 
 3.22019909e-05  1.99831457e-01  2.00583558e-01  2.00529218e-01 -5.42777274e-05 -4.71184088e-08 -3.79274095e-07 
 3.22021121e-05  1.99848556e-01  2.00599606e-01  2.00531694e-01 -6.08446841e-05 -4.58437366e-08 -3.87696735e-07 
 3.22022149e-05  1.99861050e-01  2.00614790e-01  2.00534334e-01 -6.66303695e-05 -4.34926210e-08 -3.92639097e-07 
 3.22023041e-05  1.99869447e-01  2.00630000e-01  2.00537070e-01 -7.16197363e-05 -4.00412215e-08 -3.94873517e-07 
 3.22023829e-05  1.99872629e-01  2.00645350e-01  2.00539880e-01 -7.58649142e-05 -3.54030903e-08 -3.94759133e-07 
 3.22024549e-05  1.99870717e-01  2.00661742e-01  2.00542821e-01 -7.94082439e-05 -2.93238216e-08 -3.92454808e-07 
 3.22025261e-05  1.99862892e-01  2.00680730e-01  2.00546145e-01 -8.24521128e-05 -2.10632574e-08 -3.87513270e-07 
 3.22026084e-05  1.99849045e-01  2.00706425e-01  2.00550597e-01 -8.53181416e-05 -8.56020583e-09 -3.77923548e-07 
 3.22026910e-05  1.99834066e-01  2.00734965e-01  2.00555802e-01 -8.76475694e-05  6.47369202e-09 -3.63917119e-07 
 3.22028223e-05  1.99813861e-01  2.00780553e-01  2.00565625e-01 -9.07217824e-05  3.26554684e-08 -3.33296978e-07 
 3.22029364e-05  1.99801215e-01  2.00816636e-01  2.00575567e-01 -9.30297011e-05  5.56421402e-08 -2.99341199e-07 
 3.22030576e-05  1.99792925e-01  2.00848658e-01  2.00587265e-01 -9.51892454e-05  7.86730242e-08 -2.57197355e-07 
 3.22031892e-05  1.99789013e-01  2.00874478e-01  2.00600821e-01 -9.68867097e-05  1.00959999e-07 -2.06239703e-07 
 3.22033075e-05  1.99789395e-01  2.00888064e-01  2.00613315e-01 -9.70529705e-05  1.17480593e-07 -1.57821300e-07 
 3.22033880e-05  1.99790994e-01  2.00890058e-01  2.00621738e-01 -9.51082310e-05  1.25665504e-07 -1.24856259e-07 
 3.22034482e-05  1.99792329e-01  2.00885233e-01  2.00627831e-01 -9.11107032e-05  1.28850844e-07 -1.01409600e-07 
 3.22035041e-05  1.99793148e-01  2.00873368e-01  2.00633167e-01 -8.50252431e-05  1.28319908e-07 -8.17371389e-08 
 3.22035677e-05  1.99793468e-01  2.00849693e-01  2.00638647e-01 -7.60825618e-05  1.22872043e-07 -6.29667651e-08 
 3.22036366e-05  1.99793069e-01  2.00812969e-01  2.00643617e-01 -6.52225450e-05  1.11450796e-07 -4.77840334e-08 
 3.22037171e-05  1.99791797e-01  2.00760348e-01  2.00647832e-01 -5.27612939e-05  9.26609536e-08 -3.72510890e-08 
 3.22038239e-05  1.99789223e-01  2.00685840e-01  2.00650559e-01 -3.89865783e-05  6.34382731e-08 -3.41748105e-08 
 3.22038991e-05  1.99787119e-01  2.00636431e-01  2.00650575e-01 -3.20113904e-05  4.27310131e-08 -3.81945857e-08 
 3.22039705e-05  1.99785067e-01  2.00595740e-01  2.00649320e-01 -2.72823049e-05  2.48390450e-08 -4.54161765e-08 
 3.22040534e-05  1.99782706e-01  2.00557412e-01  2.00646620e-01 -2.36115583e-05  7.13726784e-09 -5.66435308e-08 
 3.22041435e-05  1.99780213e-01  2.00526019e-01  2.00642553e-01 -2.12278977e-05 -8.20597750e-09 -7.10349930e-08 
 3.22042389e-05  1.99777661e-01  2.00502570e-01  2.00637376e-01 -1.98501377e-05 -2.04787640e-08 -8.76028026e-08 
 3.22043435e-05  1.99774949e-01  2.00485465e-01  2.00631085e-01 -1.91081741e-05 -3.02205047e-08 -1.06377738e-07 
 3.22044622e-05  1.99771954e-01  2.00473364e-01  2.00623589e-01 -1.87490296e-05 -3.79298161e-08 -1.27616444e-07 
 3.22046021e-05  1.99768495e-01  2.00464939e-01  2.00614636e-01 -1.86100693e-05 -4.41696643e-08 -1.51983630e-07 
 3.22047721e-05  1.99764352e-01  2.00459028e-01  2.00603934e-01 -1.85761325e-05 -4.94773774e-08 -1.80177280e-07 
 3.22048861e-05  1.99761601e-01  2.00456408e-01  2.00596972e-01 -1.85781435e-05 -5.22605028e-08 -1.98109799e-07 
 3.22050000e-05  1.99758863e-01  2.00454278e-01  2.00590214e-01 -1.85813762e-05 -5.47281468e-08 -2.15270467e-07 
 3.22050015e-05  1.99760095e-01  2.00455584e-01  2.00590127e-01 -1.78303394e-05 -5.46526570e-08 -2.15163819e-07 
 3.22050045e-05  1.99762188e-01  2.00458082e-01  2.00589956e-01 -1.75358698e-05 -5.45001921e-08 -2.14927443e-07 
 3.22050105e-05  1.99764344e-01  2.00462529e-01  2.00589622e-01 -1.72598267e-05 -5.41968976e-08 -2.14376297e-07 
 3.22050194e-05  1.99765087e-01  2.00467978e-01  2.00589144e-01 -1.71474147e-05 -5.37790695e-08 -2.13530841e-07 
 3.22050333e-05  1.99765261e-01  2.00475141e-01  2.00588433e-01 -1.69089286e-05 -5.31837893e-08 -2.12239399e-07 
 3.22050613e-05  1.99765307e-01  2.00487528e-01  2.00587133e-01 -1.66092213e-05 -5.21474921e-08 -2.09719020e-07 
 3.22051171e-05  1.99765404e-01  2.00506888e-01  2.00584926e-01 -1.61516274e-05 -5.05042362e-08 -2.04886475e-07 
 3.22052287e-05  1.99765483e-01  2.00528926e-01  2.00581560e-01 -1.57995875e-05 -4.80791721e-08 -1.95809792e-07 
 3.22054520e-05  1.99765713e-01  2.00537747e-01  2.00576580e-01 -1.56419490e-05 -4.42149254e-08 -1.79213063e-07 
 3.22057505e-05  1.99765987e-01  2.00525380e-01  2.00570378e-01 -1.56886509e-05 -3.94443954e-08 -1.59364494e-07 
 3.22061938e-05  1.99766396e-01  2.00500571e-01  2.00559394e-01 -1.56609374e-05 -3.30870878e-08 -1.33847092e-07 
 3.22069309e-05  1.99766928e-01  2.00456105e-01  2.00535990e-01 -1.56878669e-05 -2.46922125e-08 -1.00011115e-07 
 3.22084051e-05  1.99767734e-01  2.00359054e-01  2.00472946e-01 -1.56623649e-05 -1.36222395e-08 -5.51340632e-08 
 3.22113534e-05  1.99768453e-01  2.00150200e-01  2.00303546e-01 -1.56875086e-05 -3.80622703e-09 -1.47934228e-08 
 3.22172502e-05  1.99768299e-01  1.99763618e-01  1.99917554e-01 -1.56592047e-05 -1.15148947e-10  8.34257358e-10 
 3.22247749e-05  1.99767075e-01  1.99442846e-01  1.99527871e-01 -1.56816123e-05 -3.45997198e-10 -4.61138565e-10 
 3.22328097e-05  1.99765963e-01  1.99348134e-01  1.99352375e-01 -1.56537375e-05 -6.36727630e-11 -7.06829415e-11 
 3.22429602e-05  1.99765232e-01  1.99492972e-01  1.99430372e-01 -1.56769282e-05  1.20625600e-10  3.04524082e-11 
 3.22584575e-05  1.99765319e-01  1.99937169e-01  1.99845780e-01 -1.56487531e-05  2.29626751e-10  1.57372912e-10 
 3.22788414e-05  1.99766209e-01  2.00435793e-01  2.00376893e-01 -1.56723126e-05  1.44854403e-10  1.10963673e-10 
 3.23011113e-05  1.99766988e-01  2.00625477e-01  2.00611626e-01 -1.56466378e-05  1.78041917e-11  2.63098057e-11 
 3.23270719e-05  1.99767126e-01  2.00558249e-01  2.00561664e-01 -1.56726890e-05 -3.92763513e-11 -2.56043850e-11 
 3.23635360e-05  1.99766903e-01  2.00453192e-01  2.00445636e-01 -1.56476928e-05 -8.77837668e-12 -7.32060538e-12 
 3.24000000e-05  1.99766820e-01  2.00479013e-01  2.00464005e-01 -1.56729494e-05  1.28258422e-11  9.55944460e-12 
 3.24000195e-05  1.99775997e-01  2.00497314e-01  2.00464185e-01 -1.37981964e-05  2.82806679e-09  1.03657224e-09 
 3.24000584e-05  1.99783258e-01  2.00526836e-01  2.00464770e-01 -1.24750552e-05  7.89724002e-09  2.91951638e-09 
 3.24001364e-05  1.99789240e-01  2.00564658e-01  2.00466948e-01 -1.12197469e-05  1.51430185e-08  6.21975246e-09 
 3.24002110e-05  1.99798231e-01  2.00585115e-01  2.00469829e-01 -1.05482833e-05  1.98438327e-08  9.10029610e-09 
 3.24003603e-05  1.99812094e-01  2.00596140e-01  2.00476253e-01 -1.02104444e-05  2.65840596e-08  1.43941167e-08 
 3.24005949e-05  1.99836799e-01  2.00581885e-01  2.00485460e-01 -1.00448573e-05  3.43544411e-08  2.20106508e-08 
 3.24009040e-05  1.99867170e-01  2.00545335e-01  2.00493393e-01 -1.01371034e-05  4.29163820e-08  3.10069089e-08 
 3.24013579e-05  1.99917090e-01  2.00482938e-01  2.00495177e-01 -1.05362694e-05  4.97473881e-08  4.23090424e-08 
 3.24014803e-05  1.99932202e-01  2.00464282e-01  2.00493668e-01 -1.10309458e-05  4.81172958e-08  4.49358780e-08 
 3.24016987e-05  1.99971126e-01  2.00428382e-01  2.00488866e-01 -1.32553368e-05  2.56456517e-08  4.88981855e-08 
 3.24018505e-05  2.00010067e-01  2.00399980e-01  2.00483874e-01 -1.67649676e-05 -1.80752009e-08  5.08141771e-08 
 3.24019760e-05  2.00054629e-01  2.00373514e-01  2.00478628e-01 -2.12927390e-05 -8.66112787e-08  5.15759433e-08 
 3.24021048e-05  2.00109841e-01  2.00342692e-01  2.00472071e-01 -2.77816533e-05 -2.00819315e-07  5.13011702e-08 
 3.24022555e-05  2.00185611e-01  2.00302047e-01  2.00462722e-01 -3.68617468e-05 -4.07082012e-07  4.93312047e-08 
 3.24023937e-05  2.00258395e-01  2.00259610e-01  2.00452398e-01 -4.54580532e-05 -6.79627235e-07  4.56715843e-08 
 3.24025185e-05  2.00322817e-01  2.00215791e-01  2.00441451e-01 -5.17857179e-05 -1.00913215e-06  4.05541823e-08 
 3.24026321e-05  2.00375470e-01  2.00169578e-01  2.00429961e-01 -5.52337829e-05 -1.39198700e-06  3.40979477e-08 
 3.24027593e-05  2.00425515e-01  2.00110341e-01  2.00415068e-01 -5.63370280e-05 -1.92891721e-06  2.45872185e-08 
 3.24028843e-05  2.00463019e-01  2.00048805e-01  2.00398211e-01 -5.67420929e-05 -2.56432000e-06  1.30852432e-08 
 3.24029794e-05  2.00484087e-01  2.00004035e-01  2.00383957e-01 -5.70234136e-05 -3.10863225e-06  3.22676299e-09 
 3.24030772e-05  2.00498456e-01  1.99962287e-01  2.00368197e-01 -5.72342700e-05 -3.71087419e-06 -7.60607155e-09 
 3.24031862e-05  2.00505847e-01  1.99921919e-01  2.00349590e-01 -5.73184413e-05 -4.41865414e-06 -2.02038702e-08 
 3.24032841e-05  2.00502421e-01  1.99892258e-01  2.00332206e-01 -5.71333185e-05 -5.07282456e-06 -3.16909340e-08 
 3.24033462e-05  2.00492110e-01  1.99877416e-01  2.00320990e-01 -5.67610520e-05 -5.48729562e-06 -3.88640815e-08 
 3.24033818e-05  2.00480074e-01  1.99870852e-01  2.00314537e-01 -5.63404953e-05 -5.72001035e-06 -4.28372533e-08 
 3.24034127e-05  2.00462149e-01  1.99866850e-01  2.00308941e-01 -5.57400084e-05 -5.91490646e-06 -4.61129881e-08 
 3.24034398e-05  2.00436434e-01  1.99865377e-01  2.00304056e-01 -5.48724734e-05 -6.07572270e-06 -4.87503072e-08 
 3.24034677e-05  2.00397130e-01  1.99867021e-01  2.00299085e-01 -5.35432576e-05 -6.22506398e-06 -5.10834444e-08 
 3.24035040e-05  2.00330857e-01  1.99876441e-01  2.00292780e-01 -5.10658788e-05 -6.38584543e-06 -5.32812201e-08 
 3.24035371e-05  2.00264627e-01  1.99893357e-01  2.00287277e-01 -4.82443019e-05 -6.49529018e-06 -5.43260572e-08 
 3.24035875e-05  2.00170035e-01  1.99931536e-01  2.00279594e-01 -4.33486794e-05 -6.59487222e-06 -5.42368747e-08 
 3.24036185e-05  2.00120213e-01  1.99960015e-01  2.00275355e-01 -4.02389537e-05 -6.61995095e-06 -5.33189354e-08 
 3.24036529e-05  2.00074558e-01  1.99992877e-01  2.00271139e-01 -3.68706107e-05 -6.62194616e-06 -5.17540809e-08 
 3.24036938e-05  2.00032077e-01  2.00030807e-01  2.00266770e-01 -3.31698559e-05 -6.59653369e-06 -4.93870814e-08 
 3.24037382e-05  1.99998918e-01  2.00068095e-01  2.00262764e-01 -2.95831013e-05 -6.54365779e-06 -4.64527278e-08 
 3.24037840e-05  1.99975703e-01  2.00100552e-01  2.00259344e-01 -2.64455213e-05 -6.47036615e-06 -4.32671456e-08 
 3.24038340e-05  1.99959604e-01  2.00128527e-01  2.00256281e-01 -2.35929771e-05 -6.37661036e-06 -3.97813842e-08 
 3.24038893e-05  1.99949320e-01  2.00151079e-01  2.00253512e-01 -2.10771291e-05 -6.26291303e-06 -3.60265686e-08 
 3.24039536e-05  1.99943759e-01  2.00167967e-01  2.00250872e-01 -1.87999712e-05 -6.12426157e-06 -3.18689675e-08 
 3.24040289e-05  1.99942449e-01  2.00178124e-01  2.00248266e-01 -1.68363448e-05 -5.95859914e-06 -2.72846118e-08 
 3.24041211e-05  1.99945251e-01  2.00180995e-01  2.00245413e-01 -1.51238968e-05 -5.75585301e-06 -2.20259119e-08 
 3.24042366e-05  1.99952610e-01  2.00175734e-01  2.00241933e-01 -1.37340291e-05 -5.50668998e-06 -1.58765136e-08 
 3.24043886e-05  1.99966093e-01  2.00161144e-01  2.00237008e-01 -1.26642439e-05 -5.19054421e-06 -8.34606633e-09 
 3.24045899e-05  1.99987727e-01  2.00135827e-01  2.00229381e-01 -1.20144756e-05 -4.79469638e-06  8.51825243e-10 
 3.24047949e-05  2.00012054e-01  2.00106781e-01  2.00220076e-01 -1.17501631e-05 -4.41952024e-06  9.41977976e-09 
 3.24050000e-05  2.00037284e-01  2.00075939e-01  2.00209145e-01 -1.16596630e-05 -4.07223428e-06  1.72495934e-08 
 3.24050034e-05  2.00033382e-01  2.00071306e-01  2.00208942e-01 -1.27238027e-05 -4.06715091e-06  1.71688968e-08 
 3.24050103e-05  2.00028008e-01  2.00062730e-01  2.00208525e-01 -1.32152041e-05 -4.05699011e-06  1.70265653e-08 
 3.24050241e-05  2.00025312e-01  2.00048404e-01  2.00207630e-01 -1.35181388e-05 -4.03655221e-06  1.68211047e-08 
 3.24050497e-05  2.00024128e-01  2.00026097e-01  2.00205793e-01 -1.40674822e-05 -3.99819306e-06  1.65331888e-08 
 3.24050865e-05  2.00022591e-01  1.99998700e-01  2.00202821e-01 -1.45966093e-05 -3.94279512e-06  1.62166222e-08 
 3.24051600e-05  2.00021643e-01  1.99957638e-01  2.00196014e-01 -1.52304741e-05 -3.83264579e-06  1.57931842e-08 
 3.24052976e-05  2.00020980e-01  1.99913931e-01  2.00181540e-01 -1.56388232e-05 -3.63285681e-06  1.52824647e-08 
 3.24054601e-05  2.00020973e-01  1.99890938e-01  2.00163338e-01 -1.57160582e-05 -3.40947383e-06  1.48016350e-08 
 3.24057469e-05  2.00020478e-01  1.99871895e-01  2.00131668e-01 -1.57164912e-05 -3.04791949e-06  1.39541807e-08 
 3.24060763e-05  2.00020314e-01  1.99858941e-01  2.00097519e-01 -1.57159959e-05 -2.67948095e-06  1.29869706e-08 
 3.24067351e-05  2.00019607e-01  1.99838799e-01  2.00037294e-01 -1.57137213e-05 -2.06862380e-06  1.11245518e-08 
 3.24080126e-05  2.00018925e-01  1.99817283e-01  1.99948058e-01 -1.57149854e-05 -1.24259161e-06  7.97368148e-09 
 3.24105675e-05  2.00017720e-01  1.99826925e-01  1.99856107e-01 -1.57127081e-05 -4.15411632e-07  3.64951151e-09 
 3.24156774e-05  2.00016988e-01  1.99967762e-01  1.99887689e-01 -1.57150333e-05 -3.75030086e-10  3.29500250e-10 
 3.24222063e-05  2.00016737e-01  2.00236404e-01  2.00119187e-01 -1.57135137e-05  2.95024151e-10  7.06188880e-11 
 3.24293759e-05  2.00017235e-01  2.00513601e-01  2.00408812e-01 -1.57149898e-05  2.65050290e-10  2.07410453e-10 
 3.24381870e-05  2.00017635e-01  2.00752334e-01  2.00682028e-01 -1.57122947e-05  1.85151346e-10  1.49108059e-10 
 3.24503365e-05  2.00018362e-01  2.00894922e-01  2.00868436e-01 -1.57135274e-05  6.17965312e-11  6.53030989e-11 
 3.24691818e-05  2.00018551e-01  2.00855291e-01  2.00863105e-01 -1.57117469e-05 -4.89296095e-11 -2.45562356e-11 
 3.25009515e-05  2.00018520e-01  2.00657725e-01  2.00661555e-01 -1.57142991e-05 -4.10968514e-11 -3.18135422e-11 
 3.25303994e-05  2.00018153e-01  2.00619465e-01  2.00605148e-01 -1.57124504e-05  7.02910061e-12  3.54868093e-12 
 3.25759061e-05  2.00018364e-01  2.00713048e-01  2.00697186e-01 -1.57139835e-05  1.93318107e-11  1.53189943e-11 
 3.26327530e-05  2.00018335e-01  2.00753663e-01  2.00745227e-01 -1.57121548e-05 -7.57365633e-12 -3.03991646e-12 
 3.27108866e-05  2.00018472e-01  2.00751970e-01  2.00740627e-01 -1.57141101e-05  5.29603271e-12  3.67253775e-12 
 3.28108866e-05  2.00018385e-01  2.00791685e-01  2.00780937e-01 -1.57121683e-05 -7.35008408e-13  2.00270757e-12 
 3.29108866e-05  2.00018580e-01  2.00796391e-01  2.00786769e-01 -1.57140798e-05  6.65874474e-13  7.55277514e-13 
 3.30108866e-05  2.00018453e-01  2.00803640e-01  2.00792878e-01 -1.57122038e-05 -9.24125360e-13  1.55678514e-12 
 3.31108866e-05  2.00018651e-01  2.00811417e-01  2.00801661e-01 -1.57140598e-05  1.28979618e-12  1.44450001e-12 
 3.32108866e-05  2.00018525e-01  2.00809764e-01  2.00799546e-01 -1.57122139e-05 -2.58810464e-12  2.99730238e-13 
 3.33108866e-05  2.00018712e-01  2.00814194e-01  2.00804103e-01 -1.57140597e-05  2.29432749e-12  2.14301629e-12 
 3.34108866e-05  2.00018594e-01  2.00813552e-01  2.00803588e-01 -1.57122108e-05 -3.30287360e-12 -1.29790113e-13 
 3.35108866e-05  2.00018774e-01  2.00814349e-01  2.00804202e-01 -1.57140637e-05  2.43707398e-12  2.16212286e-12 
 3.36108866e-05  2.00018658e-01  2.00815017e-01  2.00805042e-01 -1.57122083e-05 -3.25016034e-12 -2.18091062e-14 
 3.37108866e-05  2.00018839e-01  2.00814665e-01  2.00804583e-01 -1.57140646e-05  2.24448606e-12  1.97917241e-12 
 3.38108866e-05  2.00018721e-01  2.00815232e-01  2.00805202e-01 -1.57122088e-05 -3.09799278e-12  1.14225361e-13 
 3.39108866e-05  2.00018903e-01  2.00815074e-01  2.00805032e-01 -1.57140634e-05  2.14117179e-12  1.89054311e-12 
 3.40108866e-05  2.00018785e-01  2.00815199e-01  2.00805155e-01 -1.57122102e-05 -3.06747943e-12  1.46252802e-13 
 3.41108866e-05  2.00018967e-01  2.00815298e-01  2.00805257e-01 -1.57140621e-05  2.14925213e-12  1.88699295e-12 
 3.42108866e-05  2.00018848e-01  2.00815249e-01  2.00805212e-01 -1.57122113e-05 -3.09732079e-12  1.35488897e-13 
 3.43054433e-05  2.00019028e-01  2.00815371e-01  2.00805321e-01 -1.57140612e-05  2.17903061e-12  1.89631676e-12 
 3.44000000e-05  2.00018908e-01  2.00815344e-01  2.00805313e-01 -1.57122121e-05 -3.12006909e-12  1.31921926e-13 
 3.44000910e-05  1.99994695e-01  2.00761268e-01  2.00803413e-01 -1.83615219e-05 -7.83854633e-09 -4.08976376e-09 
 3.44002731e-05  1.99967889e-01  2.00702175e-01  2.00797671e-01 -1.99217991e-05 -1.79510655e-08 -1.12816079e-08 
 3.44005451e-05  1.99936286e-01  2.00706684e-01  2.00787013e-01 -2.03768053e-05 -2.46288082e-08 -2.03028186e-08 
 3.44008561e-05  1.99901291e-01  2.00744670e-01  2.00778654e-01 -2.21566442e-05 -2.72034219e-08 -2.94466169e-08 
 3.44011513e-05  1.99879224e-01  2.00787635e-01  2.00776141e-01 -2.63345899e-05 -1.64826482e-08 -3.68070324e-08 
 3.44014323e-05  1.99868678e-01  2.00834912e-01  2.00778812e-01 -3.36134214e-05  1.37020435e-08 -4.25905254e-08 
 3.44016729e-05  1.99871213e-01  2.00881225e-01  2.00785168e-01 -4.25410066e-05  6.27924787e-08 -4.64819277e-08 
 3.44018632e-05  1.99877854e-01  2.00921509e-01  2.00792953e-01 -5.14384683e-05  1.24112232e-07 -4.87694676e-08 
 3.44020101e-05  1.99886430e-01  2.00956207e-01  2.00800706e-01 -5.92532818e-05  1.91720414e-07 -4.99145966e-08 
 3.44021293e-05  1.99892712e-01  2.00986577e-01  2.00808189e-01 -6.61832543e-05  2.65793971e-07 -5.03355382e-08 
 3.44022306e-05  1.99897649e-01  2.01015198e-01  2.00815445e-01 -7.23110283e-05  3.48188236e-07 -5.01984922e-08 
 3.44023189e-05  1.99898842e-01  2.01042413e-01  2.00822498e-01 -7.77759325e-05  4.40524710e-07 -4.95895115e-08 
 3.44023973e-05  1.99896820e-01  2.01069454e-01  2.00829395e-01 -8.25507696e-05  5.44944260e-07 -4.85211829e-08 
 3.44024696e-05  1.99889894e-01  2.01097366e-01  2.00836352e-01 -8.68079404e-05  6.66754870e-07 -4.69525930e-08 
 3.44025428e-05  1.99878141e-01  2.01129521e-01  2.00844063e-01 -9.08067633e-05  8.22551310e-07 -4.46230739e-08 
 3.44026256e-05  1.99861572e-01  2.01170626e-01  2.00853700e-01 -9.49687518e-05  1.04447912e-06 -4.09627348e-08 
 3.44027140e-05  1.99845227e-01  2.01218579e-01  2.00865203e-01 -9.90535756e-05  1.33706473e-06 -3.58577880e-08 
 3.44028647e-05  1.99825764e-01  2.01301899e-01  2.00887728e-01 -1.05498878e-04  1.95407397e-06 -2.48239536e-08 
 3.44030082e-05  1.99818639e-01  2.01376758e-01  2.00912367e-01 -1.10994791e-04  2.65782782e-06 -1.22124221e-08 
 3.44031404e-05  1.99820803e-01  2.01437590e-01  2.00937329e-01 -1.15253078e-04  3.37906059e-06  5.74463435e-10 
 3.44032573e-05  1.99828612e-01  2.01482871e-01  2.00960763e-01 -1.17768150e-04  4.05319962e-06  1.23476986e-08 
 3.44033522e-05  1.99837916e-01  2.01511726e-01  2.00980387e-01 -1.17967877e-04  4.60745053e-06  2.18341414e-08 
 3.44034214e-05  1.99845470e-01  2.01525825e-01  2.00994806e-01 -1.15502583e-04  5.00042360e-06  2.83662612e-08 
 3.44034778e-05  1.99851207e-01  2.01530219e-01  2.01006480e-01 -1.10669962e-04  5.30066872e-06  3.31318457e-08 
 3.44035354e-05  1.99856071e-01  2.01525474e-01  2.01018130e-01 -1.03085272e-04  5.57485465e-06  3.71540244e-08 
 3.44036047e-05  1.99860126e-01  2.01506533e-01  2.01031462e-01 -9.15433879e-05  5.84663668e-06  4.05673465e-08 
 3.44036746e-05  1.99862105e-01  2.01474859e-01  2.01043853e-01 -7.86762999e-05  6.04846274e-06  4.23381131e-08 
 3.44037656e-05  1.99861601e-01  2.01422137e-01  2.01057951e-01 -6.24996896e-05  6.20096386e-06  4.23040924e-08 
 3.44038604e-05  1.99858016e-01  2.01363501e-01  2.01070037e-01 -4.84745778e-05  6.24213551e-06  4.00046725e-08 
 3.44039382e-05  1.99853327e-01  2.01319496e-01  2.01078050e-01 -3.98197882e-05  6.20410910e-06  3.69159124e-08 
 3.44040181e-05  1.99847396e-01  2.01282336e-01  2.01084743e-01 -3.33966898e-05  6.11688387e-06  3.30918177e-08 
 3.44041089e-05  1.99839742e-01  2.01251362e-01  2.01090880e-01 -2.85032809e-05  5.97805127e-06  2.83492791e-08 
 3.44041982e-05  1.99831603e-01  2.01231985e-01  2.01095822e-01 -2.55163944e-05  5.81600629e-06  2.35509486e-08 
 3.44042999e-05  1.99821935e-01  2.01221053e-01  2.01100630e-01 -2.35231846e-05  5.61627886e-06  1.81574948e-08 
 3.44044082e-05  1.99811353e-01  2.01219149e-01  2.01105273e-01 -2.23941148e-05  5.39665894e-06  1.26037682e-08 
 3.44045394e-05  1.99798389e-01  2.01225761e-01  2.01110747e-01 -2.17414608e-05  5.13235640e-06  6.22704738e-09 
 3.44046901e-05  1.99783393e-01  2.01240577e-01  2.01117324e-01 -2.14485090e-05  4.83795474e-06 -6.38211038e-10 
 3.44048450e-05  1.99767965e-01  2.01260170e-01  2.01124718e-01 -2.13463648e-05  4.54980863e-06 -7.20927611e-09 
 3.44050000e-05  1.99752545e-01  2.01282034e-01  2.01132914e-01 -2.13160100e-05  4.27749340e-06 -1.33313714e-08 
 3.44050018e-05  1.99754725e-01  2.01284519e-01  2.01133015e-01 -2.03749449e-05  4.27471310e-06 -1.32910467e-08 
 3.44050054e-05  1.99758156e-01  2.01289253e-01  2.01133220e-01 -1.99334024e-05  4.26917739e-06 -1.32159923e-08 
 3.44050125e-05  1.99761051e-01  2.01297689e-01  2.01133649e-01 -1.95326847e-05  4.25815814e-06 -1.30961159e-08 
 3.44050229e-05  1.99761774e-01  2.01308210e-01  2.01134310e-01 -1.91918927e-05  4.24205636e-06 -1.29637099e-08 
 3.44050416e-05  1.99761989e-01  2.01324850e-01  2.01135592e-01 -1.85654217e-05  4.21304961e-06 -1.27666980e-08 
 3.44050790e-05  1.99762109e-01  2.01353699e-01  2.01138465e-01 -1.76963894e-05  4.15490178e-06 -1.24662590e-08 
 3.44051537e-05  1.99762295e-01  2.01397047e-01  2.01145147e-01 -1.65937299e-05  4.03902574e-06 -1.20945291e-08 
 3.44053032e-05  1.99762462e-01  2.01445315e-01  2.01160589e-01 -1.58460500e-05  3.81300079e-06 -1.17360511e-08 
 3.44055192e-05  1.99762799e-01  2.01473540e-01  2.01184507e-01 -1.56618915e-05  3.50533933e-06 -1.14226566e-08 
 3.44057818e-05  1.99763120e-01  2.01490184e-01  2.01213184e-01 -1.56891064e-05  3.16344249e-06 -1.10078285e-08 
 3.44061617e-05  1.99763629e-01  2.01508200e-01  2.01252153e-01 -1.56554495e-05  2.72651295e-06 -1.03387574e-08 
 3.44068231e-05  1.99764349e-01  2.01533303e-01  2.01312563e-01 -1.56852072e-05  2.10272487e-06 -9.10448925e-09 
 3.44081460e-05  1.99765631e-01  2.01564138e-01  2.01407167e-01 -1.56522512e-05  1.23937639e-06 -6.70886786e-09 
 3.44107917e-05  1.99767323e-01  2.01564949e-01  2.01509113e-01 -1.56803701e-05  3.95015545e-07 -3.11964114e-09 
 3.44160832e-05  1.99768936e-01  2.01422110e-01  2.01482728e-01 -1.56469370e-05 -6.53828647e-09 -2.36076239e-10 
 3.44226475e-05  1.99769153e-01  2.01139177e-01  2.01241877e-01 -1.56762812e-05  5.40673424e-10 -7.41730341e-11 
 3.44305935e-05  1.99768676e-01  2.00816027e-01  2.00905121e-01 -1.56453285e-05 -4.58961662e-10 -2.18979672e-10 
 3.44393629e-05  1.99767928e-01  2.00569768e-01  2.00622016e-01 -1.56763217e-05 -1.45255098e-10 -1.51337249e-10 
 3.44519289e-05  1.99767215e-01  2.00422182e-01  2.00427342e-01 -1.56459030e-05 -7.58703220e-11 -6.09745903e-11 
 3.44700811e-05  1.99766801e-01  2.00468725e-01  2.00440027e-01 -1.56761479e-05  5.91826360e-11  2.69394637e-11 
 3.44984632e-05  1.99767064e-01  2.00664964e-01  2.00638622e-01 -1.56447054e-05  4.09973045e-11  3.83826094e-11 
 3.45283946e-05  1.99767342e-01  2.00727786e-01  2.00720399e-01 -1.56752479e-05 -2.38686024e-13  1.36233928e-12 
 3.45641973e-05  1.99767363e-01  2.00659918e-01  2.00656201e-01 -1.56449095e-05 -2.29543205e-11 -1.25774037e-11 
 3.46000000e-05  1.99767222e-01  2.00616546e-01  2.00607062e-01 -1.56756000e-05  7.74530830e-13 -1.01312714e-12 
 3.46000176e-05  1.99772447e-01  2.00628315e-01  2.00607140e-01 -1.43562082e-05  1.17642602e-09  4.13783928e-09 
 3.46000528e-05  1.99775729e-01  2.00647208e-01  2.00607428e-01 -1.37286409e-05  3.33786622e-09  1.24671250e-08 
 3.46001144e-05  1.99775933e-01  2.00669765e-01  2.00608427e-01 -1.33290174e-05  6.43427432e-09  2.66498259e-08 
 3.46001780e-05  1.99778443e-01  2.00686088e-01  2.00609922e-01 -1.29793603e-05  9.10947054e-09  4.07684407e-08 
 3.46003053e-05  1.99780840e-01  2.00701621e-01  2.00613590e-01 -1.28558042e-05  1.38116860e-08  6.78421786e-08 
 3.46005598e-05  1.99787711e-01  2.00704455e-01  2.00621284e-01 -1.27333937e-05  2.22700911e-08  1.17927177e-07 
 3.46009499e-05  1.99796757e-01  2.00688310e-01  2.00630701e-01 -1.28393702e-05  3.38618269e-08  1.86022981e-07 
 3.46015271e-05  1.99819434e-01  2.00658933e-01  2.00637509e-01 -1.43282291e-05  4.70176290e-08  2.70863225e-07 
 3.46016787e-05  1.99833843e-01  2.00649602e-01  2.00637905e-01 -1.59923662e-05  4.86001555e-08  2.90032593e-07 
 3.46018136e-05  1.99857048e-01  2.00639354e-01  2.00637723e-01 -1.89588748e-05  4.78665276e-08  3.05011563e-07 
 3.46019360e-05  1.99887276e-01  2.00628122e-01  2.00637053e-01 -2.34902541e-05  4.49515931e-08  3.16200879e-07 
 3.46020632e-05  1.99930791e-01  2.00614462e-01  2.00635774e-01 -3.00340148e-05  3.91055029e-08  3.24517464e-07 
 3.46021991e-05  1.99987551e-01  2.00597185e-01  2.00633658e-01 -3.90309769e-05  2.93544628e-08  3.28696053e-07 
 3.46023454e-05  2.00057294e-01  2.00575496e-01  2.00630396e-01 -4.97126712e-05  1.46619766e-08  3.26550227e-07 
 3.46024854e-05  2.00125364e-01  2.00550611e-01  2.00626181e-01 -5.93687117e-05 -3.82108027e-09  3.16820391e-07 
 3.46026053e-05  2.00181019e-01  2.00524477e-01  2.00621562e-01 -6.55387956e-05 -2.37727239e-08  3.01317683e-07 
 3.46027347e-05  2.00234004e-01  2.00490443e-01  2.00615300e-01 -6.96033793e-05 -4.98921253e-08  2.76050236e-07 
 3.46028531e-05  2.00275008e-01  2.00457043e-01  2.00608283e-01 -7.24575121e-05 -7.64983553e-08  2.45316621e-07 
 3.46029787e-05  2.00309461e-01  2.00425626e-01  2.00599611e-01 -7.54478930e-05 -1.04643513e-07  2.06409545e-07 
 3.46030959e-05  2.00333188e-01  2.00403287e-01  2.00590673e-01 -7.77970615e-05 -1.29078290e-07  1.65904302e-07 
 3.46032056e-05  2.00346673e-01  2.00389555e-01  2.00581902e-01 -7.95925824e-05 -1.49379865e-07  1.25743372e-07 
 3.46032917e-05  2.00349142e-01  2.00384295e-01  2.00574955e-01 -8.04174686e-05 -1.62874506e-07  9.35891340e-08 
 3.46033452e-05  2.00343734e-01  2.00384042e-01  2.00570703e-01 -8.05834459e-05 -1.69576745e-07  7.38370772e-08 
 3.46033778e-05  2.00335044e-01  2.00385416e-01  2.00568168e-01 -8.03483230e-05 -1.72594782e-07  6.21414420e-08 
 3.46034083e-05  2.00319245e-01  2.00388337e-01  2.00565845e-01 -7.97914725e-05 -1.74136640e-07  5.16585920e-08 
 3.46034356e-05  2.00294570e-01  2.00392955e-01  2.00563832e-01 -7.87450779e-05 -1.73796716e-07  4.30011110e-08 
 3.46034637e-05  2.00256058e-01  2.00400871e-01  2.00561859e-01 -7.69827454e-05 -1.70937112e-07  3.52509651e-08 
 3.46034988e-05  2.00193603e-01  2.00417337e-01  2.00559585e-01 -7.36624909e-05 -1.62982019e-07  2.77451858e-08 
 3.46035325e-05  2.00128332e-01  2.00440668e-01  2.00557702e-01 -6.95331944e-05 -1.50936642e-07  2.31549849e-08 
 3.46035845e-05  2.00033992e-01  2.00487301e-01  2.00555569e-01 -6.20754563e-05 -1.26390400e-07  2.08688444e-08 
 3.46036147e-05  1.99986957e-01  2.00517952e-01  2.00554813e-01 -5.74849705e-05 -1.10101464e-07  2.19142518e-08 
 3.46036482e-05  1.99943142e-01  2.00552179e-01  2.00554416e-01 -5.24681502e-05 -9.17330760e-08  2.46648490e-08 
 3.46036892e-05  1.99900342e-01  2.00591706e-01  2.00554538e-01 -4.67218402e-05 -7.01438570e-08  2.97505042e-08 
 3.46037329e-05  1.99866259e-01  2.00629170e-01  2.00555333e-01 -4.12389233e-05 -4.92213790e-08  3.66591959e-08 
 3.46037790e-05  1.99840136e-01  2.00662457e-01  2.00556804e-01 -3.62646846e-05 -3.00939207e-08  4.50191527e-08 
 3.46038288e-05  1.99820283e-01  2.00691091e-01  2.00558972e-01 -3.18213945e-05 -1.30456158e-08  5.47230521e-08 
 3.46038850e-05  1.99804849e-01  2.00715490e-01  2.00561959e-01 -2.78270992e-05  2.14392767e-09  6.60776362e-08 
 3.46039497e-05  1.99793044e-01  2.00735325e-01  2.00565879e-01 -2.43316163e-05  1.52177970e-08  7.92575610e-08 
 3.46040265e-05  1.99784048e-01  2.00750814e-01  2.00570937e-01 -2.13369336e-05  2.62038902e-08  9.47453783e-08 
 3.46041197e-05  1.99777467e-01  2.00762298e-01  2.00577358e-01 -1.88780680e-05  3.51323264e-08  1.13061626e-07 
 3.46042367e-05  1.99773104e-01  2.00770727e-01  2.00585552e-01 -1.69527395e-05  4.23754270e-08  1.35243081e-07 
 3.46043875e-05  1.99771276e-01  2.00777271e-01  2.00595996e-01 -1.55884521e-05  4.84179080e-08  1.62459421e-07 
 3.46045845e-05  1.99772502e-01  2.00783183e-01  2.00609203e-01 -1.47761635e-05  5.38735786e-08  1.95934418e-07 
 3.46047922e-05  1.99776003e-01  2.00788168e-01  2.00622484e-01 -1.44520551e-05  5.83072950e-08  2.28983555e-07 
 3.46050000e-05  1.99780346e-01  2.00792490e-01  2.00635076e-01 -1.43318906e-05  6.20753059e-08  2.60066094e-07 
 3.46050050e-05  1.99777065e-01  2.00788553e-01  2.00635360e-01 -1.52526692e-05  6.18144081e-08  2.59517369e-07 
 3.46050149e-05  1.99772991e-01  2.00781589e-01  2.00635912e-01 -1.55627819e-05  6.13155204e-08  2.58166778e-07 
 3.46050347e-05  1.99771408e-01  2.00771039e-01  2.00636941e-01 -1.55513796e-05  6.04550205e-08  2.55118261e-07 
 3.46050677e-05  1.99770058e-01  2.00756992e-01  2.00638479e-01 -1.56807416e-05  5.92785621e-08  2.50308412e-07 
 3.46051253e-05  1.99768657e-01  2.00738107e-01  2.00640735e-01 -1.56945359e-05  5.76418006e-08  2.42198065e-07 
 3.46052406e-05  1.99767947e-01  2.00717384e-01  2.00644203e-01 -1.57414309e-05  5.49703084e-08  2.27044118e-07 
 3.46053842e-05  1.99767634e-01  2.00710601e-01  2.00647541e-01 -1.56980489e-05  5.19640746e-08  2.09634277e-07 
 3.46056168e-05  1.99767427e-01  2.00716575e-01  2.00652520e-01 -1.57201444e-05  4.73986391e-08  1.84543839e-07 
 3.46060364e-05  1.99766858e-01  2.00739770e-01  2.00662681e-01 -1.56918511e-05  4.01208559e-08  1.47208182e-07 
 3.46068756e-05  1.99766189e-01  2.00792494e-01  2.00689533e-01 -1.57174584e-05  2.87158679e-08  9.52243804e-08 
 3.46085541e-05  1.99765132e-01  2.00905784e-01  2.00764714e-01 -1.56904053e-05  1.45075164e-08  4.31039139e-08 
 3.46119109e-05  1.99764531e-01  2.01143387e-01  2.00965422e-01 -1.57161761e-05  3.20839921e-09  1.48240002e-08 
 3.46186247e-05  1.99764956e-01  2.01552934e-01  2.01392626e-01 -1.56920547e-05 -2.29516551e-11  8.54903833e-09 
 3.46249539e-05  1.99766135e-01  2.01788765e-01  2.01692232e-01 -1.57194728e-05  3.09549505e-10  5.02433158e-09 
 3.46336901e-05  1.99767216e-01  2.01856776e-01  2.01845444e-01 -1.56954861e-05  2.51501667e-11  2.64560187e-09 
 3.46434693e-05  1.99767919e-01  2.01681773e-01  2.01731291e-01 -1.57228590e-05 -1.43667161e-10  1.21667391e-09 
 3.46627363e-05  1.99767572e-01  2.01108578e-01  2.01181573e-01 -1.56999181e-05 -2.40034051e-10 -1.87563170e-12 
 3.46809907e-05  1.99766754e-01  2.00685458e-01  2.00719055e-01 -1.57267932e-05 -1.31233124e-10 -2.62395452e-10 
 3.47066411e-05  1.99765912e-01  2.00529987e-01  2.00515925e-01 -1.57011521e-05  4.63673024e-12 -1.57272903e-10 
 3.47308101e-05  1.99765983e-01  2.00622792e-01  2.00599507e-01 -1.57260912e-05  3.89958948e-11  1.29027601e-11 
 3.47685994e-05  1.99766156e-01  2.00708543e-01  2.00698645e-01 -1.57001845e-05  8.78182076e-15  4.80622475e-11 
 3.48087998e-05  1.99766274e-01  2.00659906e-01  2.00655146e-01 -1.57259529e-05 -1.45477196e-11 -3.36883489e-12 
 3.48711148e-05  1.99766070e-01  2.00607113e-01  2.00596515e-01 -1.57004616e-05 -3.26685293e-14 -1.22296327e-11 
 3.49592189e-05  1.99766193e-01  2.00610257e-01  2.00600565e-01 -1.57259035e-05 -5.24777704e-14  1.77246859e-11 
 3.50592189e-05  1.99766101e-01  2.00582472e-01  2.00573461e-01 -1.57004270e-05 -4.48298061e-12 -8.54276898e-12 
 3.51592189e-05  1.99766183e-01  2.00576075e-01  2.00565431e-01 -1.57259351e-05  2.32477449e-12  1.17488317e-11 
 3.52592189e-05  1.99766122e-01  2.00573956e-01  2.00564585e-01 -1.57004009e-05 -3.23086783e-12 -1.56886261e-12 
 3.53592189e-05  1.99766211e-01  2.00566417e-01  2.00556153e-01 -1.57259440e-05  1.05499225e-12  8.04327975e-12 
 3.54592189e-05  1.99766142e-01  2.00568435e-01  2.00558524e-01 -1.57004016e-05 -1.62124459e-12  7.75502167e-14 
 3.55592189e-05  1.99766245e-01  2.00565361e-01  2.00555373e-01 -1.57259361e-05  2.42360385e-13  8.43127456e-12 
 3.56592189e-05  1.99766168e-01  2.00565368e-01  2.00555304e-01 -1.57004106e-05 -1.19435148e-12 -9.39636606e-13 
 3.57592189e-05  1.99766276e-01  2.00565401e-01  2.00555405e-01 -1.57259277e-05  2.77342385e-13  9.62043878e-12 
 3.58592189e-05  1.99766199e-01  2.00564507e-01  2.00554494e-01 -1.57004169e-05 -1.34458026e-12 -1.78343977e-12 
 3.59592189e-05  1.99766306e-01  2.00565086e-01  2.00555018e-01 -1.57259231e-05  4.75580512e-13  1.01264194e-11 
 3.60592189e-05  1.99766231e-01  2.00564564e-01  2.00554598e-01 -1.57004204e-05 -1.46640382e-12 -1.98262245e-12 
 3.61592189e-05  1.99766336e-01  2.00564792e-01  2.00554698e-01 -1.57259199e-05  5.33210628e-13  1.01790340e-11 
 3.62592189e-05  1.99766262e-01  2.00564687e-01  2.00554724e-01 -1.57004236e-05 -1.46118924e-12 -1.98226293e-12 
 3.63592189e-05  1.99766368e-01  2.00564717e-01  2.00554629e-01 -1.57259165e-05  5.02154958e-13  1.02004999e-11 
 3.64592189e-05  1.99766293e-01  2.00564706e-01  2.00554734e-01 -1.57004272e-05 -1.42183097e-12 -2.04168350e-12 
 3.65296094e-05  1.99766394e-01  2.00564761e-01  2.00554682e-01 -1.57259118e-05  4.66968911e-13  1.03192656e-11 
 3.66000000e-05  1.99766315e-01  2.00564684e-01  2.00554706e-01 -1.57004328e-05 -1.39764502e-12 -2.20627732e-12 
 3.66000992e-05  1.99754502e-01  2.00524643e-01  2.00553175e-01 -1.70393000e-05 -4.96783738e-09 -2.79004241e-08 
 3.66002977e-05  1.99746581e-01  2.00479926e-01  2.00548523e-01 -1.73435755e-05 -1.31707015e-08 -8.18314926e-08 
 3.66005902e-05  1.99742395e-01  2.00476673e-01  2.00539654e-01 -1.78119034e-05 -2.27411963e-08 -1.53614057e-07 
 3.66009221e-05  1.99740770e-01  2.00493094e-01  2.00531588e-01 -2.00930385e-05 -3.23714607e-08 -2.25327415e-07 
 3.66011361e-05  1.99746775e-01  2.00506335e-01  2.00528147e-01 -2.31945445e-05 -3.73730269e-08 -2.65997287e-07 
 3.66013846e-05  1.99760971e-01  2.00524284e-01  2.00525983e-01 -2.91235680e-05 -4.21633156e-08 -3.07353074e-07 
 3.66016270e-05  1.99784618e-01  2.00545393e-01  2.00525875e-01 -3.73698788e-05 -4.56122288e-08 -3.41397443e-07 
 3.66018225e-05  1.99808544e-01  2.00564719e-01  2.00527317e-01 -4.58562785e-05 -4.71701411e-08 -3.63912935e-07 
 3.66019756e-05  1.99830167e-01  2.00582417e-01  2.00529468e-01 -5.34557864e-05 -4.72058121e-08 -3.78116420e-07 
 3.66020996e-05  1.99847192e-01  2.00598299e-01  2.00531930e-01 -6.01672855e-05 -4.60539766e-08 -3.86999676e-07 
 3.66022041e-05  1.99860607e-01  2.00613737e-01  2.00534553e-01 -6.60060149e-05 -4.38231160e-08 -3.92298959e-07 
 3.66022945e-05  1.99869154e-01  2.00628774e-01  2.00537278e-01 -7.10995048e-05 -4.05043769e-08 -3.94791867e-07 
 3.66023743e-05  1.99873198e-01  2.00644163e-01  2.00540080e-01 -7.54083239e-05 -3.60085455e-08 -3.94947699e-07 
 3.66024468e-05  1.99871709e-01  2.00660324e-01  2.00542998e-01 -7.90393575e-05 -3.01209290e-08 -3.92885650e-07 
 3.66025177e-05  1.99864710e-01  2.00678907e-01  2.00546256e-01 -8.21147100e-05 -2.21742495e-08 -3.88310549e-07 
 3.66026008e-05  1.99850946e-01  2.00704473e-01  2.00550687e-01 -8.50855706e-05 -9.84240426e-09 -3.79036162e-07 
 3.66026811e-05  1.99836411e-01  2.00732034e-01  2.00555665e-01 -8.73839663e-05  4.56365331e-09 -3.65884421e-07 
 3.66028051e-05  1.99816728e-01  2.00775303e-01  2.00564761e-01 -9.03479608e-05  2.91455721e-08 -3.37912342e-07 
 3.66029072e-05  1.99804580e-01  2.00808492e-01  2.00573452e-01 -9.24517192e-05  4.98530495e-08 -3.08632835e-07 
 3.66030224e-05  1.99795394e-01  2.00840695e-01  2.00584315e-01 -9.46021474e-05  7.21923972e-08 -2.70002252e-07 
 3.66031538e-05  1.99790159e-01  2.00869100e-01  2.00597663e-01 -9.65267487e-05  9.52982725e-08 -2.20374074e-07 
 3.66032853e-05  1.99789650e-01  2.00886895e-01  2.00611511e-01 -9.72014784e-05  1.14693825e-07 -1.67025081e-07 
 3.66033739e-05  1.99791246e-01  2.00890847e-01  2.00620820e-01 -9.56750975e-05  1.24479364e-07 -1.30599154e-07 
 3.66034374e-05  1.99792670e-01  2.00887217e-01  2.00627293e-01 -9.20413483e-05  1.28518620e-07 -1.05549232e-07 
 3.66034930e-05  1.99793592e-01  2.00876961e-01  2.00632682e-01 -8.63962431e-05  1.28726316e-07 -8.54818341e-08 
 3.66035542e-05  1.99794021e-01  2.00856184e-01  2.00638094e-01 -7.81083655e-05  1.24452659e-07 -6.66177267e-08 
 3.66036233e-05  1.99793766e-01  2.00821404e-01  2.00643294e-01 -6.73486808e-05  1.14049602e-07 -5.03093793e-08 
 3.66036997e-05  1.99792701e-01  2.00772918e-01  2.00647620e-01 -5.53681453e-05  9.71019296e-08 -3.89278822e-08 
 3.66037998e-05  1.99790426e-01  2.00703052e-01  2.00650773e-01 -4.17362354e-05  7.01674539e-08 -3.39398197e-08 
 3.66038818e-05  1.99788179e-01  2.00647844e-01  2.00651246e-01 -3.34407088e-05  4.73497634e-08 -3.69494753e-08 
 3.66039549e-05  1.99786081e-01  2.00604661e-01  2.00650236e-01 -2.81820825e-05  2.85637050e-08 -4.36420664e-08 
 3.66040355e-05  1.99783779e-01  2.00565510e-01  2.00647850e-01 -2.42706071e-05  1.06760377e-08 -5.40444844e-08 
 3.66041259e-05  1.99781259e-01  2.00531980e-01  2.00643975e-01 -2.15911108e-05 -5.51115400e-09 -6.81212662e-08 
 3.66042185e-05  1.99778766e-01  2.00507456e-01  2.00639091e-01 -2.00760292e-05 -1.81603610e-08 -8.40211117e-08 
 3.66043221e-05  1.99776062e-01  2.00488964e-01  2.00632961e-01 -1.92151395e-05 -2.84929588e-08 -1.02546417e-07 
 3.66044362e-05  1.99773171e-01  2.00476115e-01  2.00625804e-01 -1.88022953e-05 -3.64765709e-08 -1.23019968e-07 
 3.66045726e-05  1.99769784e-01  2.00466941e-01  2.00617078e-01 -1.86247844e-05 -4.30417619e-08 -1.46950229e-07 
 3.66047340e-05  1.99765843e-01  2.00460690e-01  2.00606863e-01 -1.85795598e-05 -4.84320773e-08 -1.74028319e-07 
 3.66048670e-05  1.99762624e-01  2.00457398e-01  2.00598683e-01 -1.85767705e-05 -5.18216927e-08 -1.95186098e-07 
 3.66050000e-05  1.99759429e-01  2.00454864e-01  2.00590777e-01 -1.85822143e-05 -5.47327574e-08 -2.15290620e-07 
 3.66050015e-05  1.99760657e-01  2.00456165e-01  2.00590690e-01 -1.78315509e-05 -5.46575767e-08 -2.15184462e-07 
 3.66050045e-05  1.99762743e-01  2.00458654e-01  2.00590520e-01 -1.75372589e-05 -5.45057339e-08 -2.14949241e-07 
 3.66050104e-05  1.99764901e-01  2.00463086e-01  2.00590187e-01 -1.72606944e-05 -5.42035655e-08 -2.14400585e-07 
 3.66050193e-05  1.99765650e-01  2.00468520e-01  2.00589711e-01 -1.71486080e-05 -5.37871556e-08 -2.13558499e-07 
 3.66050332e-05  1.99765826e-01  2.00475648e-01  2.00589004e-01 -1.69111504e-05 -5.31948400e-08 -2.12274509e-07 
 3.66050609e-05  1.99765872e-01  2.00487979e-01  2.00587711e-01 -1.66125122e-05 -5.21630014e-08 -2.09768436e-07 
 3.66051164e-05  1.99765969e-01  2.00507282e-01  2.00585513e-01 -1.61555085e-05 -5.05253528e-08 -2.04962478e-07 
 3.66052274e-05  1.99766048e-01  2.00529351e-01  2.00582160e-01 -1.58019343e-05 -4.81081254e-08 -1.95933836e-07 
 3.66054493e-05  1.99766276e-01  2.00538372e-01  2.00577202e-01 -1.56420838e-05 -4.42619582e-08 -1.79420201e-07 
 3.66057475e-05  1.99766550e-01  2.00526129e-01  2.00571013e-01 -1.56885258e-05 -3.94926619e-08 -1.59565105e-07 
 3.66061886e-05  1.99766957e-01  2.00501464e-01  2.00560110e-01 -1.56610127e-05 -3.31574489e-08 -1.34134280e-07 
 3.66069221e-05  1.99767488e-01  2.00457251e-01  2.00536884e-01 -1.56877972e-05 -2.47805647e-08 -1.00371718e-07 
 3.66083890e-05  1.99768293e-01  2.00360753e-01  2.00474320e-01 -1.56624273e-05 -1.37127995e-08 -5.55049349e-08 
 3.66113228e-05  1.99769015e-01  2.00152981e-01  2.00306087e-01 -1.56874601e-05 -3.86012473e-09 -1.50187182e-08 
 3.66171905e-05  1.99768872e-01  1.99767606e-01  1.99921881e-01 -1.56592935e-05 -1.19515462e-10  8.15094203e-10 
 3.66247297e-05  1.99767648e-01  1.99444629e-01  1.99530166e-01 -1.56815693e-05 -3.46517583e-10 -4.58796129e-10 
 3.66327392e-05  1.99766536e-01  1.99348544e-01  1.99353407e-01 -1.56538142e-05 -6.57335061e-11 -7.29860554e-11 
 3.66428860e-05  1.99765801e-01  1.99491716e-01  1.99429445e-01 -1.56768856e-05  1.19690660e-10  2.98647576e-11 
 3.66582821e-05  1.99765879e-01  1.99932589e-01  1.99841182e-01 -1.56488356e-05  2.29416041e-10  1.56776543e-10 
 3.66787337e-05  1.99766769e-01  2.00434475e-01  2.00375292e-01 -1.56722597e-05  1.45706778e-10  1.11593075e-10 
 3.67008901e-05  1.99767550e-01  2.00625677e-01  2.00611505e-01 -1.56466920e-05  1.87121922e-11  2.69674584e-11 
 3.67269006e-05  1.99767693e-01  2.00559648e-01  2.00563072e-01 -1.56726275e-05 -3.92243074e-11 -2.54925622e-11 
 3.67650540e-05  1.99767463e-01  2.00452099e-01  2.00444203e-01 -1.56477558e-05 -7.86474943e-12 -6.72981180e-12 
 3.68000000e-05  1.99767386e-01  2.00479339e-01  2.00464313e-01 -1.56728932e-05  1.29097364e-11  9.61152235e-12 
 3.68000187e-05  1.99776411e-01  2.00497031e-01  2.00464481e-01 -1.38256609e-05  2.72363323e-09  9.97877440e-10 
 3.68000560e-05  1.99783581e-01  2.00525678e-01  2.00465028e-01 -1.25313224e-05  7.62866455e-09  2.81122113e-09 
 3.68001308e-05  1.99789245e-01  2.00562906e-01  2.00467066e-01 -1.12873180e-05  1.47173212e-08  5.99451678e-09 
 3.68002025e-05  1.99797930e-01  2.00583798e-01  2.00469790e-01 -1.05959287e-05  1.93691961e-08  8.78270518e-09 
 3.68003460e-05  1.99811230e-01  2.00596452e-01  2.00475946e-01 -1.02288347e-05  2.60327019e-08  1.39049562e-08 
 3.68005799e-05  1.99835843e-01  2.00583739e-01  2.00485253e-01 -1.00438312e-05  3.39100460e-08  2.15471901e-08 
 3.68008786e-05  1.99865157e-01  2.00548907e-01  2.00493263e-01 -1.01341878e-05  4.22635164e-08  3.03085572e-08 
 3.68013220e-05  1.99913353e-01  2.00488541e-01  2.00495777e-01 -1.04316333e-05  4.99652009e-08  4.15022359e-08 
 3.68014594e-05  1.99929879e-01  2.00467800e-01  2.00494298e-01 -1.09172285e-05  4.88791937e-08  4.45041699e-08 
 3.68016742e-05  1.99966482e-01  2.00432951e-01  2.00489855e-01 -1.28579380e-05  3.00777045e-08  4.85120022e-08 
 3.68018216e-05  2.00002015e-01  2.00405966e-01  2.00485250e-01 -1.59286458e-05 -6.75791125e-09  5.05232916e-08 
 3.68019454e-05  2.00043485e-01  2.00380563e-01  2.00480321e-01 -2.00022552e-05 -6.63204923e-08  5.14741859e-08 
 3.68020730e-05  2.00095776e-01  2.00350900e-01  2.00474118e-01 -2.60421725e-05 -1.67815125e-07  5.14767586e-08 
 3.68022099e-05  2.00162572e-01  2.00315209e-01  2.00466065e-01 -3.39850487e-05 -3.35354413e-07  5.01331193e-08 
 3.68023559e-05  2.00238934e-01  2.00272057e-01  2.00455712e-01 -4.31962325e-05 -5.96189546e-07  4.68632204e-08 
 3.68024969e-05  2.00312572e-01  2.00224181e-01  2.00443777e-01 -5.08479878e-05 -9.45804460e-07  4.15746033e-08 
 3.68026164e-05  2.00369145e-01  2.00176685e-01  2.00431945e-01 -5.49261865e-05 -1.33434753e-06  3.50916903e-08 
 3.68027448e-05  2.00420945e-01  2.00117738e-01  2.00417185e-01 -5.62806775e-05 -1.86227421e-06  2.57830853e-08 
 3.68028654e-05  2.00458580e-01  2.00058370e-01  2.00401213e-01 -5.66850429e-05 -2.46220204e-06  1.49358624e-08 
 3.68029721e-05  2.00483254e-01  2.00007709e-01  2.00385405e-01 -5.70042576e-05 -3.06537021e-06  4.00772444e-09 
 3.68030732e-05  2.00498542e-01  1.99964273e-01  2.00369179e-01 -5.72270866e-05 -3.68545922e-06 -7.15134474e-09 
 3.68031819e-05  2.00506294e-01  1.99923718e-01  2.00350650e-01 -5.73197273e-05 -4.39052555e-06 -1.97069026e-08 
 3.68032809e-05  2.00503273e-01  1.99893482e-01  2.00333106e-01 -5.71452300e-05 -5.05114135e-06 -3.13137128e-08 
 3.68033444e-05  2.00493097e-01  1.99878147e-01  2.00321635e-01 -5.67770620e-05 -5.47540837e-06 -3.86604849e-08 
 3.68033806e-05  2.00481093e-01  1.99871386e-01  2.00315058e-01 -5.63566764e-05 -5.71285699e-06 -4.27165106e-08 
 3.68034115e-05  2.00463504e-01  1.99867312e-01  2.00309462e-01 -5.57677787e-05 -5.90808732e-06 -4.60001273e-08 
 3.68034385e-05  2.00438375e-01  1.99865743e-01  2.00304595e-01 -5.49191808e-05 -6.06879358e-06 -4.86392266e-08 
 3.68034663e-05  2.00399882e-01  1.99867195e-01  2.00299649e-01 -5.36210841e-05 -6.21818309e-06 -5.09807410e-08 
 3.68034991e-05  2.00340858e-01  1.99874976e-01  2.00293934e-01 -5.14400747e-05 -6.36670235e-06 -5.30497820e-08 
 3.68035336e-05  2.00272100e-01  1.99891574e-01  2.00288162e-01 -4.85616979e-05 -6.48553180e-06 -5.42615364e-08 
 3.68035801e-05  2.00183568e-01  1.99925601e-01  2.00280988e-01 -4.40883567e-05 -6.58485330e-06 -5.43620507e-08 
 3.68036134e-05  2.00128499e-01  1.99955611e-01  2.00276351e-01 -4.07497228e-05 -6.61731112e-06 -5.35025329e-08 
 3.68036471e-05  2.00082087e-01  1.99987796e-01  2.00272131e-01 -3.74175481e-05 -6.62315542e-06 -5.20444824e-08 
 3.68036866e-05  2.00039155e-01  2.00024778e-01  2.00267806e-01 -3.37886048e-05 -6.60268715e-06 -4.98262573e-08 
 3.68037314e-05  2.00003786e-01  2.00063083e-01  2.00263657e-01 -3.00986135e-05 -6.55306533e-06 -4.69167712e-08 
 3.68037762e-05  1.99979525e-01  2.00095876e-01  2.00260203e-01 -2.69406851e-05 -6.48372082e-06 -4.38094193e-08 
 3.68038260e-05  1.99962190e-01  2.00124934e-01  2.00257055e-01 -2.40078237e-05 -6.39219424e-06 -4.03320408e-08 
 3.68038797e-05  1.99951189e-01  2.00148113e-01  2.00254279e-01 -2.14721392e-05 -6.28300067e-06 -3.66640935e-08 
 3.68039430e-05  1.99944848e-01  2.00166138e-01  2.00251600e-01 -1.91309810e-05 -6.14726629e-06 -3.25356850e-08 
 3.68040157e-05  1.99942907e-01  2.00177298e-01  2.00249025e-01 -1.71385541e-05 -5.98766119e-06 -2.80672416e-08 
 3.68041055e-05  1.99945048e-01  2.00181419e-01  2.00246213e-01 -1.53690745e-05 -5.78998959e-06 -2.28922089e-08 
 3.68042159e-05  1.99951568e-01  2.00177525e-01  2.00242896e-01 -1.39389886e-05 -5.55086200e-06 -1.69499147e-08 
 3.68043620e-05  1.99964005e-01  2.00164445e-01  2.00238246e-01 -1.28041205e-05 -5.24479085e-06 -9.62407101e-09 
 3.68045535e-05  1.99984094e-01  2.00141051e-01  2.00231198e-01 -1.20930879e-05 -4.86412834e-06 -7.48901216e-10 
 3.68047767e-05  2.00010311e-01  2.00109809e-01  2.00221301e-01 -1.17634987e-05 -4.45156104e-06  8.69283065e-09 
 3.68050000e-05  2.00037747e-01  2.00076310e-01  2.00209483e-01 -1.16594082e-05 -4.07211482e-06  1.72526242e-08 
 3.68050040e-05  2.00033416e-01  2.00070962e-01  2.00209244e-01 -1.27624790e-05 -4.06617628e-06  1.71601639e-08 
 3.68050121e-05  2.00027796e-01  2.00061152e-01  2.00208753e-01 -1.32770552e-05 -4.05429849e-06  1.69999631e-08 
 3.68050281e-05  2.00025504e-01  2.00044978e-01  2.00207691e-01 -1.36003060e-05 -4.03038318e-06  1.67730562e-08 
 3.68050570e-05  2.00024252e-01  2.00020642e-01  2.00205570e-01 -1.42010648e-05 -3.98708277e-06  1.64653357e-08 
 3.68050971e-05  2.00022802e-01  1.99992065e-01  2.00202238e-01 -1.47103036e-05 -3.92665751e-06  1.61448719e-08 
 3.68051774e-05  2.00021973e-01  1.99950578e-01  2.00194625e-01 -1.53259721e-05 -3.80688302e-06  1.57194092e-08 
 3.68053183e-05  2.00021410e-01  1.99910300e-01  2.00179595e-01 -1.56511828e-05 -3.60360476e-06  1.52221622e-08 
 3.68054962e-05  2.00021363e-01  1.99887973e-01  2.00159631e-01 -1.57263318e-05 -3.36167139e-06  1.46978228e-08 
 3.68057851e-05  2.00020865e-01  1.99870606e-01  2.00127909e-01 -1.57089574e-05 -3.00263978e-06  1.38433028e-08 
 3.68061469e-05  2.00020657e-01  1.99856824e-01  2.00090906e-01 -1.57222996e-05 -2.60634211e-06  1.27836499e-08 
 3.68068705e-05  2.00019892e-01  1.99835847e-01  2.00026540e-01 -1.57074181e-05 -1.96097453e-06  1.07611628e-08 
 3.68083176e-05  2.00019108e-01  1.99815490e-01  1.99931875e-01 -1.57210540e-05 -1.09684873e-06  7.32280781e-09 
 3.68112119e-05  2.00017852e-01  1.99838025e-01  1.99847468e-01 -1.57065754e-05 -3.04729818e-07  2.91661525e-09 
 3.68170004e-05  2.00017188e-01  2.00018117e-01  1.99923237e-01 -1.57212949e-05  1.87582344e-08  6.62017802e-11 
 3.68232902e-05  2.00017063e-01  2.00282369e-01  2.00165031e-01 -1.57073709e-05 -1.65344370e-09  1.15385563e-10 
 3.68310140e-05  2.00017622e-01  2.00567682e-01  2.00468523e-01 -1.57209583e-05  6.50605340e-10  2.04827839e-10 
 3.68398846e-05  2.00018024e-01  2.00784662e-01  2.00721287e-01 -1.57060499e-05  5.94076750e-11  1.35851655e-10 
 3.68535728e-05  2.00018751e-01  2.00905646e-01  2.00888032e-01 -1.57195752e-05  8.37868789e-11  4.54517025e-11 
 3.68732972e-05  2.00018848e-01  2.00827502e-01  2.00837771e-01 -1.57057466e-05 -8.63674906e-11 -3.35054323e-11 
 3.69030772e-05  2.00018772e-01  2.00647534e-01  2.00648901e-01 -1.57204299e-05 -1.37058251e-11 -2.67828457e-11 
 3.69344288e-05  2.00018437e-01  2.00627511e-01  2.00611970e-01 -1.57063087e-05 -3.77180860e-12  6.69698715e-12 
 3.69784581e-05  2.00018664e-01  2.00719001e-01  2.00704023e-01 -1.57200751e-05  2.85509095e-11  1.37771346e-11 
 3.70448434e-05  2.00018630e-01  2.00754225e-01  2.00745972e-01 -1.57060797e-05 -1.83816432e-11 -3.99712338e-12 
 3.71246248e-05  2.00018761e-01  2.00756603e-01  2.00744852e-01 -1.57201998e-05  1.54884016e-11  4.86796188e-12 
 3.72246248e-05  2.00018686e-01  2.00795161e-01  2.00784836e-01 -1.57060710e-05 -1.00432401e-11  9.72278247e-13 
 3.73246248e-05  2.00018867e-01  2.00796443e-01  2.00786601e-01 -1.57201812e-05  8.59705644e-12  1.28162476e-12 
 3.74246248e-05  2.00018750e-01  2.00805855e-01  2.00795188e-01 -1.57061024e-05 -7.79709088e-12  1.32349974e-12 
 3.75246248e-05  2.00018941e-01  2.00811456e-01  2.00801716e-01 -1.57201594e-05  7.22988553e-12  1.45801502e-12 
 3.76246248e-05  2.00018820e-01  2.00810494e-01  2.00800228e-01 -1.57061165e-05 -7.89202796e-12  3.31612559e-13 
 3.77246248e-05  2.00019003e-01  2.00814720e-01  2.00804683e-01 -1.57201551e-05  7.09372470e-12  2.12057824e-12 
 3.78246248e-05  2.00018888e-01  2.00813723e-01  2.00803728e-01 -1.57061165e-05 -7.71903223e-12 -1.60958161e-13 
 3.79246248e-05  2.00019065e-01  2.00814874e-01  2.00804739e-01 -1.57201572e-05  6.50446906e-12  2.23448381e-12 
 3.80246248e-05  2.00018953e-01  2.00815215e-01  2.00805244e-01 -1.57061152e-05 -6.99593291e-12 -1.22160691e-13 
 3.81246248e-05  2.00019129e-01  2.00815022e-01  2.00804928e-01 -1.57201574e-05  5.67589161e-12  2.08592984e-12 
 3.82246248e-05  2.00019016e-01  2.00815528e-01  2.00805512e-01 -1.57061163e-05 -6.23163587e-12  1.20691217e-14 
 3.83246248e-05  2.00019193e-01  2.00815352e-01  2.00805297e-01 -1.57201554e-05  4.99548645e-12  1.98162651e-12 
 3.84246248e-05  2.00019080e-01  2.00815513e-01  2.00805478e-01 -1.57061186e-05 -5.66764777e-12  6.58883755e-14 
 3.85246248e-05  2.00019257e-01  2.00815578e-01  2.00805530e-01 -1.57201531e-05  4.52069545e-12  1.95876751e-12 
 3.86246248e-05  2.00019143e-01  2.00815543e-01  2.00805511e-01 -1.57061207e-05 -5.26517892e-12  6.91343684e-14 
 3.87123124e-05  2.00019316e-01  2.00815663e-01  2.00805609e-01 -1.57201510e-05  4.14231063e-12  1.95925318e-12 
 3.88000000e-05  2.00019199e-01  2.00815623e-01  2.00805597e-01 -1.57061228e-05 -4.90243826e-12  7.13560613e-14 
 3.88000844e-05  1.99995962e-01  2.00763767e-01  2.00803902e-01 -1.83046370e-05 -7.46789391e-09 -3.82854347e-09 
 3.88002533e-05  1.99970676e-01  2.00704870e-01  2.00798699e-01 -1.98494571e-05 -1.72160545e-08 -1.05735398e-08 
 3.88005129e-05  1.99940394e-01  2.00704192e-01  2.00788413e-01 -2.02973481e-05 -2.39876974e-08 -1.92936440e-08 
 3.88008051e-05  1.99906581e-01  2.00738160e-01  2.00779881e-01 -2.17190808e-05 -2.75297009e-08 -2.80471114e-08 
 3.88010947e-05  1.99883002e-01  2.00779181e-01  2.00776460e-01 -2.52750581e-05 -1.99135496e-08 -3.54978715e-08 
 3.88013749e-05  1.99869880e-01  2.00824939e-01  2.00778111e-01 -3.18558527e-05  5.50928810e-09 -4.15163688e-08 
 3.88016226e-05  1.99870393e-01  2.00871428e-01  2.00783778e-01 -4.04539673e-05  5.02956753e-08 -4.57551129e-08 
 3.88018240e-05  1.99876271e-01  2.00913079e-01  2.00791404e-01 -4.94886758e-05  1.09426969e-07 -4.83678777e-08 
 3.88019792e-05  1.99884957e-01  2.00948980e-01  2.00799204e-01 -5.75376741e-05  1.75656194e-07 -4.97266257e-08 
 3.88021037e-05  1.99891592e-01  2.00980040e-01  2.00806749e-01 -6.46661182e-05  2.48102889e-07 -5.02943601e-08 
 3.88022087e-05  1.99897149e-01  2.01009068e-01  2.00814058e-01 -7.09616354e-05  3.28465085e-07 -5.02747164e-08 
 3.88022996e-05  1.99899078e-01  2.01036474e-01  2.00821157e-01 -7.65866175e-05  4.18388673e-07 -4.97717838e-08 
 3.88023800e-05  1.99898008e-01  2.01063521e-01  2.00828082e-01 -8.15062177e-05  5.19770503e-07 -4.88081722e-08 
 3.88024532e-05  1.99892155e-01  2.01091016e-01  2.00834987e-01 -8.58706642e-05  6.36715103e-07 -4.73667343e-08 
 3.88025254e-05  1.99881641e-01  2.01121767e-01  2.00842423e-01 -8.98816237e-05  7.82170188e-07 -4.52539331e-08 
 3.88026095e-05  1.99865094e-01  2.01162537e-01  2.00852006e-01 -9.41899612e-05  9.97398101e-07 -4.17633201e-08 
 3.88026924e-05  1.99849251e-01  2.01206896e-01  2.00862531e-01 -9.80768604e-05  1.26035433e-06 -3.72140274e-08 
 3.88028225e-05  1.99830266e-01  2.01279116e-01  2.00881327e-01 -1.03755024e-04  1.76781094e-06 -2.81673935e-08 
 3.88029326e-05  1.99821403e-01  2.01338661e-01  2.00899314e-01 -1.08167816e-04  2.27601596e-06 -1.90389716e-08 
 3.88030521e-05  1.99818819e-01  2.01398304e-01  2.00920753e-01 -1.12517075e-04  2.89269177e-06 -8.02814304e-09 
 3.88031850e-05  1.99823546e-01  2.01456177e-01  2.00946444e-01 -1.16386177e-04  3.63476028e-06  5.06327133e-09 
 3.88033105e-05  1.99833869e-01  2.01500306e-01  2.00972004e-01 -1.18206923e-04  4.36496261e-06  1.77089228e-08 
 3.88033990e-05  1.99843309e-01  2.01522255e-01  2.00990404e-01 -1.16676478e-04  4.87497582e-06  2.63025832e-08 
 3.88034610e-05  1.99849854e-01  2.01529947e-01  2.01003284e-01 -1.12416731e-04  5.21365680e-06  3.17763540e-08 
 3.88035165e-05  1.99854895e-01  2.01528393e-01  2.01014621e-01 -1.05829996e-04  5.48916676e-06  3.59408183e-08 
 3.88035808e-05  1.99859239e-01  2.01514905e-01  2.01027227e-01 -9.57578783e-05  5.76045968e-06  3.95711257e-08 
 3.88036490e-05  1.99861916e-01  2.01487948e-01  2.01039731e-01 -8.34301523e-05  5.98332658e-06  4.18827556e-08 
 3.88037321e-05  1.99862445e-01  2.01442744e-01  2.01053320e-01 -6.82373347e-05  6.15881945e-06  4.25973010e-08 
 3.88038407e-05  1.99859274e-01  2.01375932e-01  2.01068026e-01 -5.10394687e-05  6.24296464e-06  4.06522269e-08 
 3.88039167e-05  1.99855034e-01  2.01331276e-01  2.01076276e-01 -4.19434536e-05  6.22025697e-06  3.78528249e-08 
 3.88039915e-05  1.99849755e-01  2.01293937e-01  2.01082949e-01 -3.52794703e-05  6.15042783e-06  3.44152503e-08 
 3.88040842e-05  1.99842184e-01  2.01258867e-01  2.01089623e-01 -2.96077938e-05  6.01924154e-06  2.96648732e-08 
 3.88041703e-05  1.99834479e-01  2.01237214e-01  2.01094647e-01 -2.62951530e-05  5.86865600e-06  2.50522901e-08 
 3.88042716e-05  1.99824943e-01  2.01223331e-01  2.01099634e-01 -2.39602855e-05  5.67300218e-06  1.96448034e-08 
 3.88043741e-05  1.99814991e-01  2.01219147e-01  2.01104116e-01 -2.26715920e-05  5.46615479e-06  1.43279834e-08 
 3.88045017e-05  1.99802417e-01  2.01223367e-01  2.01109443e-01 -2.18752846e-05  5.20794186e-06  8.02310264e-09 
 3.88046422e-05  1.99788446e-01  2.01235572e-01  2.01115457e-01 -2.15108924e-05  4.93017744e-06  1.49132852e-09 
 3.88048270e-05  1.99770047e-01  2.01257967e-01  2.01124101e-01 -2.13503051e-05  4.58263756e-06 -6.46931499e-09 
 3.88050000e-05  1.99752833e-01  2.01282275e-01  2.01133193e-01 -2.13133863e-05  4.27758791e-06 -1.33317376e-08 
 3.88050023e-05  1.99755511e-01  2.01285488e-01  2.01133326e-01 -2.03090726e-05  4.27394695e-06 -1.32800064e-08 
 3.88050070e-05  1.99759411e-01  2.01291549e-01  2.01133598e-01 -1.98060491e-05  4.26669844e-06 -1.31859588e-08 
 3.88050164e-05  1.99761894e-01  2.01302054e-01  2.01134170e-01 -1.93925957e-05  4.25224426e-06 -1.30428115e-08 
 3.88050288e-05  1.99762139e-01  2.01313913e-01  2.01134981e-01 -1.89870131e-05  4.23300600e-06 -1.28980584e-08 
 3.88050536e-05  1.99762342e-01  2.01334970e-01  2.01136754e-01 -1.82419070e-05  4.19442074e-06 -1.26582378e-08 
 3.88051033e-05  1.99762458e-01  2.01369998e-01  2.01140799e-01 -1.72575802e-05  4.11716791e-06 -1.23194520e-08 
 3.88051936e-05  1.99762640e-01  2.01414087e-01  2.01149360e-01 -1.62760342e-05  3.97783399e-06 -1.19697870e-08 
 3.88053743e-05  1.99762847e-01  2.01458191e-01  2.01168662e-01 -1.57358449e-05  3.70915417e-06 -1.16264653e-08 
 3.88055935e-05  1.99763193e-01  2.01479234e-01  2.01193025e-01 -1.56644712e-05  3.40508359e-06 -1.13116757e-08 
 3.88059006e-05  1.99763558e-01  2.01496538e-01  2.01225978e-01 -1.56845779e-05  3.01994383e-06 -1.08047407e-08 
 3.88063260e-05  1.99764116e-01  2.01515356e-01  2.01268305e-01 -1.56581187e-05  2.55666154e-06 -1.00365449e-08 
 3.88071768e-05  1.99765000e-01  2.01544246e-01  2.01341429e-01 -1.56816965e-05  1.82813729e-06 -8.44173192e-09 
 3.88088784e-05  1.99766490e-01  2.01571862e-01  2.01446322e-01 -1.56541834e-05  9.16243851e-07 -5.53481490e-09 
 3.88122816e-05  1.99768250e-01  2.01539680e-01  2.01526813e-01 -1.56765686e-05  1.84655866e-07 -1.84235249e-09 
 3.88183445e-05  1.99769451e-01  2.01330638e-01  2.01415311e-01 -1.56490921e-05 -1.56959367e-08  1.12555945e-11 
 3.88257899e-05  1.99769294e-01  2.01003943e-01  2.01106518e-01 -1.56732521e-05  2.58089054e-09 -1.67662049e-10 
 3.88337415e-05  1.99768704e-01  2.00712900e-01  2.00789544e-01 -1.56482058e-05 -8.79619013e-10 -2.01695324e-10 
 3.88437422e-05  1.99767905e-01  2.00494000e-01  2.00528035e-01 -1.56736868e-05  6.08950488e-11 -1.17547908e-10 
 3.88578308e-05  1.99767302e-01  2.00415194e-01  2.00404835e-01 -1.56486122e-05 -1.03477811e-10 -2.44801461e-11 
 3.88807783e-05  1.99767108e-01  2.00545643e-01  2.00512498e-01 -1.56730264e-05  1.24194317e-10  4.48396749e-11 
 3.89112067e-05  1.99767521e-01  2.00716027e-01  2.00698541e-01 -1.56473361e-05 -1.83426766e-11  2.23481805e-11 
 3.89445530e-05  1.99767663e-01  2.00705020e-01  2.00701928e-01 -1.56726125e-05  1.17243847e-11 -1.00826072e-11 
 3.89722765e-05  1.99767617e-01  2.00643322e-01  2.00637896e-01 -1.56477160e-05 -3.53806253e-11 -9.69290186e-12 
 3.90000000e-05  1.99767508e-01  2.00619812e-01  2.00610175e-01 -1.56728181e-05  1.27305191e-11 -4.71825161e-13 
 3.90000137e-05  1.99772317e-01  2.00629410e-01  2.00610225e-01 -1.44315876e-05  9.44203726e-10  3.20982240e-09 
 3.90000411e-05  1.99775694e-01  2.00645113e-01  2.00610411e-01 -1.38565744e-05  2.68430084e-09  9.71118535e-09 
 3.90000898e-05  1.99775671e-01  2.00664961e-01  2.00611079e-01 -1.34930068e-05  5.29220445e-09  2.10664876e-08 
 3.90001400e-05  1.99777724e-01  2.00680664e-01  2.00612106e-01 -1.31150600e-05  7.56126946e-09  3.23755912e-08 
 3.90002404e-05  1.99779612e-01  2.00699063e-01  2.00614771e-01 -1.29221615e-05  1.14969842e-08  5.42250158e-08 
 3.90004411e-05  1.99785017e-01  2.00709257e-01  2.00620896e-01 -1.27360767e-05  1.84358192e-08  9.51693302e-08 
 3.90007995e-05  1.99793363e-01  2.00698787e-01  2.00630677e-01 -1.28174695e-05  2.95940713e-08  1.60926762e-07 
 3.90012497e-05  1.99806004e-01  2.00676808e-01  2.00638456e-01 -1.29952638e-05  4.15579101e-08  2.32350583e-07 
 3.90013809e-05  1.99810686e-01  2.00669954e-01  2.00639728e-01 -1.33291532e-05  4.44402531e-08  2.51163792e-07 
 3.90016432e-05  1.99830310e-01  2.00654570e-01  2.00640975e-01 -1.54050787e-05  4.81329274e-08  2.85596526e-07 
 3.90018022e-05  1.99854559e-01  2.00643226e-01  2.00640845e-01 -1.87088099e-05  4.78769135e-08  3.03673825e-07 
 3.90019250e-05  1.99884705e-01  2.00632377e-01  2.00640218e-01 -2.29578483e-05  4.52458513e-08  3.15139148e-07 
 3.90020496e-05  1.99925659e-01  2.00619164e-01  2.00639027e-01 -2.92878967e-05  3.98306801e-08  3.23669875e-07 
 3.90021846e-05  1.99981568e-01  2.00602339e-01  2.00637012e-01 -3.79620104e-05  3.05322732e-08  3.28362811e-07 
 3.90023309e-05  2.00050296e-01  2.00580987e-01  2.00633864e-01 -4.86865865e-05  1.62886807e-08  3.26972635e-07 
 3.90024713e-05  2.00119031e-01  2.00556543e-01  2.00629759e-01 -5.84494348e-05 -1.76655268e-09  3.18049707e-07 
 3.90025921e-05  2.00175308e-01  2.00530815e-01  2.00625227e-01 -6.50137163e-05 -2.13932018e-08  3.03269338e-07 
 3.90027087e-05  2.00224422e-01  2.00500797e-01  2.00619782e-01 -6.89088275e-05 -4.43580383e-08  2.81727486e-07 
 3.90028321e-05  2.00268529e-01  2.00466084e-01  2.00612732e-01 -7.19752419e-05 -7.17155531e-08  2.51159912e-07 
 3.90030028e-05  2.00315490e-01  2.00423732e-01  2.00600986e-01 -7.59277325e-05 -1.09776958e-07  1.98441181e-07 
 3.90031342e-05  2.00339314e-01  2.00400820e-01  2.00590807e-01 -7.84931459e-05 -1.36497031e-07  1.52154413e-07 
 3.90032363e-05  2.00349055e-01  2.00390165e-01  2.00582594e-01 -7.99456081e-05 -1.54516111e-07  1.14388050e-07 
 3.90033112e-05  2.00348445e-01  2.00386993e-01  2.00576570e-01 -8.05392639e-05 -1.65542580e-07  8.64529747e-08 
 3.90033565e-05  2.00341842e-01  2.00387432e-01  2.00572991e-01 -8.05367660e-05 -1.70784665e-07  6.98383711e-08 
 3.90033875e-05  2.00331510e-01  2.00389232e-01  2.00570588e-01 -8.02336745e-05 -1.73308524e-07  5.88089505e-08 
 3.90034162e-05  2.00313835e-01  2.00392497e-01  2.00568419e-01 -7.95595271e-05 -1.74309485e-07  4.91217023e-08 
 3.90034433e-05  2.00285968e-01  2.00397792e-01  2.00566448e-01 -7.83571289e-05 -1.73380187e-07  4.08087477e-08 
 3.90034724e-05  2.00242255e-01  2.00407256e-01  2.00564432e-01 -7.62878552e-05 -1.69518635e-07  3.31770774e-08 
 3.90035067e-05  2.00179201e-01  2.00425125e-01  2.00562278e-01 -7.27977250e-05 -1.60657081e-07  2.64742206e-08 
 3.90035433e-05  2.00108434e-01  2.00452437e-01  2.00560336e-01 -6.80990951e-05 -1.46471705e-07  2.22430993e-08 
 3.90036028e-05  2.00005055e-01  2.00508383e-01  2.00558222e-01 -5.93439511e-05 -1.16890679e-07  2.12599156e-08 
 3.90036439e-05  1.99948313e-01  2.00550497e-01  2.00557589e-01 -5.31549928e-05 -9.43454086e-08  2.41515374e-08 
 3.90036813e-05  1.99907907e-01  2.00587366e-01  2.00557608e-01 -4.78015118e-05 -7.43145147e-08  2.86034576e-08 
 3.90037255e-05  1.99871482e-01  2.00626270e-01  2.00558294e-01 -4.21365554e-05 -5.26861517e-08  3.53636035e-08 
 3.90037690e-05  1.99845357e-01  2.00658934e-01  2.00559577e-01 -3.72745925e-05 -3.40308225e-08  4.31128534e-08 
 3.90038199e-05  1.99823565e-01  2.00689664e-01  2.00561687e-01 -3.25571052e-05 -1.58698320e-08  5.29316446e-08 
 3.90038732e-05  1.99807912e-01  2.00714149e-01  2.00564432e-01 -2.85854361e-05 -7.61535416e-10  6.36519370e-08 
 3.90039380e-05  1.99795106e-01  2.00735458e-01  2.00568278e-01 -2.48965460e-05  1.31195584e-08  7.68501171e-08 
 3.90040104e-05  1.99785908e-01  2.00751299e-01  2.00572990e-01 -2.18794634e-05  2.41974703e-08  9.15004450e-08 
 3.90041022e-05  1.99778721e-01  2.00763770e-01  2.00579282e-01 -1.92668269e-05  3.37157989e-08  1.09661602e-07 
 3.90042119e-05  1.99774059e-01  2.00772475e-01  2.00586960e-01 -1.72780654e-05  4.10739540e-08  1.30620902e-07 
 3.90043584e-05  1.99771668e-01  2.00779410e-01  2.00597148e-01 -1.57869452e-05  4.74204476e-08  1.57336188e-07 
 3.90045429e-05  1.99772313e-01  2.00785250e-01  2.00609618e-01 -1.48882128e-05  5.28436442e-08  1.89084902e-07 
 3.90047715e-05  1.99775869e-01  2.00790899e-01  2.00624342e-01 -1.44731592e-05  5.78983670e-08  2.25819933e-07 
 3.90050000e-05  1.99780638e-01  2.00795681e-01  2.00638234e-01 -1.43279269e-05  6.20720303e-08  2.60130878e-07 
 3.90050059e-05  1.99776982e-01  2.00791073e-01  2.00638572e-01 -1.52787577e-05  6.17623878e-08  2.59447848e-07 
 3.90050178e-05  1.99772761e-01  2.00783047e-01  2.00639226e-01 -1.55833667e-05  6.11765568e-08  2.57793074e-07 
 3.90050415e-05  1.99771433e-01  2.00771085e-01  2.00640432e-01 -1.55615925e-05  6.01867742e-08  2.54166668e-07 
 3.90050798e-05  1.99769912e-01  2.00755677e-01  2.00642150e-01 -1.57054193e-05  5.88974599e-08  2.48656100e-07 
 3.90051449e-05  1.99768756e-01  2.00736390e-01  2.00644563e-01 -1.56935557e-05  5.71479655e-08  2.39602376e-07 
 3.90052751e-05  1.99768116e-01  2.00717467e-01  2.00648234e-01 -1.57457323e-05  5.42225543e-08  2.22797567e-07 
 3.90054279e-05  1.99767902e-01  2.00713908e-01  2.00651639e-01 -1.56887618e-05  5.10715537e-08  2.04722279e-07 
 3.90056981e-05  1.99767585e-01  2.00723656e-01  2.00657497e-01 -1.57264995e-05  4.58852892e-08  1.76647180e-07 
 3.90062123e-05  1.99767000e-01  2.00753665e-01  2.00670761e-01 -1.56847560e-05  3.74045861e-08  1.34193204e-07 
 3.90072406e-05  1.99766184e-01  2.00819469e-01  2.00706845e-01 -1.57240397e-05  2.47968440e-08  7.94453598e-08 
 3.90092971e-05  1.99765190e-01  2.00961162e-01  2.00807935e-01 -1.56833241e-05  1.06050196e-08  3.18176264e-08 
 3.90134102e-05  1.99764774e-01  2.01248742e-01  2.01066977e-01 -1.57233344e-05  1.42410062e-09  1.19226378e-08 
 3.90199084e-05  1.99765511e-01  2.01617149e-01  2.01469258e-01 -1.56855576e-05  2.32953746e-10  8.10286991e-09 
 3.90267741e-05  1.99766686e-01  2.01827138e-01  2.01750240e-01 -1.57267302e-05  2.36240493e-10  4.27211618e-09 
 3.90355301e-05  1.99767708e-01  2.01839891e-01  2.01843407e-01 -1.56889459e-05 -1.22683515e-11  2.37807217e-09 
 3.90467627e-05  1.99768239e-01  2.01591195e-01  2.01652488e-01 -1.57302671e-05 -1.83676105e-10  8.73308363e-10 
 3.90648581e-05  1.99767768e-01  2.01040595e-01  2.01109264e-01 -1.56932821e-05 -2.28252933e-10 -2.83799575e-11 
 3.90843471e-05  1.99766860e-01  2.00640258e-01  2.00665380e-01 -1.57337336e-05 -1.07863234e-10 -2.76658937e-10 
 3.91094394e-05  1.99766204e-01  2.00539571e-01  2.00522800e-01 -1.56942031e-05  1.37347579e-11 -1.21905132e-10 
 3.91356391e-05  1.99766277e-01  2.00643455e-01  2.00621359e-01 -1.57328534e-05  3.58491565e-11  2.52974540e-11 
 3.91766612e-05  1.99766504e-01  2.00707511e-01  2.00699960e-01 -1.56933457e-05 -6.69438918e-12  4.25393839e-11 
 3.92190060e-05  1.99766511e-01  2.00645566e-01  2.00640116e-01 -1.57328488e-05 -1.31160814e-11 -1.38113290e-11 
 3.92884558e-05  1.99766380e-01  2.00605543e-01  2.00594235e-01 -1.56935804e-05  2.46080391e-12 -2.29003632e-12 
 3.93775989e-05  1.99766461e-01  2.00608018e-01  2.00599000e-01 -1.57327630e-05 -2.30095392e-12  1.28654583e-11 
 3.94775989e-05  1.99766411e-01  2.00578356e-01  2.00568824e-01 -1.56935771e-05 -2.78659192e-12 -6.60332704e-12 
 3.95775989e-05  1.99766447e-01  2.00577479e-01  2.00567043e-01 -1.57327810e-05  1.56411928e-12  1.16739096e-11 
 3.96775989e-05  1.99766440e-01  2.00572080e-01  2.00562678e-01 -1.56935540e-05 -2.99043039e-12 -1.97870913e-12 
 3.97775989e-05  1.99766470e-01  2.00566922e-01  2.00556573e-01 -1.57327928e-05  1.13828348e-12  8.48540986e-12 
 3.98775989e-05  1.99766463e-01  2.00568496e-01  2.00558683e-01 -1.56935505e-05 -1.73225084e-12 -9.80158879e-14 
 3.99775989e-05  1.99766504e-01  2.00565228e-01  2.00555161e-01 -1.57327882e-05  2.91862671e-13  8.51614970e-12 
 4.00775989e-05  1.99766489e-01  2.00565907e-01  2.00555883e-01 -1.56935582e-05 -1.12972956e-12 -1.02852985e-12 
 4.01775989e-05  1.99766536e-01  2.00565406e-01  2.00555399e-01 -1.57327795e-05  1.32489289e-13  9.93327653e-12 
 4.02775989e-05  1.99766519e-01  2.00564886e-01  2.00554864e-01 -1.56935658e-05 -1.15249932e-12 -2.34394058e-12 
 4.03775989e-05  1.99766567e-01  2.00565338e-01  2.00555283e-01 -1.57327732e-05  2.75358078e-13  1.10172406e-11 
 4.04775989e-05  1.99766551e-01  2.00564812e-01  2.00554834e-01 -1.56935710e-05 -1.27668752e-12 -3.12579671e-12 
 4.05775989e-05  1.99766597e-01  2.00565121e-01  2.00555034e-01 -1.57327686e-05  3.62658905e-13  1.15944296e-11 
 4.06775989e-05  1.99766582e-01  2.00564935e-01  2.00554969e-01 -1.56935753e-05 -1.30734616e-12 -3.57602256e-12 
 4.07775989e-05  1.99766628e-01  2.00565025e-01  2.00554936e-01 -1.57327642e-05  3.60047062e-13  1.20000958e-11 
 4.08775989e-05  1.99766613e-01  2.00564987e-01  2.00555016e-01 -1.56935799e-05 -1.28569117e-12 -3.97226994e-12 
 4.09387994e-05  1.99766654e-01  2.00565046e-01  2.00554965e-01 -1.57327579e-05  3.32148805e-13  1.25416847e-11 
 4.10000000e-05  1.99766632e-01  2.00564972e-01  2.00554994e-01 -1.56935879e-05 -1.26351620e-12 -4.62319657e-12 
 4.10000864e-05  1.99755333e-01  2.00528010e-01  2.00553758e-01 -1.70218867e-05 -4.42917915e-09 -2.43831875e-08 
 4.10002591e-05  1.99747800e-01  2.00484198e-01  2.00549905e-01 -1.73081201e-05 -1.17650755e-08 -7.18165813e-08 
 4.10005231e-05  1.99743675e-01  2.00475287e-01  2.00541862e-01 -1.76170634e-05 -2.06334301e-08 -1.37966509e-07 
 4.10008236e-05  1.99740293e-01  2.00487990e-01  2.00533898e-01 -1.91509355e-05 -2.97414457e-08 -2.05195383e-07 
 4.10010989e-05  1.99745759e-01  2.00504198e-01  2.00528906e-01 -2.25261343e-05 -3.65667246e-08 -2.59294706e-07 
 4.10013714e-05  1.99760235e-01  2.00523464e-01  2.00526311e-01 -2.87507199e-05 -4.19675785e-08 -3.05372174e-07 
 4.10016169e-05  1.99783810e-01  2.00544754e-01  2.00526103e-01 -3.69781481e-05 -4.55120492e-08 -3.40172808e-07 
 4.10018171e-05  1.99808089e-01  2.00564407e-01  2.00527523e-01 -4.56042394e-05 -4.71566972e-08 -3.63401105e-07 
 4.10019720e-05  1.99829967e-01  2.00582270e-01  2.00529673e-01 -5.32664527e-05 -4.72305942e-08 -3.77865932e-07 
 4.10020964e-05  1.99847041e-01  2.00598144e-01  2.00532127e-01 -5.99965165e-05 -4.61090100e-08 -3.86850873e-07 
 4.10022013e-05  1.99860593e-01  2.00613594e-01  2.00534744e-01 -6.58490695e-05 -4.39095446e-08 -3.92231483e-07 
 4.10022921e-05  1.99869241e-01  2.00628616e-01  2.00537466e-01 -7.09638154e-05 -4.06240470e-08 -3.94792688e-07 
 4.10023721e-05  1.99873452e-01  2.00643997e-01  2.00540266e-01 -7.52921347e-05 -3.61645513e-08 -3.95013867e-07 
 4.10024448e-05  1.99872108e-01  2.00660115e-01  2.00543180e-01 -7.89431711e-05 -3.03233821e-08 -3.93014372e-07 
 4.10025155e-05  1.99865291e-01  2.00678593e-01  2.00546422e-01 -8.20293438e-05 -2.24538761e-08 -3.88527055e-07 
 4.10025989e-05  1.99851576e-01  2.00704132e-01  2.00550848e-01 -8.50255308e-05 -1.01647723e-08 -3.79332355e-07 
 4.10026786e-05  1.99837131e-01  2.00731464e-01  2.00555774e-01 -8.73193720e-05  4.09513619e-09 -3.66377787e-07 
 4.10028010e-05  1.99817583e-01  2.00774199e-01  2.00564706e-01 -9.02577941e-05  2.83091749e-08 -3.39006233e-07 
 4.10028996e-05  1.99805638e-01  2.00806463e-01  2.00573049e-01 -9.22998613e-05  4.83374288e-08 -3.10999355e-07 
 4.10030130e-05  1.99796263e-01  2.00838594e-01  2.00583668e-01 -9.44382569e-05  7.04258743e-08 -2.73373071e-07 
 4.10031444e-05  1.99790653e-01  2.00867678e-01  2.00596959e-01 -9.64165605e-05  9.37435832e-08 -2.24108212e-07 
 4.10032755e-05  1.99789839e-01  2.00886291e-01  2.00610747e-01 -9.72297758e-05  1.13408119e-07 -1.71101845e-07 
 4.10033651e-05  1.99791340e-01  2.00891152e-01  2.00620186e-01 -9.59646891e-05  1.23687625e-07 -1.34179009e-07 
 4.10034297e-05  1.99792800e-01  2.00888346e-01  2.00626811e-01 -9.26298502e-05  1.28220278e-07 -1.08471986e-07 
 4.10034855e-05  1.99793785e-01  2.00879093e-01  2.00632257e-01 -8.72760698e-05  1.28912518e-07 -8.80579656e-08 
 4.10035455e-05  1.99794288e-01  2.00860017e-01  2.00637649e-01 -7.93743076e-05  1.25344933e-07 -6.90627156e-08 
 4.10036149e-05  1.99794123e-01  2.00826446e-01  2.00643004e-01 -6.86801598e-05  1.15585881e-07 -5.19985054e-08 
 4.10036888e-05  1.99793183e-01  2.00780493e-01  2.00647386e-01 -5.70132804e-05  9.97568448e-08 -4.01374062e-08 
 4.10037856e-05  1.99791075e-01  2.00713219e-01  2.00650782e-01 -4.34509777e-05  7.41075576e-08 -3.40448454e-08 
 4.10038732e-05  1.99788708e-01  2.00653605e-01  2.00651560e-01 -3.41761188e-05  4.96631259e-08 -3.64048664e-08 
 4.10039476e-05  1.99786577e-01  2.00608929e-01  2.00650671e-01 -2.86191887e-05  3.03278167e-08 -4.28560684e-08 
 4.10040269e-05  1.99784310e-01  2.00569534e-01  2.00648440e-01 -2.46077324e-05  1.24195807e-08 -5.28368496e-08 
 4.10041176e-05  1.99781771e-01  2.00534889e-01  2.00644651e-01 -2.17735895e-05 -4.21234569e-09 -6.67824838e-08 
 4.10042088e-05  1.99779310e-01  2.00509902e-01  2.00639914e-01 -2.01937158e-05 -1.70144966e-08 -8.23397606e-08 
 4.10043122e-05  1.99776603e-01  2.00490687e-01  2.00633848e-01 -1.92704595e-05 -2.76594317e-08 -1.00785124e-07 
 4.10044240e-05  1.99773763e-01  2.00477498e-01  2.00626857e-01 -1.88310817e-05 -3.57619241e-08 -1.20874329e-07 
 4.10045591e-05  1.99770402e-01  2.00467934e-01  2.00618221e-01 -1.86333300e-05 -4.25018496e-08 -1.44645227e-07 
 4.10047165e-05  1.99766555e-01  2.00461519e-01  2.00608239e-01 -1.85816519e-05 -4.79308369e-08 -1.71182947e-07 
 4.10048583e-05  1.99763122e-01  2.00457882e-01  2.00599497e-01 -1.85762419e-05 -5.16198234e-08 -1.93843038e-07 
 4.10050000e-05  1.99759716e-01  2.00455158e-01  2.00591061e-01 -1.85824788e-05 -5.47373119e-08 -2.15306711e-07 
 4.10050015e-05  1.99760942e-01  2.00456458e-01  2.00590975e-01 -1.78319097e-05 -5.46622177e-08 -2.15200729e-07 
 4.10050045e-05  1.99763026e-01  2.00458942e-01  2.00590804e-01 -1.75376864e-05 -5.45105701e-08 -2.14965922e-07 
 4.10050104e-05  1.99765185e-01  2.00463369e-01  2.00590472e-01 -1.72610347e-05 -5.42087867e-08 -2.14418191e-07 
 4.10050193e-05  1.99765936e-01  2.00468800e-01  2.00589996e-01 -1.71489660e-05 -5.37926448e-08 -2.13576941e-07 
 4.10050331e-05  1.99766113e-01  2.00475919e-01  2.00589291e-01 -1.69118435e-05 -5.32011205e-08 -2.12295169e-07 
 4.10050608e-05  1.99766159e-01  2.00488232e-01  2.00588000e-01 -1.66135188e-05 -5.21704418e-08 -2.09793357e-07 
 4.10051162e-05  1.99766256e-01  2.00507519e-01  2.00585805e-01 -1.61567160e-05 -5.05341721e-08 -2.04995295e-07 
 4.10052270e-05  1.99766335e-01  2.00529598e-01  2.00582456e-01 -1.58026615e-05 -4.81188791e-08 -1.95980877e-07 
 4.10054485e-05  1.99766562e-01  2.00538681e-01  2.00577505e-01 -1.56421385e-05 -4.42777626e-08 -1.79491752e-07 
 4.10057467e-05  1.99766836e-01  2.00526475e-01  2.00571320e-01 -1.56884846e-05 -3.95079653e-08 -1.59631084e-07 
 4.10061871e-05  1.99767243e-01  2.00501852e-01  2.00560441e-01 -1.56610426e-05 -3.31787699e-08 -1.34223435e-07 
 4.10069196e-05  1.99767774e-01  2.00457708e-01  2.00537264e-01 -1.56877727e-05 -2.48058885e-08 -1.00476747e-07 
 4.10083846e-05  1.99768578e-01  2.00361358e-01  2.00474831e-01 -1.56624532e-05 -1.37377798e-08 -5.56082069e-08 
 4.10113147e-05  1.99769302e-01  2.00153873e-01  2.00306911e-01 -1.56874414e-05 -3.87464946e-09 -1.50797416e-08 
 4.10171747e-05  1.99769162e-01  1.99768816e-01  1.99923179e-01 -1.56593257e-05 -1.20673039e-10  8.10009791e-10 
 4.10247179e-05  1.99767938e-01  1.99445249e-01  1.99530921e-01 -1.56815512e-05 -3.46652149e-10 -4.58173053e-10 
 4.10327206e-05  1.99766826e-01  1.99348801e-01  1.99353829e-01 -1.56538423e-05 -6.62823609e-11 -7.35953620e-11 
 4.10428665e-05  1.99766089e-01  1.99491527e-01  1.99429345e-01 -1.56768671e-05  1.19441638e-10  2.97066789e-11 
 4.10582359e-05  1.99766166e-01  1.99931514e-01  1.99840104e-01 -1.56488650e-05  2.29354131e-10  1.56615985e-10 
 4.10787056e-05  1.99767056e-01  2.00434263e-01  2.00375006e-01 -1.56722383e-05  1.45931835e-10  1.11757538e-10 
 4.11008321e-05  1.99767836e-01  2.00625863e-01  2.00611606e-01 -1.56467137e-05  1.89512160e-11  2.71420807e-11 
 4.11268561e-05  1.99767981e-01  2.00560153e-01  2.00563578e-01 -1.56726038e-05 -3.92089471e-11 -2.54636076e-11 
 4.11649220e-05  1.99767751e-01  2.00452501e-01  2.00444646e-01 -1.56477781e-05 -7.99808158e-12 -6.82556008e-12 
 4.12000000e-05  1.99767673e-01  2.00479594e-01  2.00464564e-01 -1.56728709e-05  1.29314101e-11  9.62475249e-12 
 4.12000187e-05  1.99776712e-01  2.00497339e-01  2.00464734e-01 -1.38232465e-05  2.73278068e-09  1.00126837e-09 
 4.12000562e-05  1.99783890e-01  2.00526063e-01  2.00465284e-01 -1.25263752e-05  7.65220377e-09  2.82068067e-09 
 4.12001312e-05  1.99789581e-01  2.00563346e-01  2.00467335e-01 -1.12813000e-05  1.47548006e-08  6.01418500e-09 
 4.12002033e-05  1.99798293e-01  2.00584202e-01  2.00470072e-01 -1.05916225e-05  1.94110598e-08  8.81043366e-09 
 4.12003473e-05  1.99811642e-01  2.00596716e-01  2.00476252e-01 -1.02271229e-05  2.60812257e-08  1.39476538e-08 
 4.12005812e-05  1.99836262e-01  2.00583864e-01  2.00485551e-01 -1.00439256e-05  3.39486342e-08  2.15874222e-08 
 4.12008808e-05  1.99865667e-01  2.00548885e-01  2.00493556e-01 -1.01344137e-05  4.23203501e-08  3.03691849e-08 
 4.12013250e-05  1.99914005e-01  2.00488348e-01  2.00496010e-01 -1.04397302e-05  4.99568711e-08  4.15722201e-08 
 4.12014611e-05  1.99930392e-01  2.00467807e-01  2.00494529e-01 -1.09256623e-05  4.88257896e-08  4.45386362e-08 
 4.12016764e-05  1.99967210e-01  2.00432845e-01  2.00490052e-01 -1.28908798e-05  2.97156902e-08  4.85462203e-08 
 4.12018241e-05  2.00003046e-01  2.00405728e-01  2.00485413e-01 -1.59996086e-05 -7.70333743e-09  5.05506781e-08 
 4.12019481e-05  2.00044789e-01  2.00380233e-01  2.00480456e-01 -2.01129324e-05 -6.80292976e-08  5.14855530e-08 
 4.12020758e-05  2.00097338e-01  2.00350470e-01  2.00474223e-01 -2.61928885e-05 -1.70608296e-07  5.14642689e-08 
 4.12022128e-05  2.00164364e-01  2.00314658e-01  2.00466131e-01 -3.41682935e-05 -3.39708565e-07  5.00873506e-08 
 4.12023588e-05  2.00240739e-01  2.00271415e-01  2.00455746e-01 -4.33705530e-05 -6.02252959e-07  4.67784569e-08 
 4.12024997e-05  2.00314289e-01  2.00223392e-01  2.00443771e-01 -5.09770523e-05 -9.54010492e-07  4.14431073e-08 
 4.12026192e-05  2.00370656e-01  2.00175758e-01  2.00431907e-01 -5.49842633e-05 -1.34448460e-06  3.49172990e-08 
 4.12027473e-05  2.00422128e-01  2.00116781e-01  2.00417130e-01 -5.62917387e-05 -1.87377468e-06  2.55769325e-08 
 4.12028685e-05  2.00459700e-01  2.00057112e-01  2.00401031e-01 -5.66938224e-05 -2.47887679e-06  1.46336749e-08 
 4.12029724e-05  2.00483586e-01  2.00007847e-01  2.00385621e-01 -5.70057545e-05 -3.06695498e-06  3.97907221e-09 
 4.12030726e-05  2.00498751e-01  1.99964785e-01  2.00369539e-01 -5.72256034e-05 -3.68154836e-06 -7.08123952e-09 
 4.12031814e-05  2.00506559e-01  1.99924165e-01  2.00351002e-01 -5.73204299e-05 -4.38694490e-06 -1.96434213e-08 
 4.12032805e-05  2.00503582e-01  1.99893839e-01  2.00333425e-01 -5.71459640e-05 -5.04883934e-06 -3.12734223e-08 
 4.12033442e-05  2.00493421e-01  1.99878452e-01  2.00321928e-01 -5.67792349e-05 -5.47412667e-06 -3.86382968e-08 
 4.12033805e-05  2.00481424e-01  1.99871670e-01  2.00315339e-01 -5.63581055e-05 -5.71204064e-06 -4.27024944e-08 
 4.12034114e-05  2.00463869e-01  1.99867588e-01  2.00309742e-01 -5.57711624e-05 -5.90734173e-06 -4.59875490e-08 
 4.12034384e-05  2.00438800e-01  1.99866008e-01  2.00304876e-01 -5.49238347e-05 -6.06805018e-06 -4.86270663e-08 
 4.12034661e-05  2.00400392e-01  1.99867440e-01  2.00299933e-01 -5.36295923e-05 -6.21745029e-06 -5.09695449e-08 
 4.12034989e-05  2.00341488e-01  1.99875175e-01  2.00294223e-01 -5.14536639e-05 -6.36596586e-06 -5.30404593e-08 
 4.12035334e-05  2.00272755e-01  1.99891723e-01  2.00288451e-01 -4.85792829e-05 -6.48498275e-06 -5.42574586e-08 
 4.12035798e-05  2.00184380e-01  1.99925611e-01  2.00281290e-01 -4.41182751e-05 -6.58441414e-06 -5.43662683e-08 
 4.12036132e-05  2.00129096e-01  1.99955676e-01  2.00276638e-01 -4.07712597e-05 -6.61719010e-06 -5.35097563e-08 
 4.12036469e-05  2.00082649e-01  1.99987837e-01  2.00272417e-01 -3.74397764e-05 -6.62319302e-06 -5.20559137e-08 
 4.12036864e-05  2.00039695e-01  2.00024783e-01  2.00268093e-01 -3.38139060e-05 -6.60292063e-06 -4.98435117e-08 
 4.12037311e-05  2.00004234e-01  2.00063129e-01  2.00263938e-01 -3.01193091e-05 -6.55343272e-06 -4.69350469e-08 
 4.12037759e-05  1.99979929e-01  2.00095935e-01  2.00260484e-01 -2.69608824e-05 -6.48424550e-06 -4.38308154e-08 
 4.12038257e-05  1.99962542e-01  2.00125036e-01  2.00257332e-01 -2.40245038e-05 -6.39281011e-06 -4.03538148e-08 
 4.12038793e-05  1.99951512e-01  2.00148240e-01  2.00254556e-01 -2.14882544e-05 -6.28379227e-06 -3.66892291e-08 
 4.12039426e-05  1.99945137e-01  2.00166310e-01  2.00251875e-01 -1.91443073e-05 -6.14817611e-06 -3.25620300e-08 
 4.12040151e-05  1.99943168e-01  2.00177510e-01  2.00249301e-01 -1.71509059e-05 -5.98880340e-06 -2.80979734e-08 
 4.12041049e-05  1.99945281e-01  2.00181681e-01  2.00246491e-01 -1.53789752e-05 -5.79133693e-06 -2.29263402e-08 
 4.12042151e-05  1.99951765e-01  2.00177841e-01  2.00243180e-01 -1.39474525e-05 -5.55258948e-06 -1.69918132e-08 
 4.12043609e-05  1.99964157e-01  2.00164821e-01  2.00238540e-01 -1.28098579e-05 -5.24692880e-06 -9.67432670e-09 
 4.12045521e-05  1.99984181e-01  2.00141502e-01  2.00231515e-01 -1.20965230e-05 -4.86684891e-06 -8.11492984e-10 
 4.12047760e-05  2.00010464e-01  2.00110177e-01  2.00221596e-01 -1.17639434e-05 -4.45281123e-06  8.66469909e-09 
 4.12050000e-05  2.00037980e-01  2.00076574e-01  2.00209743e-01 -1.16594877e-05 -4.07210749e-06  1.72530614e-08 
 4.12050040e-05  2.00033632e-01  2.00071198e-01  2.00209503e-01 -1.27640136e-05 -4.06613361e-06  1.71601241e-08 
 4.12050121e-05  2.00028003e-01  2.00061338e-01  2.00209009e-01 -1.32794421e-05 -4.05418485e-06  1.69992068e-08 
 4.12050283e-05  2.00025727e-01  2.00045089e-01  2.00207940e-01 -1.36036775e-05 -4.03012578e-06  1.67714398e-08 
 4.12050573e-05  2.00024469e-01  2.00020670e-01  2.00205807e-01 -1.42063422e-05 -3.98662030e-06  1.64629317e-08 
 4.12050976e-05  2.00023022e-01  1.99992045e-01  2.00202459e-01 -1.47148099e-05 -3.92598141e-06  1.61423148e-08 
 4.12051781e-05  2.00022196e-01  1.99950545e-01  2.00194813e-01 -1.53296145e-05 -3.80579903e-06  1.57167349e-08 
 4.12053191e-05  2.00021633e-01  1.99910405e-01  2.00179758e-01 -1.56516553e-05 -3.60236652e-06  1.52199339e-08 
 4.12054978e-05  2.00021580e-01  1.99888105e-01  2.00159719e-01 -1.57266838e-05 -3.35963349e-06  1.46936776e-08 
 4.12057868e-05  2.00021075e-01  1.99870800e-01  2.00127993e-01 -1.57086869e-05 -3.00068302e-06  1.38387889e-08 
 4.12061500e-05  2.00020857e-01  1.99856983e-01  2.00090865e-01 -1.57225292e-05 -2.60317435e-06  1.27750476e-08 
 4.12068765e-05  2.00020078e-01  1.99835972e-01  2.00026323e-01 -1.57071889e-05 -1.95634852e-06  1.07455634e-08 
 4.12083293e-05  2.00019272e-01  1.99815695e-01  1.99931539e-01 -1.57212753e-05 -1.09159332e-06  7.29880102e-09 
 4.12112351e-05  2.00017996e-01  1.99838732e-01  1.99847502e-01 -1.57063536e-05 -3.01271463e-07  2.89265252e-09 
 4.12170467e-05  2.00017324e-01  2.00020187e-01  1.99924867e-01 -1.57215223e-05  1.91428865e-08  5.96405903e-11 
 4.12233298e-05  2.00017203e-01  2.00284269e-01  2.00166944e-01 -1.57071477e-05 -1.68231307e-09  1.16676292e-10 
 4.12310728e-05  2.00017764e-01  2.00569780e-01  2.00470837e-01 -1.57211751e-05  6.58408721e-10  2.04629446e-10 
 4.12399476e-05  2.00018166e-01  2.00785996e-01  2.00722880e-01 -1.57058235e-05  5.63750938e-11  1.35365931e-10 
 4.12536923e-05  2.00018893e-01  2.00906062e-01  2.00888756e-01 -1.57197956e-05  8.40896628e-11  4.47397039e-11 
 4.12734551e-05  2.00018987e-01  2.00826572e-01  2.00836910e-01 -1.57055292e-05 -8.73864147e-11 -3.37830565e-11 
 4.13032942e-05  2.00018908e-01  2.00646905e-01  2.00648127e-01 -1.57206535e-05 -1.27458771e-11 -2.65176264e-11 
 4.13346701e-05  2.00018575e-01  2.00628082e-01  2.00612478e-01 -1.57060852e-05 -3.97494429e-12  6.86530493e-12 
 4.13787607e-05  2.00018803e-01  2.00719671e-01  2.00704746e-01 -1.57202956e-05  2.87298631e-11  1.36839002e-11 
 4.14454292e-05  2.00018769e-01  2.00754352e-01  2.00746103e-01 -1.57058595e-05 -1.86925913e-11 -4.03059351e-12 
 4.15254963e-05  2.00018899e-01  2.00757029e-01  2.00745256e-01 -1.57204206e-05  1.58165286e-11  4.92790265e-12 
 4.16254963e-05  2.00018825e-01  2.00795488e-01  2.00785188e-01 -1.57058497e-05 -1.03492668e-11  9.18274191e-13 
 4.17254963e-05  2.00019005e-01  2.00796578e-01  2.00786723e-01 -1.57204027e-05  8.84615189e-12  1.30718580e-12 
 4.18254963e-05  2.00018889e-01  2.00806108e-01  2.00795448e-01 -1.57058809e-05 -8.00542575e-12  1.31435498e-12 
 4.19254963e-05  2.00019079e-01  2.00811579e-01  2.00801840e-01 -1.57203809e-05  7.40138029e-12  1.45405194e-12 
 4.20254963e-05  2.00018959e-01  2.00810661e-01  2.00800392e-01 -1.57058951e-05 -8.04235433e-12  3.38389473e-13 
 4.21254963e-05  2.00019141e-01  2.00814870e-01  2.00804837e-01 -1.57203764e-05  7.22883277e-12  2.11413569e-12 
 4.22254963e-05  2.00019027e-01  2.00813855e-01  2.00803858e-01 -1.57058953e-05 -7.84489140e-12 -1.57671131e-13 
 4.23254963e-05  2.00019203e-01  2.00815026e-01  2.00804891e-01 -1.57203783e-05  6.62191959e-12  2.23371522e-12 
 4.24254963e-05  2.00019092e-01  2.00815347e-01  2.00805377e-01 -1.57058940e-05 -7.10555920e-12 -1.23241966e-13 
 4.25254963e-05  2.00019267e-01  2.00815164e-01  2.00805069e-01 -1.57203785e-05  5.77708259e-12  2.08759973e-12 
 4.26254963e-05  2.00019155e-01  2.00815666e-01  2.00805651e-01 -1.57058952e-05 -6.32441365e-12  1.04641231e-14 
 4.27254963e-05  2.00019331e-01  2.00815489e-01  2.00805434e-01 -1.57203765e-05  5.08002624e-12  1.98274865e-12 
 4.28254963e-05  2.00019218e-01  2.00815652e-01  2.00805617e-01 -1.57058975e-05 -5.74461854e-12  6.52583456e-14 
 4.29254963e-05  2.00019395e-01  2.00815714e-01  2.00805666e-01 -1.57203742e-05  4.59085179e-12  1.95900349e-12 
 4.30254963e-05  2.00019282e-01  2.00815681e-01  2.00805649e-01 -1.57058997e-05 -5.32934395e-12  6.91223879e-14 
 4.31127482e-05  2.00019455e-01  2.00815801e-01  2.00805746e-01 -1.57203720e-05  4.19957060e-12  1.95914552e-12 
 4.32000000e-05  2.00019338e-01  2.00815760e-01  2.00805734e-01 -1.57059019e-05 -4.95373512e-12  7.15172279e-14 
 4.32000840e-05  1.99996163e-01  2.00764050e-01  2.00804052e-01 -1.83008946e-05 -7.44384897e-09 -3.81187233e-09 
 4.32002521e-05  1.99970974e-01  2.00705176e-01  2.00798883e-01 -1.98446383e-05 -1.71683203e-08 -1.05283178e-08 
 4.32005109e-05  1.99940768e-01  2.00704168e-01  2.00788621e-01 -2.02928287e-05 -2.39465164e-08 -1.92312895e-08 
 4.32008017e-05  1.99907061e-01  2.00737854e-01  2.00780087e-01 -2.16925421e-05 -2.75392660e-08 -2.79527017e-08 
 4.32010910e-05  1.99883380e-01  2.00778768e-01  2.00776606e-01 -2.52116042e-05 -2.01074165e-08 -3.54124480e-08 
 4.32013713e-05  1.99870095e-01  2.00824435e-01  2.00778193e-01 -3.17492832e-05  5.02836019e-09 -4.14464408e-08 
 4.32016193e-05  1.99870473e-01  2.00870923e-01  2.00783813e-01 -4.03231543e-05  4.95343487e-08 -4.57065810e-08 
 4.32018215e-05  1.99876293e-01  2.00912659e-01  2.00791426e-01 -4.93647328e-05  1.08518235e-07 -4.83406471e-08 
 4.32019772e-05  1.99884983e-01  2.00948639e-01  2.00799228e-01 -5.74285392e-05  1.74660769e-07 -4.97135253e-08 
 4.32021021e-05  1.99891639e-01  2.00979746e-01  2.00806778e-01 -6.45696659e-05  2.47007908e-07 -5.02907987e-08 
 4.32022072e-05  1.99897233e-01  2.01008801e-01  2.00814090e-01 -7.08757987e-05  3.27245260e-07 -5.02786565e-08 
 4.32022984e-05  1.99899207e-01  2.01036220e-01  2.00821192e-01 -7.65108674e-05  4.17020574e-07 -4.97824281e-08 
 4.32023789e-05  1.99898196e-01  2.01063270e-01  2.00828119e-01 -8.14396992e-05  5.18218986e-07 -4.88253386e-08 
 4.32024522e-05  1.99892408e-01  2.01090743e-01  2.00835022e-01 -8.58113298e-05  6.34880837e-07 -4.73915514e-08 
 4.32025243e-05  1.99881971e-01  2.01121417e-01  2.00842443e-01 -8.98240136e-05  7.79752189e-07 -4.52912232e-08 
 4.32026085e-05  1.99865428e-01  2.01162173e-01  2.00852025e-01 -9.41424940e-05  9.94614984e-07 -4.18103570e-08 
 4.32026911e-05  1.99849614e-01  2.01206335e-01  2.00862497e-01 -9.80191773e-05  1.25596286e-06 -3.72914185e-08 
 4.32028203e-05  1.99830653e-01  2.01278025e-01  2.00881118e-01 -1.03661753e-04  1.75825014e-06 -2.83389892e-08 
 4.32029289e-05  1.99821738e-01  2.01336845e-01  2.00898811e-01 -1.08023057e-04  2.25780374e-06 -1.93654286e-08 
 4.32030476e-05  1.99818932e-01  2.01396316e-01  2.00920051e-01 -1.12364925e-04  2.86852128e-06 -8.45770128e-09 
 4.32031804e-05  1.99823410e-01  2.01454515e-01  2.00945682e-01 -1.16278344e-04  3.60887618e-06  4.61007717e-09 
 4.32033063e-05  1.99833595e-01  2.01499188e-01  2.00971281e-01 -1.18197170e-04  4.34071563e-06  1.72941835e-08 
 4.32033958e-05  1.99843099e-01  2.01521788e-01  2.00989873e-01 -1.16809731e-04  4.85692489e-06  2.60041694e-08 
 4.32034583e-05  1.99849724e-01  2.01529935e-01  2.01002863e-01 -1.12671127e-04  5.19951043e-06  3.15541556e-08 
 4.32035137e-05  1.99854808e-01  2.01528826e-01  2.01014197e-01 -1.06213184e-04  5.47621610e-06  3.57538151e-08 
 4.32035773e-05  1.99859192e-01  2.01516065e-01  2.01026710e-01 -9.63420837e-05  5.74749601e-06  3.94134074e-08 
 4.32036455e-05  1.99861968e-01  2.01489735e-01  2.01039252e-01 -8.40796637e-05  5.97363704e-06  4.18036422e-08 
 4.32037275e-05  1.99862628e-01  2.01445603e-01  2.01052757e-01 -6.90479116e-05  6.15181839e-06  4.26135540e-08 
 4.32038340e-05  1.99859716e-01  2.01380188e-01  2.01067348e-01 -5.19804989e-05  6.24192639e-06  4.08492494e-08 
 4.32039068e-05  1.99855796e-01  2.01336879e-01  2.01075419e-01 -4.30093817e-05  6.22608519e-06  3.82606384e-08 
 4.32039799e-05  1.99850771e-01  2.01299373e-01  2.01082125e-01 -3.61928045e-05  6.16361687e-06  3.49778900e-08 
 4.32040734e-05  1.99843247e-01  2.01262453e-01  2.01089057e-01 -3.01422353e-05  6.03640786e-06  3.02335433e-08 
 4.32041586e-05  1.99835693e-01  2.01239733e-01  2.01094147e-01 -2.66635515e-05  5.89021704e-06  2.56825339e-08 
 4.32042595e-05  1.99826241e-01  2.01224561e-01  2.01099210e-01 -2.41726052e-05  5.69701092e-06  2.02845648e-08 
 4.32043599e-05  1.99816526e-01  2.01219395e-01  2.01103645e-01 -2.28073700e-05  5.49511635e-06  1.50553744e-08 
 4.32044857e-05  1.99804137e-01  2.01222540e-01  2.01108912e-01 -2.19428453e-05  5.24005256e-06  8.79247284e-09 
 4.32046224e-05  1.99790555e-01  2.01233663e-01  2.01114722e-01 -2.15438819e-05  4.96865202e-06  2.38520617e-09 
 4.32048029e-05  1.99772591e-01  2.01254910e-01  2.01123047e-01 -2.13611712e-05  4.62681173e-06 -5.46709454e-09 
 4.32050000e-05  1.99752972e-01  2.01282388e-01  2.01133330e-01 -2.13122410e-05  4.27754996e-06 -1.33333961e-08 
 4.32050027e-05  1.99755957e-01  2.01286099e-01  2.01133485e-01 -2.02681050e-05  4.27330862e-06 -1.32739919e-08 
 4.32050082e-05  1.99760092e-01  2.01293052e-01  2.01133804e-01 -1.97305338e-05  4.26486370e-06 -1.31676146e-08 
 4.32050191e-05  1.99762242e-01  2.01304915e-01  2.01134480e-01 -1.93013268e-05  4.24800585e-06 -1.30097039e-08 
 4.32050329e-05  1.99762300e-01  2.01317713e-01  2.01135399e-01 -1.88493597e-05  4.22656485e-06 -1.28560545e-08 
 4.32050606e-05  1.99762517e-01  2.01340522e-01  2.01137419e-01 -1.80741299e-05  4.18357739e-06 -1.26026126e-08 
 4.32051159e-05  1.99762616e-01  2.01377636e-01  2.01142047e-01 -1.70662449e-05  4.09759689e-06 -1.22565154e-08 
 4.32052146e-05  1.99762810e-01  2.01421651e-01  2.01151638e-01 -1.61547282e-05  3.94578556e-06 -1.19173259e-08 
 4.32054122e-05  1.99763035e-01  2.01463534e-01  2.01172989e-01 -1.57025573e-05  3.65482316e-06 -1.15730437e-08 
 4.32056346e-05  1.99763391e-01  2.01482068e-01  2.01197668e-01 -1.56672561e-05  3.35090865e-06 -1.12488947e-08 
 4.32059663e-05  1.99763776e-01  2.01499835e-01  2.01232913e-01 -1.56807559e-05  2.94321173e-06 -1.06906696e-08 
 4.32064211e-05  1.99764369e-01  2.01519279e-01  2.01277369e-01 -1.56612050e-05  2.46300506e-06 -9.86007874e-09 
 4.32073308e-05  1.99765286e-01  2.01548443e-01  2.01353234e-01 -1.56782273e-05  1.71993443e-06 -8.15604480e-09 
 4.32091502e-05  1.99766823e-01  2.01573197e-01  2.01458625e-01 -1.56570728e-05  8.18216779e-07 -5.13326760e-09 
 4.32127888e-05  1.99768561e-01  2.01527834e-01  2.01527548e-01 -1.56731135e-05  1.38464993e-07 -1.51120135e-09 
 4.32189263e-05  1.99769618e-01  2.01305344e-01  2.01394155e-01 -1.56521247e-05 -1.26640820e-08  1.63886800e-11 
 4.32264170e-05  1.99769386e-01  2.00977721e-01  2.01079090e-01 -1.56700753e-05  2.05055358e-09 -1.83161731e-10 
 4.32344704e-05  1.99768784e-01  2.00691476e-01  2.00765013e-01 -1.56513863e-05 -7.71016016e-10 -1.94657846e-10 
 4.32447517e-05  1.99767976e-01  2.00480714e-01  2.00510761e-01 -1.56705645e-05  4.59662208e-11 -1.10571140e-10 
 4.32593285e-05  1.99767406e-01  2.00417821e-01  2.00404260e-01 -1.56517263e-05 -8.34894378e-11 -1.60301617e-11 
 4.32833065e-05  1.99767263e-01  2.00564668e-01  2.00531624e-01 -1.56698058e-05  1.19109215e-10  4.59911328e-11 
 4.33133245e-05  1.99767687e-01  2.00720925e-01  2.00705024e-01 -1.56504713e-05 -1.87046878e-11  1.94161839e-11 
 4.33480892e-05  1.99767796e-01  2.00697926e-01  2.00695173e-01 -1.56695041e-05  7.66106232e-12 -1.16311222e-11 
 4.33929587e-05  1.99767707e-01  2.00618714e-01  2.00610803e-01 -1.56509001e-05 -2.95180848e-11 -5.16169150e-12 
 4.34661170e-05  1.99767626e-01  2.00613338e-01  2.00601804e-01 -1.56695903e-05  2.35941139e-11  4.99736401e-12 
 4.35502325e-05  1.99767720e-01  2.00603033e-01  2.00594918e-01 -1.56507806e-05 -2.28990557e-11 -2.73158547e-12 
 4.36502325e-05  1.99767637e-01  2.00576828e-01  2.00566316e-01 -1.56696361e-05  1.61395040e-11  1.71732198e-12 
 4.37502325e-05  1.99767711e-01  2.00580743e-01  2.00570966e-01 -1.56507695e-05 -1.47814348e-11  9.11123065e-13 
 4.38502325e-05  1.99767673e-01  2.00569986e-01  2.00560243e-01 -1.56696247e-05  1.09896627e-11  1.70142980e-13 
 4.39502325e-05  1.99767726e-01  2.00569608e-01  2.00559341e-01 -1.56507837e-05 -1.08275335e-11  1.68633754e-12 
 4.40502325e-05  1.99767703e-01  2.00568871e-01  2.00559095e-01 -1.56696116e-05  8.77006367e-12  4.13400488e-13 
 4.41502325e-05  1.99767757e-01  2.00566283e-01  2.00556151e-01 -1.56507904e-05 -9.11727985e-12  1.29607387e-12 
 4.42502325e-05  1.99767731e-01  2.00567510e-01  2.00557518e-01 -1.56696095e-05  7.45651349e-12  8.69950704e-13 
 4.43502325e-05  1.99767790e-01  2.00566138e-01  2.00556143e-01 -1.56507891e-05 -7.74795722e-12  1.05063397e-12 
 4.44502325e-05  1.99767760e-01  2.00566457e-01  2.00556385e-01 -1.56696118e-05  6.08185637e-12  9.71567065e-13 
 4.45502325e-05  1.99767821e-01  2.00566361e-01  2.00556378e-01 -1.56507868e-05 -6.33167889e-12  1.08642343e-12 
 4.46502325e-05  1.99767791e-01  2.00566126e-01  2.00556069e-01 -1.56696133e-05  4.72911684e-12  8.90498667e-13 
 4.47502325e-05  1.99767852e-01  2.00566335e-01  2.00556324e-01 -1.56507860e-05 -5.07350867e-12  1.17853963e-12 
 4.48502325e-05  1.99767823e-01  2.00566172e-01  2.00556137e-01 -1.56696137e-05  3.60640402e-12  8.22156362e-13 
 4.49502325e-05  1.99767883e-01  2.00566248e-01  2.00556223e-01 -1.56507858e-05 -4.08054168e-12  1.22236639e-12 
 4.50502325e-05  1.99767854e-01  2.00566257e-01  2.00556226e-01 -1.56696137e-05  2.73412521e-12  8.00470421e-13 
 4.51502325e-05  1.99767914e-01  2.00566230e-01  2.00556207e-01 -1.56507857e-05 -3.30693372e-12  1.23268642e-12 
 4.52502325e-05  1.99767886e-01  2.00566293e-01  2.00556258e-01 -1.56696140e-05  2.04248749e-12  7.94770770e-13 
 4.53502325e-05  1.99767946e-01  2.00566264e-01  2.00556244e-01 -1.56507854e-05 -2.68238253e-12  1.23900673e-12 
 4.54502325e-05  1.99767917e-01  2.00566310e-01  2.00556273e-01 -1.56696143e-05  1.47608054e-12  7.86499013e-13 
 4.55502325e-05  1.99767977e-01  2.00566305e-01  2.00556285e-01 -1.56507850e-05 -2.16773626e-12  1.24918462e-12 
 4.56502325e-05  1.99767948e-01  2.00566334e-01  2.00556297e-01 -1.56696147e-05  1.00917668e-12  7.75569658e-13 
 4.57502325e-05  1.99768009e-01  2.00566338e-01  2.00556318e-01 -1.56507846e-05 -1.74500865e-12  1.25989361e-12 
 4.58502325e-05  1.99767980e-01  2.00566365e-01  2.00556329e-01 -1.56696151e-05  6.27326316e-13  7.65792106e-13 
 4.59502325e-05  1.99768040e-01  2.00566368e-01  2.00556347e-01 -1.56507843e-05 -1.40054396e-12  1.26850960e-12 
 4.60502325e-05  1.99768011e-01  2.00566397e-01  2.00556361e-01 -1.56696154e-05  3.16773517e-13  7.58302709e-13 
 4.61502325e-05  1.99768071e-01  2.00566398e-01  2.00556377e-01 -1.56507839e-05 -1.12051405e-12  1.27507396e-12 
 4.62502325e-05  1.99768042e-01  2.00566429e-01  2.00556393e-01 -1.56696157e-05  6.41442194e-14  7.52452733e-13 
 4.63502325e-05  1.99768102e-01  2.00566429e-01  2.00556408e-01 -1.56507836e-05 -8.92469041e-13  1.28038097e-12 
 4.64502325e-05  1.99768074e-01  2.00566460e-01  2.00556424e-01 -1.56696161e-05 -1.41795213e-13  7.47583039e-13 
 4.65502325e-05  1.99768134e-01  2.00566460e-01  2.00556440e-01 -1.56507832e-05 -7.06448355e-13  1.28486945e-12 
 4.66502325e-05  1.99768105e-01  2.00566491e-01  2.00556455e-01 -1.56696164e-05 -3.09832889e-13  7.43451633e-13 
 4.67502325e-05  1.99768165e-01  2.00566491e-01  2.00556471e-01 -1.56507829e-05 -5.54659834e-13  1.28865690e-12 
 4.68251163e-05  1.99768132e-01  2.00566518e-01  2.00556482e-01 -1.56696168e-05 -4.67366380e-13  7.39472285e-13 
 4.69000000e-05  1.99768189e-01  2.00566514e-01  2.00556494e-01 -1.56507824e-05 -3.94535316e-13  1.29273485e-12 
 4.69100000e-05  1.99768168e-01  2.00566523e-01  2.00556495e-01 -1.56602001e-05 -5.72118091e-13  1.01246350e-12 
 4.69300000e-05  1.99768171e-01  2.00566527e-01  2.00556498e-01 -1.56601993e-05 -4.06337290e-13  1.01680936e-12 
 4.69650000e-05  1.99768176e-01  2.00566532e-01  2.00556504e-01 -1.56602001e-05 -5.14628921e-13  1.01389285e-12 
 4.70000000e-05  1.99768182e-01  2.00566537e-01  2.00556509e-01 -1.56601993e-05 -4.33505879e-13  1.01609351e-12 
 4.70000158e-05  1.99772853e-01  2.00590073e-01  2.00556657e-01 -1.05895090e-05  3.74083610e-09  7.91573243e-10 
 4.70000474e-05  1.99775865e-01  2.00626233e-01  2.00557177e-01 -1.00107210e-05  1.12602497e-08  2.28074730e-09 
 4.70000978e-05  1.99775759e-01  2.00664343e-01  2.00558736e-01 -9.69179543e-06  2.28382880e-08  4.48121836e-09 
 4.70001511e-05  1.99777702e-01  2.00695759e-01  2.00561087e-01 -9.34002800e-06  3.45387822e-08  6.70659955e-09 
 4.70002579e-05  1.99779407e-01  2.00734025e-01  2.00567097e-01 -9.16988624e-06  5.69084940e-08  1.08909067e-08 
 4.70004714e-05  1.99784485e-01  2.00765119e-01  2.00581219e-01 -8.99484263e-06  9.84040656e-08  1.86061363e-08 
 4.70008220e-05  1.99791582e-01  2.00773486e-01  2.00604555e-01 -9.06898942e-06  1.59407515e-07  2.98575584e-08 
 4.70012833e-05  1.99803536e-01  2.00772311e-01  2.00631301e-01 -9.30684904e-06  2.28210839e-07  4.24268442e-08 
 4.70014019e-05  1.99807727e-01  2.00771192e-01  2.00637346e-01 -9.63819473e-06  2.43924358e-07  4.52528705e-08 
 4.70016392e-05  1.99825498e-01  2.00767333e-01  2.00648389e-01 -1.14533540e-05  2.71280221e-07  5.02167078e-08 
 4.70017925e-05  1.99848360e-01  2.00762446e-01  2.00654725e-01 -1.43846929e-05  2.83968327e-07  5.27219952e-08 
 4.70019146e-05  1.99877989e-01  2.00756426e-01  2.00659238e-01 -1.82139001e-05  2.87783606e-07  5.40720927e-08 
 4.70020382e-05  1.99918997e-01  2.00747660e-01  2.00663232e-01 -2.39109208e-05  2.80227661e-07  5.46345257e-08 
 4.70021708e-05  1.99976104e-01  2.00735350e-01  2.00666757e-01 -3.16122200e-05  2.46641605e-07  5.41311426e-08 
 4.70023151e-05  2.00050601e-01  2.00718063e-01  2.00669557e-01 -4.11038273e-05  1.48641014e-07  5.20287609e-08 
 4.70024521e-05  2.00131231e-01  2.00697196e-01  2.00671053e-01 -4.94121054e-05 -5.88902250e-08  4.82623513e-08 
 4.70025691e-05  2.00205566e-01  2.00674339e-01  2.00671267e-01 -5.45338628e-05 -3.88549901e-07  4.33823655e-08 
 4.70026799e-05  2.00279726e-01  2.00647282e-01  2.00670379e-01 -5.67497864e-05 -8.99698717e-07  3.70876282e-08 
 4.70027990e-05  2.00362077e-01  2.00613890e-01  2.00668060e-01 -5.76450857e-05 -1.74754405e-06  2.84704853e-08 
 4.70029491e-05  2.00467831e-01  2.00573687e-01  2.00663148e-01 -5.84844667e-05 -3.38002757e-06  1.54953190e-08 
 4.70030603e-05  2.00545184e-01  2.00549868e-01  2.00658299e-01 -5.89601810e-05 -5.06362594e-06  4.84754797e-09 
 4.70031568e-05  2.00610429e-01  2.00535261e-01  2.00653536e-01 -5.90673697e-05 -6.89624055e-06 -4.73702785e-09 
 4.70032331e-05  2.00662910e-01  2.00528921e-01  2.00649583e-01 -5.88143671e-05 -8.63278685e-06 -1.22991772e-08 
 4.70032951e-05  2.00709401e-01  2.00528106e-01  2.00646375e-01 -5.82940407e-05 -1.02819099e-05 -1.82293835e-08 
 4.70033401e-05  2.00743959e-01  2.00530394e-01  2.00644103e-01 -5.76584408e-05 -1.16489800e-05 -2.23065858e-08 
 4.70033702e-05  2.00763294e-01  2.00533542e-01  2.00642644e-01 -5.69877216e-05 -1.26488131e-05 -2.48372796e-08 
 4.70033941e-05  2.00772675e-01  2.00537397e-01  2.00641528e-01 -5.61937961e-05 -1.34996630e-05 -2.66754169e-08 
 4.70034173e-05  2.00773739e-01  2.00542857e-01  2.00640496e-01 -5.51125761e-05 -1.43732590e-05 -2.82281758e-08 
 4.70034446e-05  2.00764751e-01  2.00552431e-01  2.00639382e-01 -5.33852635e-05 -1.54550056e-05 -2.96341000e-08 
 4.70034749e-05  2.00746105e-01  2.00568127e-01  2.00638306e-01 -5.09591125e-05 -1.67314348e-05 -3.05613179e-08 
 4.70035110e-05  2.00719701e-01  2.00593646e-01  2.00637340e-01 -4.75539987e-05 -1.83399917e-05 -3.07461605e-08 
 4.70035569e-05  2.00688625e-01  2.00634036e-01  2.00636729e-01 -4.28468086e-05 -2.05167369e-05 -2.97054902e-08 
 4.70035910e-05  2.00671285e-01  2.00667097e-01  2.00636781e-01 -3.93267954e-05 -2.22113221e-05 -2.81960548e-08 
 4.70036239e-05  2.00660278e-01  2.00699250e-01  2.00637256e-01 -3.60859203e-05 -2.39048864e-05 -2.63295599e-08 
 4.70036638e-05  2.00653963e-01  2.00736461e-01  2.00638374e-01 -3.24630675e-05 -2.60261816e-05 -2.37226891e-08 
 4.70037010e-05  2.00654291e-01  2.00768167e-01  2.00639911e-01 -2.94634264e-05 -2.80630736e-05 -2.10942387e-08 
 4.70037443e-05  2.00660552e-01  2.00800405e-01  2.00642215e-01 -2.64411921e-05 -3.04871332e-05 -1.79489230e-08 
 4.70037876e-05  2.00671609e-01  2.00827626e-01  2.00644991e-01 -2.38971706e-05 -3.29718051e-05 -1.47835041e-08 
 4.70038396e-05  2.00689293e-01  2.00854171e-01  2.00648819e-01 -2.13749859e-05 -3.60289062e-05 -1.10182296e-08 
 4.70038951e-05  2.00711727e-01  2.00876167e-01  2.00653352e-01 -1.92341210e-05 -3.93696345e-05 -7.06788133e-09 
 4.70039638e-05  2.00742611e-01  2.00896396e-01  2.00659394e-01 -1.71759259e-05 -4.36046082e-05 -2.25996156e-09 
 4.70040419e-05  2.00780233e-01  2.00912710e-01  2.00666625e-01 -1.54411507e-05 -4.85445903e-05  3.15690983e-09 
 4.70041430e-05  2.00831209e-01  2.00927261e-01  2.00676272e-01 -1.38431736e-05 -5.51285834e-05  1.02126807e-08 
 4.70042666e-05  2.00895459e-01  2.00939438e-01  2.00688194e-01 -1.25770603e-05 -6.34388465e-05  1.90438234e-08 
 4.70044342e-05  2.00984127e-01  2.00951382e-01  2.00704219e-01 -1.16041273e-05 -7.51084158e-05  3.15478613e-08 
 4.70046412e-05  2.01094029e-01  2.00963103e-01  2.00723540e-01 -1.10651833e-05 -9.00912106e-05  4.79924704e-08 
 4.70048206e-05  2.01187851e-01  2.00972042e-01  2.00739751e-01 -1.08662863e-05 -1.03496637e-04  6.31754404e-08 
 4.70050000e-05  2.01278996e-01  2.00980416e-01  2.00755439e-01 -1.07758045e-05 -1.17207121e-04  7.92376548e-08 
 4.70050019e-05  2.01278171e-01  2.00976508e-01  2.00755602e-01 -1.53587439e-05 -1.17356712e-04  7.93081460e-08 
 4.70050058e-05  2.01276551e-01  2.00969301e-01  2.00755922e-01 -1.56332048e-05 -1.17655851e-04  7.94496411e-08 
 4.70050135e-05  2.01274152e-01  2.00957520e-01  2.00756532e-01 -1.57568419e-05 -1.18253025e-04  7.97466992e-08 
 4.70050290e-05  2.01271217e-01  2.00939544e-01  2.00757654e-01 -1.57529412e-05 -1.19439861e-04  8.03902339e-08 
 4.70050549e-05  2.01267007e-01  2.00915943e-01  2.00759307e-01 -1.58287783e-05 -1.21407020e-04  8.15430278e-08 
 4.70051068e-05  2.01259647e-01  2.00879438e-01  2.00761944e-01 -1.58167597e-05 -1.25252690e-04  8.40465870e-08 
 4.70052106e-05  2.01246824e-01  2.00834930e-01  2.00765409e-01 -1.58393460e-05 -1.32599086e-04  8.96392921e-08 
 4.70053255e-05  2.01233887e-01  2.00813914e-01  2.00767608e-01 -1.57647780e-05 -1.40212947e-04  9.65323872e-08 
 4.70055124e-05  2.01213875e-01  2.00806396e-01  2.00769951e-01 -1.57486620e-05 -1.51518977e-04  1.08938029e-07 
 4.70057958e-05  2.01185716e-01  2.00814963e-01  2.00773244e-01 -1.56474538e-05 -1.66334141e-04  1.29832739e-07 
 4.70063628e-05  2.01135919e-01  2.00839890e-01  2.00782236e-01 -1.55791665e-05 -1.88859491e-04  1.75511909e-07 
 4.70072963e-05  2.01069123e-01  2.00874700e-01  2.00802694e-01 -1.54263114e-05 -2.10246256e-04  2.50984768e-07 
 4.70081414e-05  2.01021247e-01  2.00899835e-01  2.00824246e-01 -1.53980267e-05 -2.17588918e-04  3.10999550e-07 
 4.70092080e-05  2.00972919e-01  2.00924819e-01  2.00851687e-01 -1.53179364e-05 -2.17059997e-04  3.68357007e-07 
 4.70102567e-05  2.00935089e-01  2.00943332e-01  2.00876774e-01 -1.53347418e-05 -2.10135983e-04  4.04219534e-07 
 4.70116480e-05  2.00895118e-01  2.00960787e-01  2.00905179e-01 -1.52959076e-05 -1.96270822e-04  4.25300447e-07 
 4.70131295e-05  2.00861514e-01  2.00972556e-01  2.00928697e-01 -1.53416457e-05 -1.79265011e-04  4.23267961e-07 
 4.70151489e-05  2.00825540e-01  2.00980597e-01  2.00950465e-01 -1.53295871e-05 -1.56296142e-04  3.96962653e-07 
 4.70175355e-05  2.00793008e-01  2.00982048e-01  2.00963912e-01 -1.53960296e-05 -1.31901150e-04  3.50484825e-07 
 4.70205312e-05  2.00762654e-01  2.00976282e-01  2.00967812e-01 -1.53990644e-05 -1.06529878e-04  2.89516884e-07 
 4.70236544e-05  2.00739832e-01  2.00965051e-01  2.00962280e-01 -1.54707648e-05 -8.57039072e-05  2.33685574e-07 
 4.70273355e-05  2.00721047e-01  2.00948227e-01  2.00948975e-01 -1.54728605e-05 -6.69306891e-05  1.81425075e-07 
 4.70311483e-05  2.00708016e-01  2.00928886e-01  2.00931267e-01 -1.55411297e-05 -5.24032335e-05  1.40696581e-07 
 4.70355972e-05  2.00698242e-01  2.00905729e-01  2.00908662e-01 -1.55379097e-05 -3.99158959e-05  1.05951997e-07 
 4.70403365e-05  2.00691932e-01  2.00882093e-01  2.00884530e-01 -1.56012472e-05 -3.03127591e-05  7.95787341e-08 
 4.70458978e-05  2.00687700e-01  2.00857745e-01  2.00858565e-01 -1.55924218e-05 -2.22968020e-05  5.78993477e-08 
 4.70519754e-05  2.00685312e-01  2.00837544e-01  2.00835563e-01 -1.56504312e-05 -1.62041139e-05  4.16829107e-08 
 4.70591498e-05  2.00683995e-01  2.00824440e-01  2.00818341e-01 -1.56356389e-05 -1.12970015e-05  2.88218113e-08 
 4.70671681e-05  2.00683479e-01  2.00824528e-01  2.00813540e-01 -1.56877181e-05 -7.66759507e-06  1.94393744e-08 
 4.70767072e-05  2.00683353e-01  2.00842862e-01  2.00826812e-01 -1.56664879e-05 -4.89995219e-06  1.23682770e-08 
 4.70876079e-05  2.00683485e-01  2.00881445e-01  2.00861500e-01 -1.57122926e-05 -2.97188408e-06  7.48518585e-09 
 4.71007528e-05  2.00683676e-01  2.00939724e-01  2.00918065e-01 -1.56848335e-05 -1.63641217e-06  4.12419145e-09 
 4.71162244e-05  2.00683919e-01  2.01007601e-01  2.00986915e-01 -1.57251352e-05 -8.12595194e-07  2.05499994e-09 
 4.71354457e-05  2.00684099e-01  2.01075023e-01  2.01057298e-01 -1.56929920e-05 -3.36110191e-07  8.57116301e-10 
 4.71592787e-05  2.00684258e-01  2.01131129e-01  2.01116355e-01 -1.57297991e-05 -1.08618248e-07  2.81528719e-10 
 4.71909376e-05  2.00684321e-01  2.01180960e-01  2.01167536e-01 -1.56952520e-05 -2.07309232e-08  5.89069719e-11 
 4.72345814e-05  2.00684401e-01  2.01238627e-01  2.01225312e-01 -1.57306425e-05 -7.33350798e-10  8.46400369e-12 
 4.73023412e-05  2.00684467e-01  2.01313166e-01  2.01300785e-01 -1.56954268e-05  1.71433082e-10  5.05205220e-12 
 4.74023412e-05  2.00684574e-01  2.01381239e-01  2.01370024e-01 -1.57306573e-05 -7.51412402e-11  3.14287658e-12 
 4.75023412e-05  2.00684607e-01  2.01420472e-01  2.01409570e-01 -1.56954462e-05  4.56653712e-11  2.57288179e-12 
 4.76023412e-05  2.00684669e-01  2.01444450e-01  2.01433989e-01 -1.57306626e-05 -3.05316007e-11  1.77473439e-12 
 4.77023412e-05  2.00684678e-01  2.01457134e-01  2.01446810e-01 -1.56954521e-05  2.26481893e-11  1.52927345e-12 
 4.78023412e-05  2.00684722e-01  2.01465357e-01  2.01455120e-01 -1.57306654e-05 -2.05678105e-11  1.37353475e-12 
 4.79023412e-05  2.00684724e-01  2.01469741e-01  2.01459608e-01 -1.56954535e-05  1.49105285e-11  1.19546322e-12 
 4.80023412e-05  2.00684762e-01  2.01472347e-01  2.01462204e-01 -1.57306664e-05 -1.54906259e-11  1.19565908e-12 
 4.81023412e-05  2.00684761e-01  2.01473985e-01  2.01463897e-01 -1.56954543e-05  1.00639089e-11  1.12018299e-12 
 4.82023412e-05  2.00684798e-01  2.01474788e-01  2.01464690e-01 -1.57306661e-05 -1.14694142e-11  1.11571462e-12 
 4.83023412e-05  2.00684796e-01  2.01475376e-01  2.01465297e-01 -1.56954553e-05  6.21776068e-12  1.09824096e-12 
 4.84023412e-05  2.00684833e-01  2.01475672e-01  2.01465590e-01 -1.57306653e-05 -8.05586218e-12  1.09606237e-12 
 4.85023412e-05  2.00684830e-01  2.01475850e-01  2.01465776e-01 -1.56954562e-05  3.03043441e-12  1.07926943e-12 
 4.86023412e-05  2.00684866e-01  2.01475991e-01  2.01465912e-01 -1.57306645e-05 -5.17515046e-12  1.10082630e-12 
 4.87023412e-05  2.00684863e-01  2.01476040e-01  2.01465970e-01 -1.56954570e-05  3.73788023e-13  1.06379109e-12 
 4.88023412e-05  2.00684900e-01  2.01476112e-01  2.01466032e-01 -1.57306638e-05 -2.75527366e-12  1.10893846e-12 
 4.89023412e-05  2.00684897e-01  2.01476132e-01  2.01466064e-01 -1.56954578e-05 -1.85001515e-12  1.05398199e-12 
 4.90023412e-05  2.00684933e-01  2.01476172e-01  2.01466092e-01 -1.57306630e-05 -7.20250465e-13  1.11524543e-12 
 4.91023412e-05  2.00684930e-01  2.01476185e-01  2.01466117e-01 -1.56954585e-05 -3.71885357e-12  1.04742479e-12 
 4.92023412e-05  2.00684966e-01  2.01476215e-01  2.01466135e-01 -1.57306623e-05  9.92783330e-13  1.12067772e-12 
 4.93023412e-05  2.00684964e-01  2.01476224e-01  2.01466156e-01 -1.56954593e-05 -5.29118763e-12  1.04175295e-12 
 4.94023412e-05  2.00685000e-01  2.01476252e-01  2.01466173e-01 -1.57306615e-05  2.43479889e-12  1.12606235e-12 
 4.95023412e-05  2.00684997e-01  2.01476259e-01  2.01466190e-01 -1.56954600e-05 -6.61380217e-12  1.03631459e-12 
 4.96023412e-05  2.00685033e-01  2.01476287e-01  2.01466208e-01 -1.57306608e-05  3.64743218e-12  1.13127362e-12 
 4.97023412e-05  2.00685030e-01  2.01476292e-01  2.01466224e-01 -1.56954608e-05 -7.72585988e-12  1.03127695e-12 
 4.98023412e-05  2.00685067e-01  2.01476320e-01  2.01466241e-01 -1.57306600e-05  4.66728696e-12  1.13602265e-12 
 4.99023412e-05  2.00685064e-01  2.01476326e-01  2.01466258e-01 -1.56954615e-05 -8.66088733e-12  1.02678922e-12 
 5.00023412e-05  2.00685100e-01  2.01476354e-01  2.01466274e-01 -1.57306592e-05  5.52443681e-12  1.14023125e-12 
 5.01023412e-05  2.00685097e-01  2.01476359e-01  2.01466291e-01 -1.56954623e-05 -9.44693672e-12  1.02283053e-12 
 5.02023412e-05  2.00685133e-01  2.01476387e-01  2.01466307e-01 -1.57306585e-05  6.24542171e-12  1.14395163e-12 
 5.03023412e-05  2.00685130e-01  2.01476392e-01  2.01466324e-01 -1.56954630e-05 -1.01080103e-11  1.01932677e-12 
 5.04023412e-05  2.00685167e-01  2.01476420e-01  2.01466341e-01 -1.57306577e-05  6.85150526e-12  1.14724869e-12 
 5.05023412e-05  2.00685164e-01  2.01476425e-01  2.01466357e-01 -1.56954638e-05 -1.06635124e-11  1.01622449e-12 
 5.06023412e-05  2.00685200e-01  2.01476453e-01  2.01466374e-01 -1.57306569e-05  7.36103583e-12  1.15016351e-12 
 5.07023412e-05  2.00685197e-01  2.01476458e-01  2.01466390e-01 -1.56954645e-05 -1.11307003e-11  1.01348915e-12 
 5.08023412e-05  2.00685233e-01  2.01476486e-01  2.01466407e-01 -1.57306562e-05  7.78924256e-12  1.15272668e-12 
 5.09023412e-05  2.00685231e-01  2.01476492e-01  2.01466423e-01 -1.56954653e-05 -1.15232563e-11  1.01108976e-12 
 5.10023412e-05  2.00685267e-01  2.01476519e-01  2.01466440e-01 -1.57306554e-05  8.14923237e-12  1.15497119e-12 
 5.11023412e-05  2.00685264e-01  2.01476525e-01  2.01466456e-01 -1.56954661e-05 -1.18532094e-11  1.00899172e-12 
 5.12023412e-05  2.00685300e-01  2.01476552e-01  2.01466473e-01 -1.57306546e-05  8.45177422e-12  1.15693100e-12 
 5.13023412e-05  2.00685297e-01  2.01476558e-01  2.01466490e-01 -1.56954668e-05 -1.21303364e-11  1.00716169e-12 
 5.14023412e-05  2.00685334e-01  2.01476586e-01  2.01466506e-01 -1.57306539e-05  8.70581233e-12  1.15863851e-12 
 5.15023412e-05  2.00685331e-01  2.01476591e-01  2.01466523e-01 -1.56954676e-05 -1.23633942e-11  1.00556943e-12 
 5.16023412e-05  2.00685367e-01  2.01476619e-01  2.01466539e-01 -1.57306531e-05  8.91922885e-12  1.16012251e-12 
 5.17023412e-05  2.00685364e-01  2.01476624e-01  2.01466556e-01 -1.56954683e-05 -1.25588181e-11  1.00418746e-12 
 5.18023412e-05  2.00685400e-01  2.01476652e-01  2.01466573e-01 -1.57306524e-05  9.09860772e-12  1.16140908e-12 
 5.19023412e-05  2.00685398e-01  2.01476657e-01  2.01466589e-01 -1.56954691e-05 -1.27230301e-11  1.00299050e-12 
 5.20023412e-05  2.00685434e-01  2.01476685e-01  2.01466606e-01 -1.57306516e-05  9.24904359e-12  1.16252212e-12 
 5.21023412e-05  2.00685431e-01  2.01476690e-01  2.01466622e-01 -1.56954698e-05 -1.28607704e-11  1.00195535e-12 
 5.22023412e-05  2.00685467e-01  2.01476718e-01  2.01466639e-01 -1.57306508e-05  9.37540106e-12  1.16348386e-12 
 5.23023412e-05  2.00685464e-01  2.01476723e-01  2.01466655e-01 -1.56954706e-05 -1.29765033e-11  1.00106186e-12 
 5.24023412e-05  2.00685500e-01  2.01476751e-01  2.01466672e-01 -1.57306501e-05  9.48118146e-12  1.16431338e-12 
 5.25023412e-05  2.00685498e-01  2.01476756e-01  2.01466688e-01 -1.56954714e-05 -1.30734347e-11  1.00029295e-12 
 5.26023412e-05  2.00685534e-01  2.01476784e-01  2.01466705e-01 -1.57306493e-05  9.56983082e-12  1.16502625e-12 
 5.27023412e-05  2.00685531e-01  2.01476790e-01  2.01466721e-01 -1.56954721e-05 -1.31546590e-11  9.99631964e-13 
 5.28023412e-05  2.00685567e-01  2.01476818e-01  2.01466738e-01 -1.57306485e-05  9.64437818e-12  1.16563909e-12 
 5.29023412e-05  2.00685565e-01  2.01476823e-01  2.01466755e-01 -1.56954729e-05 -1.32226493e-11  9.99063787e-13 
 5.30023412e-05  2.00685601e-01  2.01476851e-01  2.01466771e-01 -1.57306478e-05  9.70665280e-12  1.16616504e-12 
 5.31023412e-05  2.00685598e-01  2.01476856e-01  2.01466788e-01 -1.56954736e-05 -1.32795860e-11  9.98577143e-13 
 5.32023412e-05  2.00685634e-01  2.01476884e-01  2.01466804e-01 -1.57306470e-05  9.75858695e-12  1.16661514e-12 
 5.33023412e-05  2.00685631e-01  2.01476889e-01  2.01466821e-01 -1.56954744e-05 -1.33271237e-11  9.98161026e-13 
 5.34023412e-05  2.00685667e-01  2.01476917e-01  2.01466838e-01 -1.57306462e-05  9.80211528e-12  1.16700009e-12 
 5.35023412e-05  2.00685665e-01  2.01476922e-01  2.01466854e-01 -1.56954751e-05 -1.33668337e-11  9.97805408e-13 
 5.36023412e-05  2.00685701e-01  2.01476950e-01  2.01466871e-01 -1.57306455e-05  9.83830075e-12  1.16732860e-12 
 5.37023412e-05  2.00685698e-01  2.01476955e-01  2.01466887e-01 -1.56954759e-05 -1.33998557e-11  9.97502211e-13 
 5.38023412e-05  2.00685734e-01  2.01476983e-01  2.01466904e-01 -1.57306447e-05  9.86855064e-12  1.16760795e-12 
 5.39023412e-05  2.00685732e-01  2.01476988e-01  2.01466920e-01 -1.56954767e-05 -1.34274271e-11  9.97244930e-13 
 5.40023412e-05  2.00685767e-01  2.01477016e-01  2.01466937e-01 -1.57306439e-05  9.89360547e-12  1.16784539e-12 
 5.41023412e-05  2.00685765e-01  2.01477021e-01  2.01466953e-01 -1.56954774e-05 -1.34502316e-11  9.97025975e-13 
 5.42023412e-05  2.00685801e-01  2.01477049e-01  2.01466970e-01 -1.57306432e-05  9.91447744e-12  1.16804672e-12 
 5.43023412e-05  2.00685798e-01  2.01477055e-01  2.01466986e-01 -1.56954782e-05 -1.34690360e-11  9.96840522e-13 
 5.44023412e-05  2.00685834e-01  2.01477083e-01  2.01467003e-01 -1.57306424e-05  9.93173360e-12  1.16821738e-12 
 5.45023412e-05  2.00685832e-01  2.01477088e-01  2.01467020e-01 -1.56954789e-05 -1.34844770e-11  9.96683693e-13 
 5.46023412e-05  2.00685868e-01  2.01477116e-01  2.01467036e-01 -1.57306416e-05  9.94587941e-12  1.16836125e-12 
 5.47023412e-05  2.00685865e-01  2.01477121e-01  2.01467053e-01 -1.56954797e-05 -1.34973870e-11  9.96551583e-13 
 5.48023412e-05  2.00685901e-01  2.01477149e-01  2.01467069e-01 -1.57306409e-05  9.95720433e-12  1.16848236e-12 
 5.49023412e-05  2.00685898e-01  2.01477154e-01  2.01467086e-01 -1.56954804e-05 -1.35078502e-11  9.96440777e-13 
 5.50023412e-05  2.00685934e-01  2.01477182e-01  2.01467102e-01 -1.57306401e-05  9.96685308e-12  1.16858373e-12 
 5.51023412e-05  2.00685932e-01  2.01477187e-01  2.01467119e-01 -1.56954812e-05 -1.35163308e-11  9.96347373e-13 
 5.52023412e-05  2.00685968e-01  2.01477215e-01  2.01467136e-01 -1.57306393e-05  9.97431846e-12  1.16866879e-12 
 5.53023412e-05  2.00685965e-01  2.01477220e-01  2.01467152e-01 -1.56954820e-05 -1.35231167e-11  9.96270286e-13 
 5.54023412e-05  2.00686001e-01  2.01477248e-01  2.01467169e-01 -1.57306386e-05  9.98034424e-12  1.16873893e-12 
 5.55023412e-05  2.00685999e-01  2.01477253e-01  2.01467185e-01 -1.56954827e-05 -1.35285383e-11  9.96206806e-13 
 5.56023412e-05  2.00686034e-01  2.01477281e-01  2.01467202e-01 -1.57306378e-05  9.98528517e-12  1.16879672e-12 
 5.57023412e-05  2.00686032e-01  2.01477286e-01  2.01467218e-01 -1.56954835e-05 -1.35326323e-11  9.96154385e-13 
 5.58023412e-05  2.00686068e-01  2.01477315e-01  2.01467235e-01 -1.57306370e-05  9.98908161e-12  1.16884426e-12 
 5.59023412e-05  2.00686065e-01  2.01477319e-01  2.01467251e-01 -1.56954842e-05 -1.35360291e-11  9.96110963e-13 
 5.60023412e-05  2.00686101e-01  2.01477348e-01  2.01467268e-01 -1.57306363e-05  9.99171774e-12  1.16888340e-12 
 5.61023412e-05  2.00686099e-01  2.01477353e-01  2.01467285e-01 -1.56954850e-05 -1.35382220e-11  9.96076865e-13 
 5.62023412e-05  2.00686134e-01  2.01477381e-01  2.01467301e-01 -1.57306355e-05  9.99391975e-12  1.16891338e-12 
 5.63023412e-05  2.00686132e-01  2.01477386e-01  2.01467318e-01 -1.56954857e-05 -1.35400675e-11  9.96049489e-13 
 5.64023412e-05  2.00686168e-01  2.01477414e-01  2.01467334e-01 -1.57306348e-05  9.99520171e-12  1.16893756e-12 
 5.65023412e-05  2.00686166e-01  2.01477419e-01  2.01467351e-01 -1.56954865e-05 -1.35411307e-11  9.96028726e-13 
 5.66023412e-05  2.00686201e-01  2.01477447e-01  2.01467367e-01 -1.57306340e-05  9.99612979e-12  1.16895615e-12 
 5.67023412e-05  2.00686199e-01  2.01477452e-01  2.01467384e-01 -1.56954873e-05 -1.35417678e-11  9.96012463e-13 
 5.68023412e-05  2.00686235e-01  2.01477480e-01  2.01467401e-01 -1.57306332e-05  9.99647891e-12  1.16896954e-12 
 5.69023412e-05  2.00686232e-01  2.01477485e-01  2.01467417e-01 -1.56954880e-05 -1.35418512e-11  9.96000537e-13 
 5.70023412e-05  2.00686268e-01  2.01477513e-01  2.01467434e-01 -1.57306325e-05  9.99661963e-12  1.16897946e-12 
 5.71023412e-05  2.00686266e-01  2.01477518e-01  2.01467450e-01 -1.56954888e-05 -1.35417218e-11  9.95993002e-13 
 5.72023412e-05  2.00686301e-01  2.01477546e-01  2.01467467e-01 -1.57306317e-05  9.99615950e-12  1.16898505e-12 
 5.73023412e-05  2.00686299e-01  2.01477551e-01  2.01467483e-01 -1.56954895e-05 -1.35413046e-11  9.95989153e-13 
 5.74023412e-05  2.00686335e-01  2.01477580e-01  2.01467500e-01 -1.57306309e-05  9.99567139e-12  1.16898787e-12 
 5.75023412e-05  2.00686333e-01  2.01477584e-01  2.01467516e-01 -1.56954903e-05 -1.35406354e-11  9.95987039e-13 
 5.76023412e-05  2.00686368e-01  2.01477613e-01  2.01467533e-01 -1.57306302e-05  9.99481617e-12  1.16898879e-12 
 5.77023412e-05  2.00686366e-01  2.01477617e-01  2.01467550e-01 -1.56954910e-05 -1.35396744e-11  9.95987797e-13 
 5.78023412e-05  2.00686401e-01  2.01477646e-01  2.01467566e-01 -1.57306294e-05  9.99379637e-12  1.16898662e-12 
 5.79023412e-05  2.00686399e-01  2.01477651e-01  2.01467583e-01 -1.56954918e-05 -1.35386177e-11  9.95991375e-13 
 5.80023412e-05  2.00686435e-01  2.01477679e-01  2.01467599e-01 -1.57306286e-05  9.99265362e-12  1.16898272e-12 
 5.81023412e-05  2.00686433e-01  2.01477684e-01  2.01467616e-01 -1.56954926e-05 -1.35372917e-11  9.95995387e-13 
 5.82023412e-05  2.00686468e-01  2.01477712e-01  2.01467632e-01 -1.57306279e-05  9.99123137e-12  1.16897724e-12 
 5.83023412e-05  2.00686466e-01  2.01477717e-01  2.01467649e-01 -1.56954933e-05 -1.35359623e-11  9.96002055e-13 
 5.84023412e-05  2.00686502e-01  2.01477745e-01  2.01467666e-01 -1.57306271e-05  9.98988999e-12  1.16896992e-12 
 5.85023412e-05  2.00686500e-01  2.01477750e-01  2.01467682e-01 -1.56954941e-05 -1.35344338e-11  9.96009698e-13 
 5.86023412e-05  2.00686535e-01  2.01477778e-01  2.01467699e-01 -1.57306263e-05  9.98841916e-12  1.16896190e-12 
 5.87023412e-05  2.00686533e-01  2.01477783e-01  2.01467715e-01 -1.56954948e-05 -1.35329842e-11  9.96018480e-13 
 5.88023412e-05  2.00686568e-01  2.01477812e-01  2.01467732e-01 -1.57306256e-05  9.98664454e-12  1.16895230e-12 
 5.89023412e-05  2.00686566e-01  2.01477816e-01  2.01467748e-01 -1.56954956e-05 -1.35312653e-11  9.96029051e-13 
 5.90023412e-05  2.00686602e-01  2.01477845e-01  2.01467765e-01 -1.57306248e-05  9.98504816e-12  1.16894163e-12 
 5.91023412e-05  2.00686600e-01  2.01477849e-01  2.01467781e-01 -1.56954963e-05 -1.35295585e-11  9.96039297e-13 
 5.92023412e-05  2.00686635e-01  2.01477878e-01  2.01467798e-01 -1.57306241e-05  9.98334531e-12  1.16893116e-12 
 5.93023412e-05  2.00686633e-01  2.01477882e-01  2.01467815e-01 -1.56954971e-05 -1.35277098e-11  9.96050519e-13 
 5.94023412e-05  2.00686668e-01  2.01477911e-01  2.01467831e-01 -1.57306233e-05  9.98157850e-12  1.16891934e-12 
 5.95023412e-05  2.00686666e-01  2.01477916e-01  2.01467848e-01 -1.56954978e-05 -1.35258909e-11  9.96062391e-13 
 5.96023412e-05  2.00686702e-01  2.01477944e-01  2.01467864e-01 -1.57306225e-05  9.97963778e-12  1.16890704e-12 
 5.97023412e-05  2.00686700e-01  2.01477949e-01  2.01467881e-01 -1.56954986e-05 -1.35239723e-11  9.96075184e-13 
 5.98023412e-05  2.00686735e-01  2.01477977e-01  2.01467897e-01 -1.57306218e-05  9.97798328e-12  1.16889425e-12 
 5.99023412e-05  2.00686733e-01  2.01477982e-01  2.01467914e-01 -1.56954994e-05 -1.35220507e-11  9.96087978e-13 
 6.00023412e-05  2.00686769e-01  2.01478010e-01  2.01467931e-01 -1.57306210e-05  9.97597296e-12  1.16888102e-12 
 6.01023412e-05  2.00686767e-01  2.01478015e-01  2.01467947e-01 -1.56955001e-05 -1.35200815e-11  9.96101910e-13 
 6.02023412e-05  2.00686802e-01  2.01478043e-01  2.01467964e-01 -1.57306202e-05  9.97403462e-12  1.16886703e-12 
 6.03023412e-05  2.00686800e-01  2.01478048e-01  2.01467980e-01 -1.56955009e-05 -1.35182629e-11  9.96116004e-13 
 6.04023412e-05  2.00686835e-01  2.01478077e-01  2.01467997e-01 -1.57306195e-05  9.97205964e-12  1.16885261e-12 
 6.05023412e-05  2.00686833e-01  2.01478081e-01  2.01468013e-01 -1.56955016e-05 -1.35161290e-11  9.96131075e-13 
 6.06023412e-05  2.00686869e-01  2.01478110e-01  2.01468030e-01 -1.57306187e-05  9.97016445e-12  1.16883743e-12 
 6.07023412e-05  2.00686867e-01  2.01478114e-01  2.01468046e-01 -1.56955024e-05 -1.35142203e-11  9.96145332e-13 
 6.08023412e-05  2.00686902e-01  2.01478143e-01  2.01468063e-01 -1.57306179e-05  9.96806739e-12  1.16882263e-12 
 6.09023412e-05  2.00686900e-01  2.01478147e-01  2.01468080e-01 -1.56955031e-05 -1.35121807e-11  9.96160999e-13 
 6.10023412e-05  2.00686935e-01  2.01478176e-01  2.01468096e-01 -1.57306172e-05  9.96614184e-12  1.16880729e-12 
 6.11023412e-05  2.00686934e-01  2.01478181e-01  2.01468113e-01 -1.56955039e-05 -1.35101502e-11  9.96176178e-13 
 6.12023412e-05  2.00686969e-01  2.01478209e-01  2.01468129e-01 -1.57306164e-05  9.96413000e-12  1.16879184e-12 
 6.13023412e-05  2.00686967e-01  2.01478214e-01  2.01468146e-01 -1.56955046e-05 -1.35080109e-11  9.96191953e-13 
 6.14023412e-05  2.00687002e-01  2.01478242e-01  2.01468162e-01 -1.57306157e-05  9.96208953e-12  1.16877574e-12 
 6.15023412e-05  2.00687000e-01  2.01478247e-01  2.01468179e-01 -1.56955054e-05 -1.35060487e-11  9.96207999e-13 
 6.16023412e-05  2.00687036e-01  2.01478275e-01  2.01468196e-01 -1.57306149e-05  9.96008159e-12  1.16875975e-12 
 6.17023412e-05  2.00687034e-01  2.01478280e-01  2.01468212e-01 -1.56955062e-05 -1.35039404e-11  9.96224316e-13 
 6.18023412e-05  2.00687069e-01  2.01478309e-01  2.01468229e-01 -1.57306141e-05  9.95800577e-12  1.16874332e-12 
 6.19023412e-05  2.00687067e-01  2.01478313e-01  2.01468245e-01 -1.56955069e-05 -1.35019238e-11  9.96240959e-13 
 6.20023412e-05  2.00687102e-01  2.01478342e-01  2.01468262e-01 -1.57306134e-05  9.95594948e-12  1.16872657e-12 
 6.21023412e-05  2.00687101e-01  2.01478346e-01  2.01468278e-01 -1.56955077e-05 -1.34997168e-11  9.96257818e-13 
 6.22023412e-05  2.00687136e-01  2.01478375e-01  2.01468295e-01 -1.57306126e-05  9.95389903e-12  1.16870971e-12 
 6.23023412e-05  2.00687134e-01  2.01478379e-01  2.01468311e-01 -1.56955084e-05 -1.34978220e-11  9.96274569e-13 
 6.24023412e-05  2.00687169e-01  2.01478408e-01  2.01468328e-01 -1.57306118e-05  9.95177291e-12  1.16869307e-12 
 6.25023412e-05  2.00687167e-01  2.01478412e-01  2.01468345e-01 -1.56955092e-05 -1.34956640e-11  9.96291916e-13 
 6.26023412e-05  2.00687202e-01  2.01478441e-01  2.01468361e-01 -1.57306111e-05  9.94967325e-12  1.16867551e-12 
 6.27023412e-05  2.00687201e-01  2.01478445e-01  2.01468378e-01 -1.56955099e-05 -1.34935225e-11  9.96309318e-13 
 6.28023412e-05  2.00687236e-01  2.01478474e-01  2.01468394e-01 -1.57306103e-05  9.94755211e-12  1.16865789e-12 
 6.29023412e-05  2.00687234e-01  2.01478479e-01  2.01468411e-01 -1.56955107e-05 -1.34913925e-11  9.96326827e-13 
 6.30023412e-05  2.00687269e-01  2.01478507e-01  2.01468427e-01 -1.57306095e-05  9.94562505e-12  1.16864038e-12 
 6.31023412e-05  2.00687268e-01  2.01478512e-01  2.01468444e-01 -1.56955114e-05 -1.34892702e-11  9.96344337e-13 
 6.32023412e-05  2.00687303e-01  2.01478540e-01  2.01468461e-01 -1.57306088e-05  9.94350826e-12  1.16862298e-12 
 6.33023412e-05  2.00687301e-01  2.01478545e-01  2.01468477e-01 -1.56955122e-05 -1.34871576e-11  9.96362444e-13 
 6.34023412e-05  2.00687336e-01  2.01478574e-01  2.01468494e-01 -1.57306080e-05  9.94133205e-12  1.16860460e-12 
 6.35023412e-05  2.00687334e-01  2.01478578e-01  2.01468510e-01 -1.56955129e-05 -1.34851197e-11  9.96380875e-13 
 6.36023412e-05  2.00687369e-01  2.01478607e-01  2.01468527e-01 -1.57306073e-05  9.93927011e-12  1.16858622e-12 
 6.37023412e-05  2.00687368e-01  2.01478611e-01  2.01468543e-01 -1.56955137e-05 -1.34828696e-11  9.96398710e-13 
 6.38023412e-05  2.00687403e-01  2.01478640e-01  2.01468560e-01 -1.57306065e-05  9.93713163e-12  1.16856801e-12 
 6.39023412e-05  2.00687401e-01  2.01478644e-01  2.01468576e-01 -1.56955145e-05 -1.34807395e-11  9.96417358e-13 
 6.40023412e-05  2.00687436e-01  2.01478673e-01  2.01468593e-01 -1.57306057e-05  9.93511892e-12  1.16854958e-12 
 6.41023412e-05  2.00687434e-01  2.01478677e-01  2.01468610e-01 -1.56955152e-05 -1.34786863e-11  9.96436223e-13 
 6.42023412e-05  2.00687469e-01  2.01478706e-01  2.01468626e-01 -1.57306050e-05  9.93288416e-12  1.16853055e-12 
 6.43023412e-05  2.00687468e-01  2.01478710e-01  2.01468643e-01 -1.56955160e-05 -1.34766157e-11  9.96454818e-13 
 6.44023412e-05  2.00687503e-01  2.01478739e-01  2.01468659e-01 -1.57306042e-05  9.93082136e-12  1.16851228e-12 
 6.45023412e-05  2.00687501e-01  2.01478744e-01  2.01468676e-01 -1.56955167e-05 -1.34744375e-11  9.96473195e-13 
 6.46023412e-05  2.00687536e-01  2.01478772e-01  2.01468692e-01 -1.57306035e-05  9.92873058e-12  1.16849320e-12 
 6.47023412e-05  2.00687535e-01  2.01478777e-01  2.01468709e-01 -1.56955175e-05 -1.34722236e-11  9.96492439e-13 
 6.48023412e-05  2.00687570e-01  2.01478805e-01  2.01468726e-01 -1.57306027e-05  9.92653594e-12  1.16847401e-12 
 6.49023412e-05  2.00687568e-01  2.01478810e-01  2.01468742e-01 -1.56955182e-05 -1.34700764e-11  9.96511738e-13 
 6.50023412e-05  2.00687603e-01  2.01478839e-01  2.01468759e-01 -1.57306019e-05  9.92440895e-12  1.16845466e-12 
 6.51023412e-05  2.00687601e-01  2.01478843e-01  2.01468775e-01 -1.56955190e-05 -1.34679440e-11  9.96531362e-13 
 6.52023412e-05  2.00687636e-01  2.01478872e-01  2.01468792e-01 -1.57306012e-05  9.92239711e-12  1.16843482e-12 
 6.53023412e-05  2.00687635e-01  2.01478876e-01  2.01468808e-01 -1.56955197e-05 -1.34658465e-11  9.96550661e-13 
 6.54023412e-05  2.00687670e-01  2.01478905e-01  2.01468825e-01 -1.57306004e-05  9.92005978e-12  1.16841562e-12 
 6.55023412e-05  2.00687668e-01  2.01478909e-01  2.01468841e-01 -1.56955205e-05 -1.34637048e-11  9.96570773e-13 
 6.56023412e-05  2.00687703e-01  2.01478938e-01  2.01468858e-01 -1.57305996e-05  9.91805206e-12  1.16839578e-12 
 6.57023412e-05  2.00687702e-01  2.01478942e-01  2.01468875e-01 -1.56955212e-05 -1.34615943e-11  9.96590614e-13 
 6.58023412e-05  2.00687736e-01  2.01478971e-01  2.01468891e-01 -1.57305989e-05  9.91582988e-12  1.16837567e-12 
 6.59023412e-05  2.00687735e-01  2.01478975e-01  2.01468908e-01 -1.56955220e-05 -1.34593163e-11  9.96610129e-13 
 6.60023412e-05  2.00687770e-01  2.01479004e-01  2.01468924e-01 -1.57305981e-05  9.91372956e-12  1.16835589e-12 
 6.61023412e-05  2.00687768e-01  2.01479009e-01  2.01468941e-01 -1.56955227e-05 -1.34572496e-11  9.96630350e-13 
 6.62023412e-05  2.00687803e-01  2.01479037e-01  2.01468957e-01 -1.57305974e-05  9.91163510e-12  1.16833545e-12 
 6.63023412e-05  2.00687802e-01  2.01479042e-01  2.01468974e-01 -1.56955235e-05 -1.34549702e-11  9.96650841e-13 
 6.64023412e-05  2.00687836e-01  2.01479071e-01  2.01468991e-01 -1.57305966e-05  9.90955798e-12  1.16831523e-12 
 6.65023412e-05  2.00687835e-01  2.01479075e-01  2.01469007e-01 -1.56955242e-05 -1.34528187e-11  9.96671387e-13 
 6.66023412e-05  2.00687870e-01  2.01479104e-01  2.01469024e-01 -1.57305958e-05  9.90730501e-12  1.16829430e-12 
 6.67023412e-05  2.00687869e-01  2.01479108e-01  2.01469040e-01 -1.56955250e-05 -1.34506698e-11  9.96692366e-13 
 6.68023412e-05  2.00687903e-01  2.01479137e-01  2.01469057e-01 -1.57305951e-05  9.90522161e-12  1.16827359e-12 
 6.69023412e-05  2.00687902e-01  2.01479141e-01  2.01469073e-01 -1.56955258e-05 -1.34484160e-11  9.96713020e-13 
 6.70023412e-05  2.00687937e-01  2.01479170e-01  2.01469090e-01 -1.57305943e-05  9.90313257e-12  1.16825299e-12 
 6.71023412e-05  2.00687935e-01  2.01479174e-01  2.01469106e-01 -1.56955265e-05 -1.34463361e-11  9.96733403e-13 
 6.72023412e-05  2.00687970e-01  2.01479203e-01  2.01469123e-01 -1.57305936e-05  9.90078180e-12  1.16823185e-12 
 6.73023412e-05  2.00687969e-01  2.01479207e-01  2.01469140e-01 -1.56955273e-05 -1.34442232e-11  9.96754925e-13 
 6.74023412e-05  2.00688003e-01  2.01479236e-01  2.01469156e-01 -1.57305928e-05  9.89862597e-12  1.16821066e-12 
 6.75023412e-05  2.00688002e-01  2.01479240e-01  2.01469173e-01 -1.56955280e-05 -1.34419865e-11  9.96775850e-13 
 6.76023412e-05  2.00688037e-01  2.01479269e-01  2.01469189e-01 -1.57305920e-05  9.89661695e-12  1.16818962e-12 
 6.77023412e-05  2.00688036e-01  2.01479273e-01  2.01469206e-01 -1.56955288e-05 -1.34397868e-11  9.96797425e-13 
 6.78023412e-05  2.00688070e-01  2.01479302e-01  2.01469222e-01 -1.57305913e-05  9.89445006e-12  1.16816756e-12 
 6.79023412e-05  2.00688069e-01  2.01479307e-01  2.01469239e-01 -1.56955295e-05 -1.34375488e-11  9.96818947e-13 
 6.80023412e-05  2.00688103e-01  2.01479336e-01  2.01469256e-01 -1.57305905e-05  9.89216456e-12  1.16814636e-12 
 6.81023412e-05  2.00688102e-01  2.01479340e-01  2.01469272e-01 -1.56955303e-05 -1.34354682e-11  9.96840577e-13 
 6.82023412e-05  2.00688137e-01  2.01479369e-01  2.01469289e-01 -1.57305897e-05  9.89001914e-12  1.16812452e-12 
 6.83023412e-05  2.00688136e-01  2.01479373e-01  2.01469305e-01 -1.56955310e-05 -1.34332456e-11  9.96862586e-13 
 6.84023412e-05  2.00688170e-01  2.01479402e-01  2.01469322e-01 -1.57305890e-05  9.88792208e-12  1.16810262e-12 
 6.85023412e-05  2.00688169e-01  2.01479406e-01  2.01469338e-01 -1.56955318e-05 -1.34310603e-11  9.96884433e-13 
 6.86023412e-05  2.00688204e-01  2.01479435e-01  2.01469355e-01 -1.57305882e-05  9.88558909e-12  1.16808082e-12 
 6.87023412e-05  2.00688202e-01  2.01479439e-01  2.01469371e-01 -1.56955325e-05 -1.34288717e-11  9.96906659e-13 
 6.88023412e-05  2.00688237e-01  2.01479468e-01  2.01469388e-01 -1.57305875e-05  9.88361931e-12  1.16805805e-12 
 6.89023412e-05  2.00688236e-01  2.01479472e-01  2.01469405e-01 -1.56955333e-05 -1.34266003e-11  9.96928993e-13 
 6.90023412e-05  2.00688270e-01  2.01479501e-01  2.01469421e-01 -1.57305867e-05  9.88142445e-12  1.16803637e-12 
 6.91023412e-05  2.00688269e-01  2.01479505e-01  2.01469438e-01 -1.56955340e-05 -1.34243799e-11  9.96950948e-13 
 6.92023412e-05  2.00688304e-01  2.01479534e-01  2.01469454e-01 -1.57305859e-05  9.87919946e-12  1.16801371e-12 
 6.93023412e-05  2.00688303e-01  2.01479538e-01  2.01469471e-01 -1.56955348e-05 -1.34222290e-11  9.96973825e-13 
 6.94023412e-05  2.00688337e-01  2.01479567e-01  2.01469487e-01 -1.57305852e-05  9.87708396e-12  1.16799105e-12 
 6.95023412e-05  2.00688336e-01  2.01479572e-01  2.01469504e-01 -1.56955355e-05 -1.34200689e-11  9.96996214e-13 
 6.96023412e-05  2.00688370e-01  2.01479601e-01  2.01469521e-01 -1.57305844e-05  9.87486178e-12  1.16796866e-12 
 6.97023412e-05  2.00688369e-01  2.01479605e-01  2.01469537e-01 -1.56955363e-05 -1.34176975e-11  9.97019362e-13 
 6.98023412e-05  2.00688404e-01  2.01479634e-01  2.01469554e-01 -1.57305837e-05  9.87274195e-12  1.16794524e-12 
 6.99023412e-05  2.00688403e-01  2.01479638e-01  2.01469570e-01 -1.56955370e-05 -1.34156375e-11  9.97042184e-13 
 7.00023412e-05  2.00688437e-01  2.01479667e-01  2.01469587e-01 -1.57305829e-05  9.87040723e-12  1.16792253e-12 
 7.01023412e-05  2.00688436e-01  2.01479671e-01  2.01469603e-01 -1.56955378e-05 -1.34132683e-11  9.97065007e-13 
 7.02023412e-05  2.00688471e-01  2.01479700e-01  2.01469620e-01 -1.57305821e-05  9.86831667e-12  1.16789954e-12 
 7.03023412e-05  2.00688470e-01  2.01479704e-01  2.01469636e-01 -1.56955385e-05 -1.34112077e-11  9.97088371e-13 
 7.04023412e-05  2.00688504e-01  2.01479733e-01  2.01469653e-01 -1.57305814e-05  9.86615087e-12  1.16787596e-12 
 7.05023412e-05  2.00688503e-01  2.01479737e-01  2.01469670e-01 -1.56955393e-05 -1.34088916e-11  9.97111952e-13 
 7.06023412e-05  2.00688537e-01  2.01479766e-01  2.01469686e-01 -1.57305806e-05  9.86403103e-12  1.16785249e-12 
 7.07023412e-05  2.00688536e-01  2.01479770e-01  2.01469703e-01 -1.56955401e-05 -1.34067135e-11  9.97135317e-13 
 7.08023412e-05  2.00688571e-01  2.01479799e-01  2.01469719e-01 -1.57305799e-05  9.86179801e-12  1.16782885e-12 
 7.09023412e-05  2.00688570e-01  2.01479803e-01  2.01469736e-01 -1.56955408e-05 -1.34045145e-11  9.97158736e-13 
 7.10023412e-05  2.00688604e-01  2.01479833e-01  2.01469752e-01 -1.57305791e-05  9.85955501e-12  1.16780544e-12 
 7.11023412e-05  2.00688603e-01  2.01479837e-01  2.01469769e-01 -1.56955416e-05 -1.34023172e-11  9.97182642e-13 
 7.12023412e-05  2.00688637e-01  2.01479866e-01  2.01469785e-01 -1.57305783e-05  9.85733869e-12  1.16778191e-12 
 7.13023412e-05  2.00688637e-01  2.01479870e-01  2.01469802e-01 -1.56955423e-05 -1.34000393e-11  9.97206495e-13 
 7.14023412e-05  2.00688671e-01  2.01479899e-01  2.01469819e-01 -1.57305776e-05  9.85518785e-12  1.16775768e-12 
 7.15023412e-05  2.00688670e-01  2.01479903e-01  2.01469835e-01 -1.56955431e-05 -1.33979102e-11  9.97230239e-13 
 7.16023412e-05  2.00688704e-01  2.01479932e-01  2.01469852e-01 -1.57305768e-05  9.85288977e-12  1.16773388e-12 
 7.17023412e-05  2.00688703e-01  2.01479936e-01  2.01469868e-01 -1.56955438e-05 -1.33955570e-11  9.97254688e-13 
 7.18023412e-05  2.00688738e-01  2.01479965e-01  2.01469885e-01 -1.57305761e-05  9.85081656e-12  1.16770986e-12 
 7.19023412e-05  2.00688737e-01  2.01479969e-01  2.01469901e-01 -1.56955446e-05 -1.33933619e-11  9.97279299e-13 
 7.20023412e-05  2.00688771e-01  2.01479998e-01  2.01469918e-01 -1.57305753e-05  9.84857768e-12  1.16768482e-12 
 7.21023412e-05  2.00688770e-01  2.01480002e-01  2.01469935e-01 -1.56955453e-05 -1.33912363e-11  9.97303585e-13 
 7.22023412e-05  2.00688804e-01  2.01480031e-01  2.01469951e-01 -1.57305745e-05  9.84633772e-12  1.16766015e-12 
 7.23023412e-05  2.00688804e-01  2.01480035e-01  2.01469968e-01 -1.56955461e-05 -1.33888582e-11  9.97328034e-13 
 7.24023412e-05  2.00688838e-01  2.01480064e-01  2.01469984e-01 -1.57305738e-05  9.84414395e-12  1.16763587e-12 
 7.25023412e-05  2.00688837e-01  2.01480068e-01  2.01470001e-01 -1.56955468e-05 -1.33867253e-11  9.97352754e-13 
 7.26023412e-05  2.00688871e-01  2.01480098e-01  2.01470017e-01 -1.57305730e-05  9.84187970e-12  1.16761093e-12 
 7.27023412e-05  2.00688870e-01  2.01480102e-01  2.01470034e-01 -1.56955476e-05 -1.33845279e-11  9.97377690e-13 
 7.28023412e-05  2.00688904e-01  2.01480131e-01  2.01470050e-01 -1.57305723e-05  9.83972756e-12  1.16758610e-12 
 7.29023412e-05  2.00688904e-01  2.01480135e-01  2.01470067e-01 -1.56955483e-05 -1.33821316e-11  9.97402735e-13 
 7.30023412e-05  2.00688938e-01  2.01480164e-01  2.01470084e-01 -1.57305715e-05  9.83746895e-12  1.16756095e-12 
 7.31023412e-05  2.00688937e-01  2.01480168e-01  2.01470100e-01 -1.56955491e-05 -1.33799848e-11  9.97427997e-13 
 7.32023412e-05  2.00688971e-01  2.01480197e-01  2.01470117e-01 -1.57305708e-05  9.83536971e-12  1.16753590e-12 
 7.33023412e-05  2.00688970e-01  2.01480201e-01  2.01470133e-01 -1.56955498e-05 -1.33777570e-11  9.97452500e-13 
 7.34023412e-05  2.00689005e-01  2.01480230e-01  2.01470150e-01 -1.57305700e-05  9.83310265e-12  1.16751097e-12 
 7.35023412e-05  2.00689004e-01  2.01480234e-01  2.01470166e-01 -1.56955506e-05 -1.33754887e-11  9.97477925e-13 
 7.36023412e-05  2.00689038e-01  2.01480263e-01  2.01470183e-01 -1.57305692e-05  9.83080457e-12  1.16748522e-12 
 7.37023412e-05  2.00689037e-01  2.01480267e-01  2.01470199e-01 -1.56955513e-05 -1.33732634e-11  9.97503458e-13 
 7.38023412e-05  2.00689071e-01  2.01480296e-01  2.01470216e-01 -1.57305685e-05  9.82862815e-12  1.16745979e-12 
 7.39023412e-05  2.00689071e-01  2.01480300e-01  2.01470233e-01 -1.56955521e-05 -1.33709656e-11  9.97528991e-13 
 7.40023412e-05  2.00689105e-01  2.01480329e-01  2.01470249e-01 -1.57305677e-05  9.82655233e-12  1.16743442e-12 
 7.41023412e-05  2.00689104e-01  2.01480333e-01  2.01470266e-01 -1.56955528e-05 -1.33686038e-11  9.97554795e-13 
 7.42023412e-05  2.00689138e-01  2.01480363e-01  2.01470282e-01 -1.57305670e-05  9.82420243e-12  1.16740818e-12 
 7.43023412e-05  2.00689137e-01  2.01480366e-01  2.01470299e-01 -1.56955536e-05 -1.33665216e-11  9.97580761e-13 
 7.44023412e-05  2.00689171e-01  2.01480396e-01  2.01470315e-01 -1.57305662e-05  9.82208455e-12  1.16738238e-12 
 7.45023412e-05  2.00689171e-01  2.01480400e-01  2.01470332e-01 -1.56955543e-05 -1.33642177e-11  9.97606837e-13 
 7.46023412e-05  2.00689205e-01  2.01480429e-01  2.01470349e-01 -1.57305654e-05  9.81979016e-12  1.16735658e-12 
 7.47023412e-05  2.00689204e-01  2.01480433e-01  2.01470365e-01 -1.56955551e-05 -1.33619199e-11  9.97632641e-13 
 7.48023412e-05  2.00689238e-01  2.01480462e-01  2.01470382e-01 -1.57305647e-05  9.81756365e-12  1.16733034e-12 
 7.49023412e-05  2.00689238e-01  2.01480466e-01  2.01470398e-01 -1.56955558e-05 -1.33597165e-11  9.97658824e-13 
 7.50023412e-05  2.00689272e-01  2.01480495e-01  2.01470415e-01 -1.57305639e-05  9.81544533e-12  1.16730415e-12 
 7.51023412e-05  2.00689271e-01  2.01480499e-01  2.01470431e-01 -1.56955566e-05 -1.33573773e-11  9.97685116e-13 
 7.52023412e-05  2.00689305e-01  2.01480528e-01  2.01470448e-01 -1.57305632e-05  9.81317501e-12  1.16727786e-12 
 7.53023412e-05  2.00689304e-01  2.01480532e-01  2.01470464e-01 -1.56955573e-05 -1.33551620e-11  9.97711245e-13 
 7.54023412e-05  2.00689338e-01  2.01480561e-01  2.01470481e-01 -1.57305624e-05  9.81082511e-12  1.16725146e-12 
 7.55023412e-05  2.00689338e-01  2.01480565e-01  2.01470498e-01 -1.56955581e-05 -1.33529218e-11  9.97738133e-13 
 7.56023412e-05  2.00689372e-01  2.01480594e-01  2.01470514e-01 -1.57305617e-05  9.80871048e-12  1.16722468e-12 
 7.57023412e-05  2.00689371e-01  2.01480598e-01  2.01470531e-01 -1.56955588e-05 -1.33507099e-11  9.97764642e-13 
 7.58023412e-05  2.00689405e-01  2.01480628e-01  2.01470547e-01 -1.57305609e-05  9.80642694e-12  1.16719812e-12 
 7.59023412e-05  2.00689405e-01  2.01480631e-01  2.01470564e-01 -1.56955596e-05 -1.33483383e-11  9.97791314e-13 
 7.60023412e-05  2.00689438e-01  2.01480661e-01  2.01470580e-01 -1.57305601e-05  9.80418763e-12  1.16717129e-12 
 7.61023412e-05  2.00689438e-01  2.01480665e-01  2.01470597e-01 -1.56955603e-05 -1.33461354e-11  9.97818798e-13 
 7.62023412e-05  2.00689472e-01  2.01480694e-01  2.01470614e-01 -1.57305594e-05  9.80186960e-12  1.16714418e-12 
 7.63023412e-05  2.00689471e-01  2.01480698e-01  2.01470630e-01 -1.56955611e-05 -1.33439601e-11  9.97846174e-13 
 7.64023412e-05  2.00689505e-01  2.01480727e-01  2.01470647e-01 -1.57305586e-05  9.79967518e-12  1.16711697e-12 
 7.65023412e-05  2.00689505e-01  2.01480731e-01  2.01470663e-01 -1.56955618e-05 -1.33415876e-11  9.97873279e-13 
 7.66023412e-05  2.00689538e-01  2.01480760e-01  2.01470680e-01 -1.57305579e-05  9.79747230e-12  1.16708948e-12 
 7.67023412e-05  2.00689538e-01  2.01480764e-01  2.01470696e-01 -1.56955626e-05 -1.33394049e-11  9.97900113e-13 
 7.68023412e-05  2.00689572e-01  2.01480793e-01  2.01470713e-01 -1.57305571e-05  9.79512413e-12  1.16706243e-12 
 7.69023412e-05  2.00689571e-01  2.01480797e-01  2.01470729e-01 -1.56955633e-05 -1.33371348e-11  9.97927544e-13 
 7.70023412e-05  2.00689605e-01  2.01480826e-01  2.01470746e-01 -1.57305563e-05  9.79302099e-12  1.16703538e-12 
 7.71023412e-05  2.00689605e-01  2.01480830e-01  2.01470763e-01 -1.56955641e-05 -1.33347560e-11  9.97954865e-13 
 7.72023412e-05  2.00689639e-01  2.01480859e-01  2.01470779e-01 -1.57305556e-05  9.79068627e-12  1.16700768e-12 
 7.73023412e-05  2.00689638e-01  2.01480863e-01  2.01470796e-01 -1.56955648e-05 -1.33325293e-11  9.97982892e-13 
 7.74023412e-05  2.00689672e-01  2.01480893e-01  2.01470812e-01 -1.57305548e-05  9.78849358e-12  1.16697954e-12 
 7.75023412e-05  2.00689672e-01  2.01480896e-01  2.01470829e-01 -1.56955656e-05 -1.33302583e-11  9.98010864e-13 
 7.76023412e-05  2.00689705e-01  2.01480926e-01  2.01470845e-01 -1.57305541e-05  9.78629200e-12  1.16695173e-12 
 7.77023412e-05  2.00689705e-01  2.01480930e-01  2.01470862e-01 -1.56955663e-05 -1.33280409e-11  9.98037915e-13 
 7.78023412e-05  2.00689739e-01  2.01480959e-01  2.01470879e-01 -1.57305533e-05  9.78392064e-12  1.16692458e-12 
 7.79023412e-05  2.00689738e-01  2.01480963e-01  2.01470895e-01 -1.56955671e-05 -1.33258799e-11  9.98066159e-13 
 7.80023412e-05  2.00689772e-01  2.01480992e-01  2.01470912e-01 -1.57305526e-05  9.78161302e-12  1.16689574e-12 
 7.81023412e-05  2.00689772e-01  2.01480996e-01  2.01470928e-01 -1.56955678e-05 -1.33234962e-11  9.98094511e-13 
 7.82023412e-05  2.00689805e-01  2.01481025e-01  2.01470945e-01 -1.57305518e-05  9.77951249e-12  1.16686760e-12 
 7.83023412e-05  2.00689805e-01  2.01481029e-01  2.01470961e-01 -1.56955686e-05 -1.33211183e-11  9.98122863e-13 
 7.84023412e-05  2.00689839e-01  2.01481058e-01  2.01470978e-01 -1.57305510e-05  9.77717950e-12  1.16683968e-12 
 7.85023412e-05  2.00689839e-01  2.01481062e-01  2.01470994e-01 -1.56955693e-05 -1.33189091e-11  9.98151052e-13 
 7.86023412e-05  2.00689872e-01  2.01481091e-01  2.01471011e-01 -1.57305503e-05  9.77492132e-12  1.16681090e-12 
 7.87023412e-05  2.00689872e-01  2.01481095e-01  2.01471028e-01 -1.56955701e-05 -1.33166492e-11  9.98179350e-13 
 7.88023412e-05  2.00689906e-01  2.01481125e-01  2.01471044e-01 -1.57305495e-05  9.77268722e-12  1.16678238e-12 
 7.89023412e-05  2.00689905e-01  2.01481128e-01  2.01471061e-01 -1.56955708e-05 -1.33143854e-11  9.98207972e-13 
 7.90023412e-05  2.00689939e-01  2.01481158e-01  2.01471077e-01 -1.57305488e-05  9.77036399e-12  1.16675349e-12 
 7.91023412e-05  2.00689939e-01  2.01481161e-01  2.01471094e-01 -1.56955716e-05 -1.33120815e-11  9.98236650e-13 
 7.92023412e-05  2.00689972e-01  2.01481191e-01  2.01471110e-01 -1.57305480e-05  9.76814267e-12  1.16672449e-12 
 7.93023412e-05  2.00689972e-01  2.01481195e-01  2.01471127e-01 -1.56955723e-05 -1.33097958e-11  9.98265652e-13 
 7.94023412e-05  2.00690006e-01  2.01481224e-01  2.01471144e-01 -1.57305473e-05  9.76590120e-12  1.16669570e-12 
 7.95023412e-05  2.00690006e-01  2.01481228e-01  2.01471160e-01 -1.56955730e-05 -1.33074964e-11  9.98294383e-13 
 7.96023412e-05  2.00690039e-01  2.01481257e-01  2.01471177e-01 -1.57305465e-05  9.76369354e-12  1.16666686e-12 
 7.97023412e-05  2.00690039e-01  2.01481261e-01  2.01471193e-01 -1.56955738e-05 -1.33052222e-11  9.98323386e-13 
 7.98023412e-05  2.00690072e-01  2.01481290e-01  2.01471210e-01 -1.57305458e-05  9.76133367e-12  1.16663813e-12 
 7.99023412e-05  2.00690072e-01  2.01481294e-01  2.01471226e-01 -1.56955745e-05 -1.33028959e-11  9.98352226e-13 
 8.00023412e-05  2.00690106e-01  2.01481323e-01  2.01471243e-01 -1.57305450e-05  9.75920039e-12  1.16660896e-12 
 8.01023412e-05  2.00690106e-01  2.01481327e-01  2.01471259e-01 -1.56955753e-05 -1.33006423e-11  9.98381228e-13 
 8.02023412e-05  2.00690139e-01  2.01481356e-01  2.01471276e-01 -1.57305442e-05  9.75683813e-12  1.16657980e-12 
 8.03023412e-05  2.00690139e-01  2.01481360e-01  2.01471293e-01 -1.56955760e-05 -1.32983464e-11  9.98410827e-13 
 8.04023412e-05  2.00690173e-01  2.01481390e-01  2.01471309e-01 -1.57305435e-05  9.75455220e-12  1.16655063e-12 
 8.05023412e-05  2.00690173e-01  2.01481393e-01  2.01471326e-01 -1.56955768e-05 -1.32962400e-11  9.98440480e-13 
 8.06023412e-05  2.00690206e-01  2.01481423e-01  2.01471342e-01 -1.57305427e-05  9.75222941e-12  1.16652098e-12 
 8.07023412e-05  2.00690206e-01  2.01481426e-01  2.01471359e-01 -1.56955775e-05 -1.32937656e-11  9.98470295e-13 
 8.08023412e-05  2.00690239e-01  2.01481456e-01  2.01471375e-01 -1.57305420e-05  9.74991962e-12  1.16649095e-12 
 8.09023412e-05  2.00690239e-01  2.01481460e-01  2.01471392e-01 -1.56955783e-05 -1.32915202e-11  9.98499894e-13 
 8.10023412e-05  2.00690273e-01  2.01481489e-01  2.01471409e-01 -1.57305412e-05  9.74778743e-12  1.16646157e-12 
 8.11023412e-05  2.00690273e-01  2.01481493e-01  2.01471425e-01 -1.56955790e-05 -1.32892256e-11  9.98529493e-13 
 8.12023412e-05  2.00690306e-01  2.01481522e-01  2.01471442e-01 -1.57305405e-05  9.74557522e-12  1.16643164e-12 
 8.13023412e-05  2.00690306e-01  2.01481526e-01  2.01471458e-01 -1.56955798e-05 -1.32869048e-11  9.98559471e-13 
 8.14023412e-05  2.00690339e-01  2.01481555e-01  2.01471475e-01 -1.57305397e-05  9.74318239e-12  1.16640183e-12 
 8.15023412e-05  2.00690339e-01  2.01481559e-01  2.01471491e-01 -1.56955805e-05 -1.32845878e-11  9.98589449e-13 
 8.16023412e-05  2.00690373e-01  2.01481588e-01  2.01471508e-01 -1.57305389e-05  9.74090036e-12  1.16637152e-12 
 8.17023412e-05  2.00690373e-01  2.01481592e-01  2.01471524e-01 -1.56955813e-05 -1.32823776e-11  9.98619752e-13 
 8.18023412e-05  2.00690406e-01  2.01481621e-01  2.01471541e-01 -1.57305382e-05  9.73876340e-12  1.16634187e-12 
 8.19023412e-05  2.00690406e-01  2.01481625e-01  2.01471558e-01 -1.56955820e-05 -1.32799863e-11  9.98649297e-13 
 8.20023412e-05  2.00690440e-01  2.01481655e-01  2.01471574e-01 -1.57305374e-05  9.73637360e-12  1.16631168e-12 
 8.21023412e-05  2.00690440e-01  2.01481658e-01  2.01471591e-01 -1.56955828e-05 -1.32777188e-11  9.98679709e-13 
 8.22023412e-05  2.00690473e-01  2.01481688e-01  2.01471607e-01 -1.57305367e-05  9.73406165e-12  1.16628088e-12 
 8.23023412e-05  2.00690473e-01  2.01481691e-01  2.01471624e-01 -1.56955835e-05 -1.32755118e-11  9.98710283e-13 
 8.24023412e-05  2.00690506e-01  2.01481721e-01  2.01471640e-01 -1.57305359e-05  9.73174492e-12  1.16625080e-12 
 8.25023412e-05  2.00690506e-01  2.01481724e-01  2.01471657e-01 -1.56955843e-05 -1.32730725e-11  9.98740966e-13 
 8.26023412e-05  2.00690540e-01  2.01481754e-01  2.01471674e-01 -1.57305352e-05  9.72958021e-12  1.16622028e-12 
 8.27023412e-05  2.00690540e-01  2.01481758e-01  2.01471690e-01 -1.56955850e-05 -1.32709102e-11  9.98771703e-13 
 8.28023412e-05  2.00690573e-01  2.01481787e-01  2.01471707e-01 -1.57305344e-05  9.72723985e-12  1.16618851e-12 
 8.29023412e-05  2.00690573e-01  2.01481791e-01  2.01471723e-01 -1.56955858e-05 -1.32686165e-11  9.98802657e-13 
 8.30023412e-05  2.00690606e-01  2.01481820e-01  2.01471740e-01 -1.57305337e-05  9.72492854e-12  1.16615788e-12 
 8.31023412e-05  2.00690607e-01  2.01481824e-01  2.01471756e-01 -1.56955865e-05 -1.32662820e-11  9.98832798e-13 
 8.32023412e-05  2.00690640e-01  2.01481853e-01  2.01471773e-01 -1.57305329e-05  9.72268338e-12  1.16612763e-12 
 8.33023412e-05  2.00690640e-01  2.01481857e-01  2.01471789e-01 -1.56955873e-05 -1.32638403e-11  9.98863752e-13 
 8.34023412e-05  2.00690673e-01  2.01481886e-01  2.01471806e-01 -1.57305321e-05  9.72046423e-12  1.16609641e-12 
 8.35023412e-05  2.00690673e-01  2.01481890e-01  2.01471823e-01 -1.56955880e-05 -1.32616808e-11  9.98894706e-13 
 8.36023412e-05  2.00690707e-01  2.01481920e-01  2.01471839e-01 -1.57305314e-05  9.71813190e-12  1.16606556e-12 
 8.37023412e-05  2.00690707e-01  2.01481923e-01  2.01471856e-01 -1.56955887e-05 -1.32592305e-11  9.98925877e-13 
 8.38023412e-05  2.00690740e-01  2.01481953e-01  2.01471872e-01 -1.57305306e-05  9.71588868e-12  1.16603428e-12 
 8.39023412e-05  2.00690740e-01  2.01481956e-01  2.01471889e-01 -1.56955895e-05 -1.32570185e-11  9.98957373e-13 
 8.40023412e-05  2.00690773e-01  2.01481986e-01  2.01471905e-01 -1.57305299e-05  9.71356415e-12  1.16600290e-12 
 8.41023412e-05  2.00690774e-01  2.01481989e-01  2.01471922e-01 -1.56955902e-05 -1.32546994e-11  9.98988652e-13 
 8.42023412e-05  2.00690807e-01  2.01482019e-01  2.01471938e-01 -1.57305291e-05  9.71131552e-12  1.16597172e-12 
 8.43023412e-05  2.00690807e-01  2.01482023e-01  2.01471955e-01 -1.56955910e-05 -1.32523406e-11  9.99019823e-13 
 8.44023412e-05  2.00690840e-01  2.01482052e-01  2.01471972e-01 -1.57305284e-05  9.70899077e-12  1.16593979e-12 
 8.45023412e-05  2.00690840e-01  2.01482056e-01  2.01471988e-01 -1.56955917e-05 -1.32501334e-11  9.99051428e-13 
 8.46023412e-05  2.00690873e-01  2.01482085e-01  2.01472005e-01 -1.57305276e-05  9.70676577e-12  1.16590879e-12 
 8.47023412e-05  2.00690874e-01  2.01482089e-01  2.01472021e-01 -1.56955925e-05 -1.32477211e-11  9.99082869e-13 
 8.48023412e-05  2.00690907e-01  2.01482118e-01  2.01472038e-01 -1.57305269e-05  9.70440460e-12  1.16587789e-12 
 8.49023412e-05  2.00690907e-01  2.01482122e-01  2.01472054e-01 -1.56955932e-05 -1.32453889e-11  9.99114203e-13 
 8.50023412e-05  2.00690940e-01  2.01482151e-01  2.01472071e-01 -1.57305261e-05  9.70221082e-12  1.16584579e-12 
 8.51023412e-05  2.00690941e-01  2.01482155e-01  2.01472088e-01 -1.56955940e-05 -1.32431501e-11  9.99146620e-13 
 8.52023412e-05  2.00690973e-01  2.01482185e-01  2.01472104e-01 -1.57305254e-05  9.69978568e-12  1.16581408e-12 
 8.53023412e-05  2.00690974e-01  2.01482188e-01  2.01472121e-01 -1.56955947e-05 -1.32408225e-11  9.99178333e-13 
 8.54023412e-05  2.00691007e-01  2.01482218e-01  2.01472137e-01 -1.57305246e-05  9.69756979e-12  1.16578172e-12 
 8.55023412e-05  2.00691007e-01  2.01482221e-01  2.01472154e-01 -1.56955955e-05 -1.32384943e-11  9.99210480e-13 
 8.56023412e-05  2.00691040e-01  2.01482251e-01  2.01472170e-01 -1.57305238e-05  9.69524894e-12  1.16574963e-12 
 8.57023412e-05  2.00691041e-01  2.01482254e-01  2.01472187e-01 -1.56955962e-05 -1.32363018e-11  9.99242247e-13 
 8.58023412e-05  2.00691074e-01  2.01482284e-01  2.01472203e-01 -1.57305231e-05  9.69292507e-12  1.16571813e-12 
 8.59023412e-05  2.00691074e-01  2.01482288e-01  2.01472220e-01 -1.56955970e-05 -1.32338782e-11  9.99273960e-13 
 8.60023412e-05  2.00691107e-01  2.01482317e-01  2.01472237e-01 -1.57305223e-05  9.69066299e-12  1.16568604e-12 
 8.61023412e-05  2.00691107e-01  2.01482321e-01  2.01472253e-01 -1.56955977e-05 -1.32315855e-11  9.99306811e-13 
 8.62023412e-05  2.00691140e-01  2.01482350e-01  2.01472270e-01 -1.57305216e-05  9.68838638e-12  1.16565329e-12 
 8.63023412e-05  2.00691141e-01  2.01482354e-01  2.01472286e-01 -1.56955985e-05 -1.32292755e-11  9.99339066e-13 
 8.64023412e-05  2.00691174e-01  2.01482383e-01  2.01472303e-01 -1.57305208e-05  9.68608917e-12  1.16562126e-12 
 8.65023412e-05  2.00691174e-01  2.01482387e-01  2.01472319e-01 -1.56955992e-05 -1.32267764e-11  9.99371321e-13 
 8.66023412e-05  2.00691207e-01  2.01482416e-01  2.01472336e-01 -1.57305201e-05  9.68386265e-12  1.16558824e-12 
 8.67023412e-05  2.00691208e-01  2.01482420e-01  2.01472353e-01 -1.56955999e-05 -1.32245987e-11  9.99403902e-13 
 8.68023412e-05  2.00691240e-01  2.01482450e-01  2.01472369e-01 -1.57305193e-05  9.68137007e-12  1.16555577e-12 
 8.69023412e-05  2.00691241e-01  2.01482453e-01  2.01472386e-01 -1.56956007e-05 -1.32224045e-11  9.99437078e-13 
 8.70023412e-05  2.00691274e-01  2.01482483e-01  2.01472402e-01 -1.57305186e-05  9.67921815e-12  1.16552292e-12 
 8.71023412e-05  2.00691274e-01  2.01482486e-01  2.01472419e-01 -1.56956014e-05 -1.32199629e-11  9.99469821e-13 
 8.72023412e-05  2.00691307e-01  2.01482516e-01  2.01472435e-01 -1.57305178e-05  9.67686608e-12  1.16549034e-12 
 8.73023412e-05  2.00691308e-01  2.01482519e-01  2.01472452e-01 -1.56956022e-05 -1.32177355e-11  9.99501751e-13 
 8.74023412e-05  2.00691341e-01  2.01482549e-01  2.01472468e-01 -1.57305171e-05  9.67455283e-12  1.16545819e-12 
 8.75023412e-05  2.00691341e-01  2.01482553e-01  2.01472485e-01 -1.56956029e-05 -1.32153381e-11  9.99534711e-13 
 8.76023412e-05  2.00691374e-01  2.01482582e-01  2.01472502e-01 -1.57305163e-05  9.67225410e-12  1.16542469e-12 
 8.77023412e-05  2.00691375e-01  2.01482586e-01  2.01472518e-01 -1.56956037e-05 -1.32129674e-11  9.99568104e-13 
 8.78023412e-05  2.00691407e-01  2.01482615e-01  2.01472535e-01 -1.57305156e-05  9.66993608e-12  1.16539162e-12 
 8.79023412e-05  2.00691408e-01  2.01482619e-01  2.01472551e-01 -1.56956044e-05 -1.32106359e-11  9.99601281e-13 
 8.80023412e-05  2.00691441e-01  2.01482648e-01  2.01472568e-01 -1.57305148e-05  9.66776702e-12  1.16535850e-12 
 8.81023412e-05  2.00691441e-01  2.01482652e-01  2.01472584e-01 -1.56956052e-05 -1.32083246e-11  9.99634457e-13 
 8.82023412e-05  2.00691474e-01  2.01482681e-01  2.01472601e-01 -1.57305140e-05  9.66538958e-12  1.16532489e-12 
 8.83023412e-05  2.00691475e-01  2.01482685e-01  2.01472618e-01 -1.56956059e-05 -1.32060237e-11  9.99667905e-13 
 8.84023412e-05  2.00691507e-01  2.01482715e-01  2.01472634e-01 -1.57305133e-05  9.66312338e-12  1.16529204e-12 
 8.85023412e-05  2.00691508e-01  2.01482718e-01  2.01472651e-01 -1.56956067e-05 -1.32036944e-11  9.99700919e-13 
 8.86023412e-05  2.00691541e-01  2.01482748e-01  2.01472667e-01 -1.57305125e-05  9.66075657e-12  1.16525843e-12 
 8.87023412e-05  2.00691542e-01  2.01482751e-01  2.01472684e-01 -1.56956074e-05 -1.32012526e-11  9.99734421e-13 
 8.88023412e-05  2.00691574e-01  2.01482781e-01  2.01472700e-01 -1.57305118e-05  9.65855239e-12  1.16522487e-12 
 8.89023412e-05  2.00691575e-01  2.01482784e-01  2.01472717e-01 -1.56956081e-05 -1.31990098e-11  9.99768356e-13 
 8.90023412e-05  2.00691608e-01  2.01482814e-01  2.01472733e-01 -1.57305110e-05  9.65621181e-12  1.16519142e-12 
 8.91023412e-05  2.00691608e-01  2.01482818e-01  2.01472750e-01 -1.56956089e-05 -1.31966074e-11  9.99801858e-13 
 8.92023412e-05  2.00691641e-01  2.01482847e-01  2.01472767e-01 -1.57305103e-05  9.65391764e-12  1.16515722e-12 
 8.93023412e-05  2.00691642e-01  2.01482851e-01  2.01472783e-01 -1.56956096e-05 -1.31945338e-11  9.99835523e-13 
 8.94023412e-05  2.00691674e-01  2.01482880e-01  2.01472800e-01 -1.57305095e-05  9.65154150e-12  1.16512377e-12 
 8.95023412e-05  2.00691675e-01  2.01482884e-01  2.01472816e-01 -1.56956104e-05 -1.31920393e-11  9.99868753e-13 
 8.96023412e-05  2.00691708e-01  2.01482913e-01  2.01472833e-01 -1.57305088e-05  9.64921480e-12  1.16509000e-12 
 8.97023412e-05  2.00691708e-01  2.01482917e-01  2.01472849e-01 -1.56956111e-05 -1.31897171e-11  9.99902851e-13 
 8.98023412e-05  2.00691741e-01  2.01482946e-01  2.01472866e-01 -1.57305080e-05  9.64697159e-12  1.16505639e-12 
 8.99023412e-05  2.00691742e-01  2.01482950e-01  2.01472882e-01 -1.56956119e-05 -1.31873154e-11  9.99937004e-13 
 9.00023412e-05  2.00691774e-01  2.01482980e-01  2.01472899e-01 -1.57305073e-05  9.64472252e-12  1.16502207e-12 
 9.01023412e-05  2.00691775e-01  2.01482983e-01  2.01472916e-01 -1.56956126e-05 -1.31850891e-11  9.99970668e-13 
 9.02023412e-05  2.00691808e-01  2.01483013e-01  2.01472932e-01 -1.57305065e-05  9.64230193e-12  1.16498852e-12 
 9.03023412e-05  2.00691809e-01  2.01483016e-01  2.01472949e-01 -1.56956134e-05 -1.31826958e-11  1.00000444e-12 
 9.04023412e-05  2.00691841e-01  2.01483046e-01  2.01472965e-01 -1.57305058e-05  9.64004375e-12  1.16495415e-12 
 9.05023412e-05  2.00691842e-01  2.01483049e-01  2.01472982e-01 -1.56956141e-05 -1.31803969e-11  1.00003881e-12 
 9.06023412e-05  2.00691875e-01  2.01483079e-01  2.01472998e-01 -1.57305050e-05  9.63776021e-12  1.16491978e-12 
 9.07023412e-05  2.00691875e-01  2.01483083e-01  2.01473015e-01 -1.56956148e-05 -1.31780795e-11  1.00007329e-12 
 9.08023412e-05  2.00691908e-01  2.01483112e-01  2.01473032e-01 -1.57305043e-05  9.63529929e-12  1.16488557e-12 
 9.09023412e-05  2.00691909e-01  2.01483116e-01  2.01473048e-01 -1.56956156e-05 -1.31757502e-11  1.00010760e-12 
 9.10023412e-05  2.00691941e-01  2.01483145e-01  2.01473065e-01 -1.57305035e-05  9.63305781e-12  1.16485093e-12 
 9.11023412e-05  2.00691942e-01  2.01483149e-01  2.01473081e-01 -1.56956163e-05 -1.31735243e-11  1.00014165e-12 
 9.12023412e-05  2.00691975e-01  2.01483178e-01  2.01473098e-01 -1.57305028e-05  9.63076125e-12  1.16481737e-12 
 9.13023412e-05  2.00691976e-01  2.01483182e-01  2.01473114e-01 -1.56956171e-05 -1.31710428e-11  1.00017688e-12 
 9.14023412e-05  2.00692008e-01  2.01483212e-01  2.01473131e-01 -1.57305020e-05  9.62837015e-12  1.16478187e-12 
 9.15023412e-05  2.00692009e-01  2.01483215e-01  2.01473147e-01 -1.56956178e-05 -1.31687740e-11  1.00021142e-12 
 9.16023412e-05  2.00692041e-01  2.01483245e-01  2.01473164e-01 -1.57305012e-05  9.62605668e-12  1.16474750e-12 
 9.17023412e-05  2.00692042e-01  2.01483248e-01  2.01473181e-01 -1.56956186e-05 -1.31664768e-11  1.00024595e-12 
 9.18023412e-05  2.00692075e-01  2.01483278e-01  2.01473197e-01 -1.57305005e-05  9.62372456e-12  1.16471297e-12 
 9.19023412e-05  2.00692076e-01  2.01483281e-01  2.01473214e-01 -1.56956193e-05 -1.31641449e-11  1.00028059e-12 
 9.20023412e-05  2.00692108e-01  2.01483311e-01  2.01473230e-01 -1.57304997e-05  9.62149371e-12  1.16467800e-12 
 9.21023412e-05  2.00692109e-01  2.01483314e-01  2.01473247e-01 -1.56956201e-05 -1.31618210e-11  1.00031534e-12 
 9.22023412e-05  2.00692142e-01  2.01483344e-01  2.01473263e-01 -1.57304990e-05  9.61918782e-12  1.16464336e-12 
 9.23023412e-05  2.00692143e-01  2.01483348e-01  2.01473280e-01 -1.56956208e-05 -1.31593219e-11  1.00035025e-12 
 9.24023412e-05  2.00692175e-01  2.01483377e-01  2.01473297e-01 -1.57304982e-05  9.61681646e-12  1.16460818e-12 
 9.25023412e-05  2.00692176e-01  2.01483381e-01  2.01473313e-01 -1.56956215e-05 -1.31570904e-11  1.00038494e-12 
 9.26023412e-05  2.00692208e-01  2.01483410e-01  2.01473330e-01 -1.57304975e-05  9.61454614e-12  1.16457365e-12 
 9.27023412e-05  2.00692209e-01  2.01483414e-01  2.01473346e-01 -1.56956223e-05 -1.31548607e-11  1.00042012e-12 
 9.28023412e-05  2.00692242e-01  2.01483443e-01  2.01473363e-01 -1.57304967e-05  9.61221706e-12  1.16453852e-12 
 9.29023412e-05  2.00692243e-01  2.01483447e-01  2.01473379e-01 -1.56956230e-05 -1.31523377e-11  1.00045525e-12 
 9.30023412e-05  2.00692275e-01  2.01483477e-01  2.01473396e-01 -1.57304960e-05  9.60988298e-12  1.16450279e-12 
 9.31023412e-05  2.00692276e-01  2.01483480e-01  2.01473412e-01 -1.56956238e-05 -1.31500518e-11  1.00049114e-12 
 9.32023412e-05  2.00692308e-01  2.01483510e-01  2.01473429e-01 -1.57304952e-05  9.60756843e-12  1.16446756e-12 
 9.33023412e-05  2.00692310e-01  2.01483513e-01  2.01473446e-01 -1.56956245e-05 -1.31478673e-11  1.00052632e-12 
 9.34023412e-05  2.00692342e-01  2.01483543e-01  2.01473462e-01 -1.57304945e-05  9.60522785e-12  1.16443232e-12 
 9.35023412e-05  2.00692343e-01  2.01483546e-01  2.01473479e-01 -1.56956253e-05 -1.31453971e-11  1.00056150e-12 
 9.36023412e-05  2.00692375e-01  2.01483576e-01  2.01473495e-01 -1.57304937e-05  9.60292588e-12  1.16439681e-12 
 9.37023412e-05  2.00692376e-01  2.01483579e-01  2.01473512e-01 -1.56956260e-05 -1.31430806e-11  1.00059647e-12 
 9.38023412e-05  2.00692409e-01  2.01483609e-01  2.01473528e-01 -1.57304930e-05  9.60063366e-12  1.16436163e-12 
 9.39023412e-05  2.00692410e-01  2.01483613e-01  2.01473545e-01 -1.56956268e-05 -1.31406479e-11  1.00063230e-12 
 9.40023412e-05  2.00692442e-01  2.01483642e-01  2.01473562e-01 -1.57304922e-05  9.59831585e-12  1.16432563e-12 
 9.41023412e-05  2.00692443e-01  2.01483646e-01  2.01473578e-01 -1.56956275e-05 -1.31383485e-11  1.00066770e-12 
 9.42023412e-05  2.00692475e-01  2.01483675e-01  2.01473595e-01 -1.57304915e-05  9.59593819e-12  1.16429051e-12 
 9.43023412e-05  2.00692476e-01  2.01483679e-01  2.01473611e-01 -1.56956282e-05 -1.31360224e-11  1.00070337e-12 
 9.44023412e-05  2.00692509e-01  2.01483708e-01  2.01473628e-01 -1.57304907e-05  9.59358266e-12  1.16425446e-12 
 9.45023412e-05  2.00692510e-01  2.01483712e-01  2.01473644e-01 -1.56956290e-05 -1.31337046e-11  1.00073915e-12 
 9.46023412e-05  2.00692542e-01  2.01483742e-01  2.01473661e-01 -1.57304900e-05  9.59141252e-12  1.16421846e-12 
 9.47023412e-05  2.00692543e-01  2.01483745e-01  2.01473677e-01 -1.56956297e-05 -1.31313567e-11  1.00077553e-12 
 9.48023412e-05  2.00692575e-01  2.01483775e-01  2.01473694e-01 -1.57304892e-05  9.58894314e-12  1.16418236e-12 
 9.49023412e-05  2.00692577e-01  2.01483778e-01  2.01473711e-01 -1.56956305e-05 -1.31290168e-11  1.00081076e-12 
 9.50023412e-05  2.00692609e-01  2.01483808e-01  2.01473727e-01 -1.57304885e-05  9.58669906e-12  1.16414707e-12 
 9.51023412e-05  2.00692610e-01  2.01483811e-01  2.01473744e-01 -1.56956312e-05 -1.31266384e-11  1.00084687e-12 
 9.52023412e-05  2.00692642e-01  2.01483841e-01  2.01473760e-01 -1.57304877e-05  9.58432856e-12  1.16411064e-12 
 9.53023412e-05  2.00692643e-01  2.01483844e-01  2.01473777e-01 -1.56956320e-05 -1.31243571e-11  1.00088346e-12 
 9.54023412e-05  2.00692675e-01  2.01483874e-01  2.01473793e-01 -1.57304870e-05  9.58204783e-12  1.16407475e-12 
 9.55023412e-05  2.00692677e-01  2.01483878e-01  2.01473810e-01 -1.56956327e-05 -1.31220024e-11  1.00091945e-12 
 9.56023412e-05  2.00692709e-01  2.01483907e-01  2.01473827e-01 -1.57304862e-05  9.57976103e-12  1.16403859e-12 
 9.57023412e-05  2.00692710e-01  2.01483911e-01  2.01473843e-01 -1.56956334e-05 -1.31195014e-11  1.00095550e-12 
 9.58023412e-05  2.00692742e-01  2.01483940e-01  2.01473860e-01 -1.57304855e-05  9.57739031e-12  1.16400178e-12 
 9.59023412e-05  2.00692744e-01  2.01483944e-01  2.01473876e-01 -1.56956342e-05 -1.31172831e-11  1.00099220e-12 
 9.60023412e-05  2.00692776e-01  2.01483973e-01  2.01473893e-01 -1.57304847e-05  9.57506665e-12  1.16396563e-12 
 9.61023412e-05  2.00692777e-01  2.01483977e-01  2.01473909e-01 -1.56956349e-05 -1.31149740e-11  1.00102820e-12 
 9.62023412e-05  2.00692809e-01  2.01484007e-01  2.01473926e-01 -1.57304840e-05  9.57273865e-12  1.16392920e-12 
 9.63023412e-05  2.00692810e-01  2.01484010e-01  2.01473942e-01 -1.56956357e-05 -1.31126629e-11  1.00106468e-12 
 9.64023412e-05  2.00692842e-01  2.01484040e-01  2.01473959e-01 -1.57304832e-05  9.57033107e-12  1.16389277e-12 
 9.65023412e-05  2.00692844e-01  2.01484043e-01  2.01473976e-01 -1.56956364e-05 -1.31102722e-11  1.00110100e-12 
 9.66023412e-05  2.00692876e-01  2.01484073e-01  2.01473992e-01 -1.57304825e-05  9.56807832e-12  1.16385693e-12 
 9.67023412e-05  2.00692877e-01  2.01484076e-01  2.01474009e-01 -1.56956372e-05 -1.31079368e-11  1.00113705e-12 
 9.68023412e-05  2.00692909e-01  2.01484106e-01  2.01474025e-01 -1.57304817e-05  9.56575899e-12  1.16382013e-12 
 9.69023412e-05  2.00692911e-01  2.01484109e-01  2.01474042e-01 -1.56956379e-05 -1.31056110e-11  1.00117348e-12 
 9.70023412e-05  2.00692942e-01  2.01484139e-01  2.01474058e-01 -1.57304810e-05  9.56337743e-12  1.16378397e-12 
 9.71023412e-05  2.00692944e-01  2.01484142e-01  2.01474075e-01 -1.56956386e-05 -1.31031243e-11  1.00121045e-12 
 9.72023412e-05  2.00692976e-01  2.01484172e-01  2.01474091e-01 -1.57304802e-05  9.56113032e-12  1.16374683e-12 
 9.73023412e-05  2.00692977e-01  2.01484176e-01  2.01474108e-01 -1.56956394e-05 -1.31008852e-11  1.00124748e-12 
 9.74023412e-05  2.00693009e-01  2.01484205e-01  2.01474125e-01 -1.57304795e-05  9.55872404e-12  1.16370975e-12 
 9.75023412e-05  2.00693011e-01  2.01484209e-01  2.01474141e-01 -1.56956401e-05 -1.30984531e-11  1.00128461e-12 
 9.76023412e-05  2.00693043e-01  2.01484238e-01  2.01474158e-01 -1.57304787e-05  9.55647952e-12  1.16367294e-12 
 9.77023412e-05  2.00693044e-01  2.01484242e-01  2.01474174e-01 -1.56956409e-05 -1.30961188e-11  1.00132164e-12 
 9.78023412e-05  2.00693076e-01  2.01484272e-01  2.01474191e-01 -1.57304780e-05  9.55421831e-12  1.16363554e-12 
 9.79023412e-05  2.00693077e-01  2.01484275e-01  2.01474207e-01 -1.56956416e-05 -1.30937706e-11  1.00135872e-12 
 9.80023412e-05  2.00693109e-01  2.01484305e-01  2.01474224e-01 -1.57304772e-05  9.55180748e-12  1.16359911e-12 
 9.81023412e-05  2.00693111e-01  2.01484308e-01  2.01474241e-01 -1.56956424e-05 -1.30914409e-11  1.00139504e-12 
 9.82023412e-05  2.00693143e-01  2.01484338e-01  2.01474257e-01 -1.57304765e-05  9.54951179e-12  1.16356236e-12 
 9.83023412e-05  2.00693144e-01  2.01484341e-01  2.01474274e-01 -1.56956431e-05 -1.30891385e-11  1.00143217e-12 
 9.84023412e-05  2.00693176e-01  2.01484371e-01  2.01474290e-01 -1.57304757e-05  9.54719897e-12  1.16352522e-12 
 9.85023412e-05  2.00693178e-01  2.01484374e-01  2.01474307e-01 -1.56956438e-05 -1.30866700e-11  1.00146914e-12 
 9.86023412e-05  2.00693209e-01  2.01484404e-01  2.01474323e-01 -1.57304750e-05  9.54488203e-12  1.16348798e-12 
 9.87023412e-05  2.00693211e-01  2.01484407e-01  2.01474340e-01 -1.56956446e-05 -1.30843739e-11  1.00150655e-12 
 9.88023412e-05  2.00693243e-01  2.01484437e-01  2.01474356e-01 -1.57304742e-05  9.54252519e-12  1.16345090e-12 
 9.89023412e-05  2.00693244e-01  2.01484441e-01  2.01474373e-01 -1.56956453e-05 -1.30819457e-11  1.00154374e-12 
 9.90023412e-05  2.00693276e-01  2.01484470e-01  2.01474390e-01 -1.57304735e-05  9.54023058e-12  1.16341344e-12 
 9.91023412e-05  2.00693278e-01  2.01484474e-01  2.01474406e-01 -1.56956461e-05 -1.30795923e-11  1.00158130e-12 
 9.92023412e-05  2.00693310e-01  2.01484503e-01  2.01474423e-01 -1.57304727e-05  9.53788329e-12  1.16337593e-12 
 9.93023412e-05  2.00693311e-01  2.01484507e-01  2.01474439e-01 -1.56956468e-05 -1.30772782e-11  1.00161893e-12 
 9.94023412e-05  2.00693343e-01  2.01484537e-01  2.01474456e-01 -1.57304720e-05  9.53556982e-12  1.16333825e-12 
 9.95023412e-05  2.00693345e-01  2.01484540e-01  2.01474472e-01 -1.56956475e-05 -1.30748897e-11  1.00165666e-12 
 9.96023412e-05  2.00693376e-01  2.01484570e-01  2.01474489e-01 -1.57304712e-05  9.53326979e-12  1.16330096e-12 
 9.97023412e-05  2.00693378e-01  2.01484573e-01  2.01474506e-01 -1.56956483e-05 -1.30726851e-11  1.00169379e-12 
 9.98023412e-05  2.00693410e-01  2.01484603e-01  2.01474522e-01 -1.57304705e-05  9.53085202e-12  1.16326371e-12 
 9.99023412e-05  2.00693411e-01  2.01484606e-01  2.01474539e-01 -1.56956490e-05 -1.30701346e-11  1.00173168e-12 
 1.00002341e-04  2.00693443e-01  2.01484636e-01  2.01474555e-01 -1.57304697e-05  9.52867451e-12  1.16322560e-12 
 1.00102341e-04  2.00693445e-01  2.01484639e-01  2.01474572e-01 -1.56956498e-05 -1.30678890e-11  1.00176903e-12 
 1.00202341e-04  2.00693476e-01  2.01484669e-01  2.01474588e-01 -1.57304690e-05  9.52619060e-12  1.16318776e-12 
 1.00302341e-04  2.00693478e-01  2.01484672e-01  2.01474605e-01 -1.56956505e-05 -1.30654678e-11  1.00180704e-12 
 1.00402341e-04  2.00693510e-01  2.01484702e-01  2.01474621e-01 -1.57304682e-05  9.52390358e-12  1.16315025e-12 
 1.00502341e-04  2.00693512e-01  2.01484706e-01  2.01474638e-01 -1.56956513e-05 -1.30632074e-11  1.00184433e-12 
 1.00602341e-04  2.00693543e-01  2.01484735e-01  2.01474655e-01 -1.57304675e-05  9.52164931e-12  1.16311290e-12 
 1.00702341e-04  2.00693545e-01  2.01484739e-01  2.01474671e-01 -1.56956520e-05 -1.30607714e-11  1.00188190e-12 
 1.00802341e-04  2.00693577e-01  2.01484768e-01  2.01474688e-01 -1.57304667e-05  9.51918102e-12  1.16307468e-12 
 1.00902341e-04  2.00693578e-01  2.01484772e-01  2.01474704e-01 -1.56956527e-05 -1.30584298e-11  1.00192023e-12 
 1.01002341e-04  2.00693610e-01  2.01484802e-01  2.01474721e-01 -1.57304660e-05  9.51695797e-12  1.16303668e-12 
 1.01102341e-04  2.00693612e-01  2.01484805e-01  2.01474737e-01 -1.56956535e-05 -1.30561048e-11  1.00195823e-12 
 1.01202341e-04  2.00693643e-01  2.01484835e-01  2.01474754e-01 -1.57304652e-05  9.51461544e-12  1.16299868e-12 
 1.01302341e-04  2.00693645e-01  2.01484838e-01  2.01474771e-01 -1.56956542e-05 -1.30537610e-11  1.00199628e-12 
 1.01402341e-04  2.00693677e-01  2.01484868e-01  2.01474787e-01 -1.57304645e-05  9.51216991e-12  1.16296095e-12 
 1.01502341e-04  2.00693678e-01  2.01484871e-01  2.01474804e-01 -1.56956550e-05 -1.30514724e-11  1.00203423e-12 
 1.01602341e-04  2.00693710e-01  2.01484901e-01  2.01474820e-01 -1.57304637e-05  9.50990372e-12  1.16292279e-12 
 1.01702341e-04  2.00693712e-01  2.01484904e-01  2.01474837e-01 -1.56956557e-05 -1.30491074e-11  1.00207229e-12 
 1.01802341e-04  2.00693743e-01  2.01484934e-01  2.01474853e-01 -1.57304630e-05  9.50747380e-12  1.16288403e-12 
 1.01902341e-04  2.00693745e-01  2.01484937e-01  2.01474870e-01 -1.56956564e-05 -1.30466883e-11  1.00211126e-12 
 1.02002341e-04  2.00693777e-01  2.01484967e-01  2.01474886e-01 -1.57304622e-05  9.50532209e-12  1.16284640e-12 
 1.02102341e-04  2.00693779e-01  2.01484971e-01  2.01474903e-01 -1.56956572e-05 -1.30442645e-11  1.00214867e-12 
 1.02202341e-04  2.00693810e-01  2.01485000e-01  2.01474920e-01 -1.57304615e-05  9.50294921e-12  1.16280819e-12 
 1.02302341e-04  2.00693812e-01  2.01485004e-01  2.01474936e-01 -1.56956579e-05 -1.30419139e-11  1.00218694e-12 
 1.02402341e-04  2.00693844e-01  2.01485033e-01  2.01474953e-01 -1.57304607e-05  9.50058088e-12  1.16276948e-12 
 1.02502341e-04  2.00693845e-01  2.01485037e-01  2.01474969e-01 -1.56956587e-05 -1.30395755e-11  1.00222559e-12 
 1.02602341e-04  2.00693877e-01  2.01485067e-01  2.01474986e-01 -1.57304600e-05  9.49832032e-12  1.16273104e-12 
 1.02702341e-04  2.00693879e-01  2.01485070e-01  2.01475002e-01 -1.56956594e-05 -1.30372247e-11  1.00226424e-12 
 1.02802341e-04  2.00693910e-01  2.01485100e-01  2.01475019e-01 -1.57304592e-05  9.49596586e-12  1.16269239e-12 
 1.02902341e-04  2.00693912e-01  2.01485103e-01  2.01475035e-01 -1.56956602e-05 -1.30349451e-11  1.00230230e-12 
 1.03002341e-04  2.00693944e-01  2.01485133e-01  2.01475052e-01 -1.57304585e-05  9.49360295e-12  1.16265412e-12 
 1.03102341e-04  2.00693946e-01  2.01485136e-01  2.01475069e-01 -1.56956609e-05 -1.30324640e-11  1.00234079e-12 
 1.03202341e-04  2.00693977e-01  2.01485166e-01  2.01475085e-01 -1.57304577e-05  9.49131941e-12  1.16261579e-12 
 1.03302341e-04  2.00693979e-01  2.01485169e-01  2.01475102e-01 -1.56956616e-05 -1.30302008e-11  1.00237917e-12 
 1.03402341e-04  2.00694010e-01  2.01485199e-01  2.01475118e-01 -1.57304570e-05  9.48882292e-12  1.16257703e-12 
 1.03502341e-04  2.00694012e-01  2.01485202e-01  2.01475135e-01 -1.56956624e-05 -1.30278403e-11  1.00241825e-12 
 1.03602341e-04  2.00694044e-01  2.01485232e-01  2.01475151e-01 -1.57304562e-05  9.48658101e-12  1.16253816e-12 
 1.03702341e-04  2.00694046e-01  2.01485236e-01  2.01475168e-01 -1.56956631e-05 -1.30254349e-11  1.00245718e-12 
 1.03802341e-04  2.00694077e-01  2.01485265e-01  2.01475185e-01 -1.57304555e-05  9.48429529e-12  1.16249924e-12 
 1.03902341e-04  2.00694079e-01  2.01485269e-01  2.01475201e-01 -1.56956639e-05 -1.30231589e-11  1.00249632e-12 
 1.04002341e-04  2.00694110e-01  2.01485298e-01  2.01475218e-01 -1.57304547e-05  9.48183329e-12  1.16246032e-12 
 1.04102341e-04  2.00694113e-01  2.01485302e-01  2.01475234e-01 -1.56956646e-05 -1.30207531e-11  1.00253578e-12 
 1.04202341e-04  2.00694144e-01  2.01485332e-01  2.01475251e-01 -1.57304540e-05  9.47963106e-12  1.16242150e-12 
 1.04302341e-04  2.00694146e-01  2.01485335e-01  2.01475267e-01 -1.56956653e-05 -1.30184266e-11  1.00257378e-12 
 1.04402341e-04  2.00694177e-01  2.01485365e-01  2.01475284e-01 -1.57304532e-05  9.47724885e-12  1.16238236e-12 
 1.04502341e-04  2.00694179e-01  2.01485368e-01  2.01475300e-01 -1.56956661e-05 -1.30160262e-11  1.00261292e-12 
 1.04602341e-04  2.00694211e-01  2.01485398e-01  2.01475317e-01 -1.57304525e-05  9.47481264e-12  1.16234323e-12 
 1.04702341e-04  2.00694213e-01  2.01485401e-01  2.01475334e-01 -1.56956668e-05 -1.30137717e-11  1.00265190e-12 
 1.04802341e-04  2.00694244e-01  2.01485431e-01  2.01475350e-01 -1.57304517e-05  9.47260196e-12  1.16230457e-12 
 1.04902341e-04  2.00694246e-01  2.01485434e-01  2.01475367e-01 -1.56956676e-05 -1.30112778e-11  1.00269044e-12 
 1.05002341e-04  2.00694277e-01  2.01485464e-01  2.01475383e-01 -1.57304510e-05  9.47027049e-12  1.16226576e-12 
 1.05102341e-04  2.00694280e-01  2.01485467e-01  2.01475400e-01 -1.56956683e-05 -1.30089091e-11  1.00272942e-12 
 1.05202341e-04  2.00694311e-01  2.01485497e-01  2.01475416e-01 -1.57304502e-05  9.46792623e-12  1.16222662e-12 
 1.05302341e-04  2.00694313e-01  2.01485501e-01  2.01475433e-01 -1.56956690e-05 -1.30066103e-11  1.00276856e-12 
 1.05402341e-04  2.00694344e-01  2.01485530e-01  2.01475450e-01 -1.57304495e-05  9.46553643e-12  1.16218753e-12 
 1.05502341e-04  2.00694346e-01  2.01485534e-01  2.01475466e-01 -1.56956698e-05 -1.30042244e-11  1.00280808e-12 
 1.05602341e-04  2.00694377e-01  2.01485563e-01  2.01475483e-01 -1.57304487e-05  9.46316549e-12  1.16214785e-12 
 1.05702341e-04  2.00694380e-01  2.01485567e-01  2.01475499e-01 -1.56956705e-05 -1.30019886e-11  1.00284754e-12 
 1.05802341e-04  2.00694411e-01  2.01485597e-01  2.01475516e-01 -1.57304480e-05  9.46086070e-12  1.16210882e-12 
 1.05902341e-04  2.00694413e-01  2.01485600e-01  2.01475532e-01 -1.56956713e-05 -1.29995431e-11  1.00288647e-12 
 1.06002341e-04  2.00694444e-01  2.01485630e-01  2.01475549e-01 -1.57304472e-05  9.45852294e-12  1.16206957e-12 
 1.06102341e-04  2.00694446e-01  2.01485633e-01  2.01475565e-01 -1.56956720e-05 -1.29971632e-11  1.00292631e-12 
 1.06202341e-04  2.00694478e-01  2.01485663e-01  2.01475582e-01 -1.57304465e-05  9.45625566e-12  1.16203000e-12 
 1.06302341e-04  2.00694480e-01  2.01485666e-01  2.01475599e-01 -1.56956727e-05 -1.29947975e-11  1.00296540e-12 
 1.06402341e-04  2.00694511e-01  2.01485696e-01  2.01475615e-01 -1.57304457e-05  9.45392310e-12  1.16199037e-12 
 1.06502341e-04  2.00694513e-01  2.01485699e-01  2.01475632e-01 -1.56956735e-05 -1.29923921e-11  1.00300502e-12 
 1.06602341e-04  2.00694544e-01  2.01485729e-01  2.01475648e-01 -1.57304450e-05  9.45159229e-12  1.16195118e-12 
 1.06702341e-04  2.00694547e-01  2.01485732e-01  2.01475665e-01 -1.56956742e-05 -1.29900782e-11  1.00304422e-12 
 1.06802341e-04  2.00694578e-01  2.01485762e-01  2.01475681e-01 -1.57304442e-05  9.44914958e-12  1.16191166e-12 
 1.06902341e-04  2.00694580e-01  2.01485766e-01  2.01475698e-01 -1.56956750e-05 -1.29877242e-11  1.00308395e-12 
 1.07002341e-04  2.00694611e-01  2.01485795e-01  2.01475715e-01 -1.57304435e-05  9.44682570e-12  1.16187171e-12 
 1.07102341e-04  2.00694613e-01  2.01485799e-01  2.01475731e-01 -1.56956757e-05 -1.29855070e-11  1.00312369e-12 
 1.07202341e-04  2.00694644e-01  2.01485828e-01  2.01475748e-01 -1.57304427e-05  9.44451527e-12  1.16183219e-12 
 1.07302341e-04  2.00694647e-01  2.01485832e-01  2.01475764e-01 -1.56956764e-05 -1.29829023e-11  1.00316332e-12 
 1.07402341e-04  2.00694678e-01  2.01485862e-01  2.01475781e-01 -1.57304420e-05  9.44219572e-12  1.16179256e-12 
 1.07502341e-04  2.00694680e-01  2.01485865e-01  2.01475797e-01 -1.56956772e-05 -1.29807437e-11  1.00320273e-12 
 1.07602341e-04  2.00694711e-01  2.01485895e-01  2.01475814e-01 -1.57304412e-05  9.43976559e-12  1.16175261e-12 
 1.07702341e-04  2.00694714e-01  2.01485898e-01  2.01475830e-01 -1.56956779e-05 -1.29783185e-11  1.00324236e-12 
 1.07802341e-04  2.00694745e-01  2.01485928e-01  2.01475847e-01 -1.57304405e-05  9.43756640e-12  1.16171298e-12 
 1.07902341e-04  2.00694747e-01  2.01485931e-01  2.01475864e-01 -1.56956787e-05 -1.29759205e-11  1.00328263e-12 
 1.08002341e-04  2.00694778e-01  2.01485961e-01  2.01475880e-01 -1.57304397e-05  9.43521715e-12  1.16167303e-12 
 1.08102341e-04  2.00694780e-01  2.01485964e-01  2.01475897e-01 -1.56956794e-05 -1.29735554e-11  1.00332291e-12 
 1.08202341e-04  2.00694811e-01  2.01485994e-01  2.01475913e-01 -1.57304390e-05  9.43280545e-12  1.16163340e-12 
 1.08302341e-04  2.00694814e-01  2.01485997e-01  2.01475930e-01 -1.56956801e-05 -1.29712575e-11  1.00336276e-12 
 1.08402341e-04  2.00694845e-01  2.01486027e-01  2.01475946e-01 -1.57304383e-05  9.43048352e-12  1.16159350e-12 
 1.08502341e-04  2.00694847e-01  2.01486031e-01  2.01475963e-01 -1.56956809e-05 -1.29688389e-11  1.00340233e-12 
 1.08602341e-04  2.00694878e-01  2.01486060e-01  2.01475979e-01 -1.57304375e-05  9.42818068e-12  1.16155344e-12 
 1.08702341e-04  2.00694881e-01  2.01486064e-01  2.01475996e-01 -1.56956816e-05 -1.29665553e-11  1.00344239e-12 
 1.08802341e-04  2.00694911e-01  2.01486093e-01  2.01476013e-01 -1.57304368e-05  9.42576312e-12  1.16151365e-12 
 1.08902341e-04  2.00694914e-01  2.01486097e-01  2.01476029e-01 -1.56956824e-05 -1.29641400e-11  1.00348294e-12 
 1.09002341e-04  2.00694945e-01  2.01486127e-01  2.01476046e-01 -1.57304360e-05  9.42344445e-12  1.16147304e-12 
 1.09102341e-04  2.00694947e-01  2.01486130e-01  2.01476062e-01 -1.56956831e-05 -1.29617753e-11  1.00352241e-12 
 1.09202341e-04  2.00694978e-01  2.01486160e-01  2.01476079e-01 -1.57304353e-05  9.42126043e-12  1.16143298e-12 
 1.09302341e-04  2.00694981e-01  2.01486163e-01  2.01476095e-01 -1.56956838e-05 -1.29593638e-11  1.00356258e-12 
 1.09402341e-04  2.00695012e-01  2.01486193e-01  2.01476112e-01 -1.57304345e-05  9.41876351e-12  1.16139292e-12 
 1.09502341e-04  2.00695014e-01  2.01486196e-01  2.01476129e-01 -1.56956846e-05 -1.29570491e-11  1.00360345e-12 
 1.09602341e-04  2.00695045e-01  2.01486226e-01  2.01476145e-01 -1.57304338e-05  9.41647780e-12  1.16135259e-12 
 1.09702341e-04  2.00695047e-01  2.01486229e-01  2.01476162e-01 -1.56956853e-05 -1.29546762e-11  1.00364297e-12 
 1.09802341e-04  2.00695078e-01  2.01486259e-01  2.01476178e-01 -1.57304330e-05  9.41402490e-12  1.16131237e-12 
 1.09902341e-04  2.00695081e-01  2.01486262e-01  2.01476195e-01 -1.56956861e-05 -1.29524848e-11  1.00368352e-12 
 1.10002341e-04  2.00695112e-01  2.01486292e-01  2.01476211e-01 -1.57304323e-05  9.41176585e-12  1.16127220e-12 
 1.10102341e-04  2.00695114e-01  2.01486296e-01  2.01476228e-01 -1.56956868e-05 -1.29500276e-11  1.00372380e-12 
 1.10202341e-04  2.00695145e-01  2.01486325e-01  2.01476244e-01 -1.57304315e-05  9.40941509e-12  1.16123197e-12 
 1.10302341e-04  2.00695148e-01  2.01486329e-01  2.01476261e-01 -1.56956875e-05 -1.29475636e-11  1.00376478e-12 
 1.10402341e-04  2.00695178e-01  2.01486358e-01  2.01476278e-01 -1.57304308e-05  9.40702854e-12  1.16119137e-12 
 1.10502341e-04  2.00695181e-01  2.01486362e-01  2.01476294e-01 -1.56956883e-05 -1.29453904e-11  1.00380511e-12 
 1.10602341e-04  2.00695212e-01  2.01486392e-01  2.01476311e-01 -1.57304300e-05  9.40471962e-12  1.16115131e-12 
 1.10702341e-04  2.00695214e-01  2.01486395e-01  2.01476327e-01 -1.56956890e-05 -1.29428968e-11  1.00384517e-12 
 1.10802341e-04  2.00695245e-01  2.01486425e-01  2.01476344e-01 -1.57304293e-05  9.40250156e-12  1.16111087e-12 
 1.10902341e-04  2.00695248e-01  2.01486428e-01  2.01476360e-01 -1.56956898e-05 -1.29406227e-11  1.00388556e-12 
 1.11002341e-04  2.00695279e-01  2.01486458e-01  2.01476377e-01 -1.57304285e-05  9.39997385e-12  1.16106994e-12 
 1.11102341e-04  2.00695281e-01  2.01486461e-01  2.01476394e-01 -1.56956905e-05 -1.29382351e-11  1.00392638e-12 
 1.11202341e-04  2.00695312e-01  2.01486491e-01  2.01476410e-01 -1.57304278e-05  9.39770137e-12  1.16102923e-12 
 1.11302341e-04  2.00695315e-01  2.01486494e-01  2.01476427e-01 -1.56956912e-05 -1.29358679e-11  1.00396698e-12 
 1.11402341e-04  2.00695345e-01  2.01486524e-01  2.01476443e-01 -1.57304270e-05  9.39531656e-12  1.16098895e-12 
 1.11502341e-04  2.00695348e-01  2.01486527e-01  2.01476460e-01 -1.56956920e-05 -1.29333848e-11  1.00400753e-12 
 1.11602341e-04  2.00695379e-01  2.01486557e-01  2.01476476e-01 -1.57304263e-05  9.39306423e-12  1.16094802e-12 
 1.11702341e-04  2.00695381e-01  2.01486561e-01  2.01476493e-01 -1.56956927e-05 -1.29311165e-11  1.00404814e-12 
 1.11802341e-04  2.00695412e-01  2.01486590e-01  2.01476509e-01 -1.57304255e-05  9.39082579e-12  1.16090758e-12 
 1.11902341e-04  2.00695415e-01  2.01486594e-01  2.01476526e-01 -1.56956934e-05 -1.29287137e-11  1.00408852e-12 
 1.12002341e-04  2.00695445e-01  2.01486623e-01  2.01476543e-01 -1.57304248e-05  9.38833429e-12  1.16086670e-12 
 1.12102341e-04  2.00695448e-01  2.01486627e-01  2.01476559e-01 -1.56956942e-05 -1.29263700e-11  1.00412972e-12 
 1.12202341e-04  2.00695479e-01  2.01486657e-01  2.01476576e-01 -1.57304241e-05  9.38608544e-12  1.16082621e-12 
 1.12302341e-04  2.00695482e-01  2.01486660e-01  2.01476592e-01 -1.56956949e-05 -1.29240128e-11  1.00417027e-12 
 1.12402341e-04  2.00695512e-01  2.01486690e-01  2.01476609e-01 -1.57304233e-05  9.38375441e-12  1.16078523e-12 
 1.12502341e-04  2.00695515e-01  2.01486693e-01  2.01476625e-01 -1.56956957e-05 -1.29216349e-11  1.00421174e-12 
 1.12602341e-04  2.00695545e-01  2.01486723e-01  2.01476642e-01 -1.57304226e-05  9.38139171e-12  1.16074457e-12 
 1.12702341e-04  2.00695548e-01  2.01486726e-01  2.01476659e-01 -1.56956964e-05 -1.29192262e-11  1.00425235e-12 
 1.12802341e-04  2.00695579e-01  2.01486756e-01  2.01476675e-01 -1.57304218e-05  9.37915132e-12  1.16070342e-12 
 1.12902341e-04  2.00695582e-01  2.01486759e-01  2.01476692e-01 -1.56956971e-05 -1.29167916e-11  1.00429344e-12 
 1.13002341e-04  2.00695612e-01  2.01486789e-01  2.01476708e-01 -1.57304211e-05  9.37662036e-12  1.16066201e-12 
 1.13102341e-04  2.00695615e-01  2.01486792e-01  2.01476725e-01 -1.56956979e-05 -1.29146578e-11  1.00433453e-12 
 1.13202341e-04  2.00695646e-01  2.01486822e-01  2.01476741e-01 -1.57304203e-05  9.37442983e-12  1.16062124e-12 
 1.13302341e-04  2.00695648e-01  2.01486826e-01  2.01476758e-01 -1.56956986e-05 -1.29122127e-11  1.00437529e-12 
 1.13402341e-04  2.00695679e-01  2.01486855e-01  2.01476774e-01 -1.57304196e-05  9.37209750e-12  1.16057988e-12 
 1.13502341e-04  2.00695682e-01  2.01486859e-01  2.01476791e-01 -1.56956994e-05 -1.29098080e-11  1.00441671e-12 
 1.13602341e-04  2.00695712e-01  2.01486888e-01  2.01476808e-01 -1.57304188e-05  9.36965804e-12  1.16053900e-12 
 1.13702341e-04  2.00695715e-01  2.01486892e-01  2.01476824e-01 -1.56957001e-05 -1.29074882e-11  1.00445726e-12 
 1.13802341e-04  2.00695746e-01  2.01486922e-01  2.01476841e-01 -1.57304181e-05  9.36737255e-12  1.16049802e-12 
 1.13902341e-04  2.00695749e-01  2.01486925e-01  2.01476857e-01 -1.56957008e-05 -1.29050410e-11  1.00449851e-12 
 1.14002341e-04  2.00695779e-01  2.01486955e-01  2.01476874e-01 -1.57304173e-05  9.36505582e-12  1.16045693e-12 
 1.14102341e-04  2.00695782e-01  2.01486958e-01  2.01476890e-01 -1.56957016e-05 -1.29027444e-11  1.00453955e-12 
 1.14202341e-04  2.00695812e-01  2.01486988e-01  2.01476907e-01 -1.57304166e-05  9.36272934e-12  1.16041562e-12 
 1.14302341e-04  2.00695815e-01  2.01486991e-01  2.01476923e-01 -1.56957023e-05 -1.29003093e-11  1.00458097e-12 
 1.14402341e-04  2.00695846e-01  2.01487021e-01  2.01476940e-01 -1.57304158e-05  9.36046314e-12  1.16037448e-12 
 1.14502341e-04  2.00695849e-01  2.01487024e-01  2.01476957e-01 -1.56957030e-05 -1.28979835e-11  1.00462184e-12 
 1.14602341e-04  2.00695879e-01  2.01487054e-01  2.01476973e-01 -1.57304151e-05  9.35805014e-12  1.16033349e-12 
 1.14702341e-04  2.00695882e-01  2.01487057e-01  2.01476990e-01 -1.56957038e-05 -1.28956056e-11  1.00466358e-12 
 1.14802341e-04  2.00695913e-01  2.01487087e-01  2.01477006e-01 -1.57304143e-05  9.35575966e-12  1.16029186e-12 
 1.14902341e-04  2.00695916e-01  2.01487091e-01  2.01477023e-01 -1.56957045e-05 -1.28931817e-11  1.00470533e-12 
 1.15002341e-04  2.00695946e-01  2.01487120e-01  2.01477039e-01 -1.57304136e-05  9.35338547e-12  1.16025001e-12 
 1.15102341e-04  2.00695949e-01  2.01487124e-01  2.01477056e-01 -1.56957053e-05 -1.28908811e-11  1.00474642e-12 
 1.15202341e-04  2.00695979e-01  2.01487153e-01  2.01477073e-01 -1.57304129e-05  9.35105465e-12  1.16020881e-12 
 1.15302341e-04  2.00695982e-01  2.01487157e-01  2.01477089e-01 -1.56957060e-05 -1.28885767e-11  1.00478772e-12 
 1.15402341e-04  2.00696013e-01  2.01487187e-01  2.01477106e-01 -1.57304121e-05  9.34871581e-12  1.16016772e-12 
 1.15502341e-04  2.00696016e-01  2.01487190e-01  2.01477122e-01 -1.56957067e-05 -1.28861826e-11  1.00482860e-12 
 1.15602341e-04  2.00696046e-01  2.01487220e-01  2.01477139e-01 -1.57304114e-05  9.34620372e-12  1.16012630e-12 
 1.15702341e-04  2.00696049e-01  2.01487223e-01  2.01477155e-01 -1.56957075e-05 -1.28838806e-11  1.00487072e-12 
 1.15802341e-04  2.00696079e-01  2.01487253e-01  2.01477172e-01 -1.57304106e-05  9.34403054e-12  1.16008467e-12 
 1.15902341e-04  2.00696083e-01  2.01487256e-01  2.01477188e-01 -1.56957082e-05 -1.28815294e-11  1.00491159e-12 
 1.16002341e-04  2.00696113e-01  2.01487286e-01  2.01477205e-01 -1.57304099e-05  9.34162903e-12  1.16004331e-12 
 1.16102341e-04  2.00696116e-01  2.01487289e-01  2.01477222e-01 -1.56957090e-05 -1.28791127e-11  1.00495307e-12 
 1.16202341e-04  2.00696146e-01  2.01487319e-01  2.01477238e-01 -1.57304091e-05  9.33925485e-12  1.16000146e-12 
 1.16302341e-04  2.00696149e-01  2.01487322e-01  2.01477255e-01 -1.56957097e-05 -1.28768326e-11  1.00499546e-12 
 1.16402341e-04  2.00696180e-01  2.01487352e-01  2.01477271e-01 -1.57304084e-05  9.33694810e-12  1.15995993e-12 
 1.16502341e-04  2.00696183e-01  2.01487356e-01  2.01477288e-01 -1.56957104e-05 -1.28744038e-11  1.00503698e-12 
 1.16602341e-04  2.00696213e-01  2.01487385e-01  2.01477304e-01 -1.57304076e-05  9.33460102e-12  1.15991830e-12 
 1.16702341e-04  2.00696216e-01  2.01487389e-01  2.01477321e-01 -1.56957112e-05 -1.28720767e-11  1.00507834e-12 
 1.16802341e-04  2.00696246e-01  2.01487418e-01  2.01477338e-01 -1.57304069e-05  9.33231942e-12  1.15987683e-12 
 1.16902341e-04  2.00696249e-01  2.01487422e-01  2.01477354e-01 -1.56957119e-05 -1.28697391e-11  1.00512019e-12 
 1.17002341e-04  2.00696280e-01  2.01487452e-01  2.01477371e-01 -1.57304061e-05  9.32996193e-12  1.15983552e-12 
 1.17102341e-04  2.00696283e-01  2.01487455e-01  2.01477387e-01 -1.56957126e-05 -1.28672645e-11  1.00516167e-12 
 1.17202341e-04  2.00696313e-01  2.01487485e-01  2.01477404e-01 -1.57304054e-05  9.32766039e-12  1.15979340e-12 
 1.17302341e-04  2.00696316e-01  2.01487488e-01  2.01477420e-01 -1.56957134e-05 -1.28649233e-11  1.00520362e-12 
 1.17402341e-04  2.00696346e-01  2.01487518e-01  2.01477437e-01 -1.57304046e-05  9.32529921e-12  1.15975149e-12 
 1.17502341e-04  2.00696350e-01  2.01487521e-01  2.01477453e-01 -1.56957141e-05 -1.28625673e-11  1.00524553e-12 
 1.17602341e-04  2.00696380e-01  2.01487551e-01  2.01477470e-01 -1.57304039e-05  9.32296384e-12  1.15970943e-12 
 1.17702341e-04  2.00696383e-01  2.01487554e-01  2.01477487e-01 -1.56957149e-05 -1.28602348e-11  1.00528738e-12 
 1.17802341e-04  2.00696413e-01  2.01487584e-01  2.01477503e-01 -1.57304032e-05  9.32066273e-12  1.15966758e-12 
 1.17902341e-04  2.00696416e-01  2.01487587e-01  2.01477520e-01 -1.56957156e-05 -1.28579404e-11  1.00532928e-12 
 1.18002341e-04  2.00696447e-01  2.01487617e-01  2.01477536e-01 -1.57304024e-05  9.31826079e-12  1.15962605e-12 
 1.18102341e-04  2.00696450e-01  2.01487620e-01  2.01477553e-01 -1.56957163e-05 -1.28554517e-11  1.00537097e-12 
 1.18202341e-04  2.00696480e-01  2.01487650e-01  2.01477569e-01 -1.57304017e-05  9.31597703e-12  1.15958398e-12 
 1.18302341e-04  2.00696483e-01  2.01487654e-01  2.01477586e-01 -1.56957171e-05 -1.28532777e-11  1.00541309e-12 
 1.18402341e-04  2.00696513e-01  2.01487683e-01  2.01477603e-01 -1.57304009e-05  9.31356858e-12  1.15954192e-12 
 1.18502341e-04  2.00696517e-01  2.01487687e-01  2.01477619e-01 -1.56957178e-05 -1.28507109e-11  1.00545505e-12 
 1.18602341e-04  2.00696547e-01  2.01487717e-01  2.01477636e-01 -1.57304002e-05  9.31123342e-12  1.15950018e-12 
 1.18702341e-04  2.00696550e-01  2.01487720e-01  2.01477652e-01 -1.56957185e-05 -1.28485118e-11  1.00549674e-12 
 1.18802341e-04  2.00696580e-01  2.01487750e-01  2.01477669e-01 -1.57303994e-05  9.30890586e-12  1.15945795e-12 
 1.18902341e-04  2.00696583e-01  2.01487753e-01  2.01477685e-01 -1.56957193e-05 -1.28461057e-11  1.00553940e-12 
 1.19002341e-04  2.00696613e-01  2.01487783e-01  2.01477702e-01 -1.57303987e-05  9.30656680e-12  1.15941572e-12 
 1.19102341e-04  2.00696617e-01  2.01487786e-01  2.01477718e-01 -1.56957200e-05 -1.28437903e-11  1.00558120e-12 
 1.19202341e-04  2.00696647e-01  2.01487816e-01  2.01477735e-01 -1.57303979e-05  9.30415619e-12  1.15937408e-12 
 1.19302341e-04  2.00696650e-01  2.01487819e-01  2.01477752e-01 -1.56957208e-05 -1.28413866e-11  1.00562316e-12 
 1.19402341e-04  2.00696680e-01  2.01487849e-01  2.01477768e-01 -1.57303972e-05  9.30187394e-12  1.15933207e-12 
 1.19502341e-04  2.00696684e-01  2.01487852e-01  2.01477785e-01 -1.56957215e-05 -1.28391048e-11  1.00566533e-12 
 1.19602341e-04  2.00696714e-01  2.01487882e-01  2.01477801e-01 -1.57303964e-05  9.29947742e-12  1.15928984e-12 
 1.19702341e-04  2.00696717e-01  2.01487885e-01  2.01477818e-01 -1.56957222e-05 -1.28367456e-11  1.00570718e-12 
 1.19802341e-04  2.00696747e-01  2.01487915e-01  2.01477834e-01 -1.57303957e-05  9.29725307e-12  1.15924772e-12 
 1.19902341e-04  2.00696750e-01  2.01487919e-01  2.01477851e-01 -1.56957230e-05 -1.28341847e-11  1.00574947e-12 
 1.20002341e-04  2.00696780e-01  2.01487948e-01  2.01477867e-01 -1.57303950e-05  9.29496475e-12  1.15920533e-12 
 1.20102341e-04  2.00696784e-01  2.01487952e-01  2.01477884e-01 -1.56957237e-05 -1.28319738e-11  1.00579170e-12 
 1.20202341e-04  2.00696814e-01  2.01487982e-01  2.01477901e-01 -1.57303942e-05  9.29249516e-12  1.15916337e-12 
 1.20302341e-04  2.00696817e-01  2.01487985e-01  2.01477917e-01 -1.56957244e-05 -1.28296154e-11  1.00583376e-12 
 1.20402341e-04  2.00696847e-01  2.01488015e-01  2.01477934e-01 -1.57303935e-05  9.29022614e-12  1.15912087e-12 
 1.20502341e-04  2.00696851e-01  2.01488018e-01  2.01477950e-01 -1.56957252e-05 -1.28272562e-11  1.00587621e-12 
 1.20602341e-04  2.00696880e-01  2.01488048e-01  2.01477967e-01 -1.57303927e-05  9.28781119e-12  1.15907842e-12 
 1.20702341e-04  2.00696884e-01  2.01488051e-01  2.01477983e-01 -1.56957259e-05 -1.28248679e-11  1.00591871e-12 
 1.20802341e-04  2.00696914e-01  2.01488081e-01  2.01478000e-01 -1.57303920e-05  9.28550813e-12  1.15903608e-12 
 1.20902341e-04  2.00696917e-01  2.01488084e-01  2.01478017e-01 -1.56957267e-05 -1.28225102e-11  1.00596083e-12 
 1.21002341e-04  2.00696947e-01  2.01488114e-01  2.01478033e-01 -1.57303912e-05  9.28323716e-12  1.15899402e-12 
 1.21102341e-04  2.00696951e-01  2.01488117e-01  2.01478050e-01 -1.56957274e-05 -1.28201237e-11  1.00600398e-12 
 1.21202341e-04  2.00696980e-01  2.01488147e-01  2.01478066e-01 -1.57303905e-05  9.28088227e-12  1.15895119e-12 
 1.21302341e-04  2.00696984e-01  2.01488150e-01  2.01478083e-01 -1.56957281e-05 -1.28177571e-11  1.00604627e-12 
 1.21402341e-04  2.00697014e-01  2.01488180e-01  2.01478099e-01 -1.57303897e-05  9.27867939e-12  1.15890912e-12 
 1.21502341e-04  2.00697017e-01  2.01488184e-01  2.01478116e-01 -1.56957289e-05 -1.28154102e-11  1.00608855e-12 
 1.21602341e-04  2.00697047e-01  2.01488213e-01  2.01478132e-01 -1.57303890e-05  9.27621066e-12  1.15886668e-12 
 1.21702341e-04  2.00697051e-01  2.01488217e-01  2.01478149e-01 -1.56957296e-05 -1.28130189e-11  1.00613111e-12 
 1.21802341e-04  2.00697081e-01  2.01488247e-01  2.01478166e-01 -1.57303882e-05  9.27384493e-12  1.15882385e-12 
 1.21902341e-04  2.00697084e-01  2.01488250e-01  2.01478182e-01 -1.56957303e-05 -1.28107108e-11  1.00617344e-12 
 1.22002341e-04  2.00697114e-01  2.01488280e-01  2.01478199e-01 -1.57303875e-05  9.27168737e-12  1.15878184e-12 
 1.22102341e-04  2.00697118e-01  2.01488283e-01  2.01478215e-01 -1.56957311e-05 -1.28083460e-11  1.00621573e-12 
 1.22202341e-04  2.00697147e-01  2.01488313e-01  2.01478232e-01 -1.57303868e-05  9.26914209e-12  1.15873890e-12 
 1.22302341e-04  2.00697151e-01  2.01488316e-01  2.01478248e-01 -1.56957318e-05 -1.28059601e-11  1.00625839e-12 
 1.22402341e-04  2.00697181e-01  2.01488346e-01  2.01478265e-01 -1.57303860e-05  9.26685096e-12  1.15869678e-12 
 1.22502341e-04  2.00697184e-01  2.01488349e-01  2.01478282e-01 -1.56957325e-05 -1.28037405e-11  1.00630062e-12 
 1.22602341e-04  2.00697214e-01  2.01488379e-01  2.01478298e-01 -1.57303853e-05  9.26435231e-12  1.15865406e-12 
 1.22702341e-04  2.00697218e-01  2.01488382e-01  2.01478315e-01 -1.56957333e-05 -1.28013958e-11  1.00634345e-12 
 1.22802341e-04  2.00697247e-01  2.01488412e-01  2.01478331e-01 -1.57303845e-05  9.26212037e-12  1.15861135e-12 
 1.22902341e-04  2.00697251e-01  2.01488415e-01  2.01478348e-01 -1.56957340e-05 -1.27990008e-11  1.00638606e-12 
 1.23002341e-04  2.00697281e-01  2.01488445e-01  2.01478364e-01 -1.57303838e-05  9.25987260e-12  1.15856895e-12 
 1.23102341e-04  2.00697285e-01  2.01488449e-01  2.01478381e-01 -1.56957348e-05 -1.27966481e-11  1.00642888e-12 
 1.23202341e-04  2.00697314e-01  2.01488478e-01  2.01478397e-01 -1.57303830e-05  9.25734576e-12  1.15852613e-12 
 1.23302341e-04  2.00697318e-01  2.01488482e-01  2.01478414e-01 -1.56957355e-05 -1.27943307e-11  1.00647176e-12 
 1.23402341e-04  2.00697348e-01  2.01488512e-01  2.01478431e-01 -1.57303823e-05  9.25509018e-12  1.15848309e-12 
 1.23502341e-04  2.00697351e-01  2.01488515e-01  2.01478447e-01 -1.56957362e-05 -1.27919990e-11  1.00651437e-12 
 1.23602341e-04  2.00697381e-01  2.01488545e-01  2.01478464e-01 -1.57303815e-05  9.25275937e-12  1.15844096e-12 
 1.23702341e-04  2.00697385e-01  2.01488548e-01  2.01478480e-01 -1.56957370e-05 -1.27895819e-11  1.00655720e-12 
 1.23802341e-04  2.00697414e-01  2.01488578e-01  2.01478497e-01 -1.57303808e-05  9.25047625e-12  1.15839830e-12 
 1.23902341e-04  2.00697418e-01  2.01488581e-01  2.01478513e-01 -1.56957377e-05 -1.27871767e-11  1.00659970e-12 
 1.24002341e-04  2.00697448e-01  2.01488611e-01  2.01478530e-01 -1.57303801e-05  9.24816538e-12  1.15835472e-12 
 1.24102341e-04  2.00697452e-01  2.01488614e-01  2.01478546e-01 -1.56957384e-05 -1.27847932e-11  1.00664274e-12 
 1.24202341e-04  2.00697481e-01  2.01488644e-01  2.01478563e-01 -1.57303793e-05  9.24577060e-12  1.15831173e-12 
 1.24302341e-04  2.00697485e-01  2.01488647e-01  2.01478580e-01 -1.56957392e-05 -1.27825977e-11  1.00668524e-12 
 1.24402341e-04  2.00697514e-01  2.01488677e-01  2.01478596e-01 -1.57303786e-05  9.24347664e-12  1.15826934e-12 
 1.24502341e-04  2.00697518e-01  2.01488680e-01  2.01478613e-01 -1.56957399e-05 -1.27800919e-11  1.00672823e-12 
 1.24602341e-04  2.00697548e-01  2.01488710e-01  2.01478629e-01 -1.57303778e-05  9.24106169e-12  1.15822618e-12 
 1.24702341e-04  2.00697552e-01  2.01488714e-01  2.01478646e-01 -1.56957406e-05 -1.27777849e-11  1.00677111e-12 
 1.24802341e-04  2.00697581e-01  2.01488743e-01  2.01478662e-01 -1.57303771e-05  9.23883799e-12  1.15818363e-12 
 1.24902341e-04  2.00697585e-01  2.01488747e-01  2.01478679e-01 -1.56957414e-05 -1.27754992e-11  1.00681383e-12 
 1.25002341e-04  2.00697615e-01  2.01488777e-01  2.01478696e-01 -1.57303763e-05  9.23648007e-12  1.15814069e-12 
 1.25102341e-04  2.00697618e-01  2.01488780e-01  2.01478712e-01 -1.56957421e-05 -1.27730313e-11  1.00685692e-12 
 1.25202341e-04  2.00697648e-01  2.01488810e-01  2.01478729e-01 -1.57303756e-05  9.23416031e-12  1.15809792e-12 
 1.25302341e-04  2.00697652e-01  2.01488813e-01  2.01478745e-01 -1.56957429e-05 -1.27705268e-11  1.00689991e-12 
 1.25402341e-04  2.00697681e-01  2.01488843e-01  2.01478762e-01 -1.57303748e-05  9.23193379e-12  1.15805472e-12 
 1.25502341e-04  2.00697685e-01  2.01488846e-01  2.01478778e-01 -1.56957436e-05 -1.27684870e-11  1.00694274e-12 
 1.25602341e-04  2.00697715e-01  2.01488876e-01  2.01478795e-01 -1.57303741e-05  9.22937833e-12  1.15801216e-12 
 1.25702341e-04  2.00697719e-01  2.01488879e-01  2.01478811e-01 -1.56957443e-05 -1.27659498e-11  1.00698584e-12 
 1.25802341e-04  2.00697748e-01  2.01488909e-01  2.01478828e-01 -1.57303734e-05  9.22720472e-12  1.15796885e-12 
 1.25902341e-04  2.00697752e-01  2.01488912e-01  2.01478845e-01 -1.56957451e-05 -1.27635866e-11  1.00702915e-12 
 1.26002341e-04  2.00697781e-01  2.01488942e-01  2.01478861e-01 -1.57303726e-05  9.22481579e-12  1.15792586e-12 
 1.26102341e-04  2.00697785e-01  2.01488945e-01  2.01478878e-01 -1.56957458e-05 -1.27613252e-11  1.00707160e-12 
 1.26202341e-04  2.00697815e-01  2.01488975e-01  2.01478894e-01 -1.57303719e-05  9.22248107e-12  1.15788303e-12 
 1.26302341e-04  2.00697819e-01  2.01488979e-01  2.01478911e-01 -1.56957465e-05 -1.27588853e-11  1.00711486e-12 
 1.26402341e-04  2.00697848e-01  2.01489008e-01  2.01478927e-01 -1.57303711e-05  9.22019188e-12  1.15783977e-12 
 1.26502341e-04  2.00697852e-01  2.01489012e-01  2.01478944e-01 -1.56957473e-05 -1.27566362e-11  1.00715790e-12 
 1.26602341e-04  2.00697882e-01  2.01489042e-01  2.01478961e-01 -1.57303704e-05  9.21775221e-12  1.15779646e-12 
 1.26702341e-04  2.00697886e-01  2.01489045e-01  2.01478977e-01 -1.56957480e-05 -1.27542200e-11  1.00720089e-12 
 1.26802341e-04  2.00697915e-01  2.01489075e-01  2.01478994e-01 -1.57303696e-05  9.21557600e-12  1.15775369e-12 
 1.26902341e-04  2.00697919e-01  2.01489078e-01  2.01479010e-01 -1.56957487e-05 -1.27517422e-11  1.00724447e-12 
 1.27002341e-04  2.00697948e-01  2.01489108e-01  2.01479027e-01 -1.57303689e-05  9.21319509e-12  1.15771027e-12 
 1.27102341e-04  2.00697952e-01  2.01489111e-01  2.01479043e-01 -1.56957495e-05 -1.27496217e-11  1.00728719e-12 
 1.27202341e-04  2.00697982e-01  2.01489141e-01  2.01479060e-01 -1.57303681e-05  9.21084736e-12  1.15766733e-12 
 1.27302341e-04  2.00697986e-01  2.01489144e-01  2.01479076e-01 -1.56957502e-05 -1.27471094e-11  1.00733029e-12 
 1.27402341e-04  2.00698015e-01  2.01489174e-01  2.01479093e-01 -1.57303674e-05  9.20852132e-12  1.15762402e-12 
 1.27502341e-04  2.00698019e-01  2.01489177e-01  2.01479110e-01 -1.56957510e-05 -1.27447664e-11  1.00737360e-12 
 1.27602341e-04  2.00698048e-01  2.01489207e-01  2.01479126e-01 -1.57303667e-05  9.20617554e-12  1.15758114e-12 
 1.27702341e-04  2.00698053e-01  2.01489210e-01  2.01479143e-01 -1.56957517e-05 -1.27424798e-11  1.00741713e-12 
 1.27802341e-04  2.00698082e-01  2.01489240e-01  2.01479159e-01 -1.57303659e-05  9.20382043e-12  1.15753782e-12 
 1.27902341e-04  2.00698086e-01  2.01489244e-01  2.01479176e-01 -1.56957524e-05 -1.27400679e-11  1.00746039e-12 
 1.28002341e-04  2.00698115e-01  2.01489273e-01  2.01479192e-01 -1.57303652e-05  9.20158351e-12  1.15749440e-12 
 1.28102341e-04  2.00698119e-01  2.01489277e-01  2.01479209e-01 -1.56957532e-05 -1.27377924e-11  1.00750322e-12 
 1.28202341e-04  2.00698148e-01  2.01489307e-01  2.01479226e-01 -1.57303644e-05  9.19907900e-12  1.15745130e-12 
 1.28302341e-04  2.00698153e-01  2.01489310e-01  2.01479242e-01 -1.56957539e-05 -1.27354312e-11  1.00754648e-12 
 1.28402341e-04  2.00698182e-01  2.01489340e-01  2.01479259e-01 -1.57303637e-05  9.19683730e-12  1.15740815e-12 
 1.28502341e-04  2.00698186e-01  2.01489343e-01  2.01479275e-01 -1.56957546e-05 -1.27330193e-11  1.00759017e-12 
 1.28602341e-04  2.00698215e-01  2.01489373e-01  2.01479292e-01 -1.57303629e-05  9.19456633e-12  1.15736403e-12 
 1.28702341e-04  2.00698219e-01  2.01489376e-01  2.01479308e-01 -1.56957554e-05 -1.27307472e-11  1.00763327e-12 
 1.28802341e-04  2.00698249e-01  2.01489406e-01  2.01479325e-01 -1.57303622e-05  9.19211538e-12  1.15732071e-12 
 1.28902341e-04  2.00698253e-01  2.01489409e-01  2.01479341e-01 -1.56957561e-05 -1.27283605e-11  1.00767669e-12 
 1.29002341e-04  2.00698282e-01  2.01489439e-01  2.01479358e-01 -1.57303615e-05  9.18988280e-12  1.15727729e-12 
 1.29102341e-04  2.00698286e-01  2.01489442e-01  2.01479375e-01 -1.56957568e-05 -1.27259193e-11  1.00772011e-12 
 1.29202341e-04  2.00698315e-01  2.01489472e-01  2.01479391e-01 -1.57303607e-05  9.18755610e-12  1.15723419e-12 
 1.29302341e-04  2.00698320e-01  2.01489475e-01  2.01479408e-01 -1.56957576e-05 -1.27236821e-11  1.00776332e-12 
 1.29402341e-04  2.00698349e-01  2.01489505e-01  2.01479424e-01 -1.57303600e-05  9.18515741e-12  1.15719055e-12 
 1.29502341e-04  2.00698353e-01  2.01489509e-01  2.01479441e-01 -1.56957583e-05 -1.27213145e-11  1.00780706e-12 
 1.29602341e-04  2.00698382e-01  2.01489538e-01  2.01479457e-01 -1.57303592e-05  9.18283461e-12  1.15714724e-12 
 1.29702341e-04  2.00698386e-01  2.01489542e-01  2.01479474e-01 -1.56957590e-05 -1.27189817e-11  1.00784989e-12 
 1.29802341e-04  2.00698415e-01  2.01489572e-01  2.01479490e-01 -1.57303585e-05  9.18055909e-12  1.15710414e-12 
 1.29902341e-04  2.00698420e-01  2.01489575e-01  2.01479507e-01 -1.56957598e-05 -1.27165704e-11  1.00789348e-12 
 1.30002341e-04  2.00698449e-01  2.01489605e-01  2.01479524e-01 -1.57303577e-05  9.17823044e-12  1.15706045e-12 
 1.30102341e-04  2.00698453e-01  2.01489608e-01  2.01479540e-01 -1.56957605e-05 -1.27142383e-11  1.00793782e-12 
 1.30202341e-04  2.00698482e-01  2.01489638e-01  2.01479557e-01 -1.57303570e-05  9.17589485e-12  1.15701681e-12 
 1.30302341e-04  2.00698487e-01  2.01489641e-01  2.01479573e-01 -1.56957613e-05 -1.27119125e-11  1.00798103e-12 
 1.30402341e-04  2.00698516e-01  2.01489671e-01  2.01479590e-01 -1.57303562e-05  9.17343068e-12  1.15697339e-12 
 1.30502341e-04  2.00698520e-01  2.01489674e-01  2.01479606e-01 -1.56957620e-05 -1.27096025e-11  1.00802456e-12 
 1.30602341e-04  2.00698549e-01  2.01489704e-01  2.01479623e-01 -1.57303555e-05  9.17130759e-12  1.15693035e-12 
 1.30702341e-04  2.00698553e-01  2.01489707e-01  2.01479640e-01 -1.56957627e-05 -1.27071893e-11  1.00806803e-12 
 1.30802341e-04  2.00698582e-01  2.01489737e-01  2.01479656e-01 -1.57303548e-05  9.16890934e-12  1.15688660e-12 
 1.30902341e-04  2.00698587e-01  2.01489740e-01  2.01479673e-01 -1.56957635e-05 -1.27047953e-11  1.00811145e-12 
 1.31002341e-04  2.00698616e-01  2.01489770e-01  2.01479689e-01 -1.57303540e-05  9.16665246e-12  1.15684290e-12 
 1.31102341e-04  2.00698620e-01  2.01489774e-01  2.01479706e-01 -1.56957642e-05 -1.27024782e-11  1.00815477e-12 
 1.31202341e-04  2.00698649e-01  2.01489803e-01  2.01479722e-01 -1.57303533e-05  9.16426201e-12  1.15679975e-12 
 1.31302341e-04  2.00698654e-01  2.01489807e-01  2.01479739e-01 -1.56957649e-05 -1.27001096e-11  1.00819830e-12 
 1.31402341e-04  2.00698682e-01  2.01489837e-01  2.01479755e-01 -1.57303525e-05  9.16193510e-12  1.15675590e-12 
 1.31502341e-04  2.00698687e-01  2.01489840e-01  2.01479772e-01 -1.56957657e-05 -1.26977920e-11  1.00824183e-12 
 1.31602341e-04  2.00698716e-01  2.01489870e-01  2.01479789e-01 -1.57303518e-05  9.15960732e-12  1.15671237e-12 
 1.31702341e-04  2.00698720e-01  2.01489873e-01  2.01479805e-01 -1.56957664e-05 -1.26954682e-11  1.00828569e-12 
 1.31802341e-04  2.00698749e-01  2.01489903e-01  2.01479822e-01 -1.57303510e-05  9.15731922e-12  1.15666857e-12 
 1.31902341e-04  2.00698754e-01  2.01489906e-01  2.01479838e-01 -1.56957671e-05 -1.26930831e-11  1.00832960e-12 
 1.32002341e-04  2.00698783e-01  2.01489936e-01  2.01479855e-01 -1.57303503e-05  9.15492096e-12  1.15662503e-12 
 1.32102341e-04  2.00698787e-01  2.01489939e-01  2.01479871e-01 -1.56957679e-05 -1.26907922e-11  1.00837313e-12 
 1.32202341e-04  2.00698816e-01  2.01489969e-01  2.01479888e-01 -1.57303496e-05  9.15257431e-12  1.15658134e-12 
 1.32302341e-04  2.00698820e-01  2.01489972e-01  2.01479905e-01 -1.56957686e-05 -1.26883805e-11  1.00841687e-12 
 1.32402341e-04  2.00698849e-01  2.01490002e-01  2.01479921e-01 -1.57303488e-05  9.15031679e-12  1.15653765e-12 
 1.32502341e-04  2.00698854e-01  2.01490005e-01  2.01479938e-01 -1.56957693e-05 -1.26861477e-11  1.00846024e-12 
 1.32602341e-04  2.00698883e-01  2.01490035e-01  2.01479954e-01 -1.57303481e-05  9.14797621e-12  1.15649423e-12 
 1.32702341e-04  2.00698887e-01  2.01490039e-01  2.01479971e-01 -1.56957701e-05 -1.26837197e-11  1.00850426e-12 
 1.32802341e-04  2.00698916e-01  2.01490068e-01  2.01479987e-01 -1.57303473e-05  9.14556256e-12  1.15645010e-12 
 1.32902341e-04  2.00698921e-01  2.01490072e-01  2.01480004e-01 -1.56957708e-05 -1.26814280e-11  1.00854774e-12 
 1.33002341e-04  2.00698949e-01  2.01490101e-01  2.01480020e-01 -1.57303466e-05  9.14326015e-12  1.15640613e-12 
 1.33102341e-04  2.00698954e-01  2.01490105e-01  2.01480037e-01 -1.56957715e-05 -1.26790807e-11  1.00859192e-12 
 1.33202341e-04  2.00698983e-01  2.01490135e-01  2.01480054e-01 -1.57303458e-05  9.14105402e-12  1.15636244e-12 
 1.33302341e-04  2.00698987e-01  2.01490138e-01  2.01480070e-01 -1.56957723e-05 -1.26766041e-11  1.00863545e-12 
 1.33402341e-04  2.00699016e-01  2.01490168e-01  2.01480087e-01 -1.57303451e-05  9.13865598e-12  1.15631853e-12 
 1.33502341e-04  2.00699021e-01  2.01490171e-01  2.01480103e-01 -1.56957730e-05 -1.26743160e-11  1.00867882e-12 
 1.33602341e-04  2.00699050e-01  2.01490201e-01  2.01480120e-01 -1.57303444e-05  9.13640105e-12  1.15627505e-12 
 1.33702341e-04  2.00699054e-01  2.01490204e-01  2.01480136e-01 -1.56957738e-05 -1.26719679e-11  1.00872257e-12 
 1.33802341e-04  2.00699083e-01  2.01490234e-01  2.01480153e-01 -1.57303436e-05  9.13398675e-12  1.15623125e-12 
 1.33902341e-04  2.00699088e-01  2.01490237e-01  2.01480169e-01 -1.56957745e-05 -1.26696379e-11  1.00876637e-12 
 1.34002341e-04  2.00699116e-01  2.01490267e-01  2.01480186e-01 -1.57303429e-05  9.13179298e-12  1.15618783e-12 
 1.34102341e-04  2.00699121e-01  2.01490270e-01  2.01480203e-01 -1.56957752e-05 -1.26673335e-11  1.00880995e-12 
 1.34202341e-04  2.00699150e-01  2.01490300e-01  2.01480219e-01 -1.57303421e-05  9.12943289e-12  1.15614419e-12 
 1.34302341e-04  2.00699154e-01  2.01490304e-01  2.01480236e-01 -1.56957760e-05 -1.26648557e-11  1.00885402e-12 
 1.34402341e-04  2.00699183e-01  2.01490333e-01  2.01480252e-01 -1.57303414e-05  9.12706000e-12  1.15610023e-12 
 1.34502341e-04  2.00699188e-01  2.01490337e-01  2.01480269e-01 -1.56957767e-05 -1.26625789e-11  1.00889837e-12 
 1.34602341e-04  2.00699216e-01  2.01490366e-01  2.01480285e-01 -1.57303406e-05  9.12469904e-12  1.15605615e-12 
 1.34702341e-04  2.00699221e-01  2.01490370e-01  2.01480302e-01 -1.56957774e-05 -1.26603133e-11  1.00894277e-12 
 1.34802341e-04  2.00699250e-01  2.01490400e-01  2.01480319e-01 -1.57303399e-05  9.12231770e-12  1.15601208e-12 
 1.34902341e-04  2.00699255e-01  2.01490403e-01  2.01480335e-01 -1.56957782e-05 -1.26578949e-11  1.00898651e-12 
 1.35002341e-04  2.00699283e-01  2.01490433e-01  2.01480352e-01 -1.57303392e-05  9.12015645e-12  1.15596850e-12 
 1.35102341e-04  2.00699288e-01  2.01490436e-01  2.01480368e-01 -1.56957789e-05 -1.26556899e-11  1.00902988e-12 
 1.35202341e-04  2.00699317e-01  2.01490466e-01  2.01480385e-01 -1.57303384e-05  9.11757280e-12  1.15592410e-12 
 1.35302341e-04  2.00699321e-01  2.01490469e-01  2.01480401e-01 -1.56957796e-05 -1.26532903e-11  1.00907444e-12 
 1.35402341e-04  2.00699350e-01  2.01490499e-01  2.01480418e-01 -1.57303377e-05  9.11546901e-12  1.15588024e-12 
 1.35502341e-04  2.00699355e-01  2.01490502e-01  2.01480434e-01 -1.56957804e-05 -1.26508931e-11  1.00911787e-12 
 1.35602341e-04  2.00699383e-01  2.01490532e-01  2.01480451e-01 -1.57303369e-05  9.11309981e-12  1.15583601e-12 
 1.35702341e-04  2.00699388e-01  2.01490535e-01  2.01480468e-01 -1.56957811e-05 -1.26485536e-11  1.00916194e-12 
 1.35802341e-04  2.00699417e-01  2.01490565e-01  2.01480484e-01 -1.57303362e-05  9.11077659e-12  1.15579242e-12 
 1.35902341e-04  2.00699421e-01  2.01490569e-01  2.01480501e-01 -1.56957818e-05 -1.26461439e-11  1.00920563e-12 
 1.36002341e-04  2.00699450e-01  2.01490598e-01  2.01480517e-01 -1.57303354e-05  9.10856026e-12  1.15574846e-12 
 1.36102341e-04  2.00699455e-01  2.01490602e-01  2.01480534e-01 -1.56957826e-05 -1.26438554e-11  1.00924960e-12 
 1.36202341e-04  2.00699483e-01  2.01490631e-01  2.01480550e-01 -1.57303347e-05  9.10623139e-12  1.15570471e-12 
 1.36302341e-04  2.00699488e-01  2.01490635e-01  2.01480567e-01 -1.56957833e-05 -1.26415536e-11  1.00929318e-12 
 1.36402341e-04  2.00699517e-01  2.01490665e-01  2.01480584e-01 -1.57303340e-05  9.10382468e-12  1.15566080e-12 
 1.36502341e-04  2.00699522e-01  2.01490668e-01  2.01480600e-01 -1.56957840e-05 -1.26391308e-11  1.00933725e-12 
 1.36602341e-04  2.00699550e-01  2.01490698e-01  2.01480617e-01 -1.57303332e-05  9.10150926e-12  1.15561656e-12 
 1.36702341e-04  2.00699555e-01  2.01490701e-01  2.01480633e-01 -1.56957848e-05 -1.26368182e-11  1.00938165e-12 
 1.36802341e-04  2.00699583e-01  2.01490731e-01  2.01480650e-01 -1.57303325e-05  9.09919297e-12  1.15557276e-12 
 1.36902341e-04  2.00699588e-01  2.01490734e-01  2.01480666e-01 -1.56957855e-05 -1.26345559e-11  1.00942518e-12 
 1.37002341e-04  2.00699617e-01  2.01490764e-01  2.01480683e-01 -1.57303317e-05  9.09687234e-12  1.15552891e-12 
 1.37102341e-04  2.00699622e-01  2.01490767e-01  2.01480699e-01 -1.56957862e-05 -1.26320848e-11  1.00946958e-12 
 1.37202341e-04  2.00699650e-01  2.01490797e-01  2.01480716e-01 -1.57303310e-05  9.09453220e-12  1.15548451e-12 
 1.37302341e-04  2.00699655e-01  2.01490800e-01  2.01480733e-01 -1.56957870e-05 -1.26298928e-11  1.00951376e-12 
 1.37402341e-04  2.00699684e-01  2.01490830e-01  2.01480749e-01 -1.57303302e-05  9.09234320e-12  1.15544060e-12 
 1.37502341e-04  2.00699689e-01  2.01490833e-01  2.01480766e-01 -1.56957877e-05 -1.26274520e-11  1.00955756e-12 
 1.37602341e-04  2.00699717e-01  2.01490863e-01  2.01480782e-01 -1.57303295e-05  9.08985062e-12  1.15539615e-12 
 1.37702341e-04  2.00699722e-01  2.01490867e-01  2.01480799e-01 -1.56957884e-05 -1.26251821e-11  1.00960158e-12 
 1.37802341e-04  2.00699750e-01  2.01490896e-01  2.01480815e-01 -1.57303288e-05  9.08755883e-12  1.15535234e-12 
 1.37902341e-04  2.00699755e-01  2.01490900e-01  2.01480832e-01 -1.56957892e-05 -1.26228049e-11  1.00964565e-12 
 1.38002341e-04  2.00699784e-01  2.01490930e-01  2.01480848e-01 -1.57303280e-05  9.08518443e-12  1.15530795e-12 
 1.38102341e-04  2.00699789e-01  2.01490933e-01  2.01480865e-01 -1.56957899e-05 -1.26205222e-11  1.00969000e-12 
 1.38202341e-04  2.00699817e-01  2.01490963e-01  2.01480882e-01 -1.57303273e-05  9.08302708e-12  1.15526420e-12 
 1.38302341e-04  2.00699822e-01  2.01490966e-01  2.01480898e-01 -1.56957906e-05 -1.26181121e-11  1.00973364e-12 
 1.38402341e-04  2.00699850e-01  2.01490996e-01  2.01480915e-01 -1.57303265e-05  9.08058611e-12  1.15522007e-12 
 1.38502341e-04  2.00699855e-01  2.01490999e-01  2.01480931e-01 -1.56957914e-05 -1.26158444e-11  1.00977798e-12 
 1.38602341e-04  2.00699884e-01  2.01491029e-01  2.01480948e-01 -1.57303258e-05  9.07819544e-12  1.15517551e-12 
 1.38702341e-04  2.00699889e-01  2.01491032e-01  2.01480964e-01 -1.56957921e-05 -1.26135261e-11  1.00982265e-12 
 1.38802341e-04  2.00699917e-01  2.01491062e-01  2.01480981e-01 -1.57303250e-05  9.07595852e-12  1.15513133e-12 
 1.38902341e-04  2.00699922e-01  2.01491065e-01  2.01480998e-01 -1.56957929e-05 -1.26112593e-11  1.00986689e-12 
 1.39002341e-04  2.00699951e-01  2.01491095e-01  2.01481014e-01 -1.57303243e-05  9.07362900e-12  1.15508753e-12 
 1.39102341e-04  2.00699956e-01  2.01491098e-01  2.01481031e-01 -1.56957936e-05 -1.26087201e-11  1.00991063e-12 
 1.39202341e-04  2.00699984e-01  2.01491128e-01  2.01481047e-01 -1.57303236e-05  9.07131336e-12  1.15504313e-12 
 1.39302341e-04  2.00699989e-01  2.01491132e-01  2.01481064e-01 -1.56957943e-05 -1.26066013e-11  1.00995503e-12 
 1.39402341e-04  2.00700017e-01  2.01491161e-01  2.01481080e-01 -1.57303228e-05  9.06895327e-12  1.15499922e-12 
 1.39502341e-04  2.00700022e-01  2.01491165e-01  2.01481097e-01 -1.56957951e-05 -1.26042091e-11  1.00999943e-12 
 1.39602341e-04  2.00700051e-01  2.01491195e-01  2.01481113e-01 -1.57303221e-05  9.06667059e-12  1.15495520e-12 
 1.39702341e-04  2.00700056e-01  2.01491198e-01  2.01481130e-01 -1.56957958e-05 -1.26018501e-11  1.01004301e-12 
 1.39802341e-04  2.00700084e-01  2.01491228e-01  2.01481147e-01 -1.57303213e-05  9.06444082e-12  1.15491134e-12 
 1.39902341e-04  2.00700089e-01  2.01491231e-01  2.01481163e-01 -1.56957965e-05 -1.25994187e-11  1.01008682e-12 
 1.40002341e-04  2.00700117e-01  2.01491261e-01  2.01481180e-01 -1.57303206e-05  9.06200787e-12  1.15486684e-12 
 1.40102341e-04  2.00700123e-01  2.01491264e-01  2.01481196e-01 -1.56957973e-05 -1.25970978e-11  1.01013203e-12 
 1.40202341e-04  2.00700151e-01  2.01491294e-01  2.01481213e-01 -1.57303198e-05  9.05981583e-12  1.15482201e-12 
 1.40302341e-04  2.00700156e-01  2.01491297e-01  2.01481229e-01 -1.56957980e-05 -1.25947378e-11  1.01017594e-12 
 1.40402341e-04  2.00700184e-01  2.01491327e-01  2.01481246e-01 -1.57303191e-05  9.05744251e-12  1.15477804e-12 
 1.40502341e-04  2.00700189e-01  2.01491330e-01  2.01481263e-01 -1.56957987e-05 -1.25925201e-11  1.01021979e-12 
 1.40602341e-04  2.00700218e-01  2.01491360e-01  2.01481279e-01 -1.57303184e-05  9.05513099e-12  1.15473391e-12 
 1.40702341e-04  2.00700223e-01  2.01491363e-01  2.01481296e-01 -1.56957995e-05 -1.25901648e-11  1.01026414e-12 
 1.40802341e-04  2.00700251e-01  2.01491393e-01  2.01481312e-01 -1.57303176e-05  9.05285222e-12  1.15468995e-12 
 1.40902341e-04  2.00700256e-01  2.01491397e-01  2.01481329e-01 -1.56958002e-05 -1.25877702e-11  1.01030799e-12 
 1.41002341e-04  2.00700284e-01  2.01491426e-01  2.01481345e-01 -1.57303169e-05  9.05045656e-12  1.15464539e-12 
 1.41102341e-04  2.00700290e-01  2.01491430e-01  2.01481362e-01 -1.56958009e-05 -1.25854351e-11  1.01035261e-12 
 1.41202341e-04  2.00700318e-01  2.01491460e-01  2.01481378e-01 -1.57303161e-05  9.04820403e-12  1.15460126e-12 
 1.41302341e-04  2.00700323e-01  2.01491463e-01  2.01481395e-01 -1.56958017e-05 -1.25830984e-11  1.01039684e-12 
 1.41402341e-04  2.00700351e-01  2.01491493e-01  2.01481412e-01 -1.57303154e-05  9.04587776e-12  1.15455730e-12 
 1.41502341e-04  2.00700356e-01  2.01491496e-01  2.01481428e-01 -1.56958024e-05 -1.25808309e-11  1.01044151e-12 
 1.41602341e-04  2.00700384e-01  2.01491526e-01  2.01481445e-01 -1.57303146e-05  9.04351398e-12  1.15451257e-12 
 1.41702341e-04  2.00700390e-01  2.01491529e-01  2.01481461e-01 -1.56958031e-05 -1.25784621e-11  1.01048586e-12 
 1.41802341e-04  2.00700418e-01  2.01491559e-01  2.01481478e-01 -1.57303139e-05  9.04125841e-12  1.15446850e-12 
 1.41902341e-04  2.00700423e-01  2.01491562e-01  2.01481494e-01 -1.56958039e-05 -1.25761827e-11  1.01052966e-12 
 1.42002341e-04  2.00700451e-01  2.01491592e-01  2.01481511e-01 -1.57303132e-05  9.03894906e-12  1.15442454e-12 
 1.42102341e-04  2.00700456e-01  2.01491595e-01  2.01481527e-01 -1.56958046e-05 -1.25737688e-11  1.01057400e-12 
 1.42202341e-04  2.00700485e-01  2.01491625e-01  2.01481544e-01 -1.57303124e-05  9.03656642e-12  1.15437954e-12 
 1.42302341e-04  2.00700490e-01  2.01491628e-01  2.01481561e-01 -1.56958053e-05 -1.25714155e-11  1.01061889e-12 
 1.42402341e-04  2.00700518e-01  2.01491658e-01  2.01481577e-01 -1.57303117e-05  9.03436354e-12  1.15433509e-12 
 1.42502341e-04  2.00700523e-01  2.01491662e-01  2.01481594e-01 -1.56958061e-05 -1.25690784e-11  1.01066280e-12 
 1.42602341e-04  2.00700551e-01  2.01491691e-01  2.01481610e-01 -1.57303109e-05  9.03197807e-12  1.15429086e-12 
 1.42702341e-04  2.00700557e-01  2.01491695e-01  2.01481627e-01 -1.56958068e-05 -1.25668052e-11  1.01070731e-12 
 1.42802341e-04  2.00700585e-01  2.01491725e-01  2.01481643e-01 -1.57303102e-05  9.02976587e-12  1.15424673e-12 
 1.42902341e-04  2.00700590e-01  2.01491728e-01  2.01481660e-01 -1.56958075e-05 -1.25643983e-11  1.01075127e-12 
 1.43002341e-04  2.00700618e-01  2.01491758e-01  2.01481677e-01 -1.57303095e-05  9.02740621e-12  1.15420238e-12 
 1.43102341e-04  2.00700623e-01  2.01491761e-01  2.01481693e-01 -1.56958083e-05 -1.25621072e-11  1.01079578e-12 
 1.43202341e-04  2.00700651e-01  2.01491791e-01  2.01481710e-01 -1.57303087e-05  9.02515844e-12  1.15415782e-12 
 1.43302341e-04  2.00700657e-01  2.01491794e-01  2.01481726e-01 -1.56958090e-05 -1.25597462e-11  1.01084012e-12 
 1.43402341e-04  2.00700685e-01  2.01491824e-01  2.01481743e-01 -1.57303080e-05  9.02279423e-12  1.15411359e-12 
 1.43502341e-04  2.00700690e-01  2.01491827e-01  2.01481759e-01 -1.56958097e-05 -1.25574609e-11  1.01088490e-12 
 1.43602341e-04  2.00700718e-01  2.01491857e-01  2.01481776e-01 -1.57303072e-05  9.02037212e-12  1.15406941e-12 
 1.43702341e-04  2.00700724e-01  2.01491860e-01  2.01481792e-01 -1.56958105e-05 -1.25551091e-11  1.01092946e-12 
 1.43802341e-04  2.00700752e-01  2.01491890e-01  2.01481809e-01 -1.57303065e-05  9.01818811e-12  1.15402474e-12 
 1.43902341e-04  2.00700757e-01  2.01491893e-01  2.01481826e-01 -1.56958112e-05 -1.25528017e-11  1.01097369e-12 
 1.44002341e-04  2.00700785e-01  2.01491923e-01  2.01481842e-01 -1.57303057e-05  9.01598154e-12  1.15398077e-12 
 1.44102341e-04  2.00700790e-01  2.01491927e-01  2.01481859e-01 -1.56958119e-05 -1.25503470e-11  1.01101766e-12 
 1.44202341e-04  2.00700818e-01  2.01491956e-01  2.01481875e-01 -1.57303050e-05  9.01362253e-12  1.15393638e-12 
 1.44302341e-04  2.00700824e-01  2.01491960e-01  2.01481892e-01 -1.56958127e-05 -1.25479963e-11  1.01106216e-12 
 1.44402341e-04  2.00700852e-01  2.01491990e-01  2.01481908e-01 -1.57303043e-05  9.01132684e-12  1.15389154e-12 
 1.44502341e-04  2.00700857e-01  2.01491993e-01  2.01481925e-01 -1.56958134e-05 -1.25457602e-11  1.01110602e-12 
 1.44602341e-04  2.00700885e-01  2.01492023e-01  2.01481942e-01 -1.57303035e-05  9.00888825e-12  1.15384747e-12 
 1.44702341e-04  2.00700891e-01  2.01492026e-01  2.01481958e-01 -1.56958141e-05 -1.25434715e-11  1.01115069e-12 
 1.44802341e-04  2.00700918e-01  2.01492056e-01  2.01481975e-01 -1.57303028e-05  9.00658931e-12  1.15380313e-12 
 1.44902341e-04  2.00700924e-01  2.01492059e-01  2.01481991e-01 -1.56958149e-05 -1.25412215e-11  1.01119541e-12 
 1.45002341e-04  2.00700952e-01  2.01492089e-01  2.01482008e-01 -1.57303020e-05  9.00426543e-12  1.15375846e-12 
 1.45102341e-04  2.00700957e-01  2.01492092e-01  2.01482024e-01 -1.56958156e-05 -1.25388942e-11  1.01123997e-12 
 1.45202341e-04  2.00700985e-01  2.01492122e-01  2.01482041e-01 -1.57303013e-05  9.00189949e-12  1.15371422e-12 
 1.45302341e-04  2.00700991e-01  2.01492125e-01  2.01482057e-01 -1.56958163e-05 -1.25365165e-11  1.01128410e-12 
 1.45402341e-04  2.00701018e-01  2.01492155e-01  2.01482074e-01 -1.57303006e-05  8.99960185e-12  1.15366961e-12 
 1.45502341e-04  2.00701024e-01  2.01492158e-01  2.01482091e-01 -1.56958171e-05 -1.25342443e-11  1.01132866e-12 
 1.45602341e-04  2.00701052e-01  2.01492188e-01  2.01482107e-01 -1.57302998e-05  8.99734584e-12  1.15362532e-12 
 1.45702341e-04  2.00701057e-01  2.01492192e-01  2.01482124e-01 -1.56958178e-05 -1.25319412e-11  1.01137317e-12 
 1.45802341e-04  2.00701085e-01  2.01492221e-01  2.01482140e-01 -1.57302991e-05  8.99507964e-12  1.15358076e-12 
 1.45902341e-04  2.00701091e-01  2.01492225e-01  2.01482157e-01 -1.56958185e-05 -1.25294916e-11  1.01141751e-12 
 1.46002341e-04  2.00701119e-01  2.01492255e-01  2.01482173e-01 -1.57302983e-05  8.99272063e-12  1.15353652e-12 
 1.46102341e-04  2.00701124e-01  2.01492258e-01  2.01482190e-01 -1.56958193e-05 -1.25272243e-11  1.01146196e-12 
 1.46202341e-04  2.00701152e-01  2.01492288e-01  2.01482206e-01 -1.57302976e-05  8.99036965e-12  1.15349180e-12 
 1.46302341e-04  2.00701158e-01  2.01492291e-01  2.01482223e-01 -1.56958200e-05 -1.25249589e-11  1.01150690e-12 
 1.46402341e-04  2.00701185e-01  2.01492321e-01  2.01482240e-01 -1.57302968e-05  8.98815094e-12  1.15344713e-12 
 1.46502341e-04  2.00701191e-01  2.01492324e-01  2.01482256e-01 -1.56958207e-05 -1.25225195e-11  1.01155157e-12 
 1.46602341e-04  2.00701219e-01  2.01492354e-01  2.01482273e-01 -1.57302961e-05  8.98589926e-12  1.15340262e-12 
 1.46702341e-04  2.00701224e-01  2.01492357e-01  2.01482289e-01 -1.56958215e-05 -1.25202459e-11  1.01159559e-12 
 1.46802341e-04  2.00701252e-01  2.01492387e-01  2.01482306e-01 -1.57302954e-05  8.98338565e-12  1.15335822e-12 
 1.46900000e-04  2.00701257e-01  2.01492390e-01  2.01482322e-01 -1.56958222e-05 -1.25201637e-11  1.01164590e-12 
