 time            v(XDUT.HOLD)    v(out)          v(pad)          i(VDD)          i(VHI)          i(VLO)         
 0.00000000e+00  6.98846231e-01  6.98987739e-01  6.98952792e-01 -1.51815309e-05 -4.02011974e-13  1.00730188e-12 
 1.00000000e-09  6.98846231e-01  6.98987704e-01  6.98952782e-01 -1.51815319e-05 -4.71684540e-13  9.61795422e-13 
 2.00000000e-09  6.98846231e-01  6.98987690e-01  6.98952770e-01 -1.51815314e-05 -4.80776009e-13  9.54963756e-13 
 4.00000000e-09  6.98846231e-01  6.98987667e-01  6.98952748e-01 -1.51815313e-05 -4.81926131e-13  9.52841972e-13 
 8.00000000e-09  6.98846231e-01  6.98987628e-01  6.98952705e-01 -1.51815314e-05 -4.74572638e-13  9.55846893e-13 
 1.60000000e-08  6.98846231e-01  6.98987563e-01  6.98952635e-01 -1.51815314e-05 -4.59752895e-13  9.63546734e-13 
 3.20000000e-08  6.98846230e-01  6.98987498e-01  6.98952555e-01 -1.51815314e-05 -4.20868852e-13  9.89137266e-13 
 6.40000000e-08  6.98846230e-01  6.98987523e-01  6.98952568e-01 -1.51815310e-05 -3.81956402e-13  1.01953754e-12 
 1.00000000e-07  6.98846230e-01  6.98987611e-01  6.98952658e-01 -1.51815308e-05 -3.87112000e-13  1.01878776e-12 
 1.00017698e-07  6.98860357e-01  6.99016302e-01  6.98952860e-01 -1.20673939e-05  3.81668107e-09  5.08179723e-09 
 1.00053093e-07  6.98870745e-01  6.99062682e-01  6.98953586e-01 -1.02941143e-05  1.08742208e-08  1.51366436e-08 
 1.00114903e-07  6.98875323e-01  6.99117601e-01  6.98956068e-01 -8.91724041e-06  2.06310890e-08  3.19844707e-08 
 1.00178779e-07  6.98885631e-01  6.99155281e-01  6.98959737e-01 -7.74207804e-06  2.83959456e-08  4.86686784e-08 
 1.00300336e-07  6.98898959e-01  6.99185736e-01  6.98968083e-01 -7.05226123e-06  3.98575569e-08  7.89125459e-08 
 1.00490103e-07  6.98924063e-01  6.99184313e-01  6.98981392e-01 -6.52433142e-06  5.36981729e-08  1.22965379e-07 
 1.00807884e-07  6.98962019e-01  6.99139977e-01  6.98998818e-01 -6.63186179e-06  7.30451124e-08  1.89771040e-07 
 1.01246188e-07  6.99018019e-01  6.99060445e-01  6.99009528e-01 -6.60149613e-06  9.57741540e-08  2.69886052e-07 
 1.01502105e-07  6.99051429e-01  6.99008949e-01  6.99008575e-01 -7.21062679e-06  1.05322976e-07  3.11170332e-07 
 1.01693434e-07  6.99085100e-01  6.98967587e-01  6.99004502e-01 -8.31299000e-06  1.05207538e-07  3.39637087e-07 
 1.01838177e-07  6.99118360e-01  6.98932721e-01  6.98999478e-01 -1.06496484e-05  9.37913761e-08  3.59754956e-07 
 1.01965900e-07  6.99161146e-01  6.98898463e-01  6.98993558e-01 -1.40807161e-05  6.70950527e-08  3.76518442e-07 
 1.02090698e-07  6.99215464e-01  6.98859910e-01  6.98986285e-01 -1.95346843e-05  1.58790611e-08  3.92684791e-07 
 1.02217335e-07  6.99287156e-01  6.98814660e-01  6.98977197e-01 -2.69394542e-05 -7.34645665e-08  4.11286324e-07 
 1.02343371e-07  6.99370834e-01  6.98761955e-01  6.98966190e-01 -3.59316583e-05 -2.13373173e-07  4.38337509e-07 
 1.02462938e-07  6.99458801e-01  6.98703201e-01  6.98953646e-01 -4.44216878e-05 -4.07688205e-07  4.83967253e-07 
 1.02570071e-07  6.99538042e-01  6.98640701e-01  6.98940361e-01 -5.04930518e-05 -6.47570237e-07  5.58536654e-07 
 1.02667847e-07  6.99606908e-01  6.98572443e-01  6.98926217e-01 -5.29788145e-05 -9.35831003e-07  6.75242389e-07 
 1.02780050e-07  6.99675637e-01  6.98480151e-01  6.98907128e-01 -5.29802638e-05 -1.36318792e-06  9.02581725e-07 
 1.02888479e-07  6.99729071e-01  6.98382464e-01  6.98885445e-01 -5.27416175e-05 -1.87600164e-06  1.26137950e-06 
 1.03047247e-07  6.99779338e-01  6.98243201e-01  6.98848049e-01 -5.34080694e-05 -2.78378283e-06  2.14857410e-06 
 1.03178632e-07  6.99794182e-01  6.98140051e-01  6.98812645e-01 -5.43067474e-05 -3.65460330e-06  3.29428706e-06 
 1.03291966e-07  6.99784888e-01  6.98064251e-01  6.98779601e-01 -5.52793643e-05 -4.47229479e-06  4.64174849e-06 
 1.03375116e-07  6.99760134e-01  6.98018619e-01  6.98754308e-01 -5.56624308e-05 -5.09847993e-06  5.86199827e-06 
 1.03420117e-07  6.99734442e-01  6.97998710e-01  6.98740382e-01 -5.56739827e-05 -5.44097290e-06  6.60787853e-06 
 1.03454283e-07  6.99703084e-01  6.97986978e-01  6.98729761e-01 -5.53255104e-05 -5.69853552e-06  7.21566013e-06 
 1.03480901e-07  6.99664838e-01  6.97980950e-01  6.98721493e-01 -5.47571913e-05 -5.89430680e-06  7.71516573e-06 
 1.03505338e-07  6.99611797e-01  6.97979091e-01  6.98713940e-01 -5.37904678e-05 -6.06620238e-06  8.19532437e-06 
 1.03531016e-07  6.99532023e-01  6.97983118e-01  6.98706095e-01 -5.22201258e-05 -6.23314644e-06  8.72449368e-06 
 1.03564219e-07  6.99397560e-01  6.98001317e-01  6.98696215e-01 -4.93919950e-05 -6.41915803e-06  9.45109798e-06 
 1.03594686e-07  6.99258378e-01  6.98032889e-01  6.98687566e-01 -4.62574722e-05 -6.55488069e-06  1.01641520e-05 
 1.03637011e-07  6.99065670e-01  6.98097856e-01  6.98676534e-01 -4.14775422e-05 -6.68566617e-06  1.12335246e-05 
 1.03677065e-07  6.98901521e-01  6.98175345e-01  6.98667397e-01 -3.69142676e-05 -6.75221501e-06  1.23300209e-05 
 1.03712152e-07  6.98779135e-01  6.98249381e-01  6.98660568e-01 -3.30837781e-05 -6.77167985e-06  1.33550320e-05 
 1.03749216e-07  6.98672101e-01  6.98327752e-01  6.98654580e-01 -2.93788179e-05 -6.76086929e-06  1.44980948e-05 
 1.03791517e-07  6.98574987e-01  6.98412011e-01  6.98649217e-01 -2.56562131e-05 -6.71863741e-06  1.58717518e-05 
 1.03833113e-07  6.98500740e-01  6.98485926e-01  6.98645336e-01 -2.25554534e-05 -6.65454528e-06  1.72880280e-05 
 1.03879955e-07  6.98435858e-01  6.98556397e-01  6.98642383e-01 -1.96953192e-05 -6.56452729e-06  1.89538983e-05 
 1.03929124e-07  6.98382555e-01  6.98615653e-01  6.98640605e-01 -1.73284438e-05 -6.45714298e-06  2.07773909e-05 
 1.03986506e-07  6.98332483e-01  6.98667549e-01  6.98639835e-01 -1.52504939e-05 -6.32257684e-06  2.29960543e-05 
 1.04049902e-07  6.98285650e-01  6.98706962e-01  6.98640147e-01 -1.36194009e-05 -6.16854919e-06  2.55545502e-05 
 1.04127137e-07  6.98233687e-01  6.98735907e-01  6.98641558e-01 -1.22865814e-05 -5.97929041e-06  2.88159318e-05 
 1.04217983e-07  6.98172662e-01  6.98751616e-01  6.98643959e-01 -1.13408871e-05 -5.75917652e-06  3.28451430e-05 
 1.04336357e-07  6.98084227e-01  6.98754470e-01  6.98647388e-01 -1.06846398e-05 -5.48048663e-06  3.83899318e-05 
 1.04489652e-07  6.97939907e-01  6.98742992e-01  6.98651339e-01 -1.03122267e-05 -5.13574104e-06  4.60261407e-05 
 1.04715724e-07  6.97629247e-01  6.98713272e-01  6.98654961e-01 -1.01371023e-05 -4.66105297e-06  5.80947427e-05 
 1.05000000e-07  6.97006669e-01  6.98667632e-01  6.98655021e-01 -1.00949623e-05 -4.11826594e-06  7.42926735e-05 
 1.05004880e-07  6.96985254e-01  6.98657263e-01  6.98654957e-01 -1.21657789e-05 -4.11049284e-06  7.45768715e-05 
 1.05014640e-07  6.96949952e-01  6.98638718e-01  6.98654794e-01 -1.29693582e-05 -4.09490045e-06  7.51439172e-05 
 1.05034160e-07  6.96898382e-01  6.98609472e-01  6.98654284e-01 -1.31401354e-05 -4.06341607e-06  7.62691359e-05 
 1.05066873e-07  6.96813553e-01  6.98568705e-01  6.98652982e-01 -1.37500366e-05 -4.01024890e-06  7.81277088e-05 
 1.05099315e-07  6.96728116e-01  6.98534182e-01  6.98651223e-01 -1.40401714e-05 -3.95745163e-06  7.99374779e-05 
 1.05164198e-07  6.96553656e-01  6.98481989e-01  6.98646660e-01 -1.46270168e-05 -3.85276368e-06  8.34589201e-05 
 1.05286192e-07  6.96204469e-01  6.98424840e-01  6.98635791e-01 -1.50967477e-05 -3.66184064e-06  8.97376720e-05 
 1.05432088e-07  6.95749240e-01  6.98395749e-01  6.98621024e-01 -1.53770939e-05 -3.44545818e-06  9.66882196e-05 
 1.05679821e-07  6.94881808e-01  6.98378536e-01  6.98595644e-01 -1.54437690e-05 -3.10761535e-06  1.07218322e-04 
 1.06049983e-07  6.93378325e-01  6.98372537e-01  6.98560485e-01 -1.55025244e-05 -2.66538760e-06  1.20323911e-04 
 1.06706134e-07  6.90156556e-01  6.98371237e-01  6.98508624e-01 -1.54804536e-05 -2.03406328e-06  1.37343564e-04 
 1.07327758e-07  6.86515254e-01  6.98375041e-01  6.98470937e-01 -1.55394807e-05 -1.58131680e-06  1.47759049e-04 
 1.08101650e-07  6.81297147e-01  6.98380840e-01  6.98436646e-01 -1.55300282e-05 -1.16222518e-06  1.55390608e-04 
 1.08843578e-07  6.75683559e-01  6.98381909e-01  6.98413338e-01 -1.55956403e-05 -8.72327923e-07  1.58851793e-04 
 1.09789282e-07  6.67815645e-01  6.98366369e-01  6.98389760e-01 -1.55983564e-05 -6.12360022e-07  1.59859501e-04 
 1.10761494e-07  6.59049410e-01  6.98318874e-01  6.98363044e-01 -1.56743102e-05 -4.33944673e-07  1.58456613e-04 
 1.12010352e-07  6.47023878e-01  6.98187208e-01  6.98305119e-01 -1.56919399e-05 -2.87991487e-07  1.54799526e-04 
 1.13374525e-07  6.33179996e-01  6.97920146e-01  6.98182358e-01 -1.57822739e-05 -1.94517069e-07  1.49740269e-04 
 1.15193606e-07  6.14031386e-01  6.97289917e-01  6.97855718e-01 -1.58195375e-05 -1.27433239e-07  1.42614738e-04 
 1.17390383e-07  5.90476611e-01  6.95981767e-01  6.97089707e-01 -1.59318075e-05 -9.02248661e-08  1.34318050e-04 
 1.20413718e-07  5.58332637e-01  6.92901711e-01  6.95067875e-01 -1.59920651e-05 -7.07076908e-08  1.23937863e-04 
 1.23456317e-07  5.27160518e-01  6.87981778e-01  6.91541420e-01 -1.61020367e-05 -6.52086888e-08  1.14582722e-04 
 1.26850282e-07  4.94483714e-01  6.80063943e-01  6.85433564e-01 -1.61350628e-05 -6.43579868e-08  1.05081734e-04 
 1.30442358e-07  4.62658259e-01  6.68906172e-01  6.76250649e-01 -1.62171260e-05 -6.54810530e-08  9.57924176e-05 
 1.34479697e-07  4.30363671e-01  6.53439726e-01  6.62749124e-01 -1.62170460e-05 -6.69650591e-08  8.60835830e-05 
 1.38808941e-07  3.99667076e-01  6.34448902e-01  6.45265995e-01 -1.62609600e-05 -6.73848657e-08  7.64352109e-05 
 1.43703660e-07  3.69467589e-01  6.11622543e-01  6.23240882e-01 -1.62167463e-05 -6.56749005e-08  6.64494053e-05 
 1.49556461e-07  3.38921073e-01  5.84714634e-01  5.96165555e-01 -1.62079508e-05 -6.07746908e-08  5.57939299e-05 
 1.55492536e-07  3.13292595e-01  5.59699235e-01  5.70124539e-01 -1.61129092e-05 -5.37311617e-08  4.64002141e-05 
 1.61514158e-07  2.91936991e-01  5.37702299e-01  5.46684436e-01 -1.60680374e-05 -4.58148710e-08  3.82551793e-05 
 1.67536852e-07  2.74480451e-01  5.19276481e-01  5.26771913e-01 -1.59530511e-05 -3.82067219e-08  3.13857234e-05 
 1.74259626e-07  2.58775724e-01  5.02475884e-01  5.08510467e-01 -1.58917748e-05 -3.07803165e-08  2.50451384e-05 
 1.80788905e-07  2.46641990e-01  4.89244135e-01  4.94153622e-01 -1.57736341e-05 -2.49123544e-08  2.00427845e-05 
 1.88376786e-07  2.35593367e-01  4.76641209e-01  4.80608488e-01 -1.57139991e-05 -1.96822486e-08  1.54109785e-05 
 1.96662736e-07  2.26454321e-01  4.65153014e-01  4.68465649e-01 -1.55960998e-05 -1.56427718e-08  1.15245610e-05 
 2.05917564e-07  2.18959931e-01  4.53922840e-01  4.56843113e-01 -1.55486599e-05 -1.26813688e-08  8.30024968e-06 
 2.13126959e-07  2.14630956e-01  4.45760024e-01  4.48547686e-01 -1.54677507e-05 -1.12281862e-08  6.42268103e-06 
 2.20474809e-07  2.11229352e-01  4.37594240e-01  4.40344300e-01 -1.54584703e-05 -1.02585887e-08  4.93962313e-06 
 2.29338895e-07  2.08149378e-01  4.27685787e-01  4.30464899e-01 -1.53890191e-05 -9.56701737e-09  3.59122826e-06 
 2.41197798e-07  2.05287898e-01  4.14121278e-01  4.16983766e-01 -1.53837544e-05 -9.07090782e-09  2.33325086e-06 
 2.55547172e-07  2.03116388e-01  3.97280382e-01  4.00218756e-01 -1.53234566e-05 -8.73688933e-09  1.37569912e-06 
 2.71343522e-07  2.01731805e-01  3.78662115e-01  3.81583307e-01 -1.53336465e-05 -8.32213924e-09  7.63642821e-07 
 2.89842465e-07  2.00857844e-01  3.57717904e-01  3.60467036e-01 -1.52846424e-05 -7.60577150e-09  3.77255639e-07 
 3.11681461e-07  2.00362765e-01  3.35522486e-01  3.37904165e-01 -1.52992555e-05 -6.43729601e-09  1.58334525e-07 
 3.31566536e-07  2.00160980e-01  3.18543535e-01  3.20504094e-01 -1.52574339e-05 -5.24192815e-09  6.95679038e-08 
 3.49807144e-07  2.00072944e-01  3.05922585e-01  3.07496253e-01 -1.52831634e-05 -4.18330274e-09  3.08417258e-08 
 3.69523062e-07  2.00027123e-01  2.95035555e-01  2.96276940e-01 -1.52505594e-05 -3.29973270e-09  1.09601346e-08 
 3.92317670e-07  2.00005529e-01  2.84801927e-01  2.85824238e-01 -1.52825907e-05 -2.71035895e-09  1.45030886e-09 
 4.15158219e-07  1.99997605e-01  2.75808426e-01  2.76745421e-01 -1.52535836e-05 -2.49652834e-09 -1.88750668e-09 
 4.38500473e-07  1.99995024e-01  2.67231505e-01  2.68115772e-01 -1.52864849e-05 -2.36773127e-09 -3.08573294e-09 
 4.69037948e-07  1.99993293e-01  2.57062896e-01  2.57835547e-01 -1.52572081e-05 -2.09336218e-09 -3.62526851e-09 
 5.00444470e-07  1.99993517e-01  2.48218788e-01  2.48851143e-01 -1.52884795e-05 -1.71596866e-09 -3.49832510e-09 
 5.46470669e-07  1.99994473e-01  2.37921697e-01  2.38400294e-01 -1.52569845e-05 -1.30864349e-09 -2.82850137e-09 
 5.94424977e-07  1.99996050e-01  2.29597368e-01  2.29973934e-01 -1.52872676e-05 -1.03242284e-09 -2.14384254e-09 
 6.43698934e-07  1.99996612e-01  2.22900777e-01  2.23189947e-01 -1.52560164e-05 -8.06924874e-10 -1.70931050e-09 
 7.03867394e-07  1.99997727e-01  2.16788822e-01  2.16992639e-01 -1.52862801e-05 -5.71860848e-10 -1.24537892e-09 
 7.69250021e-07  1.99998191e-01  2.12039737e-01  2.12182320e-01 -1.52548778e-05 -4.13518121e-10 -8.81067389e-10 
 8.43023038e-07  1.99998983e-01  2.08302829e-01  2.08395847e-01 -1.52853198e-05 -2.75158392e-10 -5.91546829e-10 
 9.22922471e-07  1.99999114e-01  2.05618296e-01  2.05674851e-01 -1.52541334e-05 -1.82481421e-10 -3.97046516e-10 
 1.01714150e-06  1.99999693e-01  2.03618786e-01  2.03649259e-01 -1.52846938e-05 -1.06720013e-10 -2.22647621e-10 
 1.11714150e-06  1.99999602e-01  2.02353721e-01  2.02367057e-01 -1.52537139e-05 -6.62846245e-11 -1.43032012e-10 
 1.21714150e-06  1.99999992e-01  2.01621872e-01  2.01625418e-01 -1.52844170e-05 -3.41088607e-11 -6.66699893e-11 
 1.31714150e-06  1.99999782e-01  2.01193829e-01  2.01191822e-01 -1.52535549e-05 -2.49413344e-11 -5.01514511e-11 
 1.41714150e-06  2.00000092e-01  2.00946034e-01  2.00940500e-01 -1.52843202e-05 -9.64662942e-12 -1.43160016e-11 
 1.51714150e-06  1.99999843e-01  2.00802006e-01  2.00794741e-01 -1.52535030e-05 -1.07389271e-11 -1.85793066e-11 
 1.61714150e-06  2.00000126e-01  2.00717871e-01  2.00709331e-01 -1.52842835e-05 -1.56146385e-12  3.60939387e-12 
 1.71714150e-06  1.99999863e-01  2.00669410e-01  2.00660331e-01 -1.52534899e-05 -5.83727511e-12 -8.23569435e-12 
 1.81714150e-06  2.00000138e-01  2.00640999e-01  2.00631457e-01 -1.52842665e-05  1.13913761e-12  9.93647672e-12 
 1.91714150e-06  1.99999870e-01  2.00624519e-01  2.00614830e-01 -1.52534899e-05 -4.19493390e-12 -4.90517902e-12 
 2.01714150e-06  2.00000143e-01  2.00615064e-01  2.00605175e-01 -1.52842567e-05  2.08061476e-12  1.21405754e-11 
 2.11714150e-06  1.99999872e-01  2.00609374e-01  2.00599487e-01 -1.52534937e-05 -3.66712498e-12 -3.78814943e-12 
 2.21714150e-06  2.00000144e-01  2.00606274e-01  2.00596262e-01 -1.52842496e-05  2.41549987e-12  1.28705026e-11 
 2.31714150e-06  1.99999873e-01  2.00604286e-01  2.00594335e-01 -1.52534988e-05 -3.49577463e-12 -3.39792354e-12 
 2.41714150e-06  2.00000144e-01  2.00603289e-01  2.00593236e-01 -1.52842435e-05  2.52899286e-12  1.31154151e-11 
 2.51714150e-06  1.99999873e-01  2.00602573e-01  2.00592598e-01 -1.52535043e-05 -3.43562049e-12 -3.27587588e-12 
 2.61714150e-06  2.00000145e-01  2.00602282e-01  2.00592216e-01 -1.52842375e-05  2.56504974e-12  1.32147932e-11 
 2.71714150e-06  1.99999873e-01  2.00601990e-01  2.00592007e-01 -1.52535100e-05 -3.41424718e-12 -3.25327048e-12 
 2.81714150e-06  2.00000145e-01  2.00601946e-01  2.00591877e-01 -1.52842317e-05  2.57749724e-12  1.32656803e-11 
 2.91714150e-06  1.99999873e-01  2.00601790e-01  2.00591805e-01 -1.52535157e-05 -3.40818671e-12 -3.26028267e-12 
 3.01714150e-06  2.00000145e-01  2.00601834e-01  2.00591762e-01 -1.52842259e-05  2.58321337e-12  1.32946948e-11 
 3.11714150e-06  1.99999873e-01  2.00601723e-01  2.00591737e-01 -1.52535215e-05 -3.40761078e-12 -3.27238096e-12 
 3.21714150e-06  2.00000145e-01  2.00601795e-01  2.00591723e-01 -1.52842201e-05  2.58637621e-12  1.33128539e-11 
 3.31714150e-06  1.99999873e-01  2.00601701e-01  2.00591714e-01 -1.52535273e-05 -3.40837883e-12 -3.28408795e-12 
 3.41714150e-06  2.00000145e-01  2.00601782e-01  2.00591710e-01 -1.52842143e-05  2.58819593e-12  1.33261839e-11 
 3.51714150e-06  1.99999873e-01  2.00601694e-01  2.00591707e-01 -1.52535331e-05 -3.40925682e-12 -3.29490921e-12 
 3.61714150e-06  2.00000145e-01  2.00601777e-01  2.00591705e-01 -1.52842085e-05  2.58935690e-12  1.33371747e-11 
 3.71714150e-06  1.99999873e-01  2.00601692e-01  2.00591705e-01 -1.52535389e-05 -3.41006411e-12 -3.30462247e-12 
 3.81714150e-06  2.00000145e-01  2.00601776e-01  2.00591703e-01 -1.52842027e-05  2.59023619e-12  1.33464983e-11 
 3.91714150e-06  1.99999873e-01  2.00601691e-01  2.00591704e-01 -1.52535447e-05 -3.41079660e-12 -3.31310446e-12 
 4.01714150e-06  2.00000144e-01  2.00601775e-01  2.00591703e-01 -1.52841968e-05  2.59096282e-12  1.33543803e-11 
 4.11714150e-06  1.99999873e-01  2.00601691e-01  2.00591703e-01 -1.52535505e-05 -3.41143932e-12 -3.32025238e-12 
 4.21714150e-06  2.00000144e-01  2.00601775e-01  2.00591703e-01 -1.52841910e-05  2.59156694e-12  1.33610069e-11 
 4.31714150e-06  1.99999873e-01  2.00601690e-01  2.00591703e-01 -1.52535564e-05 -3.41198033e-12 -3.32628738e-12 
 4.41714150e-06  2.00000144e-01  2.00601775e-01  2.00591703e-01 -1.52841852e-05  2.59206502e-12  1.33665088e-11 
 4.51714150e-06  1.99999873e-01  2.00601691e-01  2.00591703e-01 -1.52535622e-05 -3.41243180e-12 -3.33133656e-12 
 4.61714150e-06  2.00000144e-01  2.00601775e-01  2.00591703e-01 -1.52841794e-05  2.59247593e-12  1.33711541e-11 
 4.71714150e-06  1.99999873e-01  2.00601691e-01  2.00591703e-01 -1.52535680e-05 -3.41280606e-12 -3.33555758e-12 
 4.81714150e-06  2.00000144e-01  2.00601774e-01  2.00591703e-01 -1.52841736e-05  2.59282071e-12  1.33749147e-11 
 4.91714150e-06  1.99999873e-01  2.00601691e-01  2.00591703e-01 -1.52535738e-05 -3.41312005e-12 -3.33898165e-12 
 5.01714150e-06  2.00000144e-01  2.00601774e-01  2.00591703e-01 -1.52841678e-05  2.59310954e-12  1.33780312e-11 
 5.11714150e-06  1.99999873e-01  2.00601691e-01  2.00591703e-01 -1.52535796e-05 -3.41338654e-12 -3.34172040e-12 
 5.21714150e-06  2.00000144e-01  2.00601774e-01  2.00591703e-01 -1.52841620e-05  2.59335522e-12  1.33804560e-11 
 5.31714150e-06  1.99999874e-01  2.00601691e-01  2.00591703e-01 -1.52535854e-05 -3.41361509e-12 -3.34394811e-12 
 5.41714150e-06  2.00000144e-01  2.00601774e-01  2.00591703e-01 -1.52841562e-05  2.59356729e-12  1.33823221e-11 
 5.51714150e-06  1.99999874e-01  2.00601691e-01  2.00591703e-01 -1.52535912e-05 -3.41380982e-12 -3.34554482e-12 
 5.61714150e-06  2.00000144e-01  2.00601774e-01  2.00591703e-01 -1.52841504e-05  2.59374878e-12  1.33837198e-11 
 5.71714150e-06  1.99999874e-01  2.00601691e-01  2.00591703e-01 -1.52535970e-05 -3.41397960e-12 -3.34673348e-12 
 5.81714150e-06  2.00000144e-01  2.00601774e-01  2.00591703e-01 -1.52841446e-05  2.59390729e-12  1.33846703e-11 
 5.91714150e-06  1.99999874e-01  2.00601691e-01  2.00591703e-01 -1.52536028e-05 -3.41412944e-12 -3.34744613e-12 
 6.01714150e-06  2.00000144e-01  2.00601774e-01  2.00591703e-01 -1.52841388e-05  2.59404824e-12  1.33852130e-11 
 6.11714150e-06  1.99999874e-01  2.00601691e-01  2.00591703e-01 -1.52536086e-05 -3.41426193e-12 -3.34786289e-12 
 6.21714150e-06  2.00000144e-01  2.00601774e-01  2.00591703e-01 -1.52841330e-05  2.59417401e-12  1.33853767e-11 
 6.31714150e-06  1.99999874e-01  2.00601691e-01  2.00591703e-01 -1.52536144e-05 -3.41437967e-12 -3.34789065e-12 
 6.41714150e-06  2.00000144e-01  2.00601774e-01  2.00591703e-01 -1.52841272e-05  2.59428525e-12  1.33852555e-11 
 6.51714150e-06  1.99999874e-01  2.00601691e-01  2.00591703e-01 -1.52536201e-05 -3.41448766e-12 -3.34763077e-12 
 6.61714150e-06  2.00000144e-01  2.00601774e-01  2.00591703e-01 -1.52841214e-05  2.59438716e-12  1.33848691e-11 
 6.71714150e-06  1.99999874e-01  2.00601691e-01  2.00591703e-01 -1.52536259e-05 -3.41458611e-12 -3.34712157e-12 
 6.81714150e-06  2.00000144e-01  2.00601774e-01  2.00591703e-01 -1.52841157e-05  2.59448105e-12  1.33842177e-11 
 6.91714150e-06  1.99999874e-01  2.00601692e-01  2.00591703e-01 -1.52536317e-05 -3.41467523e-12 -3.34637960e-12 
 7.01714150e-06  2.00000144e-01  2.00601774e-01  2.00591703e-01 -1.52841099e-05  2.59456779e-12  1.33833768e-11 
 7.11714150e-06  1.99999874e-01  2.00601692e-01  2.00591703e-01 -1.52536375e-05 -3.41475828e-12 -3.34539026e-12 
 7.21714150e-06  2.00000144e-01  2.00601773e-01  2.00591703e-01 -1.52841041e-05  2.59464824e-12  1.33823399e-11 
 7.31714150e-06  1.99999874e-01  2.00601692e-01  2.00591703e-01 -1.52536433e-05 -3.41483916e-12 -3.34429159e-12 
 7.41714150e-06  2.00000144e-01  2.00601773e-01  2.00591703e-01 -1.52840983e-05  2.59472500e-12  1.33810932e-11 
 7.51714150e-06  1.99999874e-01  2.00601692e-01  2.00591703e-01 -1.52536491e-05 -3.41491288e-12 -3.34300182e-12 
 7.61714150e-06  2.00000144e-01  2.00601773e-01  2.00591703e-01 -1.52840925e-05  2.59479851e-12  1.33797225e-11 
 7.71714150e-06  1.99999874e-01  2.00601692e-01  2.00591703e-01 -1.52536549e-05 -3.41498401e-12 -3.34155896e-12 
 7.81714150e-06  2.00000144e-01  2.00601773e-01  2.00591703e-01 -1.52840867e-05  2.59486746e-12  1.33782681e-11 
 7.90857075e-06  1.99999874e-01  2.00601692e-01  2.00591703e-01 -1.52536609e-05 -3.41505708e-12 -3.33726688e-12 
 8.00000000e-06  2.00000144e-01  2.00601773e-01  2.00591703e-01 -1.52840804e-05  2.59495572e-12  1.33768943e-11 
 8.00008854e-06  1.99963528e-01  2.00511230e-01  2.00588607e-01 -1.88703008e-05 -1.23291542e-08 -2.98483572e-08 
 8.00026561e-06  1.99928338e-01  2.00408068e-01  2.00579099e-01 -2.03634175e-05 -3.03272035e-08 -8.77788802e-08 
 8.00045284e-06  1.99902475e-01  2.00396970e-01  2.00565629e-01 -2.06721321e-05 -4.26077291e-08 -1.44947614e-07 
 8.00066450e-06  1.99867849e-01  2.00419173e-01  2.00552016e-01 -2.10220033e-05 -5.58716560e-08 -2.05657810e-07 
 8.00088683e-06  1.99835169e-01  2.00453404e-01  2.00541309e-01 -2.14706870e-05 -6.77891066e-08 -2.65033297e-07 
 8.00123418e-06  1.99787279e-01  2.00514409e-01  2.00532549e-01 -2.43902019e-05 -7.90136777e-08 -3.48316999e-07 
 8.00145045e-06  1.99768751e-01  2.00559851e-01  2.00532097e-01 -2.92541978e-05 -7.57865157e-08 -3.93596514e-07 
 8.00162647e-06  1.99761842e-01  2.00601323e-01  2.00534713e-01 -3.63413879e-05 -6.09050038e-08 -4.25819558e-07 
 8.00180301e-06  1.99767549e-01  2.00649729e-01  2.00540223e-01 -4.65686856e-05 -2.90958375e-08 -4.53306826e-07 
 8.00196437e-06  1.99779865e-01  2.00699006e-01  2.00547984e-01 -5.89125192e-05  2.10375773e-08 -4.73544590e-07 
 8.00209959e-06  1.99795794e-01  2.00746225e-01  2.00556653e-01 -7.11582912e-05  8.52217790e-08 -4.86409917e-07 
 8.00221075e-06  1.99808026e-01  2.00789300e-01  2.00565399e-01 -8.24658633e-05  1.59669726e-07 -4.93655365e-07 
 8.00230439e-06  1.99816668e-01  2.00830417e-01  2.00574018e-01 -9.25449627e-05  2.43897115e-07 -4.96970479e-07 
 8.00238598e-06  1.99818625e-01  2.00870616e-01  2.00582576e-01 -1.01663215e-04  3.39601426e-07 -4.97245700e-07 
 8.00245965e-06  1.99814237e-01  2.00912071e-01  2.00591251e-01 -1.09872211e-04  4.50342383e-07 -4.94899100e-07 
 8.00253044e-06  1.99801271e-01  2.00957749e-01  2.00600566e-01 -1.17631372e-04  5.85552886e-07 -4.89701761e-07 
 8.00261492e-06  1.99778107e-01  2.01021241e-01  2.00613157e-01 -1.26486318e-04  7.92554640e-07 -4.79007013e-07 
 8.00269335e-06  1.99756299e-01  2.01087718e-01  2.00626479e-01 -1.34434491e-04  1.03208454e-06 -4.64419682e-07 
 8.00281875e-06  1.99732155e-01  2.01199352e-01  2.00651288e-01 -1.46706292e-04  1.50243302e-06 -4.32535848e-07 
 8.00292661e-06  1.99722700e-01  2.01292992e-01  2.00675988e-01 -1.56883654e-04  1.98163432e-06 -3.97740152e-07 
 8.00305710e-06  1.99724134e-01  2.01395910e-01  2.00709482e-01 -1.68532818e-04  2.63345154e-06 -3.48435474e-07 
 8.00317695e-06  1.99734815e-01  2.01477709e-01  2.00743063e-01 -1.78199052e-04  3.28521687e-06 -2.97729149e-07 
 8.00329993e-06  1.99752989e-01  2.01547247e-01  2.00779522e-01 -1.86335405e-04  3.98871034e-06 -2.42033389e-07 
 8.00341090e-06  1.99773251e-01  2.01595064e-01  2.00813463e-01 -1.90676497e-04  4.63624243e-06 -1.90228485e-07 
 8.00348689e-06  1.99787926e-01  2.01616035e-01  2.00836879e-01 -1.89301139e-04  5.07275470e-06 -1.55213817e-07 
 8.00354029e-06  1.99797263e-01  2.01620647e-01  2.00853181e-01 -1.83170444e-04  5.36407616e-06 -1.31943368e-07 
 8.00358990e-06  1.99804396e-01  2.01612452e-01  2.00867983e-01 -1.72612823e-04  5.61110319e-06 -1.12432582e-07 
 8.00364903e-06  1.99810408e-01  2.01583094e-01  2.00884808e-01 -1.55381850e-04  5.86232718e-06 -9.30248084e-08 
 8.00371338e-06  1.99813990e-01  2.01528176e-01  2.00901600e-01 -1.33578174e-04  6.07254563e-06 -7.74945920e-08 
 8.00379372e-06  1.99814527e-01  2.01435621e-01  2.00919636e-01 -1.06091410e-04  6.23882472e-06 -6.65228437e-08 
 8.00390979e-06  1.99809407e-01  2.01285218e-01  2.00939181e-01 -7.26226317e-05  6.31120890e-06 -6.51367397e-08 
 8.00399234e-06  1.99802833e-01  2.01184083e-01  2.00948453e-01 -5.57223261e-05  6.26565057e-06 -7.23660007e-08 
 8.00406862e-06  1.99795467e-01  2.01105569e-01  2.00954052e-01 -4.47273880e-05  6.17500276e-06 -8.30318178e-08 
 8.00415617e-06  1.99786044e-01  2.01035917e-01  2.00957722e-01 -3.62946173e-05  6.03363326e-06 -9.82319621e-08 
 8.00424313e-06  1.99776069e-01  2.00987093e-01  2.00959217e-01 -3.11373866e-05  5.86912605e-06 -1.15148070e-07 
 8.00434446e-06  1.99764018e-01  2.00951396e-01  2.00959217e-01 -2.76483074e-05  5.66252346e-06 -1.35861674e-07 
 8.00445207e-06  1.99750951e-01  2.00932106e-01  2.00958057e-01 -2.57386774e-05  5.43705698e-06 -1.58107730e-07 
 8.00458396e-06  1.99734789e-01  2.00925669e-01  2.00956042e-01 -2.46583955e-05  5.16296280e-06 -1.84873184e-07 
 8.00473552e-06  1.99716136e-01  2.00932041e-01  2.00953851e-01 -2.42076648e-05  4.85857952e-06 -2.14388990e-07 
 8.00486776e-06  1.99699869e-01  2.00944204e-01  2.00952522e-01 -2.40792462e-05  4.60511908e-06 -2.38860425e-07 
 8.00500000e-06  1.99683611e-01  2.00959478e-01  2.00951969e-01 -2.40388271e-05  4.36370481e-06 -2.62105309e-07 
 8.00500149e-06  1.99686735e-01  2.00962868e-01  2.00951970e-01 -2.23724046e-05  4.36137601e-06 -2.61944114e-07 
 8.00500447e-06  1.99691950e-01  2.00969362e-01  2.00951975e-01 -2.16489831e-05  4.35674094e-06 -2.61603522e-07 
 8.00501044e-06  1.99697206e-01  2.00981073e-01  2.00952006e-01 -2.09492079e-05  4.34753115e-06 -2.60871660e-07 
 8.00501934e-06  1.99699062e-01  2.00995850e-01  2.00952100e-01 -2.05939873e-05  4.33373937e-06 -2.59796051e-07 
 8.00503327e-06  1.99699538e-01  2.01015685e-01  2.00952342e-01 -1.99283795e-05  4.31207159e-06 -2.58177308e-07 
 8.00506111e-06  1.99699730e-01  2.01050628e-01  2.00953126e-01 -1.89924868e-05  4.26853594e-06 -2.55051386e-07 
 8.00511679e-06  1.99700027e-01  2.01106884e-01  2.00955672e-01 -1.75227723e-05  4.18117170e-06 -2.49149429e-07 
 8.00522815e-06  1.99700239e-01  2.01177132e-01  2.00963354e-01 -1.61200856e-05  4.00795833e-06 -2.38285218e-07 
 8.00545088e-06  1.99700736e-01  2.01229308e-01  2.00982955e-01 -1.52796464e-05  3.67670367e-06 -2.18740085e-07 
 8.00569255e-06  1.99701192e-01  2.01238681e-01  2.01005177e-01 -1.53062942e-05  3.34563489e-06 -1.99627607e-07 
 8.00609562e-06  1.99702003e-01  2.01240626e-01  2.01038662e-01 -1.52506779e-05  2.85750450e-06 -1.71346652e-07 
 8.00669447e-06  1.99702996e-01  2.01234491e-01  2.01079059e-01 -1.53015756e-05  2.25920424e-06 -1.36444416e-07 
 8.00789217e-06  1.99704753e-01  2.01200004e-01  2.01128582e-01 -1.52485072e-05  1.40280474e-06 -8.59307617e-08 
 8.01028757e-06  1.99707058e-01  2.01061548e-01  2.01123489e-01 -1.52974725e-05  5.08676791e-07 -3.21452427e-08 
 8.01507838e-06  1.99709048e-01  2.00638253e-01  2.00845911e-01 -1.52418227e-05  1.66301485e-08 -1.53758961e-09 
 8.02054716e-06  1.99708883e-01  2.00104112e-01  2.00339446e-01 -1.52896442e-05 -1.12657327e-09 -2.72783709e-10 
 8.02721349e-06  1.99707693e-01  1.99583770e-01  1.99761736e-01 -1.52355957e-05 -4.64824873e-10 -4.18172490e-10 
 8.03385961e-06  1.99706319e-01  1.99277678e-01  1.99372548e-01 -1.52855719e-05 -3.44361143e-10 -3.06064604e-10 
 8.04303995e-06  1.99705042e-01  1.99169629e-01  1.99166859e-01 -1.52328043e-05 -5.76248457e-11 -1.09836450e-10 
 8.05497764e-06  1.99704308e-01  1.99380187e-01  1.99305123e-01 -1.52824162e-05  1.63383157e-10  7.63955234e-11 
 8.07257179e-06  1.99704654e-01  1.99915064e-01  1.99822999e-01 -1.52287627e-05  2.33285951e-10  1.60869188e-10 
 8.09174264e-06  1.99705522e-01  2.00356690e-01  2.00303443e-01 -1.52788374e-05  1.31912863e-10  1.06829818e-10 
 8.11604950e-06  1.99706279e-01  2.00506717e-01  2.00499578e-01 -1.52275444e-05 -3.39082733e-12  9.03533802e-12 
 8.14159846e-06  1.99706294e-01  2.00401865e-01  2.00407064e-01 -1.52795720e-05 -4.29302312e-11 -2.78746404e-11 
 8.17079923e-06  1.99706108e-01  2.00294747e-01  2.00289623e-01 -1.52285802e-05 -1.67972654e-11 -1.32491625e-11 
 8.20000000e-06  1.99705975e-01  2.00289553e-01  2.00276838e-01 -1.52798230e-05  7.52670452e-12  5.46677341e-12 
 8.20001321e-06  1.99710444e-01  2.00310060e-01  2.00276960e-01 -1.02126533e-05  3.12023742e-09  6.73693329e-10 
 8.20003962e-06  1.99713584e-01  2.00341973e-01  2.00277370e-01 -9.67070147e-06  9.40957018e-09  1.93525559e-09 
 8.20008236e-06  1.99713372e-01  2.00376500e-01  2.00278588e-01 -9.42370644e-06  1.93045558e-08  3.83055359e-09 
 8.20012750e-06  1.99715050e-01  2.00405975e-01  2.00280425e-01 -9.05026691e-06  2.93235911e-08  5.75569244e-09 
 8.20021777e-06  1.99716486e-01  2.00445319e-01  2.00285220e-01 -8.82059485e-06  4.85467588e-08  9.38758718e-09 
 8.20039830e-06  1.99720724e-01  2.00482034e-01  2.00296960e-01 -8.53903324e-06  8.43787886e-08  1.61047593e-08 
 8.20071153e-06  1.99727014e-01  2.00497180e-01  2.00318493e-01 -8.57029658e-06  1.40504201e-07  2.65353184e-08 
 8.20110948e-06  1.99735866e-01  2.00498871e-01  2.00343488e-01 -8.52827157e-06  2.02726934e-07  3.80361520e-08 
 8.20157493e-06  1.99748391e-01  2.00497053e-01  2.00368092e-01 -9.09715292e-06  2.64538141e-07  4.92752995e-08 
 8.20167397e-06  1.99753448e-01  2.00496046e-01  2.00372693e-01 -9.35631924e-06  2.76154873e-07  5.13533903e-08 
 8.20187205e-06  1.99769828e-01  2.00491882e-01  2.00381172e-01 -1.10616111e-05  2.96241600e-07  5.49462286e-08 
 8.20202396e-06  1.99792937e-01  2.00486293e-01  2.00386945e-01 -1.36027513e-05  3.06482503e-07  5.70067937e-08 
 8.20215262e-06  1.99821914e-01  2.00478921e-01  2.00391242e-01 -1.70377487e-05  3.07481056e-07  5.80267761e-08 
 8.20227928e-06  1.99860095e-01  2.00468663e-01  2.00394826e-01 -2.14052306e-05  2.93998406e-07  5.81526109e-08 
 8.20240603e-06  1.99907320e-01  2.00454861e-01  2.00397640e-01 -2.64503340e-05  2.51915421e-07  5.71714818e-08 
 8.20252545e-06  1.99959512e-01  2.00437655e-01  2.00399441e-01 -3.09409043e-05  1.63135936e-07  5.49795876e-08 
 8.20263289e-06  2.00012054e-01  2.00417458e-01  2.00400202e-01 -3.39299491e-05  1.31938993e-08  5.16814677e-08 
 8.20273789e-06  2.00068139e-01  2.00392250e-01  2.00399981e-01 -3.52967197e-05 -2.34714362e-07  4.69778635e-08 
 8.20285197e-06  2.00134171e-01  2.00360170e-01  2.00398474e-01 -3.62829211e-05 -6.69878219e-07  4.01384479e-08 
 8.20298875e-06  2.00219944e-01  2.00320849e-01  2.00394853e-01 -3.78067381e-05 -1.50703422e-06  2.98664975e-08 
 8.20311439e-06  2.00303685e-01  2.00288323e-01  2.00389937e-01 -3.94747851e-05 -2.66130129e-06  1.88310306e-08 
 8.20324591e-06  2.00393689e-01  2.00260241e-01  2.00383495e-01 -4.12465991e-05 -4.34682029e-06  6.04879057e-09 
 8.20335691e-06  2.00468449e-01  2.00242631e-01  2.00377323e-01 -4.25819592e-05 -6.19705216e-06 -5.39222392e-09 
 8.20342593e-06  2.00513012e-01  2.00235478e-01  2.00373285e-01 -4.31100206e-05 -7.57127305e-06 -1.26168274e-08 
 8.20346830e-06  2.00539749e-01  2.00233256e-01  2.00370782e-01 -4.32454403e-05 -8.51714716e-06 -1.69840025e-08 
 8.20350531e-06  2.00561546e-01  2.00233178e-01  2.00368614e-01 -4.31452290e-05 -9.42223735e-06 -2.06677612e-08 
 8.20353375e-06  2.00574393e-01  2.00234693e-01  2.00366977e-01 -4.28520825e-05 -1.01755624e-05 -2.33449721e-08 
 8.20355845e-06  2.00579171e-01  2.00237537e-01  2.00365592e-01 -4.23366025e-05 -1.08747667e-05 -2.54869980e-08 
 8.20358317e-06  2.00575733e-01  2.00242511e-01  2.00364258e-01 -4.14983004e-05 -1.16180536e-05 -2.73629898e-08 
 8.20361245e-06  2.00562259e-01  2.00252296e-01  2.00362780e-01 -4.00828325e-05 -1.25561405e-05 -2.91073543e-08 
 8.20364353e-06  2.00541318e-01  2.00268124e-01  2.00361389e-01 -3.81425062e-05 -1.36184382e-05 -3.02854241e-08 
 8.20368288e-06  2.00511825e-01  2.00295831e-01  2.00359993e-01 -3.52448622e-05 -1.50576543e-05 -3.07503741e-08 
 8.20373161e-06  2.00479046e-01  2.00338820e-01  2.00358976e-01 -3.13270923e-05 -1.69735264e-05 -2.99009619e-08 
 8.20376709e-06  2.00461385e-01  2.00373516e-01  2.00358795e-01 -2.84829693e-05 -1.84520280e-05 -2.84710545e-08 
 8.20380104e-06  2.00450415e-01  2.00407067e-01  2.00359085e-01 -2.58912435e-05 -1.99246964e-05 -2.66462874e-08 
 8.20384289e-06  2.00444386e-01  2.00446678e-01  2.00360044e-01 -2.30077425e-05 -2.18092045e-05 -2.39894667e-08 
 8.20388100e-06  2.00445400e-01  2.00479786e-01  2.00361453e-01 -2.07056901e-05 -2.35851407e-05 -2.13262396e-08 
 8.20392544e-06  2.00452812e-01  2.00513819e-01  2.00363662e-01 -1.84484029e-05 -2.57208022e-05 -1.80838183e-08 
 8.20396891e-06  2.00465100e-01  2.00542063e-01  2.00366320e-01 -1.66421584e-05 -2.78704974e-05 -1.48694947e-08 
 8.20402117e-06  2.00484561e-01  2.00569793e-01  2.00370036e-01 -1.49487321e-05 -3.05295410e-05 -1.10319877e-08 
 8.20407564e-06  2.00508605e-01  2.00592347e-01  2.00374368e-01 -1.36279079e-05 -3.33802073e-05 -7.10780153e-09 
 8.20414258e-06  2.00541451e-01  2.00613036e-01  2.00380137e-01 -1.24926913e-05 -3.69892862e-05 -2.39788514e-09 
 8.20421657e-06  2.00580286e-01  2.00629224e-01  2.00386873e-01 -1.16711118e-05 -4.11063272e-05  2.69387003e-09 
 8.20431112e-06  2.00631916e-01  2.00643263e-01  2.00395757e-01 -1.10555557e-05 -4.65524891e-05  9.11251465e-09 
 8.20442379e-06  2.00694788e-01  2.00654273e-01  2.00406467e-01 -1.06730189e-05 -5.33001515e-05  1.67655127e-08 
 8.20457817e-06  2.00781545e-01  2.00664540e-01  2.00421018e-01 -1.04501758e-05 -6.29690779e-05  2.74723641e-08 
 8.20478322e-06  2.00896022e-01  2.00674789e-01  2.00439819e-01 -1.03434857e-05 -7.64984983e-05  4.23599024e-08 
 8.20500000e-06  2.01014341e-01  2.00684255e-01  2.00458908e-01 -1.03044485e-05 -9.15424295e-05  5.91229892e-08 
 8.20500253e-06  2.01013363e-01  2.00679253e-01  2.00459120e-01 -1.49353923e-05 -9.17224192e-05  5.91848234e-08 
 8.20500758e-06  2.01011534e-01  2.00670189e-01  2.00459535e-01 -1.52473420e-05 -9.20823169e-05  5.93106888e-08 
 8.20501769e-06  2.01009188e-01  2.00655966e-01  2.00460316e-01 -1.53221777e-05 -9.28002027e-05  5.95871055e-08 
 8.20503736e-06  2.01006463e-01  2.00635185e-01  2.00461690e-01 -1.53309213e-05 -9.41863155e-05  6.01873255e-08 
 8.20507200e-06  2.01002081e-01  2.00606507e-01  2.00463742e-01 -1.53955777e-05 -9.65898952e-05  6.13450676e-08 
 8.20514127e-06  2.00994675e-01  2.00564900e-01  2.00466801e-01 -1.53867828e-05 -1.01259068e-04  6.39650897e-08 
 8.20526718e-06  2.00982892e-01  2.00525049e-01  2.00470149e-01 -1.53963719e-05 -1.09290569e-04  6.95061497e-08 
 8.20540045e-06  2.00971547e-01  2.00511272e-01  2.00472121e-01 -1.53306931e-05 -1.17179995e-04  7.62301869e-08 
 8.20562618e-06  2.00953331e-01  2.00510720e-01  2.00474614e-01 -1.53076897e-05 -1.29219567e-04  8.91243770e-08 
 8.20598113e-06  2.00927278e-01  2.00524467e-01  2.00478983e-01 -1.52085729e-05 -1.45138585e-04  1.12112782e-07 
 8.20669105e-06  2.00882571e-01  2.00553391e-01  2.00491396e-01 -1.51317266e-05 -1.67998267e-04  1.62461987e-07 
 8.20762583e-06  2.00835913e-01  2.00585047e-01  2.00512754e-01 -1.50090551e-05 -1.84404749e-04  2.27571940e-07 
 8.20860014e-06  2.00798077e-01  2.00611982e-01  2.00537456e-01 -1.49817854e-05 -1.90392151e-04  2.84851294e-07 
 8.20969885e-06  2.00764890e-01  2.00636067e-01  2.00565034e-01 -1.49181920e-05 -1.88977146e-04  3.31700414e-07 
 8.21092692e-06  2.00735983e-01  2.00656750e-01  2.00593170e-01 -1.49333927e-05 -1.81706802e-04  3.62542698e-07 
 8.21241546e-06  2.00708934e-01  2.00674823e-01  2.00621886e-01 -1.49036745e-05 -1.69207274e-04  3.75616201e-07 
 8.21418149e-06  2.00684269e-01  2.00688790e-01  2.00647929e-01 -1.49456351e-05 -1.52857030e-04  3.67863614e-07 
 8.21644876e-06  2.00660476e-01  2.00698159e-01  2.00670087e-01 -1.49381726e-05 -1.32694002e-04  3.38546858e-07 
 8.21944375e-06  2.00637868e-01  2.00700735e-01  2.00684566e-01 -1.49987315e-05 -1.09648114e-04  2.89229739e-07 
 8.22259467e-06  2.00621566e-01  2.00695739e-01  2.00687378e-01 -1.49984529e-05 -9.00751354e-05  2.39389885e-07 
 8.22631531e-06  2.00609013e-01  2.00683958e-01  2.00680924e-01 -1.50587061e-05 -7.20990474e-05  1.90710755e-07 
 8.23025865e-06  2.00601189e-01  2.00667496e-01  2.00667493e-01 -1.50569988e-05 -5.76664044e-05  1.51026523e-07 
 8.23486488e-06  2.00596661e-01  2.00645897e-01  2.00647517e-01 -1.51149362e-05 -4.51139150e-05  1.16704790e-07 
 8.23976220e-06  2.00595197e-01  2.00622434e-01  2.00624376e-01 -1.51105323e-05 -3.53509318e-05  9.03560508e-08 
 8.24547957e-06  2.00595915e-01  2.00597127e-01  2.00598101e-01 -1.51647150e-05 -2.71036590e-05  6.84398208e-08 
 8.25171897e-06  2.00598111e-01  2.00574782e-01  2.00573480e-01 -1.51565886e-05 -2.06921213e-05  5.16918123e-08 
 8.25906805e-06  2.00601389e-01  2.00558442e-01  2.00553370e-01 -1.52062932e-05 -1.53728570e-05  3.80291775e-08 
 8.26725956e-06  2.00605008e-01  2.00554630e-01  2.00544849e-01 -1.51935855e-05 -1.12667890e-05  2.76561358e-08 
 8.27697214e-06  2.00608834e-01  2.00568863e-01  2.00553920e-01 -1.52380474e-05 -7.94876349e-06  1.93903758e-08 
 8.28797917e-06  2.00612290e-01  2.00603957e-01  2.00584811e-01 -1.52200728e-05 -5.45029495e-06  1.32414496e-08 
 8.30110664e-06  2.00615414e-01  2.00660093e-01  2.00638666e-01 -1.52590232e-05 -3.52956652e-06  8.55309795e-09 
 8.31621476e-06  2.00617859e-01  2.00727508e-01  2.00706439e-01 -1.52359780e-05 -2.16809051e-06  5.24999781e-09 
 8.33442254e-06  2.00619776e-01  2.00796570e-01  2.00777932e-01 -1.52703012e-05 -1.21503076e-06  2.94196812e-09 
 8.35587688e-06  2.00621020e-01  2.00854937e-01  2.00839212e-01 -1.52435349e-05 -6.15843525e-07  1.49327665e-09 
 8.38243752e-06  2.00621827e-01  2.00903739e-01  2.00889845e-01 -1.52749283e-05 -2.63210684e-07  6.40098273e-10 
 8.41523728e-06  2.00622206e-01  2.00950681e-01  2.00937256e-01 -1.52460926e-05 -8.92417609e-08  2.21591551e-10 
 8.45848368e-06  2.00622432e-01  2.01006052e-01  2.00992943e-01 -1.52760927e-05 -1.90880499e-08  5.20296809e-11 
 8.51743082e-06  2.00622512e-01  2.01065888e-01  2.01053738e-01 -1.52465011e-05 -1.11859467e-09  7.82664574e-12 
 8.60736742e-06  2.00622613e-01  2.01125080e-01  2.01113783e-01 -1.52761947e-05  1.31867249e-10  2.58377781e-12 
 8.70736742e-06  2.00622639e-01  2.01165411e-01  2.01154556e-01 -1.52465238e-05  6.59393829e-12  2.72161709e-12 
 8.80736742e-06  2.00622705e-01  2.01189085e-01  2.01178620e-01 -1.52762010e-05 -2.76926438e-11  1.53460388e-12 
 8.90736742e-06  2.00622707e-01  2.01202331e-01  2.01192008e-01 -1.52465302e-05  2.77900153e-11  1.65642624e-12 
 9.00736742e-06  2.00622756e-01  2.01210519e-01  2.01200308e-01 -1.52762039e-05 -2.61329333e-11  1.11255796e-12 
 9.10736742e-06  2.00622750e-01  2.01214985e-01  2.01204849e-01 -1.52465318e-05  1.99684394e-11  1.31089107e-12 
 9.20736742e-06  2.00622794e-01  2.01217704e-01  2.01207583e-01 -1.52762053e-05 -1.90347239e-11  9.53599829e-13 
 9.30736742e-06  2.00622785e-01  2.01219295e-01  2.01209214e-01 -1.52465322e-05  1.27343630e-11  1.21037018e-12 
 9.40736742e-06  2.00622828e-01  2.01220172e-01  2.01210089e-01 -1.52762057e-05 -1.27184235e-11  8.90157848e-13 
 9.50736742e-06  2.00622818e-01  2.01220743e-01  2.01210676e-01 -1.52465324e-05  6.76489485e-12  1.17783637e-12 
 9.60736742e-06  2.00622860e-01  2.01221050e-01  2.01210980e-01 -1.52762057e-05 -7.37691332e-12  8.73791382e-13 
 9.70736742e-06  2.00622850e-01  2.01221240e-01  2.01211179e-01 -1.52465326e-05  1.82491782e-12  1.15830755e-12 
 9.80736742e-06  2.00622891e-01  2.01221370e-01  2.01211304e-01 -1.52762056e-05 -2.90773265e-12  8.77657105e-13 
 9.90736742e-06  2.00622881e-01  2.01221431e-01  2.01211373e-01 -1.52465327e-05 -2.27309968e-12  1.14298219e-12 
 1.00073674e-05  2.00622923e-01  2.01221495e-01  2.01211429e-01 -1.52762055e-05  8.16715619e-13  8.86506309e-13 
 1.01073674e-05  2.00622912e-01  2.01221520e-01  2.01211462e-01 -1.52465328e-05 -5.67750100e-12  1.13132675e-12 
 1.02000000e-05  2.00622953e-01  2.01221554e-01  2.01211489e-01 -1.52762054e-05  4.03050813e-12  8.95637080e-13 
 1.02000600e-05  2.00613616e-01  2.01160507e-01  2.01210058e-01 -2.02761924e-05 -1.70600880e-08 -2.74486571e-09 
 1.02001800e-05  2.00607355e-01  2.01081140e-01  2.01205402e-01 -2.04259528e-05 -4.97181623e-08 -7.82476087e-09 
 1.02003808e-05  2.00603656e-01  2.01031369e-01  2.01193112e-01 -2.03964995e-05 -9.77293865e-08 -1.53931480e-08 
 1.02005816e-05  2.00598847e-01  2.01017218e-01  2.01179297e-01 -2.05094081e-05 -1.40092194e-07 -2.23132146e-08 
 1.02007903e-05  2.00595510e-01  2.01014810e-01  2.01165404e-01 -2.06237112e-05 -1.78951309e-07 -2.88976162e-08 
 1.02011588e-05  2.00590275e-01  2.01012906e-01  2.01143220e-01 -2.17155524e-05 -2.35719897e-07 -3.91859864e-08 
 1.02013780e-05  2.00591667e-01  2.01016288e-01  2.01131570e-01 -2.35803220e-05 -2.62525587e-07 -4.44489710e-08 
 1.02015435e-05  2.00595524e-01  2.01019040e-01  2.01123630e-01 -2.62629989e-05 -2.78532209e-07 -4.79482863e-08 
 1.02017069e-05  2.00604288e-01  2.01025194e-01  2.01116568e-01 -3.01434964e-05 -2.90002989e-07 -5.09311940e-08 
 1.02018672e-05  2.00616047e-01  2.01032131e-01  2.01110480e-01 -3.53789532e-05 -2.95926463e-07 -5.33523693e-08 
 1.02020103e-05  2.00629815e-01  2.01041215e-01  2.01105815e-01 -4.11045693e-05 -2.95600485e-07 -5.49961645e-08 
 1.02021314e-05  2.00641776e-01  2.01050091e-01  2.01102495e-01 -4.67429058e-05 -2.89837998e-07 -5.59294584e-08 
 1.02022336e-05  2.00651737e-01  2.01059722e-01  2.01100185e-01 -5.18975085e-05 -2.79846580e-07 -5.62908282e-08 
 1.02023221e-05  2.00658303e-01  2.01069379e-01  2.01098596e-01 -5.66287442e-05 -2.66146102e-07 -5.62027611e-08 
 1.02024006e-05  2.00661860e-01  2.01079864e-01  2.01097543e-01 -6.08856074e-05 -2.48893953e-07 -5.57135978e-08 
 1.02024723e-05  2.00661517e-01  2.01091148e-01  2.01096919e-01 -6.47764604e-05 -2.27766460e-07 -5.48363667e-08 
 1.02025411e-05  2.00657379e-01  2.01104182e-01  2.01096666e-01 -6.83727284e-05 -2.01523025e-07 -5.35001663e-08 
 1.02026212e-05  2.00648253e-01  2.01122358e-01  2.01096873e-01 -7.23712597e-05 -1.62471592e-07 -5.12121817e-08 
 1.02026954e-05  2.00638776e-01  2.01141790e-01  2.01097609e-01 -7.58567072e-05 -1.18689229e-07 -4.83560346e-08 
 1.02028029e-05  2.00626909e-01  2.01171797e-01  2.01099675e-01 -8.06802203e-05 -4.73582953e-08 -4.31035022e-08 
 1.02028949e-05  2.00618796e-01  2.01197418e-01  2.01102383e-01 -8.45315660e-05  1.32139020e-08 -3.77160369e-08 
 1.02029922e-05  2.00612527e-01  2.01222864e-01  2.01106113e-01 -8.83638443e-05  6.62448588e-08 -3.13248272e-08 
 1.02030972e-05  2.00608681e-01  2.01247241e-01  2.01111005e-01 -9.22231688e-05  1.06018563e-07 -2.38130097e-08 
 1.02032126e-05  2.00608591e-01  2.01268887e-01  2.01117184e-01 -9.62659297e-05  1.35385850e-07 -1.50645323e-08 
 1.02033306e-05  2.00611340e-01  2.01284546e-01  2.01124073e-01 -9.98319551e-05  1.60179170e-07 -5.81986212e-09 
 1.02034559e-05  2.00616109e-01  2.01293145e-01  2.01131640e-01 -1.02222586e-04  1.85628200e-07  4.02874956e-09 
 1.02035411e-05  2.00619617e-01  2.01292604e-01  2.01136708e-01 -1.01439886e-04  2.02438173e-07  1.04450925e-08 
 1.02035998e-05  2.00621711e-01  2.01286957e-01  2.01140028e-01 -9.80353823e-05  2.12834959e-07  1.44374522e-08 
 1.02036533e-05  2.00623021e-01  2.01275532e-01  2.01142804e-01 -9.23813357e-05  2.20512248e-07  1.74756381e-08 
 1.02037169e-05  2.00623857e-01  2.01252535e-01  2.01145595e-01 -8.34579341e-05  2.26452198e-07  2.00750984e-08 
 1.02037857e-05  2.00623971e-01  2.01217248e-01  2.01147748e-01 -7.24749833e-05  2.28575454e-07  2.15399967e-08 
 1.02038713e-05  2.00623263e-01  2.01163736e-01  2.01148847e-01 -5.90859630e-05  2.25092610e-07  2.15226322e-08 
 1.02039942e-05  2.00621219e-01  2.01082719e-01  2.01147134e-01 -4.33715178e-05  2.10346976e-07  1.87648993e-08 
 1.02040780e-05  2.00619496e-01  2.01032216e-01  2.01143849e-01 -3.60086897e-05  1.95375065e-07  1.56419378e-08 
 1.02041555e-05  2.00617816e-01  2.00992763e-01  2.01139529e-01 -3.12194978e-05  1.79318404e-07  1.23181765e-08 
 1.02042487e-05  2.00615757e-01  2.00955220e-01  2.01133106e-01 -2.74152125e-05  1.58324733e-07  8.11346926e-09 
 1.02043395e-05  2.00613746e-01  2.00927869e-01  2.01125913e-01 -2.51547288e-05  1.36844459e-07  3.99262429e-09 
 1.02044468e-05  2.00611377e-01  2.00904886e-01  2.01116681e-01 -2.36275389e-05  1.10934097e-07 -7.45248186e-10 
 1.02045589e-05  2.00608917e-01  2.00888710e-01  2.01106601e-01 -2.27987802e-05  8.38912693e-08 -5.46277128e-09 
 1.02046978e-05  2.00605884e-01  2.00875704e-01  2.01093929e-01 -2.23275003e-05  5.09776967e-08 -1.09647345e-08 
 1.02048546e-05  2.00602477e-01  2.00866443e-01  2.01079767e-01 -2.21191756e-05  1.51216042e-08 -1.67504083e-08 
 1.02050000e-05  2.00599328e-01  2.00860631e-01  2.01066974e-01 -2.20592957e-05 -1.66492100e-08 -2.17580216e-08 
 1.02050019e-05  2.00600725e-01  2.00864409e-01  2.01066817e-01 -1.74548116e-05 -1.66326987e-08 -2.17183577e-08 
 1.02050056e-05  2.00602975e-01  2.00871388e-01  2.01066507e-01 -1.71122448e-05 -1.65692864e-08 -2.16420750e-08 
 1.02050130e-05  2.00604896e-01  2.00882810e-01  2.01065916e-01 -1.68384077e-05 -1.63519268e-08 -2.15108794e-08 
 1.02050225e-05  2.00605236e-01  2.00894289e-01  2.01065206e-01 -1.67529761e-05 -1.60663894e-08 -2.13713612e-08 
 1.02050384e-05  2.00605353e-01  2.00910157e-01  2.01064109e-01 -1.65253251e-05 -1.56434074e-08 -2.11564153e-08 
 1.02050702e-05  2.00605366e-01  2.00936581e-01  2.01062202e-01 -1.62435004e-05 -1.49187503e-08 -2.07644798e-08 
 1.02051304e-05  2.00605409e-01  2.00974717e-01  2.01059429e-01 -1.58141783e-05 -1.38801186e-08 -2.01165193e-08 
 1.02052507e-05  2.00605386e-01  2.01019529e-01  2.01056027e-01 -1.54506919e-05 -1.25317614e-08 -1.90357906e-08 
 1.02054914e-05  2.00605438e-01  2.01048992e-01  2.01053104e-01 -1.52373661e-05 -1.09792520e-08 -1.72544009e-08 
 1.02057881e-05  2.00605470e-01  2.01051217e-01  2.01051642e-01 -1.52639289e-05 -9.68655878e-09 -1.53577574e-08 
 1.02062212e-05  2.00605563e-01  2.01048593e-01  2.01049763e-01 -1.52368300e-05 -8.14123037e-09 -1.29457825e-08 
 1.02068798e-05  2.00605632e-01  2.01044231e-01  2.01046643e-01 -1.52634170e-05 -6.27667585e-09 -9.97360690e-09 
 1.02081970e-05  2.00605786e-01  2.01035160e-01  2.01039554e-01 -1.52386126e-05 -3.69724895e-09 -5.86498169e-09 
 1.02108313e-05  2.00605900e-01  2.01016978e-01  2.01023310e-01 -1.52655246e-05 -1.18602612e-09 -1.86030902e-09 
 1.02161001e-05  2.00605940e-01  2.00988076e-01  2.00991670e-01 -1.52410708e-05 -3.83397936e-12  2.10561911e-11 
 1.02266376e-05  2.00605727e-01  2.00978521e-01  2.00966685e-01 -1.52671595e-05 -8.12775845e-12 -2.28882145e-11 
 1.02413196e-05  2.00605623e-01  2.01050269e-01  2.01022871e-01 -1.52413471e-05  4.83618317e-11  3.07917475e-11 
 1.02629468e-05  2.00605760e-01  2.01193007e-01  2.01166979e-01 -1.52665746e-05  4.47473881e-11  3.25003416e-11 
 1.03028810e-05  2.00606099e-01  2.01287179e-01  2.01279052e-01 -1.52409218e-05 -2.91409323e-12  3.58792732e-12 
 1.03444901e-05  2.00606063e-01  2.01230633e-01  2.01225116e-01 -1.52667753e-05 -1.48321019e-11 -1.09971402e-11 
 1.04000000e-05  2.00605992e-01  2.01204213e-01  2.01192543e-01 -1.52412093e-05  4.72127068e-12  5.06402114e-12 
 1.04000295e-05  2.00616813e-01  2.01229559e-01  2.01192858e-01 -1.31256351e-05  4.15401760e-09  1.50781370e-09 
 1.04000885e-05  2.00625406e-01  2.01268428e-01  2.01193933e-01 -1.16187660e-05  1.13668191e-08  4.24913854e-09 
 1.04002066e-05  2.00635479e-01  2.01309167e-01  2.01197846e-01 -1.03495613e-05  2.09160588e-08  9.00546823e-09 
 1.04003173e-05  2.00648014e-01  2.01321228e-01  2.01202492e-01 -9.81946633e-06  2.66253746e-08  1.30220614e-08 
 1.04005386e-05  2.00668871e-01  2.01312466e-01  2.01211334e-01 -9.65446962e-06  3.49197008e-08  2.03567085e-08 
 1.04008039e-05  2.00696564e-01  2.01284822e-01  2.01219119e-01 -9.55855367e-06  4.27002585e-08  2.83209239e-08 
 1.04012370e-05  2.00739212e-01  2.01228672e-01  2.01223514e-01 -9.68582318e-06  5.35297741e-08  3.96488772e-08 
 1.04016292e-05  2.00784252e-01  2.01172203e-01  2.01218694e-01 -1.02342261e-05  5.52905775e-08  4.82128251e-08 
 1.04017537e-05  2.00801075e-01  2.01152163e-01  2.01215459e-01 -1.08878226e-05  5.01569515e-08  5.05247673e-08 
 1.04019327e-05  2.00835882e-01  2.01121345e-01  2.01209323e-01 -1.27473701e-05  2.39987683e-08  5.32438229e-08 
 1.04020797e-05  2.00874527e-01  2.01092278e-01  2.01202894e-01 -1.56930965e-05 -2.61622718e-08  5.46648386e-08 
 1.04022110e-05  2.00922532e-01  2.01063155e-01  2.01195974e-01 -1.94009287e-05 -1.06853333e-07  5.50321175e-08 
 1.04023414e-05  2.00983964e-01  2.01029820e-01  2.01187864e-01 -2.40903363e-05 -2.34235182e-07  5.42352066e-08 
 1.04024698e-05  2.01065988e-01  2.00992382e-01  2.01178508e-01 -2.88730168e-05 -4.19870536e-07  5.20100212e-08 
 1.04025872e-05  2.01167404e-01  2.00952488e-01  2.01168590e-01 -3.26481190e-05 -6.56394557e-07  4.83512999e-08 
 1.04026946e-05  2.01296192e-01  2.00909948e-01  2.01158187e-01 -3.45875402e-05 -9.43362700e-07  4.32726184e-08 
 1.04028160e-05  2.01504501e-01  2.00854474e-01  2.01144622e-01 -3.54541063e-05 -1.36357621e-06  3.51414891e-08 
 1.04029350e-05  2.01802722e-01  2.00796247e-01  2.01129310e-01 -3.62986124e-05 -1.87486889e-06  2.46664704e-08 
 1.04030993e-05  2.02430890e-01  2.00718471e-01  2.01105005e-01 -3.80348840e-05 -2.72367064e-06  6.43861991e-09 
 1.04032403e-05  2.03221496e-01  2.00658117e-01  2.01081603e-01 -3.96513959e-05 -3.56356685e-06 -1.23762380e-08 
 1.04033631e-05  2.04134270e-01  2.00612109e-01  2.01059713e-01 -4.10799332e-05 -4.35971181e-06 -3.08715011e-08 
 1.04034545e-05  2.04961422e-01  2.00583121e-01  2.01042756e-01 -4.18103779e-05 -4.97735972e-06 -4.56918518e-08 
 1.04035069e-05  2.05494707e-01  2.00569449e-01  2.01032878e-01 -4.20296839e-05 -5.33331188e-06 -5.44812406e-08 
 1.04035449e-05  2.05913171e-01  2.00561521e-01  2.01025667e-01 -4.19736985e-05 -5.58809056e-06 -6.09322976e-08 
 1.04035765e-05  2.06281518e-01  2.00556733e-01  2.01019680e-01 -4.17502701e-05 -5.79327854e-06 -6.62725909e-08 
 1.04036050e-05  2.06629359e-01  2.00554380e-01  2.01014309e-01 -4.12662955e-05 -5.96865769e-06 -7.09861235e-08 
 1.04036344e-05  2.07004388e-01  2.00555025e-01  2.01008815e-01 -4.03998115e-05 -6.13432455e-06 -7.56214146e-08 
 1.04036690e-05  2.07470961e-01  2.00561712e-01  2.01002491e-01 -3.88562562e-05 -6.30140442e-06 -8.05610083e-08 
 1.04037055e-05  2.08003328e-01  2.00577098e-01  2.00996070e-01 -3.67190319e-05 -6.44020121e-06 -8.50179587e-08 
 1.04037525e-05  2.08760577e-01  2.00608344e-01  2.00988364e-01 -3.34609603e-05 -6.56066964e-06 -8.95793180e-08 
 1.04037983e-05  2.09579850e-01  2.00647386e-01  2.00981632e-01 -3.00667760e-05 -6.61960837e-06 -9.28938219e-08 
 1.04038368e-05  2.10328608e-01  2.00683153e-01  2.00976647e-01 -2.72693745e-05 -6.63124871e-06 -9.50195596e-08 
 1.04038775e-05  2.11176018e-01  2.00720623e-01  2.00972054e-01 -2.45170166e-05 -6.61385302e-06 -9.68406015e-08 
 1.04039265e-05  2.12267873e-01  2.00762270e-01  2.00967383e-01 -2.15931008e-05 -6.56236312e-06 -9.87285753e-08 
 1.04039726e-05  2.13359868e-01  2.00796122e-01  2.00963755e-01 -1.92750533e-05 -6.49183302e-06 -1.00408070e-07 
 1.04040257e-05  2.14682262e-01  2.00827524e-01  2.00960354e-01 -1.71282707e-05 -6.39368384e-06 -1.02422810e-07 
 1.04040796e-05  2.16094949e-01  2.00851407e-01  2.00957559e-01 -1.54436572e-05 -6.28216331e-06 -1.04690378e-07 
 1.04041446e-05  2.17878830e-01  2.00870755e-01  2.00954826e-01 -1.39641160e-05 -6.13967465e-06 -1.07806035e-07 
 1.04042152e-05  2.19914348e-01  2.00882463e-01  2.00952368e-01 -1.28649380e-05 -5.98055341e-06 -1.11700352e-07 
 1.04043033e-05  2.22588631e-01  2.00887411e-01  2.00949686e-01 -1.20043847e-05 -5.78173022e-06 -1.17272510e-07 
 1.04044058e-05  2.25884683e-01  2.00884515e-01  2.00946721e-01 -1.14364402e-05 -5.55439373e-06 -1.24659577e-07 
 1.04045420e-05  2.30561780e-01  2.00873020e-01  2.00942583e-01 -1.10622967e-05 -5.26310901e-06 -1.35769746e-07 
 1.04047177e-05  2.37081169e-01  2.00852717e-01  2.00936491e-01 -1.08492174e-05 -4.90797829e-06 -1.51944552e-07 
 1.04048588e-05  2.42713687e-01  2.00834940e-01  2.00930851e-01 -1.07655534e-05 -4.63920037e-06 -1.66261083e-07 
 1.04050000e-05  2.48686978e-01  2.00817170e-01  2.00924544e-01 -1.07010323e-05 -4.38466279e-06 -1.81595766e-07 
 1.04050031e-05  2.48818826e-01  2.00813020e-01  2.00924393e-01 -1.17566820e-05 -4.37964357e-06 -1.82132391e-07 
 1.04050094e-05  2.49084574e-01  2.00805305e-01  2.00924080e-01 -1.22423090e-05 -4.36960811e-06 -1.83187344e-07 
 1.04050219e-05  2.49622978e-01  2.00792395e-01  2.00923406e-01 -1.24899252e-05 -4.34945944e-06 -1.85215692e-07 
 1.04050458e-05  2.50656628e-01  2.00771877e-01  2.00921965e-01 -1.29459526e-05 -4.31065342e-06 -1.88980162e-07 
 1.04050808e-05  2.52165029e-01  2.00746059e-01  2.00919557e-01 -1.34405667e-05 -4.25371593e-06 -1.94328108e-07 
 1.04051509e-05  2.55164880e-01  2.00706670e-01  2.00913939e-01 -1.40709270e-05 -4.14052473e-06 -2.04530783e-07 
 1.04052910e-05  2.61090651e-01  2.00662371e-01  2.00900882e-01 -1.45971967e-05 -3.92059836e-06 -2.23445825e-07 
 1.04054530e-05  2.67815112e-01  2.00642685e-01  2.00884669e-01 -1.47090383e-05 -3.67976641e-06 -2.43284020e-07 
 1.04057268e-05  2.78891391e-01  2.00635937e-01  2.00858145e-01 -1.47065893e-05 -3.30516403e-06 -2.72701199e-07 
 1.04060476e-05  2.91406041e-01  2.00646710e-01  2.00830793e-01 -1.46572443e-05 -2.91426708e-06 -3.01238329e-07 
 1.04066239e-05  3.12709169e-01  2.00697330e-01  2.00795896e-01 -1.46041834e-05 -2.32245340e-06 -3.39101499e-07 
 1.04075687e-05  3.44526708e-01  2.00858606e-01  2.00787007e-01 -1.45211803e-05 -1.59578762e-06 -3.72357136e-07 
 1.04094581e-05  3.97630850e-01  2.01444598e-01  2.00981481e-01 -1.44334412e-05 -7.30418744e-07 -3.72707604e-07 
 1.04112341e-05  4.36065911e-01  2.02290221e-01  2.01440600e-01 -1.43906801e-05 -3.49770647e-07 -3.29005317e-07 
 1.04130037e-05  4.65227545e-01  2.03391647e-01  2.02167450e-01 -1.43925974e-05 -1.65983251e-07 -2.72657691e-07 
 1.04149808e-05  4.89412893e-01  2.04894809e-01  2.03281461e-01 -1.44059877e-05 -6.92746027e-08 -2.11362334e-07 
 1.04168661e-05  5.06183084e-01  2.06559816e-01  2.04615274e-01 -1.44464778e-05 -2.80190352e-08 -1.61050446e-07 
 1.04190379e-05  5.19993777e-01  2.08710564e-01  2.06438087e-01 -1.44899796e-05 -6.94020884e-09 -1.14939851e-07 
 1.04212922e-05  5.29849925e-01  2.11157508e-01  2.08604401e-01 -1.45546503e-05  1.87420858e-09 -7.92882540e-08 
 1.04239500e-05  5.37521873e-01  2.14261807e-01  2.11446743e-01 -1.46188033e-05  5.87407763e-09 -4.98411597e-08 
 1.04268168e-05  5.42663152e-01  2.17814807e-01  2.14785430e-01 -1.46993298e-05  7.43230827e-09 -2.91113718e-08 
 1.04302552e-05  5.46255628e-01  2.22282710e-01  2.19065937e-01 -1.47732383e-05  8.23573826e-09 -1.39978573e-08 
 1.04341431e-05  5.48399955e-01  2.27529876e-01  2.24165758e-01 -1.48582618e-05  8.74274304e-09 -4.56423422e-09 
 1.04389883e-05  5.49654681e-01  2.34267071e-01  2.30781420e-01 -1.49298748e-05  9.20077297e-09  1.28235538e-09 
 1.04448447e-05  5.50242630e-01  2.42600973e-01  2.39025021e-01 -1.50068719e-05  9.58537480e-09  4.30663108e-09 
 1.04514076e-05  5.50453354e-01  2.52092439e-01  2.48457718e-01 -1.50537467e-05  9.88141882e-09  5.63048152e-09 
 1.04584598e-05  5.50517564e-01  2.62393169e-01  2.58723826e-01 -1.50974553e-05  1.00747223e-08  6.21183137e-09 
 1.04664657e-05  5.50539001e-01  2.74151753e-01  2.70463045e-01 -1.51152433e-05  1.02143314e-08  6.52802328e-09 
 1.04754668e-05  5.50548747e-01  2.87403086e-01  2.83707171e-01 -1.51365386e-05  1.02907212e-08  6.71469654e-09 
 1.04859364e-05  5.50557701e-01  3.02811759e-01  2.99118467e-01 -1.51364984e-05  1.03336966e-08  6.83701442e-09 
 1.04980735e-05  5.50567862e-01  3.20624033e-01  3.16943367e-01 -1.51447696e-05  1.03276604e-08  6.90745381e-09 
 1.05130679e-05  5.50581314e-01  3.42494187e-01  3.38840376e-01 -1.51354355e-05  1.02865233e-08  6.94508782e-09 
 1.05327419e-05  5.50599692e-01  3.70821556e-01  3.67226045e-01 -1.51371853e-05  1.01526197e-08  6.93704119e-09 
 1.05566514e-05  5.50623831e-01  4.04267503e-01  4.00802946e-01 -1.51240819e-05  9.83525938e-09  6.82912749e-09 
 1.05803951e-05  5.50648935e-01  4.35507011e-01  4.32297675e-01 -1.51276314e-05  9.15899751e-09  6.48486315e-09 
 1.06033872e-05  5.50673894e-01  4.62294969e-01  4.59536255e-01 -1.51233841e-05  7.92061610e-09  5.72126703e-09 
 1.06197092e-05  5.50690647e-01  4.78139810e-01  4.75853276e-01 -1.51378691e-05  6.57809558e-09  4.82296790e-09 
 1.06334953e-05  5.50703559e-01  4.88852263e-01  4.87035157e-01 -1.51412557e-05  5.22901169e-09  3.87553136e-09 
 1.06489492e-05  5.50715130e-01  4.97795823e-01  4.96501115e-01 -1.51629975e-05  3.69502695e-09  2.76436685e-09 
 1.06653087e-05  5.50723975e-01  5.04204731e-01  5.03354753e-01 -1.51723494e-05  2.37479301e-09  1.76872264e-09 
 1.06826764e-05  5.50729293e-01  5.08673886e-01  5.08105572e-01 -1.51941838e-05  1.51082320e-09  1.08775436e-09 
 1.07002909e-05  5.50732253e-01  5.12003943e-01  5.11544977e-01 -1.51974629e-05  1.16765073e-09  7.89242282e-10 
 1.07190049e-05  5.50733902e-01  5.15180747e-01  5.14735860e-01 -1.52102754e-05  1.11137452e-09  7.26370710e-10 
 1.07374732e-05  5.50735636e-01  5.18311793e-01  5.17859399e-01 -1.52053196e-05  1.14334619e-09  7.48208556e-10 
 1.07590529e-05  5.50737664e-01  5.21919046e-01  5.21480474e-01 -1.52127484e-05  1.11275889e-09  7.41910178e-10 
 1.07888807e-05  5.50740923e-01  5.26438807e-01  5.26057721e-01 -1.52057289e-05  9.67294682e-10  6.53351375e-10 
 1.08278075e-05  5.50744304e-01  5.31231915e-01  5.30933834e-01 -1.52135492e-05  7.33716099e-10  4.97140592e-10 
 1.08619184e-05  5.50746742e-01  5.34541392e-01  5.34293717e-01 -1.52074073e-05  5.98089870e-10  4.00753004e-10 
 1.08937954e-05  5.50748343e-01  5.37119747e-01  5.36904374e-01 -1.52150047e-05  5.05844600e-10  3.40037355e-10 
 1.09302852e-05  5.50750145e-01  5.39601304e-01  5.39418381e-01 -1.52083148e-05  4.22907263e-10  2.83667955e-10 
 1.09665742e-05  5.50751406e-01  5.41628421e-01  5.41474063e-01 -1.52156822e-05  3.40805441e-10  2.30358690e-10 
 1.10083285e-05  5.50752811e-01  5.43507615e-01  5.43379552e-01 -1.52089295e-05  2.73789727e-10  1.83604776e-10 
 1.10482745e-05  5.50753654e-01  5.44945664e-01  5.44836902e-01 -1.52162255e-05  2.16944636e-10  1.47053134e-10 
 1.10916222e-05  5.50754623e-01  5.46194996e-01  5.46103154e-01 -1.52093339e-05  1.75732861e-10  1.17989903e-10 
 1.11349711e-05  5.50755164e-01  5.47183168e-01  5.47104815e-01 -1.52165512e-05  1.34672790e-10  9.20777062e-11 
 1.11831162e-05  5.50755869e-01  5.48040603e-01  5.47973941e-01 -1.52095976e-05  1.07565415e-10  7.23661278e-11 
 1.12321392e-05  5.50756197e-01  5.48712519e-01  5.48654897e-01 -1.52167719e-05  7.86004872e-11  5.45678078e-11 
 1.12862216e-05  5.50756703e-01  5.49274730e-01  5.49224773e-01 -1.52097667e-05  6.24113142e-11  4.21943218e-11 
 1.13427614e-05  5.50756874e-01  5.49710929e-01  5.49666848e-01 -1.52169115e-05  4.20029617e-11  3.01099413e-11 
 1.14058088e-05  5.50757241e-01  5.50063843e-01  5.50024570e-01 -1.52098726e-05  3.35342984e-11  2.28961843e-11 
 1.14732128e-05  5.50757298e-01  5.50329502e-01  5.50293788e-01 -1.52169972e-05  1.94010600e-11  1.50117194e-11 
 1.15494119e-05  5.50757567e-01  5.50533748e-01  5.50500836e-01 -1.52099342e-05  1.63500225e-11  1.14175503e-11 
 1.16332410e-05  5.50757546e-01  5.50679843e-01  5.50648868e-01 -1.52170457e-05  6.60314208e-12  6.46258004e-12 
 1.17300445e-05  5.50757750e-01  5.50783670e-01  5.50754138e-01 -1.52099662e-05  7.22177331e-12  5.32169930e-12 
 1.18300445e-05  5.50757675e-01  5.50846382e-01  5.50817659e-01 -1.52170692e-05  5.20298214e-13  2.39947239e-12 
 1.19300445e-05  5.50757834e-01  5.50882550e-01  5.50854353e-01 -1.52099782e-05  3.61180899e-12  2.91124709e-12 
 1.20300445e-05  5.50757731e-01  5.50903493e-01  5.50875543e-01 -1.52170780e-05 -1.56422856e-12  1.00698459e-12 
 1.21300445e-05  5.50757874e-01  5.50915536e-01  5.50887785e-01 -1.52099814e-05  2.40717927e-12  2.10712757e-12 
 1.22300445e-05  5.50757762e-01  5.50922551e-01  5.50894859e-01 -1.52170818e-05 -2.25847704e-12  5.42960913e-13 
 1.23150223e-05  5.50757898e-01  5.50926055e-01  5.50898447e-01 -1.52099814e-05  2.02257590e-12  1.85074400e-12 
 1.24000000e-05  5.50757782e-01  5.50928321e-01  5.50900707e-01 -1.52170840e-05 -2.46758603e-12  4.02768910e-13 
 1.24000821e-05  5.50734840e-01  5.50877682e-01  5.50899099e-01 -1.76921586e-05 -7.49959667e-09 -3.74830486e-09 
 1.24002463e-05  5.50709942e-01  5.50819679e-01  5.50894140e-01 -1.91219693e-05 -1.77386374e-08 -1.03850200e-08 
 1.24005015e-05  5.50679243e-01  5.50817791e-01  5.50884143e-01 -1.94097716e-05 -2.59324855e-08 -1.90647195e-08 
 1.24007841e-05  5.50643391e-01  5.50848870e-01  5.50875760e-01 -1.96250321e-05 -3.37417238e-08 -2.76714939e-08 
 1.24010801e-05  5.50610270e-01  5.50886624e-01  5.50871784e-01 -2.02585835e-05 -3.87900915e-08 -3.56456370e-08 
 1.24013142e-05  5.50586603e-01  5.50919587e-01  5.50872122e-01 -2.18643218e-05 -3.70651219e-08 -4.11901117e-08 
 1.24014982e-05  5.50574370e-01  5.50948797e-01  5.50874573e-01 -2.43448281e-05 -2.76507843e-08 -4.49820644e-08 
 1.24016770e-05  5.50566999e-01  5.50979674e-01  5.50878862e-01 -2.83233701e-05 -6.58848414e-09 -4.81252613e-08 
 1.24018565e-05  5.50567468e-01  5.51014781e-01  5.50885156e-01 -3.39325420e-05  3.21656006e-08 -5.06219759e-08 
 1.24020181e-05  5.50571912e-01  5.51049474e-01  5.50892635e-01 -4.04561498e-05  8.87014564e-08 -5.22055742e-08 
 1.24021526e-05  5.50578934e-01  5.51081910e-01  5.50900261e-01 -4.67611545e-05  1.58268291e-07 -5.28967353e-08 
 1.24022638e-05  5.50584107e-01  5.51111316e-01  5.50907606e-01 -5.25155651e-05  2.37863909e-07 -5.29122266e-08 
 1.24023587e-05  5.50587666e-01  5.51139395e-01  5.50914689e-01 -5.76208685e-05  3.28085172e-07 -5.23816003e-08 
 1.24024428e-05  5.50587481e-01  5.51167053e-01  5.50921669e-01 -6.22317696e-05  4.31799208e-07 -5.13605890e-08 
 1.24025211e-05  5.50583780e-01  5.51196162e-01  5.50928835e-01 -6.64071182e-05  5.55335143e-07 -4.97887002e-08 
 1.24026018e-05  5.50575278e-01  5.51230146e-01  5.50936998e-01 -7.05392076e-05  7.17615032e-07 -4.73816433e-08 
 1.24026908e-05  5.50564515e-01  5.51271989e-01  5.50947012e-01 -7.48267382e-05  9.42463261e-07 -4.37031665e-08 
 1.24027958e-05  5.50554306e-01  5.51324374e-01  5.50960325e-01 -7.97326911e-05  1.26865328e-06 -3.80814209e-08 
 1.24028967e-05  5.50549004e-01  5.51374543e-01  5.50974633e-01 -8.43579417e-05  1.63721280e-06 -3.16038565e-08 
 1.24030132e-05  5.50548074e-01  5.51429496e-01  5.50992838e-01 -8.96571793e-05  2.11827056e-06 -2.31328203e-08 
 1.24031434e-05  5.50552974e-01  5.51485767e-01  5.51015037e-01 -9.53690736e-05  2.71258280e-06 -1.27222387e-08 
 1.24032869e-05  5.50563781e-01  5.51540735e-01  5.51041303e-01 -1.01103664e-04  3.41867964e-06 -4.69159484e-10 
 1.24034404e-05  5.50579873e-01  5.51590282e-01  5.51070886e-01 -1.05779280e-04  4.20912102e-06  1.30606469e-08 
 1.24035526e-05  5.50593033e-01  5.51618228e-01  5.51093079e-01 -1.06806903e-04  4.78928381e-06  2.27852384e-08 
 1.24036214e-05  5.50600787e-01  5.51629156e-01  5.51106735e-01 -1.04421830e-04  5.13103762e-06  2.83291794e-08 
 1.24036758e-05  5.50605966e-01  5.51631499e-01  5.51117423e-01 -9.98281877e-05  5.38075004e-06  3.21687196e-08 
 1.24037356e-05  5.50610321e-01  5.51625137e-01  5.51128852e-01 -9.23831515e-05  5.62097991e-06  3.55227726e-08 
 1.24038068e-05  5.50613460e-01  5.51605351e-01  5.51141725e-01 -8.15506020e-05  5.84855567e-06  3.81110576e-08 
 1.24038855e-05  5.50614462e-01  5.51571394e-01  5.51154726e-01 -6.88283511e-05  6.02082980e-06  3.91716784e-08 
 1.24039904e-05  5.50612269e-01  5.51516809e-01  5.51169592e-01 -5.33612524e-05  6.12627581e-06  3.80180026e-08 
 1.24040787e-05  5.50607994e-01  5.51470961e-01  5.51179885e-01 -4.30893322e-05  6.12122880e-06  3.52989708e-08 
 1.24041603e-05  5.50602636e-01  5.51434376e-01  5.51187768e-01 -3.59986424e-05  6.05887047e-06  3.18718561e-08 
 1.24042504e-05  5.50595663e-01  5.51403278e-01  5.51194966e-01 -3.04879550e-05  5.94511809e-06  2.75286248e-08 
 1.24043458e-05  5.50587465e-01  5.51381167e-01  5.51201325e-01 -2.66686955e-05  5.79076038e-06  2.26319459e-08 
 1.24044466e-05  5.50578255e-01  5.51368599e-01  5.51207091e-01 -2.42047171e-05  5.60629141e-06  1.74151888e-08 
 1.24045568e-05  5.50567802e-01  5.51364761e-01  5.51212786e-01 -2.26598066e-05  5.39265479e-06  1.18341089e-08 
 1.24046810e-05  5.50555754e-01  5.51369201e-01  5.51218928e-01 -2.17542515e-05  5.14839937e-06  5.81263825e-09 
 1.24048262e-05  5.50541522e-01  5.51381831e-01  5.51226210e-01 -2.12653812e-05  4.86786854e-06 -8.11705970e-10 
 1.24050000e-05  5.50524395e-01  5.51402875e-01  5.51235519e-01 -2.10452929e-05  4.54618486e-06 -8.17085521e-09 
 1.24050030e-05  5.50527582e-01  5.51406879e-01  5.51235690e-01 -1.99624316e-05  4.54125908e-06 -8.11390695e-09 
 1.24050090e-05  5.50531865e-01  5.51414341e-01  5.51236042e-01 -1.93882203e-05  4.53144994e-06 -8.01484163e-09 
 1.24050209e-05  5.50533808e-01  5.51426919e-01  5.51236792e-01 -1.89802617e-05  4.51187081e-06 -7.87876629e-09 
 1.24050357e-05  5.50533788e-01  5.51440175e-01  5.51237790e-01 -1.85539419e-05  4.48757341e-06 -7.75546845e-09 
 1.24050653e-05  5.50534048e-01  5.51463825e-01  5.51239985e-01 -1.78132947e-05  4.43891778e-06 -7.55707531e-09 
 1.24051245e-05  5.50534161e-01  5.51501529e-01  5.51245016e-01 -1.68113906e-05  4.34174928e-06 -7.31740771e-09 
 1.24052301e-05  5.50534384e-01  5.51544454e-01  5.51255378e-01 -1.58438702e-05  4.17056881e-06 -7.16756843e-09 
 1.24054413e-05  5.50534604e-01  5.51583129e-01  5.51278148e-01 -1.52848233e-05  3.84325265e-06 -7.20975598e-09 
 1.24056782e-05  5.50534954e-01  5.51600046e-01  5.51304008e-01 -1.52155098e-05  3.50408001e-06 -7.29786482e-09 
 1.24060192e-05  5.50535292e-01  5.51617394e-01  5.51339398e-01 -1.52243437e-05  3.06665581e-06 -7.27135552e-09 
 1.24064654e-05  5.50535822e-01  5.51636386e-01  5.51381992e-01 -1.52053762e-05  2.57501818e-06 -7.05397412e-09 
 1.24073579e-05  5.50536618e-01  5.51665228e-01  5.51455069e-01 -1.52214359e-05  1.81065345e-06 -6.28881614e-09 
 1.24091428e-05  5.50538009e-01  5.51691047e-01  5.51557926e-01 -1.52016456e-05  8.74677280e-07 -4.36740002e-09 
 1.24127127e-05  5.50539599e-01  5.51650555e-01  5.51628987e-01 -1.52170171e-05  1.56116066e-07 -1.47879339e-09 
 1.24187292e-05  5.50540617e-01  5.51434339e-01  5.51504338e-01 -1.51976803e-05 -1.27062581e-08 -6.62001297e-12 
 1.24261415e-05  5.50540395e-01  5.51101171e-01  5.51188850e-01 -1.52147702e-05  1.99079890e-09 -1.74037005e-10 
 1.24344392e-05  5.50539786e-01  5.50790528e-01  5.50851204e-01 -1.51974283e-05 -8.03963163e-10 -2.05956464e-10 
 1.24446268e-05  5.50538968e-01  5.50566059e-01  5.50582291e-01 -1.52156511e-05  3.91067348e-11 -1.19773975e-10 
 1.24589815e-05  5.50538385e-01  5.50495200e-01  5.50464829e-01 -1.51981246e-05 -8.72776565e-11 -2.09509021e-11 
 1.24816483e-05  5.50538204e-01  5.50651614e-01  5.50597636e-01 -1.52151628e-05  1.26902492e-10  5.04092876e-11 
 1.25057367e-05  5.50538595e-01  5.50829428e-01  5.50788682e-01 -1.51969756e-05  6.37091660e-12  3.39519231e-11 
 1.25291241e-05  5.50538768e-01  5.50864843e-01  5.50839618e-01 -1.52146983e-05  1.66830254e-11  1.80072759e-12 
 1.25599612e-05  5.50538816e-01  5.50805657e-01  5.50784705e-01 -1.51973036e-05 -3.42822314e-11 -1.21767510e-11 
 1.26000000e-05  5.50538646e-01  5.50752504e-01  5.50725744e-01 -1.52150682e-05  8.30912661e-12 -2.02373616e-12 
 1.26000180e-05  5.50543594e-01  5.50778601e-01  5.50725926e-01 -1.00750423e-05  4.26344558e-09  8.94751694e-10 
 1.26000541e-05  5.50546593e-01  5.50818323e-01  5.50726570e-01 -9.48736207e-06  1.27762559e-08  2.58218763e-09 
 1.26001110e-05  5.50546584e-01  5.50859054e-01  5.50728472e-01 -9.18707856e-06  2.56810532e-08  5.04760252e-09 
 1.26001713e-05  5.50548742e-01  5.50891484e-01  5.50731318e-01 -8.82150287e-06  3.87421291e-08  7.54343752e-09 
 1.26002921e-05  5.50550652e-01  5.50927995e-01  5.50738433e-01 -8.65105672e-06  6.35931852e-08  1.22161979e-08 
 1.26005335e-05  5.50556365e-01  5.50954480e-01  5.50754582e-01 -8.45471941e-06  1.09307117e-07  2.07665868e-08 
 1.26009062e-05  5.50563744e-01  5.50959424e-01  5.50778837e-01 -8.53147672e-06  1.71705007e-07  3.23752391e-08 
 1.26013962e-05  5.50575467e-01  5.50958269e-01  5.50806051e-01 -8.62095491e-06  2.40984584e-07  4.52374678e-08 
 1.26015221e-05  5.50578914e-01  5.50956968e-01  5.50812147e-01 -8.84510919e-06  2.56630817e-07  4.81201283e-08 
 1.26017741e-05  5.50593032e-01  5.50953008e-01  5.50823210e-01 -9.96793562e-06  2.84702044e-07  5.32354815e-08 
 1.26019295e-05  5.50609492e-01  5.50948122e-01  5.50829226e-01 -1.18222427e-05  2.99247873e-07  5.57802781e-08 
 1.26020530e-05  5.50630820e-01  5.50942283e-01  5.50833489e-01 -1.41947019e-05  3.08450449e-07  5.72654008e-08 
 1.26021766e-05  5.50659601e-01  5.50933696e-01  5.50837203e-01 -1.77464392e-05  3.14863729e-07  5.80704887e-08 
 1.26023047e-05  5.50698457e-01  5.50921825e-01  5.50840352e-01 -2.23246472e-05  3.17718855e-07  5.79813049e-08 
 1.26024312e-05  5.50743436e-01  5.50906291e-01  5.50842629e-01 -2.74070631e-05  3.15904191e-07  5.67225968e-08 
 1.26025481e-05  5.50789536e-01  5.50887797e-01  5.50843858e-01 -3.16326735e-05  3.09146559e-07  5.42615697e-08 
 1.26026536e-05  5.50832238e-01  5.50866355e-01  5.50844092e-01 -3.42713402e-05  2.97894216e-07  5.06891441e-08 
 1.26027611e-05  5.50875608e-01  5.50839160e-01  5.50843298e-01 -3.54364255e-05  2.80426341e-07  4.54731068e-08 
 1.26028749e-05  5.50919586e-01  5.50806465e-01  5.50841160e-01 -3.64653258e-05  2.55155336e-07  3.81988665e-08 
 1.26030277e-05  5.50974310e-01  5.50763744e-01  5.50836202e-01 -3.82532736e-05  2.11076477e-07  2.60472190e-08 
 1.26031458e-05  5.51011810e-01  5.50735240e-01  5.50830929e-01 -3.98470282e-05  1.69271185e-07  1.51334070e-08 
 1.26032679e-05  5.51045205e-01  5.50711757e-01  5.50824492e-01 -4.14735442e-05  1.17220787e-07  2.80775584e-09 
 1.26033668e-05  5.51066515e-01  5.50698285e-01  5.50818791e-01 -4.26005760e-05  6.10106851e-08 -7.70048406e-09 
 1.26034294e-05  5.51076604e-01  5.50693222e-01  5.50815067e-01 -4.30313386e-05  4.83777569e-09 -1.44475458e-08 
 1.26034704e-05  5.51081805e-01  5.50692064e-01  5.50812625e-01 -4.31320107e-05 -5.45375037e-08 -1.88162810e-08 
 1.26035072e-05  5.51084283e-01  5.50693035e-01  5.50810468e-01 -4.30064462e-05 -1.36038102e-07 -2.26098662e-08 
 1.26035358e-05  5.51081657e-01  5.50695591e-01  5.50808838e-01 -4.26857118e-05 -2.24644784e-07 -2.54017701e-08 
 1.26035605e-05  5.51072423e-01  5.50699646e-01  5.50807470e-01 -4.21407604e-05 -3.23003105e-07 -2.76417104e-08 
 1.26035854e-05  5.51054535e-01  5.50706249e-01  5.50806164e-01 -4.12649256e-05 -4.43091395e-07 -2.96186547e-08 
 1.26036180e-05  5.51020030e-01  5.50720068e-01  5.50804600e-01 -3.96211028e-05 -6.33484230e-07 -3.16437416e-08 
 1.26036479e-05  5.50982221e-01  5.50738294e-01  5.50803377e-01 -3.76960260e-05 -8.38576716e-07 -3.28326008e-08 
 1.26036909e-05  5.50925784e-01  5.50772589e-01  5.50802091e-01 -3.44743899e-05 -1.17962708e-06 -3.34127919e-08 
 1.26037325e-05  5.50875305e-01  5.50812208e-01  5.50801476e-01 -3.11101459e-05 -1.55572111e-06 -3.28366356e-08 
 1.26037661e-05  5.50840877e-01  5.50846224e-01  5.50801478e-01 -2.84168853e-05 -1.88561918e-06 -3.17178629e-08 
 1.26038005e-05  5.50812154e-01  5.50880955e-01  5.50801950e-01 -2.57969419e-05 -2.24476505e-06 -3.01334599e-08 
 1.26038422e-05  5.50786042e-01  5.50920916e-01  5.50803133e-01 -2.29155108e-05 -2.70517129e-06 -2.78168728e-08 
 1.26038806e-05  5.50769651e-01  5.50954355e-01  5.50804764e-01 -2.05950952e-05 -3.15036542e-06 -2.54563168e-08 
 1.26039248e-05  5.50758315e-01  5.50987957e-01  5.50807196e-01 -1.83446332e-05 -3.68553839e-06 -2.26317171e-08 
 1.26039684e-05  5.50753414e-01  5.51015886e-01  5.50810086e-01 -1.65288252e-05 -4.23776646e-06 -1.98307928e-08 
 1.26040204e-05  5.50753805e-01  5.51042868e-01  5.50814035e-01 -1.48346494e-05 -4.92888387e-06 -1.65611317e-08 
 1.26040749e-05  5.50759672e-01  5.51064737e-01  5.50818613e-01 -1.35063466e-05 -5.69338138e-06 -1.32664405e-08 
 1.26041416e-05  5.50772377e-01  5.51084462e-01  5.50824624e-01 -1.23670439e-05 -6.69084034e-06 -9.43531792e-09 
 1.26042154e-05  5.50791609e-01  5.51099672e-01  5.50831609e-01 -1.15406630e-05 -7.88582368e-06 -5.42147575e-09 
 1.26043095e-05  5.50821732e-01  5.51112445e-01  5.50840732e-01 -1.09218393e-05 -9.56372894e-06 -5.80888154e-10 
 1.26044216e-05  5.50863394e-01  5.51121924e-01  5.50851649e-01 -1.05390895e-05 -1.18148792e-05  4.90485809e-09 
 1.26045751e-05  5.50927060e-01  5.51129901e-01  5.50866341e-01 -1.03203057e-05 -1.53819202e-05  1.21253455e-08 
 1.26047781e-05  5.51017378e-01  5.51136676e-01  5.50885019e-01 -1.02261885e-05 -2.09972012e-05  2.14545967e-08 
 1.26050000e-05  5.51116938e-01  5.51142229e-01  5.50904306e-01 -1.02024341e-05 -2.82621283e-05  3.16483366e-08 
 1.26050026e-05  5.51115771e-01  5.51137043e-01  5.50904519e-01 -1.48378601e-05 -2.83547116e-05  3.16247774e-08 
 1.26050078e-05  5.51113767e-01  5.51127669e-01  5.50904936e-01 -1.51523166e-05 -2.85399889e-05  3.15810999e-08 
 1.26050182e-05  5.51111746e-01  5.51113013e-01  5.50905718e-01 -1.52228474e-05 -2.89099695e-05  3.15220888e-08 
 1.26050383e-05  5.51110037e-01  5.51091686e-01  5.50907070e-01 -1.52359389e-05 -2.96169910e-05  3.14669978e-08 
 1.26050742e-05  5.51107358e-01  5.51061536e-01  5.50909095e-01 -1.53011933e-05 -3.08630340e-05  3.14517758e-08 
 1.26051460e-05  5.51103451e-01  5.51017925e-01  5.50912014e-01 -1.52995747e-05 -3.32843495e-05  3.16622306e-08 
 1.26052707e-05  5.51098143e-01  5.50977446e-01  5.50914842e-01 -1.53190234e-05 -3.72704224e-05  3.25589182e-08 
 1.26054066e-05  5.51093249e-01  5.50961398e-01  5.50916273e-01 -1.52704149e-05 -4.13178130e-05  3.41103624e-08 
 1.26056326e-05  5.51085526e-01  5.50956750e-01  5.50917592e-01 -1.52706445e-05 -4.74110209e-05  3.76767650e-08 
 1.26060004e-05  5.51074350e-01  5.50963606e-01  5.50919653e-01 -1.52074961e-05 -5.58085215e-05  4.54407854e-08 
 1.26067360e-05  5.51055691e-01  5.50980121e-01  5.50925980e-01 -1.51816463e-05 -6.80375575e-05  6.49536889e-08 
 1.26079168e-05  5.51034047e-01  5.51002568e-01  5.50940430e-01 -1.50988749e-05 -7.85777273e-05  9.83656486e-08 
 1.26091759e-05  5.51018553e-01  5.51022610e-01  5.50958378e-01 -1.50961931e-05 -8.20262271e-05  1.28319006e-07 
 1.26106737e-05  5.51006416e-01  5.51041851e-01  5.50979725e-01 -1.50521144e-05 -8.07567610e-05  1.51435036e-07 
 1.26123475e-05  5.50997429e-01  5.51058721e-01  5.51001300e-01 -1.50754269e-05 -7.62007526e-05  1.62753290e-07 
 1.26145613e-05  5.50989781e-01  5.51074776e-01  5.51024560e-01 -1.50504815e-05 -6.86583460e-05  1.62069473e-07 
 1.26173354e-05  5.50983811e-01  5.51086914e-01  5.51045066e-01 -1.50874512e-05 -5.93516565e-05  1.48706865e-07 
 1.26214374e-05  5.50979166e-01  5.51092146e-01  5.51060309e-01 -1.50744416e-05 -4.77589657e-05  1.22896212e-07 
 1.26264556e-05  5.50977190e-01  5.51083125e-01  5.51060082e-01 -1.51196104e-05 -3.70622584e-05  9.49698357e-08 
 1.26320036e-05  5.50977670e-01  5.51059366e-01  5.51042841e-01 -1.51080551e-05 -2.85416723e-05  7.22591624e-08 
 1.26382209e-05  5.50979757e-01  5.51022621e-01  5.51010252e-01 -1.51517380e-05 -2.17328209e-05  5.43950585e-08 
 1.26452434e-05  5.50982884e-01  5.50976437e-01  5.50965541e-01 -1.51383525e-05 -1.63048178e-05  4.03996441e-08 
 1.26533490e-05  5.50986530e-01  5.50926633e-01  5.50914142e-01 -1.51799172e-05 -1.19460181e-05  2.93408493e-08 
 1.26626613e-05  5.50990271e-01  5.50883313e-01  5.50866367e-01 -1.51638920e-05 -8.52285690e-06  2.07897329e-08 
 1.26735109e-05  5.50993794e-01  5.50857550e-01  5.50834224e-01 -1.52021806e-05 -5.85798033e-06  1.42152609e-08 
 1.26860993e-05  5.50996868e-01  5.50858615e-01  5.50828952e-01 -1.51824293e-05 -3.85260759e-06  9.32179257e-09 
 1.27009224e-05  5.50999401e-01  5.50888019e-01  5.50854111e-01 -1.52167636e-05 -2.38382004e-06  5.76051000e-09 
 1.27183632e-05  5.51001335e-01  5.50935861e-01  5.50901186e-01 -1.51932188e-05 -1.36747120e-06  3.30752866e-09 
 1.27392843e-05  5.51002707e-01  5.50984639e-01  5.50952063e-01 -1.52242047e-05 -7.05064190e-07  1.70622552e-09 
 1.27646006e-05  5.51003557e-01  5.51019224e-01  5.50989341e-01 -1.51979897e-05 -3.14311745e-07  7.61866675e-10 
 1.27962327e-05  5.51004007e-01  5.51040802e-01  5.51012003e-01 -1.52269736e-05 -1.11760617e-07  2.71012055e-10 
 1.28369187e-05  5.51004196e-01  5.51063726e-01  5.51034641e-01 -1.51993609e-05 -2.69169573e-08  6.87737539e-11 
 1.28925152e-05  5.51004281e-01  5.51095393e-01  5.51066507e-01 -1.52274767e-05 -2.52841525e-09  9.07853111e-12 
 1.29744427e-05  5.51004322e-01  5.51125971e-01  5.51097837e-01 -1.51994809e-05  3.18819017e-10  1.75438218e-12 
 1.30744427e-05  5.51004347e-01  5.51147143e-01  5.51119103e-01 -1.52274994e-05 -1.09557742e-10  1.64591143e-12 
 1.31744427e-05  5.51004364e-01  5.51161215e-01  5.51133426e-01 -1.51994836e-05  6.21161586e-11  1.76495916e-12 
 1.32744427e-05  5.51004377e-01  5.51168135e-01  5.51140458e-01 -1.52275015e-05 -4.96807849e-11  8.73323386e-13 
 1.33744427e-05  5.51004384e-01  5.51172613e-01  5.51144950e-01 -1.51994866e-05  4.00586949e-11  1.53654303e-12 
 1.34744427e-05  5.51004393e-01  5.51175241e-01  5.51147654e-01 -1.52275013e-05 -3.73267819e-11  7.39953075e-13 
 1.35744427e-05  5.51004397e-01  5.51176483e-01  5.51148894e-01 -1.51994877e-05  2.96406693e-11  1.37882235e-12 
 1.36744427e-05  5.51004405e-01  5.51177501e-01  5.51149924e-01 -1.52275014e-05 -2.84393696e-11  7.40673202e-13 
 1.37744427e-05  5.51004408e-01  5.51177882e-01  5.51150324e-01 -1.51994877e-05  2.14297185e-11  1.30925354e-12 
 1.38744427e-05  5.51004414e-01  5.51178202e-01  5.51150630e-01 -1.52275018e-05 -2.10736307e-11  7.41874010e-13 
 1.39744427e-05  5.51004417e-01  5.51178372e-01  5.51150820e-01 -1.51994875e-05  1.46524017e-11  1.28993843e-12 
 1.40744427e-05  5.51004424e-01  5.51178450e-01  5.51150884e-01 -1.52275020e-05 -1.49213296e-11  7.40458530e-13 
 1.41744427e-05  5.51004427e-01  5.51178525e-01  5.51150971e-01 -1.51994875e-05  9.01445281e-12  1.28071907e-12 
 1.42744427e-05  5.51004433e-01  5.51178555e-01  5.51150992e-01 -1.52275020e-05 -9.78583685e-12  7.46884379e-13 
 1.43744427e-05  5.51004436e-01  5.51178572e-01  5.51151019e-01 -1.51994875e-05  4.32078115e-12  1.26836080e-12 
 1.44744427e-05  5.51004442e-01  5.51178599e-01  5.51151036e-01 -1.52275021e-05 -5.50726890e-12  7.58957946e-13 
 1.45372213e-05  5.51004443e-01  5.51178592e-01  5.51151039e-01 -1.51994874e-05 -6.12063135e-13  1.25114291e-12 
 1.46000000e-05  5.51004448e-01  5.51178610e-01  5.51151047e-01 -1.52275021e-05 -1.18118406e-13  7.78326297e-13 
 1.46000408e-05  5.50996282e-01  5.51131362e-01  5.51150289e-01 -2.01996295e-05 -1.17124895e-08 -1.91758301e-09 
 1.46001223e-05  5.50990662e-01  5.51065417e-01  5.51147739e-01 -2.03670916e-05 -3.46657773e-08 -5.48834546e-09 
 1.46002854e-05  5.50987245e-01  5.51003898e-01  5.51138853e-01 -2.03291543e-05 -7.58224163e-08 -1.19060898e-08 
 1.46004534e-05  5.50982875e-01  5.50980832e-01  5.51127540e-01 -2.04220389e-05 -1.13669112e-07 -1.79786816e-08 
 1.46006290e-05  5.50980126e-01  5.50975030e-01  5.51115516e-01 -2.04351748e-05 -1.49464514e-07 -2.38620547e-08 
 1.46009803e-05  5.50973346e-01  5.50970165e-01  5.51093137e-01 -2.09663143e-05 -2.10085450e-07 -3.44318685e-08 
 1.46011986e-05  5.50972085e-01  5.50972167e-01  5.51080623e-01 -2.18581040e-05 -2.41104819e-07 -4.01934377e-08 
 1.46013778e-05  5.50972558e-01  5.50973432e-01  5.51071256e-01 -2.35696846e-05 -2.62495925e-07 -4.44519497e-08 
 1.46015441e-05  5.50977500e-01  5.50977696e-01  5.51063321e-01 -2.61865383e-05 -2.78626078e-07 -4.79586219e-08 
 1.46017109e-05  5.50985603e-01  5.50982636e-01  5.51056174e-01 -3.02447985e-05 -2.90201142e-07 -5.10055290e-08 
 1.46018720e-05  5.50998294e-01  5.50990454e-01  5.51050107e-01 -3.54723200e-05 -2.96039277e-07 -5.34154142e-08 
 1.46020150e-05  5.51011438e-01  5.50998715e-01  5.51045486e-01 -4.12937476e-05 -2.95463389e-07 -5.50484920e-08 
 1.46021356e-05  5.51023912e-01  5.51008044e-01  5.51042207e-01 -4.68744441e-05 -2.89554591e-07 -5.59547150e-08 
 1.46022373e-05  5.51033294e-01  5.51017253e-01  5.51039929e-01 -5.20641357e-05 -2.79367199e-07 -5.63014954e-08 
 1.46023253e-05  5.51040103e-01  5.51027185e-01  5.51038364e-01 -5.67355608e-05 -2.65558196e-07 -5.61939229e-08 
 1.46024035e-05  5.51043230e-01  5.51037612e-01  5.51037331e-01 -6.10103909e-05 -2.48141841e-07 -5.56920426e-08 
 1.46024750e-05  5.51042942e-01  5.51049189e-01  5.51036725e-01 -6.48582029e-05 -2.26863668e-07 -5.47968537e-08 
 1.46025438e-05  5.51038488e-01  5.51062493e-01  5.51036497e-01 -6.84724990e-05 -2.00356913e-07 -5.34406571e-08 
 1.46026236e-05  5.51029405e-01  5.51081056e-01  5.51036740e-01 -7.24276310e-05 -1.61171361e-07 -5.11337237e-08 
 1.46026984e-05  5.51019787e-01  5.51100906e-01  5.51037526e-01 -7.59512626e-05 -1.16815216e-07 -4.82313334e-08 
 1.46028073e-05  5.51007924e-01  5.51131387e-01  5.51039702e-01 -8.08141471e-05 -4.43860081e-08 -4.28669473e-08 
 1.46029001e-05  5.50999787e-01  5.51156996e-01  5.51042507e-01 -8.46974522e-05  1.63851350e-08 -3.73977342e-08 
 1.46029984e-05  5.50993636e-01  5.51182263e-01  5.51046348e-01 -8.85435781e-05  6.90795110e-08 -3.09014688e-08 
 1.46031035e-05  5.50989967e-01  5.51205976e-01  5.51051297e-01 -9.24028802e-05  1.07892126e-07 -2.33549745e-08 
 1.46032167e-05  5.50990082e-01  5.51226380e-01  5.51057377e-01 -9.63478840e-05  1.36272680e-07 -1.47543365e-08 
 1.46033367e-05  5.50992936e-01  5.51241380e-01  5.51064360e-01 -9.99457948e-05  1.61431786e-07 -5.33970046e-09 
 1.46034624e-05  5.50997819e-01  5.51248878e-01  5.51071875e-01 -1.02218331e-04  1.86923157e-07  4.52602493e-09 
 1.46035464e-05  5.51001238e-01  5.51247498e-01  5.51076790e-01 -1.01208272e-04  2.03412831e-07  1.08140967e-08 
 1.46036045e-05  5.51003294e-01  5.51241224e-01  5.51080006e-01 -9.75912177e-05  2.13558591e-07  1.47193230e-08 
 1.46036583e-05  5.51004559e-01  5.51228990e-01  5.51082721e-01 -9.17176605e-05  2.21090673e-07  1.77120823e-08 
 1.46037231e-05  5.51005364e-01  5.51204496e-01  5.51085445e-01 -8.24619816e-05  2.26809699e-07  2.02581490e-08 
 1.46037921e-05  5.51005427e-01  5.51168108e-01  5.51087442e-01 -7.14031608e-05  2.28528522e-07  2.16001871e-08 
 1.46038803e-05  5.51004641e-01  5.51112131e-01  5.51088313e-01 -5.77200261e-05  2.24350014e-07  2.14122771e-08 
 1.46040038e-05  5.51002543e-01  5.51030824e-01  5.51086172e-01 -4.23437817e-05  2.08794404e-07  1.84446480e-08 
 1.46040904e-05  5.51000744e-01  5.50979562e-01  5.51082477e-01 -3.50591968e-05  1.92915940e-07  1.51304336e-08 
 1.46041700e-05  5.50999018e-01  5.50940459e-01  5.51077774e-01 -3.04480122e-05  1.76150239e-07  1.16732966e-08 
 1.46042623e-05  5.50996973e-01  5.50904965e-01  5.51071158e-01 -2.69515677e-05  1.55147055e-07  7.49288714e-09 
 1.46043549e-05  5.50994929e-01  5.50878601e-01  5.51063634e-01 -2.48247497e-05  1.33147472e-07  3.30242458e-09 
 1.46044630e-05  5.50992537e-01  5.50856952e-01  5.51054176e-01 -2.34240815e-05  1.07018946e-07 -1.44031859e-09 
 1.46045784e-05  5.50990011e-01  5.50841527e-01  5.51043684e-01 -2.26569687e-05  7.92124823e-08 -6.25792417e-09 
 1.46047198e-05  5.50986916e-01  5.50829374e-01  5.51030715e-01 -2.22377869e-05  4.58408370e-08 -1.18032733e-08 
 1.46048599e-05  5.50983878e-01  5.50821612e-01  5.51018027e-01 -2.20704736e-05  1.39214065e-08 -1.69383263e-08 
 1.46050000e-05  5.50980837e-01  5.50816141e-01  5.51005670e-01 -2.20136964e-05 -1.66517258e-08 -2.17558200e-08 
 1.46050016e-05  5.50982102e-01  5.50819509e-01  5.51005530e-01 -1.74289066e-05 -1.66386740e-08 -2.17205999e-08 
 1.46050049e-05  5.50984201e-01  5.50825773e-01  5.51005254e-01 -1.71090068e-05 -1.65871408e-08 -2.16524202e-08 
 1.46050115e-05  5.50986201e-01  5.50836218e-01  5.51004725e-01 -1.68197333e-05 -1.64003733e-08 -2.15332150e-08 
 1.46050204e-05  5.50986708e-01  5.50847530e-01  5.51004047e-01 -1.67310763e-05 -1.61277836e-08 -2.13985259e-08 
 1.46050344e-05  5.50986834e-01  5.50862125e-01  5.51003062e-01 -1.65243992e-05 -1.57466347e-08 -2.12067222e-08 
 1.46050623e-05  5.50986859e-01  5.50886608e-01  5.51001324e-01 -1.62628900e-05 -1.50839340e-08 -2.08546311e-08 
 1.46051182e-05  5.50986908e-01  5.50924572e-01  5.50998597e-01 -1.58327169e-05 -1.40599906e-08 -2.02360251e-08 
 1.46052301e-05  5.50986896e-01  5.50970620e-01  5.50995161e-01 -1.54425643e-05 -1.27143207e-08 -1.92043697e-08 
 1.46054537e-05  5.50986938e-01  5.51002968e-01  5.50992085e-01 -1.51991016e-05 -1.11737811e-08 -1.75134590e-08 
 1.46057449e-05  5.50986976e-01  5.51006662e-01  5.50990454e-01 -1.52138499e-05 -9.86021835e-09 -1.56212896e-08 
 1.46061504e-05  5.50987059e-01  5.51004067e-01  5.50988557e-01 -1.51907926e-05 -8.37391589e-09 -1.33135740e-08 
 1.46067670e-05  5.50987132e-01  5.50999710e-01  5.50985436e-01 -1.52136853e-05 -6.56459649e-09 -1.04312314e-08 
 1.46080001e-05  5.50987279e-01  5.50990652e-01  5.50978391e-01 -1.51923465e-05 -4.00676195e-09 -6.35563749e-09 
 1.46104663e-05  5.50987406e-01  5.50972277e-01  5.50962222e-01 -1.52158344e-05 -1.40252462e-09 -2.20288912e-09 
 1.46153988e-05  5.50987456e-01  5.50941452e-01  5.50929541e-01 -1.51948388e-05 -4.90310813e-11 -4.60411503e-11 
 1.46252637e-05  5.50987254e-01  5.50923285e-01  5.50896733e-01 -1.52176022e-05 -8.67133188e-13 -4.84087201e-12 
 1.46398027e-05  5.50987108e-01  5.50987837e-01  5.50943287e-01 -1.51951963e-05  3.94972360e-11  1.69331278e-11 
 1.46601131e-05  5.50987222e-01  5.51132362e-01  5.51086543e-01 -1.52170221e-05  5.52313490e-11  4.27440591e-11 
 1.46869402e-05  5.50987515e-01  5.51236330e-01  5.51204963e-01 -1.51946845e-05  1.08094074e-11  1.12931863e-11 
 1.47149200e-05  5.50987592e-01  5.51223312e-01  5.51200378e-01 -1.52170636e-05 -1.15573438e-11 -4.80708789e-12 
 1.47574600e-05  5.50987524e-01  5.51170169e-01  5.51144548e-01 -1.51950518e-05 -7.71559162e-12 -5.73367108e-12 
 1.48000000e-05  5.50987470e-01  5.51168574e-01  5.51139656e-01 -1.52171835e-05  4.49071444e-12  4.72183810e-12 
 1.48000227e-05  5.50997238e-01  5.51189177e-01  5.51139853e-01 -1.32644102e-05  3.29133199e-09  1.18568632e-09 
 1.48000680e-05  5.51004892e-01  5.51221875e-01  5.51140538e-01 -1.19404027e-05  9.20020126e-09  3.35071058e-09 
 1.48001588e-05  5.51012137e-01  5.51261049e-01  5.51143153e-01 -1.07061012e-05  1.76325084e-08  7.15253427e-09 
 1.48002448e-05  5.51022236e-01  5.51278601e-01  5.51146505e-01 -1.00234755e-05  2.30272054e-08  1.04251689e-08 
 1.48004168e-05  5.51038159e-01  5.51281962e-01  5.51153570e-01 -9.68719468e-06  3.07004718e-08  1.64051311e-08 
 1.48006734e-05  5.51064863e-01  5.51259943e-01  5.51162342e-01 -9.50523213e-06  3.90146001e-08  2.45094370e-08 
 1.48010152e-05  5.51097851e-01  5.51216935e-01  5.51168552e-01 -9.59883887e-06  4.82832776e-08  3.40818453e-08 
 1.48014978e-05  5.51148507e-01  5.51148535e-01  5.51166197e-01 -9.82033847e-06  5.68467584e-08  4.55414242e-08 
 1.48016272e-05  5.51162826e-01  5.51128120e-01  5.51163401e-01 -1.01863708e-05  5.63465792e-08  4.81828034e-08 
 1.48018860e-05  5.51203714e-01  5.51083863e-01  5.51155037e-01 -1.21085795e-05  3.24684440e-08  5.25895230e-08 
 1.48020521e-05  5.51241105e-01  5.51050806e-01  5.51147626e-01 -1.50421849e-05 -1.47879142e-08  5.44556981e-08 
 1.48021808e-05  5.51280431e-01  5.51021629e-01  5.51140654e-01 -1.84008057e-05 -8.49711010e-08  5.50505381e-08 
 1.48023080e-05  5.51325627e-01  5.50988582e-01  5.51132559e-01 -2.28131815e-05 -1.96572677e-07  5.46189241e-08 
 1.48024372e-05  5.51378510e-01  5.50950579e-01  5.51122958e-01 -2.76273445e-05 -3.66388846e-07  5.28906869e-08 
 1.48025588e-05  5.51430202e-01  5.50909299e-01  5.51112487e-01 -3.18269112e-05 -5.92472590e-07  4.97676100e-08 
 1.48026676e-05  5.51477010e-01  5.50866462e-01  5.51101743e-01 -3.42035846e-05 -8.64256941e-07  4.54383773e-08 
 1.48027920e-05  5.51526943e-01  5.50809544e-01  5.51087603e-01 -3.52832205e-05 -1.27235042e-06  3.83674767e-08 
 1.48029043e-05  5.51568470e-01  5.50753391e-01  5.51072940e-01 -3.60059510e-05 -1.73425758e-06  3.00399586e-08 
 1.48030783e-05  5.51623129e-01  5.50667747e-01  5.51046713e-01 -3.77836576e-05 -2.60661067e-06  1.41235997e-08 
 1.48032130e-05  5.51657334e-01  5.50606933e-01  5.51023793e-01 -3.93215528e-05 -3.39434938e-06 -2.26850857e-10 
 1.48033335e-05  5.51680789e-01  5.50558585e-01  5.51001737e-01 -4.07807515e-05 -4.16400616e-06 -1.41608898e-08 
 1.48034343e-05  5.51693964e-01  5.50523923e-01  5.50982450e-01 -4.16979027e-05 -4.84020192e-06 -2.63249321e-08 
 1.48034941e-05  5.51697090e-01  5.50506954e-01  5.50970763e-01 -4.20262205e-05 -5.24688650e-06 -3.36263522e-08 
 1.48035335e-05  5.51699069e-01  5.50498013e-01  5.50963000e-01 -4.20279419e-05 -5.51255479e-06 -3.84004294e-08 
 1.48035683e-05  5.51701696e-01  5.50492342e-01  5.50956165e-01 -4.18563965e-05 -5.74039435e-06 -4.25091208e-08 
 1.48035976e-05  5.51704175e-01  5.50489853e-01  5.50950422e-01 -4.14446025e-05 -5.92384748e-06 -4.58272858e-08 
 1.48036264e-05  5.51705850e-01  5.50490595e-01  5.50944838e-01 -4.07027249e-05 -6.09044847e-06 -4.88307936e-08 
 1.48036590e-05  5.51709938e-01  5.50496950e-01  5.50938629e-01 -3.93849906e-05 -6.25601715e-06 -5.17451168e-08 
 1.48036954e-05  5.51726121e-01  5.50512272e-01  5.50931952e-01 -3.73831014e-05 -6.40535355e-06 -5.41941767e-08 
 1.48037380e-05  5.51770729e-01  5.50540275e-01  5.50924638e-01 -3.45497544e-05 -6.52961453e-06 -5.59017392e-08 
 1.48038032e-05  5.51904994e-01  5.50596311e-01  5.50914757e-01 -2.97801175e-05 -6.62310438e-06 -5.63882546e-08 
 1.48038473e-05  5.52043206e-01  5.50637935e-01  5.50909073e-01 -2.66193052e-05 -6.62970505e-06 -5.55622956e-08 
 1.48038875e-05  5.52200088e-01  5.50674391e-01  5.50904596e-01 -2.39628020e-05 -6.60587175e-06 -5.43020863e-08 
 1.48039364e-05  5.52425204e-01  5.50713937e-01  5.50899985e-01 -2.11546568e-05 -6.54883962e-06 -5.24148979e-08 
 1.48039827e-05  5.52669242e-01  5.50745279e-01  5.50896357e-01 -1.89301815e-05 -6.47463637e-06 -5.04777381e-08 
 1.48040371e-05  5.52990193e-01  5.50774119e-01  5.50892822e-01 -1.68517083e-05 -6.37124650e-06 -4.82244536e-08 
 1.48040922e-05  5.53350133e-01  5.50795123e-01  5.50889863e-01 -1.52394931e-05 -6.25563741e-06 -4.61033077e-08 
 1.48041592e-05  5.53833431e-01  5.50811367e-01  5.50886841e-01 -1.38370049e-05 -6.10746990e-06 -4.38548262e-08 
 1.48042321e-05  5.54414890e-01  5.50820068e-01  5.50884008e-01 -1.28084654e-05 -5.94311677e-06 -4.18818426e-08 
 1.48043239e-05  5.55235929e-01  5.50822001e-01  5.50880744e-01 -1.20220978e-05 -5.73649254e-06 -4.01028632e-08 
 1.48044312e-05  5.56329018e-01  5.50816379e-01  5.50876998e-01 -1.15128820e-05 -5.50010354e-06 -3.89863614e-08 
 1.48045756e-05  5.58042643e-01  5.50801963e-01  5.50871645e-01 -1.11977304e-05 -5.19481126e-06 -3.90233913e-08 
 1.48047639e-05  5.60726379e-01  5.50778002e-01  5.50863717e-01 -1.10238634e-05 -4.81994461e-06 -4.15442272e-08 
 1.48050000e-05  5.64828876e-01  5.50744891e-01  5.50852012e-01 -1.09371212e-05 -4.38654359e-06 -4.83211015e-08 
 1.48050048e-05  5.64915444e-01  5.50738655e-01  5.50851742e-01 -1.20980387e-05 -4.37882583e-06 -4.87794206e-08 
 1.48050144e-05  5.65092360e-01  5.50727372e-01  5.50851181e-01 -1.26360913e-05 -4.36337412e-06 -4.96608408e-08 
 1.48050336e-05  5.65455538e-01  5.50709073e-01  5.50849951e-01 -1.29266559e-05 -4.33230764e-06 -5.13028677e-08 
 1.48050669e-05  5.66084746e-01  5.50682371e-01  5.50847546e-01 -1.35288549e-05 -4.27824903e-06 -5.40206260e-08 
 1.48051116e-05  5.66925611e-01  5.50652697e-01  5.50843870e-01 -1.39857509e-05 -4.20583172e-06 -5.74905036e-08 
 1.48052010e-05  5.68596615e-01  5.50611333e-01  5.50835464e-01 -1.46003974e-05 -4.06297614e-06 -6.39879024e-08 
 1.48053613e-05  5.71555237e-01  5.50572647e-01  5.50818618e-01 -1.49204952e-05 -3.81663601e-06 -7.46543401e-08 
 1.48055591e-05  5.75130717e-01  5.50553294e-01  5.50797068e-01 -1.50098426e-05 -3.53255561e-06 -8.64833511e-08 
 1.48058740e-05  5.80660198e-01  5.50541021e-01  5.50764192e-01 -1.49605408e-05 -3.12277234e-06 -1.02832209e-07 
 1.48062580e-05  5.87139353e-01  5.50539701e-01  5.50728339e-01 -1.49657348e-05 -2.68646912e-06 -1.19092110e-07 
 1.48070003e-05  5.98887570e-01  5.50568931e-01  5.50676228e-01 -1.48987377e-05 -2.00500425e-06 -1.41248531e-07 
 1.48084399e-05  6.19005057e-01  5.50742794e-01  5.50654812e-01 -1.48733198e-05 -1.12295222e-06 -1.59751051e-07 
 1.48108023e-05  6.45517653e-01  5.51351480e-01  5.50888913e-01 -1.47934856e-05 -4.10875040e-07 -1.52402500e-07 
 1.48133959e-05  6.67161724e-01  5.52462979e-01  5.51565703e-01 -1.48029891e-05 -1.31194802e-07 -1.24126995e-07 
 1.48163493e-05  6.84818608e-01  5.54250543e-01  5.52875361e-01 -1.47799986e-05 -3.12515332e-08 -9.08935545e-08 
 1.48193161e-05  6.97180911e-01  5.56539379e-01  5.54731341e-01 -1.48311100e-05 -3.99198957e-09 -6.39173824e-08 
 1.48227877e-05  7.07000319e-01  5.59729714e-01  5.57497778e-01 -1.48382820e-05  4.44141567e-09 -4.11259115e-08 
 1.48265227e-05  7.13819842e-01  5.63639510e-01  5.61054320e-01 -1.49086405e-05  6.63633358e-09 -2.47077988e-08 
 1.48310025e-05  7.18815804e-01  5.68792492e-01  5.65906155e-01 -1.49276824e-05  7.57155973e-09 -1.23262569e-08 
 1.48348299e-05  7.21352852e-01  5.73478078e-01  5.70416005e-01 -1.49915555e-05  8.07306680e-09 -5.81721498e-09 
 1.48381471e-05  7.22766040e-01  5.77681864e-01  5.74512327e-01 -1.49893196e-05  8.41447004e-09 -2.07112015e-09 
 1.48412859e-05  7.23668401e-01  5.81743691e-01  5.78501326e-01 -1.50381894e-05  8.68142057e-09  4.04173148e-10 
 1.48447488e-05  7.24338390e-01  5.86288881e-01  5.82990828e-01 -1.50286764e-05  8.90573480e-09  2.30907602e-09 
 1.48482037e-05  7.24778464e-01  5.90866436e-01  5.87532799e-01 -1.50713202e-05  9.08075118e-09  3.61844279e-09 
 1.48519425e-05  7.25088043e-01  5.95844528e-01  5.92489899e-01 -1.50555073e-05  9.20810274e-09  4.58285887e-09 
 1.48557131e-05  7.25287233e-01  6.00870253e-01  5.97509335e-01 -1.50922756e-05  9.29546639e-09  5.23818950e-09 
 1.48603284e-05  7.25436786e-01  6.07001897e-01  6.03650096e-01 -1.50720464e-05  9.33614148e-09  5.75123643e-09 
 1.48657026e-05  7.25534912e-01  6.14078171e-01  6.10757105e-01 -1.51049415e-05  9.32191618e-09  6.09473292e-09 
 1.48722191e-05  7.25596474e-01  6.22507889e-01  6.19250557e-01 -1.50804108e-05  9.20422041e-09  6.27530162e-09 
 1.48797157e-05  7.25631379e-01  6.31911638e-01  6.28762472e-01 -1.51091456e-05  8.95970726e-09  6.28277937e-09 
 1.48886896e-05  7.25652792e-01  6.42599565e-01  6.39630155e-01 -1.50821293e-05  8.49410439e-09  6.08740543e-09 
 1.48991766e-05  7.25668558e-01  6.54048561e-01  6.51360573e-01 -1.51112590e-05  7.73169386e-09  5.63990165e-09 
 1.49120174e-05  7.25683333e-01  6.66110469e-01  6.63864038e-01 -1.50894880e-05  6.48285905e-09  4.81562292e-09 
 1.49245826e-05  7.25695761e-01  6.75472216e-01  6.73727036e-01 -1.51268706e-05  5.04277655e-09  3.80521939e-09 
 1.49383858e-05  7.25706453e-01  6.82865560e-01  6.81666889e-01 -1.51141715e-05  3.43679014e-09  2.63663658e-09 
 1.49527643e-05  7.25714306e-01  6.87782369e-01  6.87043081e-01 -1.51581228e-05  2.06799579e-09  1.59809838e-09 
 1.49678304e-05  7.25718703e-01  6.90859952e-01  6.90412238e-01 -1.51461689e-05  1.16796570e-09  8.80071084e-10 
 1.49851162e-05  7.25720979e-01  6.93183946e-01  6.92855712e-01 -1.51859738e-05  7.80798668e-10  5.30309936e-10 
 1.50013103e-05  7.25721615e-01  6.95120222e-01  6.94783776e-01 -1.51650441e-05  7.81682310e-10  4.97112552e-10 
 1.50188017e-05  7.25722505e-01  6.97403003e-01  6.97028261e-01 -1.51949422e-05  8.97536592e-10  5.72227441e-10 
 1.50369576e-05  7.25723632e-01  6.99951440e-01  6.99559317e-01 -1.51679318e-05  9.55766872e-10  6.26907836e-10 
 1.50626308e-05  7.25726018e-01  7.03455801e-01  7.03090143e-01 -1.51946033e-05  9.00473630e-10  6.05720489e-10 
 1.51020309e-05  7.25729229e-01  7.07953185e-01  7.07667432e-01 -1.51674516e-05  6.78937930e-10  4.62583641e-10 
 1.51398892e-05  7.25731707e-01  7.11251467e-01  7.11023097e-01 -1.51955891e-05  5.21742589e-10  3.50043320e-10 
 1.51903328e-05  7.25733851e-01  7.14683501e-01  7.14496326e-01 -1.51691070e-05  4.05526860e-10  2.71939667e-10 
 1.52404814e-05  7.25735753e-01  7.17347449e-01  7.17194066e-01 -1.51965564e-05  3.19304278e-10  2.14850803e-10 
 1.53005366e-05  7.25737259e-01  7.19714951e-01  7.19596478e-01 -1.51696780e-05  2.19928477e-10  1.49073857e-10 
 1.53673663e-05  7.25738608e-01  7.21569855e-01  7.21475679e-01 -1.51971616e-05  1.58031590e-10  1.06045384e-10 
 1.54428338e-05  7.25739455e-01  7.23015528e-01  7.22940438e-01 -1.51701217e-05  1.02598474e-10  7.05825527e-11 
 1.55244634e-05  7.25740258e-01  7.24038095e-01  7.23977327e-01 -1.51974425e-05  6.77348514e-11  4.58886428e-11 
 1.56219826e-05  7.25740640e-01  7.24794467e-01  7.24743515e-01 -1.51703524e-05  3.71890426e-11  2.66976048e-11 
 1.57219826e-05  7.25741060e-01  7.25251456e-01  7.25206749e-01 -1.51975800e-05  2.43904538e-11  1.70020491e-11 
 1.58219826e-05  7.25741117e-01  7.25513811e-01  7.25472687e-01 -1.51704395e-05  1.05956151e-11  8.92158840e-12 
 1.59219826e-05  7.25741333e-01  7.25667228e-01  7.25628030e-01 -1.51976275e-05  9.50195044e-12  7.03725153e-12 
 1.60219826e-05  7.25741275e-01  7.25755943e-01  7.25718072e-01 -1.51704688e-05  1.82240095e-12  3.09122454e-12 
 1.61219826e-05  7.25741422e-01  7.25807082e-01  7.25769793e-01 -1.51976417e-05  4.32721545e-12  3.55878543e-12 
 1.62219826e-05  7.25741325e-01  7.25837177e-01  7.25800359e-01 -1.51704812e-05 -1.01392983e-12  1.20857279e-12 
 1.63219826e-05  7.25741451e-01  7.25854308e-01  7.25817679e-01 -1.51976435e-05  2.54052855e-12  2.36336265e-12 
 1.64219826e-05  7.25741340e-01  7.25864371e-01  7.25827907e-01 -1.51704882e-05 -1.96977265e-12  5.67253005e-13 
 1.65219826e-05  7.25741458e-01  7.25870238e-01  7.25833824e-01 -1.51976415e-05  1.96408753e-12  1.98281658e-12 
 1.66219826e-05  7.25741342e-01  7.25873520e-01  7.25837183e-01 -1.51704930e-05 -2.31798738e-12  3.31170584e-13 
 1.67109913e-05  7.25741458e-01  7.25875391e-01  7.25839040e-01 -1.51976383e-05  1.79600627e-12  1.87246410e-12 
 1.68000000e-05  7.25741341e-01  7.25876418e-01  7.25840124e-01 -1.51704973e-05 -2.43694821e-12  2.51375635e-13 
 1.68000860e-05  7.25717890e-01  7.25824475e-01  7.25838397e-01 -1.76930760e-05 -7.70307755e-09 -3.90281974e-09 
 1.68002580e-05  7.25692454e-01  7.25766249e-01  7.25833122e-01 -1.91351535e-05 -1.81963821e-08 -1.08047865e-08 
 1.68005201e-05  7.25661842e-01  7.25767276e-01  7.25822895e-01 -1.93892923e-05 -2.64788576e-08 -1.96492032e-08 
 1.68008151e-05  7.25626282e-01  7.25800508e-01  7.25814505e-01 -1.96318506e-05 -3.44701376e-08 -2.85389099e-08 
 1.68011172e-05  7.25595446e-01  7.25839301e-01  7.25810985e-01 -2.03935456e-05 -3.90012688e-08 -3.65409255e-08 
 1.68013323e-05  7.25576408e-01  7.25869819e-01  7.25811586e-01 -2.20245707e-05 -3.66430922e-08 -4.15492149e-08 
 1.68015135e-05  7.25566946e-01  7.25898688e-01  7.25814131e-01 -2.46004748e-05 -2.65514477e-08 -4.52300468e-08 
 1.68016948e-05  7.25562482e-01  7.25930114e-01  7.25818608e-01 -2.87921013e-05 -3.99240921e-09 -4.83549977e-08 
 1.68018741e-05  7.25566351e-01  7.25965316e-01  7.25825034e-01 -3.45777537e-05  3.65002938e-08 -5.07751825e-08 
 1.68020340e-05  7.25574362e-01  7.25999804e-01  7.25832550e-01 -4.11835991e-05  9.44919708e-08 -5.22663853e-08 
 1.68021669e-05  7.25584957e-01  7.26031969e-01  7.25840163e-01 -4.75206662e-05  1.65209881e-07 -5.28780350e-08 
 1.68022770e-05  7.25593927e-01  7.26061226e-01  7.25847492e-01 -5.32968762e-05  2.45946896e-07 -5.28259819e-08 
 1.68023712e-05  7.25601617e-01  7.26089280e-01  7.25854577e-01 -5.84344898e-05  3.37529687e-07 -5.22314140e-08 
 1.68024551e-05  7.25606097e-01  7.26117060e-01  7.25861583e-01 -6.30878694e-05  4.43033998e-07 -5.11413295e-08 
 1.68025337e-05  7.25607774e-01  7.26146517e-01  7.25868823e-01 -6.73309632e-05  5.69410699e-07 -4.94820059e-08 
 1.68026159e-05  7.25606062e-01  7.26181414e-01  7.25877200e-01 -7.15880751e-05  7.37736380e-07 -4.69272547e-08 
 1.68027052e-05  7.25603590e-01  7.26223637e-01  7.25887336e-01 -7.59300400e-05  9.67069431e-07 -4.31165037e-08 
 1.68028138e-05  7.25601697e-01  7.26278009e-01  7.25901256e-01 -8.09884383e-05  1.31034386e-06 -3.71425526e-08 
 1.68029566e-05  7.25601639e-01  7.26348568e-01  7.25922115e-01 -8.73915139e-05  1.85439736e-06 -2.75271753e-08 
 1.68030879e-05  7.25605677e-01  7.26408780e-01  7.25943618e-01 -9.31733317e-05  2.43024142e-06 -1.73763529e-08 
 1.68032236e-05  7.25614445e-01  7.26464421e-01  7.25967752e-01 -9.88211535e-05  3.08136944e-06 -6.01052572e-09 
 1.68033666e-05  7.25627991e-01  7.26515209e-01  7.25994763e-01 -1.03941235e-04  3.80877839e-06  6.53213957e-09 
 1.68034947e-05  7.25642625e-01  7.26552706e-01  7.26019900e-01 -1.06877175e-04  4.47731179e-06  1.78760609e-08 
 1.68035807e-05  7.25652835e-01  7.26571540e-01  7.26037000e-01 -1.06490616e-04  4.91945296e-06  2.52063330e-08 
 1.68036398e-05  7.25659257e-01  7.26579048e-01  7.26048732e-01 -1.03468871e-04  5.20821361e-06  2.98223520e-08 
 1.68036942e-05  7.25664167e-01  7.26579292e-01  7.26059380e-01 -9.81661429e-05  5.45100097e-06  3.34707356e-08 
 1.68037591e-05  7.25668383e-01  7.26569171e-01  7.26071628e-01 -8.94252996e-05  5.69771684e-06  3.67580663e-08 
 1.68038297e-05  7.25670905e-01  7.26546094e-01  7.26084155e-01 -7.82867508e-05  5.90463324e-06  3.88718455e-08 
 1.68039160e-05  7.25671190e-01  7.26505913e-01  7.26097920e-01 -6.44341058e-05  6.06560949e-06  3.94237976e-08 
 1.68040314e-05  7.25667617e-01  7.26444858e-01  7.26113310e-01 -4.84654123e-05  6.13739840e-06  3.72892304e-08 
 1.68041142e-05  7.25662939e-01  7.26403550e-01  7.26122253e-01 -3.98848020e-05  6.10539711e-06  3.42712111e-08 
 1.68041951e-05  7.25657223e-01  7.26370134e-01  7.26129523e-01 -3.37208985e-05  6.02594997e-06  3.06238979e-08 
 1.68042925e-05  7.25649314e-01  7.26340704e-01  7.26136771e-01 -2.86257830e-05  5.88740226e-06  2.57593329e-08 
 1.68043857e-05  7.25641071e-01  7.26323169e-01  7.26142587e-01 -2.55598515e-05  5.72687163e-06  2.09205554e-08 
 1.68044936e-05  7.25631035e-01  7.26313740e-01  7.26148484e-01 -2.34224624e-05  5.52330264e-06  1.53535264e-08 
 1.68046050e-05  7.25620367e-01  7.26313254e-01  7.26154090e-01 -2.22184726e-05  5.30514422e-06  9.79174014e-09 
 1.68047408e-05  7.25607122e-01  7.26321155e-01  7.26160800e-01 -2.14746962e-05  5.03886534e-06  3.34113366e-09 
 1.68048704e-05  7.25594385e-01  7.26334196e-01  7.26167396e-01 -2.11648806e-05  4.79109572e-06 -2.44549896e-09 
 1.68050000e-05  7.25581609e-01  7.26350350e-01  7.26174397e-01 -2.10215525e-05  4.55252968e-06 -7.89018057e-09 
 1.68050019e-05  7.25583942e-01  7.26353019e-01  7.26174508e-01 -2.00540976e-05  4.54931702e-06 -7.85163774e-09 
 1.68050058e-05  7.25587543e-01  7.26358088e-01  7.26174733e-01 -1.95773117e-05  4.54292030e-06 -7.78120313e-09 
 1.68050136e-05  7.25590363e-01  7.26367020e-01  7.26175203e-01 -1.91768786e-05  4.53018573e-06 -7.67556526e-09 
 1.68050246e-05  7.25590919e-01  7.26377783e-01  7.26175909e-01 -1.88654462e-05  4.51213564e-06 -7.56947938e-09 
 1.68050452e-05  7.25591136e-01  7.26395581e-01  7.26177338e-01 -1.82536066e-05  4.47830768e-06 -7.40893797e-09 
 1.68050863e-05  7.25591291e-01  7.26426053e-01  7.26180555e-01 -1.73931497e-05  4.41058582e-06 -7.18192951e-09 
 1.68051671e-05  7.25591501e-01  7.26469479e-01  7.26187899e-01 -1.62736420e-05  4.27824157e-06 -6.96435560e-09 
 1.68053287e-05  7.25591688e-01  7.26515106e-01  7.26204685e-01 -1.54397222e-05  4.02073686e-06 -6.91827089e-09 
 1.68055622e-05  7.25592023e-01  7.26540425e-01  7.26230278e-01 -1.51871461e-05  3.67157951e-06 -7.04577551e-09 
 1.68058383e-05  7.25592320e-01  7.26556228e-01  7.26259765e-01 -1.52041798e-05  3.29620105e-06 -7.10797277e-09 
 1.68062256e-05  7.25592785e-01  7.26574359e-01  7.26298469e-01 -1.51689647e-05  2.83273648e-06 -7.02349963e-09 
 1.68068484e-05  7.25593387e-01  7.26598379e-01  7.26354204e-01 -1.51992465e-05  2.21836313e-06 -6.63594263e-09 
 1.68080941e-05  7.25594497e-01  7.26629618e-01  7.26443345e-01 -1.51660647e-05  1.35028251e-06 -5.42834046e-09 
 1.68105854e-05  7.25596005e-01  7.26638136e-01  7.26545911e-01 -1.51952197e-05  4.66478932e-07 -2.94928236e-09 
 1.68155680e-05  7.25597542e-01  7.26519740e-01  7.26542617e-01 -1.51618800e-05  6.34063504e-09 -3.81262877e-10 
 1.68219567e-05  7.25597826e-01  7.26252650e-01  7.26326370e-01 -1.51921617e-05 -9.39712767e-10 -4.33220756e-11 
 1.68302054e-05  7.25597369e-01  7.25911126e-01  7.25976729e-01 -1.51608223e-05 -1.27590487e-10 -2.20745758e-10 
 1.68388485e-05  7.25596633e-01  7.25656393e-01  7.25686249e-01 -1.51926172e-05 -2.43371950e-10 -1.60580361e-10 
 1.68511885e-05  7.25595917e-01  7.25497654e-01  7.25479152e-01 -1.51618131e-05 -4.79321194e-11 -6.87835626e-11 
 1.68681640e-05  7.25595480e-01  7.25538761e-01  7.25483448e-01 -1.51928541e-05  3.90322028e-11  2.34676112e-11 
 1.68989206e-05  7.25595739e-01  7.25784485e-01  7.25727554e-01 -1.51607904e-05  6.72360806e-11  4.72949658e-11 
 1.69331925e-05  7.25596091e-01  7.25880111e-01  7.25847033e-01 -1.51919691e-05 -1.14871279e-11  8.43701844e-13 
 1.69665963e-05  7.25596101e-01  7.25806058e-01  7.25777033e-01 -1.51610723e-05 -1.83793660e-11 -1.44075797e-11 
 1.70000000e-05  7.25595944e-01  7.25758412e-01  7.25722957e-01 -1.51923936e-05 -5.51220224e-12 -2.17407906e-12 
 1.70000151e-05  7.25600613e-01  7.25781166e-01  7.25723088e-01 -1.00972263e-05  3.54996624e-09  7.55405691e-10 
 1.70000452e-05  7.25603681e-01  7.25816326e-01  7.25723560e-01 -9.53615711e-06  1.07041482e-08  2.18329893e-09 
 1.70000935e-05  7.25603527e-01  7.25853717e-01  7.25724997e-01 -9.26610721e-06  2.17735571e-08  4.30240083e-09 
 1.70001445e-05  7.25605417e-01  7.25884778e-01  7.25727179e-01 -8.89268123e-06  3.29826266e-08  6.45260451e-09 
 1.70002466e-05  7.25607024e-01  7.25923330e-01  7.25732805e-01 -8.68555115e-06  5.44119656e-08  1.04948636e-08 
 1.70004508e-05  7.25611857e-01  7.25955551e-01  7.25746172e-01 -8.44067011e-06  9.41423668e-08  1.79404730e-08 
 1.70008113e-05  7.25619075e-01  7.25965633e-01  7.25770131e-01 -8.49563239e-06  1.56653589e-07  2.95804745e-08 
 1.70012325e-05  7.25628652e-01  7.25965294e-01  7.25794848e-01 -8.47880943e-06  2.19269892e-07  4.12258488e-08 
 1.70014711e-05  7.25634548e-01  7.25963802e-01  7.25806998e-01 -8.72852324e-06  2.50254446e-07  4.69592559e-08 
 1.70016933e-05  7.25644593e-01  7.25961043e-01  7.25817138e-01 -9.36634396e-06  2.76035195e-07  5.16978676e-08 
 1.70018281e-05  7.25654829e-01  7.25957883e-01  7.25822703e-01 -1.04386479e-05  2.89867823e-07  5.41861486e-08 
 1.70019669e-05  7.25672688e-01  7.25952916e-01  7.25827912e-01 -1.23499425e-05  3.01984681e-07  5.62819652e-08 
 1.70020991e-05  7.25697745e-01  7.25945603e-01  7.25832293e-01 -1.53837564e-05  3.10809159e-07  5.76386375e-08 
 1.70022288e-05  7.25731857e-01  7.25935516e-01  7.25835933e-01 -1.94571453e-05  3.15996543e-07  5.81453548e-08 
 1.70023573e-05  7.25773652e-01  7.25921996e-01  7.25838767e-01 -2.44134170e-05  3.16885275e-07  5.75967098e-08 
 1.70024805e-05  7.25819884e-01  7.25905164e-01  7.25840619e-01 -2.92507502e-05  3.12799658e-07  5.58383959e-08 
 1.70025924e-05  7.25864624e-01  7.25885459e-01  7.25841425e-01 -3.29147513e-05  3.03940333e-07  5.29169032e-08 
 1.70026959e-05  7.25906738e-01  7.25862279e-01  7.25841269e-01 -3.48133778e-05  2.90360964e-07  4.88142093e-08 
 1.70028124e-05  7.25952937e-01  7.25830685e-01  7.25839853e-01 -3.58497616e-05  2.68156648e-07  4.23831230e-08 
 1.70029301e-05  7.25997256e-01  7.25796391e-01  7.25836973e-01 -3.70189395e-05  2.38556798e-07  3.40647850e-08 
 1.70030870e-05  7.26050738e-01  7.25754610e-01  7.25831024e-01 -3.90314432e-05  1.89413132e-07  2.06832774e-08 
 1.70032294e-05  7.26092064e-01  7.25724153e-01  7.25823942e-01 -4.09314174e-05  1.36096568e-07  6.77374563e-09 
 1.70033455e-05  7.26118392e-01  7.25706273e-01  7.25817358e-01 -4.23730410e-05  8.35319937e-08 -5.43931559e-09 
 1.70034184e-05  7.26129626e-01  7.25699379e-01  7.25813022e-01 -4.29374014e-05  3.58701124e-08 -1.33054524e-08 
 1.70034630e-05  7.26133748e-01  7.25697596e-01  7.25810356e-01 -4.30969921e-05 -1.04662615e-08 -1.80819334e-08 
 1.70035007e-05  7.26134314e-01  7.25698151e-01  7.25808127e-01 -4.29934741e-05 -7.06481331e-08 -2.20191151e-08 
 1.70035298e-05  7.26129833e-01  7.25700353e-01  7.25806449e-01 -4.27141335e-05 -1.35317538e-07 -2.49192283e-08 
 1.70035548e-05  7.26118861e-01  7.25704006e-01  7.25805052e-01 -4.22071135e-05 -2.05550604e-07 -2.72463225e-08 
 1.70035794e-05  7.26099002e-01  7.25709964e-01  7.25803737e-01 -4.13983857e-05 -2.88017699e-07 -2.92975482e-08 
 1.70036077e-05  7.26065749e-01  7.25720788e-01  7.25802332e-01 -4.00498359e-05 -3.98198674e-07 -3.12388599e-08 
 1.70036388e-05  7.26021344e-01  7.25738215e-01  7.25800985e-01 -3.81309976e-05 -5.34961284e-07 -3.27288039e-08 
 1.70036761e-05  7.25964186e-01  7.25766362e-01  7.25799725e-01 -3.53954253e-05 -7.17292390e-07 -3.35857113e-08 
 1.70037316e-05  7.25884490e-01  7.25818048e-01  7.25798763e-01 -3.09561415e-05 -1.01347622e-06 -3.31595222e-08 
 1.70037685e-05  7.25840143e-01  7.25855754e-01  7.25798790e-01 -2.80340821e-05 -1.22165062e-06 -3.19506717e-08 
 1.70038021e-05  7.25806828e-01  7.25889981e-01  7.25799295e-01 -2.54998024e-05 -1.41634843e-06 -3.04023035e-08 
 1.70038441e-05  7.25773975e-01  7.25930328e-01  7.25800538e-01 -2.26539631e-05 -1.66314387e-06 -2.80862123e-08 
 1.70038823e-05  7.25751763e-01  7.25963527e-01  7.25802205e-01 -2.03896085e-05 -1.88897237e-06 -2.57636681e-08 
 1.70039271e-05  7.25732874e-01  7.25997542e-01  7.25804729e-01 -1.81526708e-05 -2.15485432e-06 -2.29300609e-08 
 1.70039708e-05  7.25720362e-01  7.26025400e-01  7.25807684e-01 -1.63682785e-05 -2.41363264e-06 -2.01604720e-08 
 1.70040234e-05  7.25710724e-01  7.26052531e-01  7.25811748e-01 -1.46914429e-05 -2.72392009e-06 -1.69079211e-08 
 1.70040783e-05  7.25705206e-01  7.26074366e-01  7.25816420e-01 -1.33851107e-05 -3.04530344e-06 -1.36645780e-08 
 1.70041456e-05  7.25702530e-01  7.26094185e-01  7.25822572e-01 -1.22618966e-05 -3.43867715e-06 -9.89907616e-09 
 1.70042201e-05  7.25703244e-01  7.26109540e-01  7.25829705e-01 -1.14490049e-05 -3.87560706e-06 -5.98752184e-09 
 1.70043149e-05  7.25708180e-01  7.26122645e-01  7.25839018e-01 -1.08403535e-05 -4.44520650e-06 -1.31586092e-09 
 1.70044282e-05  7.25719427e-01  7.26132721e-01  7.25850199e-01 -1.04620178e-05 -5.17000393e-06  3.92532979e-09 
 1.70045827e-05  7.25744232e-01  7.26141600e-01  7.25865225e-01 -1.02428634e-05 -6.31363220e-06  1.06692184e-08 
 1.70047889e-05  7.25792524e-01  7.26149404e-01  7.25884551e-01 -1.01437654e-05 -8.29575299e-06  1.91646590e-08 
 1.70050000e-05  7.25850743e-01  7.26155014e-01  7.25903299e-01 -1.01173524e-05 -1.10082535e-05  2.74041844e-08 
 1.70050025e-05  7.25849338e-01  7.26150088e-01  7.25903506e-01 -1.47428484e-05 -1.10448643e-05  2.73623672e-08 
 1.70050074e-05  7.25847020e-01  7.26141158e-01  7.25903912e-01 -1.50514351e-05 -1.11182505e-05  2.72828805e-08 
 1.70050173e-05  7.25844976e-01  7.26127116e-01  7.25904675e-01 -1.51351342e-05 -1.12651867e-05  2.71534029e-08 
 1.70050366e-05  7.25843745e-01  7.26106290e-01  7.25906031e-01 -1.51442758e-05 -1.15519656e-05  2.69546535e-08 
 1.70050703e-05  7.25842011e-01  7.26077623e-01  7.25908032e-01 -1.52146653e-05 -1.20431776e-05  2.66704884e-08 
 1.70051376e-05  7.25839937e-01  7.26035058e-01  7.25911007e-01 -1.52147873e-05 -1.30002412e-05  2.62621844e-08 
 1.70052625e-05  7.25837630e-01  7.25991191e-01  7.25914215e-01 -1.52447394e-05 -1.46901179e-05  2.58497253e-08 
 1.70053930e-05  7.25836067e-01  7.25973259e-01  7.25915828e-01 -1.52016944e-05 -1.63416759e-05  2.57368362e-08 
 1.70056126e-05  7.25833534e-01  7.25965361e-01  7.25917275e-01 -1.52175136e-05 -1.88781103e-05  2.60430537e-08 
 1.70059487e-05  7.25830244e-01  7.25967842e-01  7.25918916e-01 -1.51735684e-05 -2.22253067e-05  2.74346727e-08 
 1.70066207e-05  7.25824747e-01  7.25977187e-01  7.25923016e-01 -1.51824779e-05 -2.73299213e-05  3.23220200e-08 
 1.70079649e-05  7.25817579e-01  7.25994148e-01  7.25934184e-01 -1.51256550e-05 -3.30666125e-05  4.50831609e-08 
 1.70097855e-05  7.25812566e-01  7.26014523e-01  7.25952258e-01 -1.51387359e-05 -3.52309734e-05  6.02963908e-08 
 1.70118102e-05  7.25810407e-01  7.26033502e-01  7.25972696e-01 -1.51027509e-05 -3.42089767e-05  6.95619356e-08 
 1.70143273e-05  7.25809668e-01  7.26052012e-01  7.25995306e-01 -1.51321774e-05 -3.13598525e-05  7.17414622e-08 
 1.70176419e-05  7.25810210e-01  7.26067842e-01  7.26017886e-01 -1.51054247e-05 -2.72826604e-05  6.67025748e-08 
 1.70227034e-05  7.25812032e-01  7.26075056e-01  7.26035253e-01 -1.51417324e-05 -2.19427000e-05  5.49131386e-08 
 1.70307557e-05  7.25815862e-01  7.26052849e-01  7.26025873e-01 -1.51218297e-05 -1.57727342e-05  3.90925874e-08 
 1.70386366e-05  7.25819477e-01  7.26004667e-01  7.25984984e-01 -1.51603985e-05 -1.16841967e-05  2.86835599e-08 
 1.70487223e-05  7.25823568e-01  7.25930182e-01  7.25912971e-01 -1.51398000e-05 -8.11400137e-06  1.97713132e-08 
 1.70590502e-05  7.25826796e-01  7.25860983e-01  7.25840629e-01 -1.51772054e-05 -5.69279452e-06  1.37888193e-08 
 1.70725041e-05  7.25829946e-01  7.25803064e-01  7.25775166e-01 -1.51544654e-05 -3.63863928e-06  8.78160814e-09 
 1.70868984e-05  7.25832180e-01  7.25784717e-01  7.25749095e-01 -1.51895097e-05 -2.28816854e-06  5.51214284e-09 
 1.71054190e-05  7.25834084e-01  7.25804940e-01  7.25763971e-01 -1.51636635e-05 -1.26660062e-06  3.05866693e-09 
 1.71259604e-05  7.25835279e-01  7.25845772e-01  7.25804337e-01 -1.51960458e-05 -6.62574027e-07  1.60280902e-09 
 1.71527146e-05  7.25836148e-01  7.25883664e-01  7.25844930e-01 -1.51677756e-05 -2.80463991e-07  6.81861431e-10 
 1.71841616e-05  7.25836528e-01  7.25899528e-01  7.25862831e-01 -1.51985185e-05 -1.00694934e-07  2.42581763e-10 
 1.72272587e-05  7.25836723e-01  7.25907927e-01  7.25871081e-01 -1.51690072e-05 -2.13790737e-08  5.41435746e-11 
 1.72834585e-05  7.25836745e-01  7.25925329e-01  7.25888076e-01 -1.51989874e-05 -2.00687671e-09  6.59858594e-12 
 1.73715581e-05  7.25836803e-01  7.25945769e-01  7.25909232e-01 -1.51690931e-05  3.99841772e-10  1.50012901e-12 
 1.74715581e-05  7.25836781e-01  7.25955742e-01  7.25919190e-01 -1.51990022e-05 -1.83075514e-10  8.97846305e-13 
 1.75715581e-05  7.25836817e-01  7.25964173e-01  7.25927707e-01 -1.51690957e-05  1.28007389e-10  1.96437300e-12 
 1.76715581e-05  7.25836792e-01  7.25967923e-01  7.25931602e-01 -1.51990007e-05 -1.10815625e-10  4.20674238e-13 
 1.77715581e-05  7.25836821e-01  7.25970115e-01  7.25933737e-01 -1.51690992e-05  9.57452173e-11  1.75767311e-12 
 1.78715581e-05  7.25836794e-01  7.25971913e-01  7.25935604e-01 -1.51989995e-05 -8.87688475e-11  4.57096980e-13 
 1.79715581e-05  7.25836822e-01  7.25972350e-01  7.25936043e-01 -1.51691000e-05  7.69164749e-11  1.58127244e-12 
 1.80715581e-05  7.25836793e-01  7.25973040e-01  7.25936719e-01 -1.51989998e-05 -7.21153612e-11  5.13141287e-13 
 1.81715581e-05  7.25836821e-01  7.25973228e-01  7.25936943e-01 -1.51690997e-05  6.17062235e-11  1.51409663e-12 
 1.82715581e-05  7.25836792e-01  7.25973376e-01  7.25937061e-01 -1.51990002e-05 -5.83106272e-11  5.27856133e-13 
 1.83715581e-05  7.25836820e-01  7.25973508e-01  7.25937222e-01 -1.51690996e-05  4.90720943e-11  1.49254160e-12 
 1.84715581e-05  7.25836791e-01  7.25973523e-01  7.25937216e-01 -1.51990001e-05 -4.67936753e-11  5.40625975e-13 
 1.85715581e-05  7.25836818e-01  7.25973569e-01  7.25937279e-01 -1.51690998e-05  3.85454570e-11  1.46923646e-12 
 1.86715581e-05  7.25836789e-01  7.25973591e-01  7.25937287e-01 -1.51990000e-05 -3.71924084e-11  5.65780875e-13 
 1.87715581e-05  7.25836816e-01  7.25973582e-01  7.25937292e-01 -1.51690999e-05  2.97814028e-11  1.43928180e-12 
 1.88715581e-05  7.25836787e-01  7.25973611e-01  7.25937307e-01 -1.51989998e-05 -2.91998201e-11  5.95251929e-13 
 1.89357791e-05  7.25836815e-01  7.25973590e-01  7.25937301e-01 -1.51691000e-05  2.07464482e-11  1.40258996e-12 
 1.90000000e-05  7.25836786e-01  7.25973610e-01  7.25937304e-01 -1.51989997e-05 -1.94826557e-11  6.35736581e-13 
 1.90000417e-05  7.25828570e-01  7.25925614e-01  7.25936517e-01 -2.01729404e-05 -1.19890454e-08 -1.95828215e-09 
 1.90001251e-05  7.25822921e-01  7.25858844e-01  7.25933872e-01 -2.03395099e-05 -3.54231007e-08 -5.60351864e-09 
 1.90002919e-05  7.25819442e-01  7.25797377e-01  7.25924699e-01 -2.03014309e-05 -7.73762692e-08 -1.21497016e-08 
 1.90004618e-05  7.25815051e-01  7.25775117e-01  7.25913215e-01 -2.03950556e-05 -1.15478925e-07 -1.82702844e-08 
 1.90006398e-05  7.25812251e-01  7.25769616e-01  7.25901036e-01 -2.04129075e-05 -1.51544154e-07 -2.42094642e-08 
 1.90009958e-05  7.25805483e-01  7.25764912e-01  7.25878428e-01 -2.09793328e-05 -2.12464760e-07 -3.48623054e-08 
 1.90012173e-05  7.25804391e-01  7.25766977e-01  7.25865805e-01 -2.19565297e-05 -2.43526054e-07 -4.06582445e-08 
 1.90013910e-05  7.25805098e-01  7.25768222e-01  7.25856777e-01 -2.37068540e-05 -2.63926334e-07 -4.47463272e-08 
 1.90015550e-05  7.25810240e-01  7.25772472e-01  7.25848980e-01 -2.63758113e-05 -2.79543309e-07 -4.81726416e-08 
 1.90017217e-05  7.25818627e-01  7.25777434e-01  7.25841861e-01 -3.05245541e-05 -2.90781278e-07 -5.11848142e-08 
 1.90018819e-05  7.25831470e-01  7.25785238e-01  7.25835849e-01 -3.58109777e-05 -2.96201797e-07 -5.35459684e-08 
 1.90020235e-05  7.25844587e-01  7.25793442e-01  7.25831291e-01 -4.16340305e-05 -2.95239602e-07 -5.51279035e-08 
 1.90021426e-05  7.25856908e-01  7.25802707e-01  7.25828055e-01 -4.71896576e-05 -2.89030340e-07 -5.59934056e-08 
 1.90022433e-05  7.25866109e-01  7.25811882e-01  7.25825803e-01 -5.23480583e-05 -2.78597571e-07 -5.63087086e-08 
 1.90023306e-05  7.25872705e-01  7.25821809e-01  7.25824250e-01 -5.69910283e-05 -2.64559566e-07 -5.61747680e-08 
 1.90024083e-05  7.25875609e-01  7.25832271e-01  7.25823225e-01 -6.12384690e-05 -2.46908723e-07 -5.56481909e-08 
 1.90024794e-05  7.25875067e-01  7.25843929e-01  7.25822624e-01 -6.50642838e-05 -2.25353987e-07 -5.47268465e-08 
 1.90025482e-05  7.25870351e-01  7.25857414e-01  7.25822400e-01 -6.86704859e-05 -1.98411165e-07 -5.33345835e-08 
 1.90026277e-05  7.25861164e-01  7.25876081e-01  7.25822652e-01 -7.25918942e-05 -1.58955512e-07 -5.09965232e-08 
 1.90027033e-05  7.25851464e-01  7.25896307e-01  7.25823464e-01 -7.61478437e-05 -1.13676361e-07 -4.80168380e-08 
 1.90028151e-05  7.25839464e-01  7.25927643e-01  7.25825748e-01 -8.11232570e-05 -3.90934629e-08 -4.24375182e-08 
 1.90029091e-05  7.25831394e-01  7.25953485e-01  7.25828646e-01 -8.50298835e-05  2.18211893e-08 -3.68342107e-08 
 1.90030095e-05  7.25825380e-01  7.25979051e-01  7.25832635e-01 -8.89301663e-05  7.39687230e-08 -3.01369912e-08 
 1.90031149e-05  7.25822084e-01  7.26002434e-01  7.25837665e-01 -9.27802449e-05  1.11193388e-07 -2.25111909e-08 
 1.90032253e-05  7.25822513e-01  7.26021877e-01  7.25843637e-01 -9.66035249e-05  1.38151574e-07 -1.40874120e-08 
 1.90033563e-05  7.25825867e-01  7.26037391e-01  7.25851279e-01 -1.00403505e-04  1.65408148e-07 -3.80074050e-09 
 1.90034805e-05  7.25830892e-01  7.26043461e-01  7.25858690e-01 -1.02256694e-04  1.90518889e-07  5.90803259e-09 
 1.90035600e-05  7.25834039e-01  7.26040982e-01  7.25863297e-01 -1.00599498e-04  2.05896090e-07  1.17625945e-08 
 1.90036163e-05  7.25835945e-01  7.26033708e-01  7.25866369e-01 -9.64721954e-05  2.15368040e-07  1.54308568e-08 
 1.90036712e-05  7.25837085e-01  7.26019695e-01  7.25869062e-01 -9.00021556e-05  2.22524867e-07  1.83117199e-08 
 1.90037427e-05  7.25837784e-01  7.25990082e-01  7.25871869e-01 -7.93605711e-05  2.27737344e-07  2.07787505e-08 
 1.90038113e-05  7.25837655e-01  7.25951733e-01  7.25873566e-01 -6.83113840e-05  2.28187293e-07  2.17252441e-08 
 1.90039099e-05  7.25836560e-01  7.25887670e-01  7.25873947e-01 -5.35355590e-05  2.21528806e-07  2.09454216e-08 
 1.90040103e-05  7.25834754e-01  7.25821768e-01  7.25871760e-01 -4.17589152e-05  2.07637883e-07  1.81937803e-08 
 1.90040909e-05  7.25833087e-01  7.25774565e-01  7.25868276e-01 -3.50680328e-05  1.92776169e-07  1.50962922e-08 
 1.90041726e-05  7.25831309e-01  7.25734598e-01  7.25863450e-01 -3.03325815e-05  1.75557331e-07  1.15517929e-08 
 1.90042644e-05  7.25829278e-01  7.25699460e-01  7.25856866e-01 -2.68851877e-05  1.54647516e-07  7.39697666e-09 
 1.90043585e-05  7.25827195e-01  7.25672796e-01  7.25849210e-01 -2.47417202e-05  1.32255720e-07  3.13818397e-09 
 1.90044655e-05  7.25824829e-01  7.25651514e-01  7.25839853e-01 -2.33788532e-05  1.06398895e-07 -1.54823760e-09 
 1.90045824e-05  7.25822267e-01  7.25635988e-01  7.25829234e-01 -2.26118364e-05  7.82503852e-08 -6.41992072e-09 
 1.90047231e-05  7.25819187e-01  7.25623976e-01  7.25816341e-01 -2.22046214e-05  4.50712765e-08 -1.19277473e-08 
 1.90048616e-05  7.25816182e-01  7.25616319e-01  7.25803814e-01 -2.20406509e-05  1.35522265e-08 -1.69964354e-08 
 1.90050000e-05  7.25813175e-01  7.25610885e-01  7.25791609e-01 -2.19853699e-05 -1.66529866e-08 -2.17554045e-08 
 1.90050016e-05  7.25814421e-01  7.25614193e-01  7.25791472e-01 -1.74032167e-05 -1.66402590e-08 -2.17208434e-08 
 1.90050048e-05  7.25816495e-01  7.25620351e-01  7.25791201e-01 -1.70874451e-05 -1.65901466e-08 -2.16538661e-08 
 1.90050113e-05  7.25818505e-01  7.25630648e-01  7.25790682e-01 -1.67955030e-05 -1.64077279e-08 -2.15364354e-08 
 1.90050201e-05  7.25819040e-01  7.25641922e-01  7.25790010e-01 -1.67051879e-05 -1.61372443e-08 -2.14024926e-08 
 1.90050338e-05  7.25819169e-01  7.25656298e-01  7.25789042e-01 -1.65019647e-05 -1.57624060e-08 -2.12141769e-08 
 1.90050612e-05  7.25819195e-01  7.25680430e-01  7.25787332e-01 -1.62432884e-05 -1.51093312e-08 -2.08681641e-08 
 1.90051159e-05  7.25819244e-01  7.25718006e-01  7.25784635e-01 -1.58166200e-05 -1.40959374e-08 -2.02593178e-08 
 1.90052255e-05  7.25819236e-01  7.25764068e-01  7.25781210e-01 -1.54229802e-05 -1.27572100e-08 -1.92426118e-08 
 1.90054446e-05  7.25819276e-01  7.25797177e-01  7.25778113e-01 -1.51727649e-05 -1.12223500e-08 -1.75768583e-08 
 1.90057352e-05  7.25819316e-01  7.25801464e-01  7.25776456e-01 -1.51837517e-05 -9.89871943e-09 -1.56804472e-08 
 1.90061343e-05  7.25819398e-01  7.25798944e-01  7.25774602e-01 -1.51618430e-05 -8.42717900e-09 -1.33985001e-08 
 1.90067424e-05  7.25819472e-01  7.25794670e-01  7.25771548e-01 -1.51837434e-05 -6.62811713e-09 -1.05332129e-08 
 1.90079587e-05  7.25819619e-01  7.25785781e-01  7.25764657e-01 -1.51633314e-05 -4.07403949e-09 -6.46320367e-09 
 1.90103911e-05  7.25819752e-01  7.25767688e-01  7.25748810e-01 -1.51859119e-05 -1.44997626e-09 -2.27893980e-09 
 1.90152561e-05  7.25819808e-01  7.25736957e-01  7.25716484e-01 -1.51658364e-05 -5.95240790e-11 -6.23287649e-11 
 1.90249860e-05  7.25819614e-01  7.25717091e-01  7.25682472e-01 -1.51877120e-05  8.67402070e-13 -4.25454810e-13 
 1.90395110e-05  7.25819458e-01  7.25778556e-01  7.25725718e-01 -1.51662080e-05  3.64550412e-11  1.31968043e-11 
 1.90595609e-05  7.25819565e-01  7.25920960e-01  7.25866188e-01 -1.51871319e-05  5.66623458e-11  4.42749737e-11 
 1.90971736e-05  7.25819919e-01  7.26044429e-01  7.26007784e-01 -1.51656971e-05 -7.75495120e-14  2.88510410e-12 
 1.91397300e-05  7.25819929e-01  7.25992227e-01  7.25961689e-01 -1.51872980e-05 -1.48909823e-11 -8.05320052e-12 
 1.91698650e-05  7.25819847e-01  7.25958259e-01  7.25922676e-01 -1.51660649e-05 -4.77655871e-12 -4.15987074e-12 
 1.92000000e-05  7.25819815e-01  7.25963823e-01  7.25926225e-01 -1.51872892e-05  4.66196439e-12  5.09338947e-12 
 1.92000161e-05  7.25828351e-01  7.25979485e-01  7.25926334e-01 -1.34414409e-05  2.41225726e-09  8.69121899e-10 
 1.92000484e-05  7.25835263e-01  7.26005148e-01  7.25926715e-01 -1.23281997e-05  6.90166174e-09  2.46116863e-09 
 1.92001130e-05  7.25839919e-01  7.26039862e-01  7.25928232e-01 -1.12326928e-05  1.38622200e-08  5.29259676e-09 
 1.92001754e-05  7.25847569e-01  7.26061298e-01  7.25930353e-01 -1.04350571e-05  1.87671919e-08  7.81076099e-09 
 1.92003002e-05  7.25858971e-01  7.26078019e-01  7.25935369e-01 -9.87691411e-06  2.58507324e-08  1.24126389e-08 
 1.92005483e-05  7.25884657e-01  7.26068924e-01  7.25944995e-01 -9.47478741e-06  3.52767716e-08  2.06748205e-08 
 1.92008182e-05  7.25910670e-01  7.26037882e-01  7.25952381e-01 -9.56322910e-06  4.30959463e-08  2.87169295e-08 
 1.92012306e-05  7.25952696e-01  7.25983395e-01  7.25955727e-01 -9.52461501e-06  5.33782722e-08  3.94979559e-08 
 1.92016333e-05  7.25995962e-01  7.25923062e-01  7.25949943e-01 -1.02567355e-05  5.50773078e-08  4.82779282e-08 
 1.92017616e-05  7.26014371e-01  7.25902146e-01  7.25946260e-01 -1.07978733e-05  4.94627097e-08  5.06585532e-08 
 1.92019360e-05  7.26045502e-01  7.25870314e-01  7.25939764e-01 -1.27860934e-05  2.32345808e-08  5.32738018e-08 
 1.92020801e-05  7.26081562e-01  7.25840659e-01  7.25933009e-01 -1.55625245e-05 -2.63294831e-08  5.46707709e-08 
 1.92022111e-05  7.26122285e-01  7.25809841e-01  7.25925656e-01 -1.93819520e-05 -1.06929053e-07  5.50455006e-08 
 1.92023416e-05  7.26171106e-01  7.25774961e-01  7.25917032e-01 -2.39709261e-05 -2.34489510e-07  5.43060780e-08 
 1.92024701e-05  7.26223876e-01  7.25735650e-01  7.25907105e-01 -2.88543160e-05 -4.20469001e-07  5.21959872e-08 
 1.92025874e-05  7.26274374e-01  7.25694296e-01  7.25896632e-01 -3.25425203e-05 -6.56977658e-07  4.87785824e-08 
 1.92026948e-05  7.26319388e-01  7.25650303e-01  7.25885671e-01 -3.45562456e-05 -9.44207987e-07  4.40839921e-08 
 1.92028163e-05  7.26367323e-01  7.25593238e-01  7.25871435e-01 -3.53624168e-05 -1.36467288e-06  3.67141319e-08 
 1.92029353e-05  7.26409252e-01  7.25533340e-01  7.25855421e-01 -3.62741388e-05 -1.87616026e-06  2.74488082e-08 
 1.92030992e-05  7.26457992e-01  7.25453285e-01  7.25830127e-01 -3.79655303e-05 -2.72324320e-06  1.19868071e-08 
 1.92032396e-05  7.26489509e-01  7.25391032e-01  7.25805856e-01 -3.96427899e-05 -3.55978556e-06 -3.23064007e-09 
 1.92033624e-05  7.26507147e-01  7.25343218e-01  7.25783085e-01 -4.10372815e-05 -4.35555159e-06 -1.75953783e-08 
 1.92034537e-05  7.26509617e-01  7.25313182e-01  7.25765468e-01 -4.18170598e-05 -4.97218845e-06 -2.86456257e-08 
 1.92035063e-05  7.26504063e-01  7.25299036e-01  7.25755155e-01 -4.19985985e-05 -5.32935787e-06 -3.50232703e-08 
 1.92035443e-05  7.26497211e-01  7.25291074e-01  7.25747651e-01 -4.19637402e-05 -5.58426218e-06 -3.95660619e-08 
 1.92035761e-05  7.26488797e-01  7.25286494e-01  7.25741392e-01 -4.17124495e-05 -5.79063727e-06 -4.32406110e-08 
 1.92036047e-05  7.26477257e-01  7.25284825e-01  7.25735809e-01 -4.12235924e-05 -5.96619233e-06 -4.63518095e-08 
 1.92036341e-05  7.26459876e-01  7.25286748e-01  7.25730113e-01 -4.03334115e-05 -6.13196758e-06 -4.92410817e-08 
 1.92036686e-05  7.26436159e-01  7.25295554e-01  7.25723605e-01 -3.87640836e-05 -6.29855031e-06 -5.19944055e-08 
 1.92037051e-05  7.26415502e-01  7.25313361e-01  7.25717006e-01 -3.65993951e-05 -6.43741814e-06 -5.40060651e-08 
 1.92037521e-05  7.26406091e-01  7.25347078e-01  7.25709132e-01 -3.33240698e-05 -6.55787692e-06 -5.51909056e-08 
 1.92037981e-05  7.26422348e-01  7.25387680e-01  7.25702228e-01 -2.99404580e-05 -6.61737968e-06 -5.49869460e-08 
 1.92038369e-05  7.26456753e-01  7.25423929e-01  7.25697106e-01 -2.71518616e-05 -6.62923234e-06 -5.39872415e-08 
 1.92038778e-05  7.26511769e-01  7.25461017e-01  7.25692387e-01 -2.44394224e-05 -6.61182816e-06 -5.23597150e-08 
 1.92039268e-05  7.26598875e-01  7.25501145e-01  7.25687586e-01 -2.15683003e-05 -6.56061834e-06 -4.99236606e-08 
 1.92039732e-05  7.26698684e-01  7.25533330e-01  7.25683784e-01 -1.92940352e-05 -6.49001304e-06 -4.73497698e-08 
 1.92040263e-05  7.26828068e-01  7.25562470e-01  7.25680165e-01 -1.71804435e-05 -6.39208555e-06 -4.43083832e-08 
 1.92040806e-05  7.26972801e-01  7.25584205e-01  7.25677089e-01 -1.55295695e-05 -6.28016907e-06 -4.12347445e-08 
 1.92041456e-05  7.27158161e-01  7.25601089e-01  7.25673989e-01 -1.40732887e-05 -6.13787151e-06 -3.77155518e-08 
 1.92042166e-05  7.27372450e-01  7.25610589e-01  7.25671066e-01 -1.30052118e-05 -5.97828012e-06 -3.41316710e-08 
 1.92043046e-05  7.27654809e-01  7.25613329e-01  7.25667765e-01 -1.21641294e-05 -5.77993099e-06 -3.00691373e-08 
 1.92044074e-05  7.28012153e-01  7.25608530e-01  7.25664013e-01 -1.16290608e-05 -5.55238232e-06 -2.58352509e-08 
 1.92045432e-05  7.28548995e-01  7.25595241e-01  7.25658810e-01 -1.12774559e-05 -5.26257405e-06 -2.10487403e-08 
 1.92047186e-05  7.29403510e-01  7.25572989e-01  7.25651286e-01 -1.11065335e-05 -4.90839414e-06 -1.62555086e-08 
 1.92048593e-05  7.30257610e-01  7.25553505e-01  7.25644482e-01 -1.10403499e-05 -4.64091748e-06 -1.36013073e-08 
 1.92050000e-05  7.31285941e-01  7.25533420e-01  7.25636967e-01 -1.10089343e-05 -4.38758408e-06 -1.20276569e-08 
 1.92050031e-05  7.31306752e-01  7.25529222e-01  7.25636788e-01 -1.20578872e-05 -4.38257029e-06 -1.21920618e-08 
 1.92050094e-05  7.31350478e-01  7.25521432e-01  7.25636419e-01 -1.25396758e-05 -4.37254447e-06 -1.25038163e-08 
 1.92050219e-05  7.31445403e-01  7.25508374e-01  7.25635633e-01 -1.27931711e-05 -4.35241319e-06 -1.30534710e-08 
 1.92050457e-05  7.31630474e-01  7.25487529e-01  7.25633984e-01 -1.32507186e-05 -4.31385235e-06 -1.40098829e-08 
 1.92050806e-05  7.31901473e-01  7.25461157e-01  7.25631264e-01 -1.37512711e-05 -4.25713399e-06 -1.53210314e-08 
 1.92051505e-05  7.32442693e-01  7.25420999e-01  7.25625020e-01 -1.43907744e-05 -4.14438416e-06 -1.76970971e-08 
 1.92052903e-05  7.33515568e-01  7.25375012e-01  7.25610699e-01 -1.49351903e-05 -3.92528688e-06 -2.19119278e-08 
 1.92054535e-05  7.34750573e-01  7.25351604e-01  7.25592768e-01 -1.50655878e-05 -3.68292268e-06 -2.63144582e-08 
 1.92057268e-05  7.36774690e-01  7.25333720e-01  7.25563083e-01 -1.50904502e-05 -3.30960067e-06 -3.29201378e-08 
 1.92060481e-05  7.39086397e-01  7.25323220e-01  7.25530364e-01 -1.50698882e-05 -2.91849155e-06 -3.96095292e-08 
 1.92066230e-05  7.43043703e-01  7.25316250e-01  7.25479445e-01 -1.50619098e-05 -2.32896089e-06 -4.90918646e-08 
 1.92075703e-05  7.49099759e-01  7.25335997e-01  7.25419044e-01 -1.50352354e-05 -1.60111293e-06 -5.91871199e-08 
 1.92094651e-05  7.59670374e-01  7.25490553e-01  7.25395939e-01 -1.50136856e-05 -7.35118375e-07 -6.62096551e-08 
 1.92128353e-05  7.74339926e-01  7.26137741e-01  7.25703501e-01 -1.49823047e-05 -1.49627582e-07 -5.89410908e-08 
 1.92165207e-05  7.85752158e-01  7.27372601e-01  7.26565185e-01 -1.49847341e-05 -2.18873679e-08 -4.35404254e-08 
 1.92212519e-05  7.95610101e-01  7.29694141e-01  7.28443630e-01 -1.49882493e-05  2.71321163e-09 -2.72298156e-08 
 1.92259278e-05  8.01810996e-01  7.32681972e-01  7.31060880e-01 -1.50131394e-05  4.41615248e-09 -1.63266083e-08 
 1.92318918e-05  8.06644120e-01  7.37233486e-01  7.35260478e-01 -1.50304894e-05  5.30285021e-09 -7.60840005e-09 
 1.92382728e-05  8.09528441e-01  7.42707356e-01  7.40500553e-01 -1.50601371e-05  5.93918027e-09 -2.21636454e-09 
 1.92466031e-05  8.11447477e-01  7.50273522e-01  7.47940376e-01 -1.50742289e-05  6.38517078e-09  1.51533961e-09 
 1.92560880e-05  8.12388056e-01  7.58873132e-01  7.56577798e-01 -1.50953131e-05  6.39139108e-09  3.32470302e-09 
 1.92649293e-05  8.12744048e-01  7.66403125e-01  7.64271454e-01 -1.50954160e-05  6.01866033e-09  3.81666330e-09 
 1.92748944e-05  8.12912343e-01  7.73879564e-01  7.72037696e-01 -1.51082499e-05  5.24857598e-09  3.66999199e-09 
 1.92842203e-05  8.12976888e-01  7.79644119e-01  7.78137908e-01 -1.51068852e-05  4.31978973e-09  3.16887814e-09 
 1.92951827e-05  8.13009877e-01  7.84750056e-01  7.83659670e-01 -1.51224586e-05  3.12260251e-09  2.38473365e-09 
 1.93065115e-05  8.13024654e-01  7.88248555e-01  7.87545405e-01 -1.51257027e-05  1.99061599e-09  1.57003827e-09 
 1.93209467e-05  8.13032333e-01  7.90721205e-01  7.90367837e-01 -1.51461653e-05  9.30733463e-10  7.60346732e-10 
 1.93384147e-05  8.13035256e-01  7.92090410e-01  7.91920292e-01 -1.51519747e-05  3.51917769e-10  2.65265624e-10 
 1.93530276e-05  8.13035280e-01  7.92830439e-01  7.92666129e-01 -1.51658541e-05  3.01477801e-10  1.84089151e-10 
 1.93686100e-05  8.13035277e-01  7.93808993e-01  7.93595711e-01 -1.51620964e-05  4.38381677e-10  2.59334882e-10 
 1.93863108e-05  8.13035400e-01  7.95261983e-01  7.94999346e-01 -1.51700644e-05  5.81875323e-10  3.66712498e-10 
 1.94073028e-05  8.13036531e-01  7.97205446e-01  7.96928895e-01 -1.51622491e-05  6.40729976e-10  4.22757253e-10 
 1.94383127e-05  8.13038311e-01  7.99866500e-01  7.99628021e-01 -1.51686341e-05  5.39657370e-10  3.69565858e-10 
 1.94730236e-05  8.13040248e-01  8.02204864e-01  8.02018867e-01 -1.51617632e-05  3.97602443e-10  2.69637318e-10 
 1.95134790e-05  8.13041503e-01  8.04282241e-01  8.04127338e-01 -1.51695987e-05  3.04973017e-10  2.04623146e-10 
 1.95756246e-05  8.13043240e-01  8.06781032e-01  8.06652250e-01 -1.51627126e-05  2.40806857e-10  1.61177956e-10 
 1.96475190e-05  8.13044516e-01  8.08855341e-01  8.08756976e-01 -1.51700238e-05  1.53643748e-10  1.05504754e-10 
 1.97388620e-05  8.13045762e-01  8.10526301e-01  8.10450978e-01 -1.51631198e-05  9.54281398e-11  6.36649130e-11 
 1.98373965e-05  8.13046331e-01  8.11623418e-01  8.11561298e-01 -1.51703761e-05  5.54011713e-11  3.93982010e-11 
 1.99373965e-05  8.13046909e-01  8.12274404e-01  8.12222285e-01 -1.51632687e-05  3.29547173e-11  2.23691410e-11 
 2.00373965e-05  8.13046999e-01  8.12645351e-01  8.12597470e-01 -1.51705023e-05  1.66503040e-11  1.32062726e-11 
 2.01373965e-05  8.13047283e-01  8.12868796e-01  8.12824076e-01 -1.51633240e-05  1.30997082e-11  9.23907430e-12 
 2.02373965e-05  8.13047219e-01  8.12993400e-01  8.12950509e-01 -1.51705355e-05  3.11697868e-12  4.16503057e-12 
 2.03373965e-05  8.13047400e-01  8.13068085e-01  8.13025907e-01 -1.51633493e-05  6.20757916e-12  4.57807137e-12 
 2.04373965e-05  8.13047283e-01  8.13111460e-01  8.13070123e-01 -1.51705435e-05 -1.03498677e-12  1.45827106e-12 
 2.05373965e-05  8.13047431e-01  8.13135696e-01  8.13094506e-01 -1.51633579e-05  3.49541208e-12  2.72112546e-12 
 2.06373965e-05  8.13047294e-01  8.13150867e-01  8.13109974e-01 -1.51705480e-05 -2.20927009e-12  6.93570093e-13 
 2.07373965e-05  8.13047432e-01  8.13158966e-01  8.13118140e-01 -1.51633585e-05  2.50269250e-12  2.05847633e-12 
 2.08373965e-05  8.13047289e-01  8.13163937e-01  8.13123198e-01 -1.51705515e-05 -2.62851134e-12  4.03597294e-13 
 2.09373965e-05  8.13047424e-01  8.13166894e-01  8.13126171e-01 -1.51633573e-05  2.22700699e-12  1.88593580e-12 
 2.10373965e-05  8.13047277e-01  8.13168380e-01  8.13127713e-01 -1.51705537e-05 -2.82591311e-12  2.63039482e-13 
 2.11186982e-05  8.13047412e-01  8.13169340e-01  8.13128637e-01 -1.51633560e-05  2.17488983e-12  1.85617466e-12 
 2.12000000e-05  8.13047267e-01  8.13169766e-01  8.13129125e-01 -1.51705553e-05 -2.89775582e-12  2.13162387e-13 
 2.12000786e-05  8.13025116e-01  8.13120422e-01  8.13127621e-01 -1.76117916e-05 -7.23721628e-09 -3.60266028e-09 
 2.12002357e-05  8.13001749e-01  8.13062657e-01  8.13122944e-01 -1.90357386e-05 -1.72371283e-08 -9.98997233e-09 
 2.12004891e-05  8.12972838e-01  8.13057989e-01  8.13112981e-01 -1.93605942e-05 -2.55917111e-08 -1.86583029e-08 
 2.12007583e-05  8.12941129e-01  8.13086837e-01  8.13104682e-01 -1.95523377e-05 -3.31095055e-08 -2.69042053e-08 
 2.12010537e-05  8.12911461e-01  8.13123861e-01  8.13100220e-01 -2.01118710e-05 -3.85839601e-08 -3.49366281e-08 
 2.12013072e-05  8.12889131e-01  8.13158990e-01  8.13100273e-01 -2.17531235e-05 -3.72881596e-08 -4.09793006e-08 
 2.12014982e-05  8.12879177e-01  8.13188983e-01  8.13102707e-01 -2.43083164e-05 -2.78323193e-08 -4.49196294e-08 
 2.12016770e-05  8.12874667e-01  8.13219546e-01  8.13106912e-01 -2.82967717e-05 -7.00927538e-09 -4.80567345e-08 
 2.12018567e-05  8.12878528e-01  8.13254364e-01  8.13113114e-01 -3.39271728e-05  3.14053096e-08 -5.05514304e-08 
 2.12020195e-05  8.12886897e-01  8.13288958e-01  8.13120546e-01 -4.05269326e-05  8.78205947e-08 -5.21414382e-08 
 2.12021552e-05  8.12898405e-01  8.13321409e-01  8.13128160e-01 -4.69331212e-05  1.57455374e-07 -5.28319070e-08 
 2.12022676e-05  8.12908593e-01  8.13350876e-01  8.13135516e-01 -5.28057108e-05  2.37285072e-07 -5.28384841e-08 
 2.12023636e-05  8.12917904e-01  8.13379066e-01  8.13142626e-01 -5.80373146e-05  3.27877815e-07 -5.22901179e-08 
 2.12024488e-05  8.12924413e-01  8.13406875e-01  8.13149652e-01 -6.27901749e-05  4.32168468e-07 -5.12418622e-08 
 2.12025282e-05  8.12928791e-01  8.13436212e-01  8.13156886e-01 -6.71261398e-05  5.56632738e-07 -4.96291779e-08 
 2.12026105e-05  8.12930851e-01  8.13470572e-01  8.13165170e-01 -7.14611638e-05  7.20729072e-07 -4.71551395e-08 
 2.12027007e-05  8.12933833e-01  8.13512642e-01  8.13175298e-01 -7.59495061e-05  9.47050598e-07 -4.34002478e-08 
 2.12028072e-05  8.12939722e-01  8.13565384e-01  8.13188768e-01 -8.10174679e-05  1.27591543e-06 -3.76674320e-08 
 2.12029127e-05  8.12945902e-01  8.13617997e-01  8.13203750e-01 -8.57854614e-05  1.66258152e-06 -3.08101743e-08 
 2.12030323e-05  8.12951819e-01  8.13675152e-01  8.13222539e-01 -9.10167834e-05  2.16281483e-06 -2.19417642e-08 
 2.12031783e-05  8.12960784e-01  8.13738665e-01  8.13247711e-01 -9.71471025e-05  2.84285321e-06 -9.99231583e-09 
 2.12033098e-05  8.12972486e-01  8.13788677e-01  8.13272070e-01 -1.02190353e-04  3.50199114e-06  1.44511184e-09 
 2.12034414e-05  8.12986658e-01  8.13831172e-01  8.13297578e-01 -1.06059894e-04  4.18678325e-06  1.31570712e-08 
 2.12035469e-05  8.12999378e-01  8.13858172e-01  8.13318501e-01 -1.07219655e-04  4.73713210e-06  2.23910396e-08 
 2.12036156e-05  8.13007200e-01  8.13870119e-01  8.13332183e-01 -1.05276968e-04  5.08323589e-06  2.80290370e-08 
 2.12036703e-05  8.13012745e-01  8.13873776e-01  8.13342989e-01 -1.01075974e-04  5.33990144e-06  3.20148186e-08 
 2.12037288e-05  8.13017252e-01  8.13869299e-01  8.13354271e-01 -9.40972215e-05  5.58281954e-06  3.54734283e-08 
 2.12038002e-05  8.13020835e-01  8.13851403e-01  8.13367390e-01 -8.33896937e-05  5.82281412e-06  3.83187718e-08 
 2.12038752e-05  8.13022180e-01  8.13820582e-01  8.13380039e-01 -7.11976222e-05  6.00039768e-06  3.96039637e-08 
 2.12039760e-05  8.13020676e-01  8.13768801e-01  8.13394818e-01 -5.58712895e-05  6.12242747e-06  3.88800973e-08 
 2.12040698e-05  8.13016499e-01  8.13719234e-01  8.13406180e-01 -4.43774423e-05  6.13188790e-06  3.62291507e-08 
 2.12041527e-05  8.13011255e-01  8.13680777e-01  8.13414437e-01 -3.68301856e-05  6.07587005e-06  3.28387036e-08 
 2.12042413e-05  8.13004518e-01  8.13648562e-01  8.13421730e-01 -3.11003389e-05  5.96912258e-06  2.86044923e-08 
 2.12043367e-05  8.12996424e-01  8.13624752e-01  8.13428256e-01 -2.70401334e-05  5.81843242e-06  2.37146177e-08 
 2.12044355e-05  8.12987451e-01  8.13610872e-01  8.13434026e-01 -2.44386471e-05  5.63947666e-06  1.85742451e-08 
 2.12045447e-05  8.12977131e-01  8.13605672e-01  8.13439738e-01 -2.27809544e-05  5.42852627e-06  1.29974813e-08 
 2.12046658e-05  8.12965419e-01  8.13608845e-01  8.13445737e-01 -2.18028734e-05  5.19021104e-06  7.06766764e-09 
 2.12048084e-05  8.12951452e-01  8.13620306e-01  8.13452846e-01 -2.12688962e-05  4.91327768e-06  4.79126902e-10 
 2.12049042e-05  8.12942020e-01  8.13631022e-01  8.13457814e-01 -2.11002958e-05  4.73239977e-06 -3.70474067e-09 
 2.12050000e-05  8.12932572e-01  8.13643185e-01  8.13463025e-01 -2.10118815e-05  4.55686863e-06 -7.70422757e-09 
 2.12050016e-05  8.12934607e-01  8.13645442e-01  8.13463117e-01 -2.00820641e-05  4.55416788e-06 -7.67158333e-09 
 2.12050049e-05  8.12937884e-01  8.13649751e-01  8.13463305e-01 -1.96464018e-05  4.54879063e-06 -7.61097245e-09 
 2.12050114e-05  8.12940892e-01  8.13657484e-01  8.13463695e-01 -1.92411263e-05  4.53809730e-06 -7.51637130e-09 
 2.12050213e-05  8.12941809e-01  8.13667480e-01  8.13464316e-01 -1.89557151e-05  4.52194186e-06 -7.41522030e-09 
 2.12050381e-05  8.12942053e-01  8.13682506e-01  8.13465457e-01 -1.84256715e-05  4.49423290e-06 -7.27705229e-09 
 2.12050718e-05  8.12942204e-01  8.13708836e-01  8.13467992e-01 -1.76599593e-05  4.43873279e-06 -7.06988317e-09 
 2.12051391e-05  8.12942418e-01  8.13749405e-01  8.13473852e-01 -1.65575137e-05  4.32802226e-06 -6.83972341e-09 
 2.12052738e-05  8.12942585e-01  8.13796593e-01  8.13487412e-01 -1.56010680e-05  4.11082564e-06 -6.73968813e-09 
 2.12055122e-05  8.12942925e-01  8.13829989e-01  8.13513373e-01 -1.51719178e-05  3.74750925e-06 -6.86831391e-09 
 2.12057584e-05  8.12943198e-01  8.13844940e-01  8.13539976e-01 -1.51888298e-05  3.40402767e-06 -6.96854545e-09 
 2.12061299e-05  8.12943648e-01  8.13863164e-01  8.13577793e-01 -1.51522271e-05  2.94360588e-06 -6.94363729e-09 
 2.12066405e-05  8.12944156e-01  8.13884210e-01  8.13625090e-01 -1.51817953e-05  2.40976877e-06 -6.69738506e-09 
 2.12076618e-05  8.12945120e-01  8.13914739e-01  8.13704365e-01 -1.51496958e-05  1.60841273e-06 -5.81928901e-09 
 2.12097043e-05  8.12946518e-01  8.13936770e-01  8.13809180e-01 -1.51780618e-05  6.91228108e-07 -3.72819483e-09 
 2.12137893e-05  8.12948156e-01  8.13873529e-01  8.13858890e-01 -1.51456090e-05  7.77857246e-08 -9.51675927e-10 
 2.12199480e-05  8.12948818e-01  8.13643623e-01  8.13703246e-01 -1.51746994e-05 -7.33502617e-09  3.50803181e-12 
 2.12279622e-05  8.12948521e-01  8.13305318e-01  8.13371386e-01 -1.51440116e-05  1.28192974e-09 -1.97846790e-10 
 2.12362359e-05  8.12947825e-01  8.13033862e-01  8.13069131e-01 -1.51748316e-05 -5.98645549e-10 -1.81358644e-10 
 2.12473866e-05  8.12947097e-01  8.12843695e-01  8.12833009e-01 -1.51450328e-05  3.67117901e-11 -9.25388064e-11 
 2.12625313e-05  8.12946554e-01  8.12828182e-01  8.12776308e-01 -1.51753925e-05 -4.43470258e-11  9.00855399e-13 
 2.12892735e-05  8.12946619e-01  8.13037928e-01  8.12971938e-01 -1.51443147e-05  1.18349770e-10  5.32194137e-11 
 2.13233535e-05  8.12947035e-01  8.13204533e-01  8.13161417e-01 -1.51743260e-05 -2.37408405e-11  1.28848846e-11 
 2.13627913e-05  8.12947136e-01  8.13149099e-01  8.13116585e-01 -1.51443640e-05  1.92360060e-12 -1.49105319e-11 
 2.14000000e-05  8.12946962e-01  8.13086864e-01  8.13047371e-01 -1.51748370e-05 -2.37285499e-11 -3.54337669e-12 
 2.14000168e-05  8.12951791e-01  8.13111557e-01  8.13047527e-01 -1.00496203e-05  3.93267833e-09  8.33811085e-10 
 2.14000503e-05  8.12954814e-01  8.13149375e-01  8.13048091e-01 -9.47171702e-06  1.18677786e-08  2.41087289e-09 
 2.14001035e-05  8.12954739e-01  8.13188764e-01  8.13049782e-01 -9.18423659e-06  2.39946365e-08  4.72954938e-09 
 2.14001599e-05  8.12956790e-01  8.13220731e-01  8.13052332e-01 -8.81373967e-06  3.62717301e-08  7.07926863e-09 
 2.14002727e-05  8.12958569e-01  8.13258247e-01  8.13058796e-01 -8.62827879e-06  5.96774662e-08  1.14857481e-08 
 2.14004983e-05  8.12963918e-01  8.13287168e-01  8.13073754e-01 -8.41223444e-06  1.02877122e-07  1.95719613e-08 
 2.14008650e-05  8.12971215e-01  8.13294083e-01  8.13097840e-01 -8.48210770e-06  1.65207685e-07  3.11733670e-08 
 2.14013251e-05  8.12981929e-01  8.13293479e-01  8.13124009e-01 -8.50895363e-06  2.31672699e-07  4.35285950e-08 
 2.14014847e-05  8.12985995e-01  8.13292207e-01  8.13131940e-01 -8.72705903e-06  2.51939587e-07  4.72744139e-08 
 2.14018039e-05  8.13003960e-01  8.13287250e-01  8.13145998e-01 -1.02519618e-05  2.87377592e-07  5.37433567e-08 
 2.14019735e-05  8.13024428e-01  8.13281397e-01  8.13152404e-01 -1.25746841e-05  3.02433024e-07  5.63597520e-08 
 2.14020956e-05  8.13048245e-01  8.13274726e-01  8.13156457e-01 -1.52534395e-05  3.10562632e-07  5.76223184e-08 
 2.14022170e-05  8.13079213e-01  8.13265226e-01  8.13159912e-01 -1.90800180e-05  3.15656171e-07  5.81498248e-08 
 2.14023441e-05  8.13120191e-01  8.13252189e-01  8.13162794e-01 -2.38347730e-05  3.16950004e-07  5.77220873e-08 
 2.14024683e-05  8.13166021e-01  8.13235507e-01  8.13164753e-01 -2.88119507e-05  3.13361632e-07  5.60838331e-08 
 2.14025815e-05  8.13211326e-01  8.13216063e-01  8.13165655e-01 -3.25784032e-05  3.04912755e-07  5.32765663e-08 
 2.14026852e-05  8.13253325e-01  8.13193331e-01  8.13165589e-01 -3.46917640e-05  2.91854936e-07  4.93174546e-08 
 2.14028028e-05  8.13300260e-01  8.13161847e-01  8.13164272e-01 -3.57303825e-05  2.70009756e-07  4.29962947e-08 
 2.14029171e-05  8.13343440e-01  8.13128480e-01  8.13161600e-01 -3.68722692e-05  2.41811241e-07  3.50731532e-08 
 2.14030945e-05  8.13404160e-01  8.13081112e-01  8.13154920e-01 -3.90980895e-05  1.86292163e-07  2.00085638e-08 
 2.14032441e-05  8.13446792e-01  8.13049681e-01  8.13147357e-01 -4.11215335e-05  1.29334523e-07  5.27868815e-09 
 2.14033558e-05  8.13471170e-01  8.13033134e-01  8.13140953e-01 -4.24441429e-05  7.73909814e-08 -6.52422306e-09 
 2.14034238e-05  8.13480506e-01  8.13027094e-01  8.13136885e-01 -4.29410026e-05  3.24087050e-08 -1.38739299e-08 
 2.14034662e-05  8.13483005e-01  8.13025563e-01  8.13134340e-01 -4.30356761e-05 -9.78681929e-09 -1.84227496e-08 
 2.14035036e-05  8.13480837e-01  8.13026314e-01  8.13132128e-01 -4.28676723e-05 -6.32186709e-08 -2.23219228e-08 
 2.14035326e-05  8.13472827e-01  8.13028734e-01  8.13130452e-01 -4.24833166e-05 -1.18108840e-07 -2.52154521e-08 
 2.14035576e-05  8.13457781e-01  8.13032726e-01  8.13129055e-01 -4.18462322e-05 -1.75312459e-07 -2.75376019e-08 
 2.14035826e-05  8.13433120e-01  8.13039267e-01  8.13127728e-01 -4.08971475e-05 -2.40663610e-07 -2.95986570e-08 
 2.14036120e-05  8.13393659e-01  8.13051346e-01  8.13126289e-01 -3.93590834e-05 -3.26209295e-07 -3.15618377e-08 
 2.14036432e-05  8.13344846e-01  8.13069895e-01  8.13124968e-01 -3.73808519e-05 -4.24229623e-07 -3.29859143e-08 
 2.14036833e-05  8.13280134e-01  8.13101345e-01  8.13123697e-01 -3.44530988e-05 -5.55852241e-07 -3.37730337e-08 
 2.14037297e-05  8.13210656e-01  8.13145274e-01  8.13122941e-01 -3.08504332e-05 -7.11730798e-07 -3.33666323e-08 
 2.14037649e-05  8.13165793e-01  8.13181139e-01  8.13122935e-01 -2.81097894e-05 -8.29678079e-07 -3.22870436e-08 
 2.14037993e-05  8.13129255e-01  8.13216151e-01  8.13123414e-01 -2.55774984e-05 -9.44127067e-07 -3.07677312e-08 
 2.14038417e-05  8.13093740e-01  8.13256996e-01  8.13124633e-01 -2.27201318e-05 -1.08320568e-06 -2.84818311e-08 
 2.14038801e-05  8.13069542e-01  8.13290693e-01  8.13126290e-01 -2.04608384e-05 -1.20750696e-06 -2.61674899e-08 
 2.14039248e-05  8.13049105e-01  8.13324863e-01  8.13128782e-01 -1.82203773e-05 -1.34938742e-06 -2.33641401e-08 
 2.14039684e-05  8.13035235e-01  8.13352995e-01  8.13131714e-01 -1.64412039e-05 -1.48562530e-06 -2.06101550e-08 
 2.14040206e-05  8.13024271e-01  8.13380315e-01  8.13135733e-01 -1.47494488e-05 -1.64578771e-06 -1.73884673e-08 
 2.14040750e-05  8.13017356e-01  8.13402375e-01  8.13140360e-01 -1.34416172e-05 -1.80917032e-06 -1.41760894e-08 
 2.14041416e-05  8.13012850e-01  8.13422387e-01  8.13146440e-01 -1.22970957e-05 -2.00478799e-06 -1.04644960e-08 
 2.14042151e-05  8.13010955e-01  8.13437908e-01  8.13153477e-01 -1.14791051e-05 -2.21583916e-06 -6.63145095e-09 
 2.14043084e-05  8.13011256e-01  8.13451158e-01  8.13162653e-01 -1.08479104e-05 -2.47906007e-06 -2.08808189e-09 
 2.14044192e-05  8.13014154e-01  8.13461330e-01  8.13173621e-01 -1.04647962e-05 -2.79057367e-06  2.94208764e-09 
 2.14045699e-05  8.13022075e-01  8.13470367e-01  8.13188345e-01 -1.02269028e-05 -3.23687134e-06  9.33155343e-09 
 2.14047691e-05  8.13040897e-01  8.13478551e-01  8.13207150e-01 -1.01258529e-05 -3.95107462e-06  1.72009352e-08 
 2.14050000e-05  8.13072963e-01  8.13485530e-01  8.13227829e-01 -1.00827643e-05 -5.10620421e-06  2.56846200e-08 
 2.14050028e-05  8.13071169e-01  8.13480098e-01  8.13228062e-01 -1.47267545e-05 -5.12325294e-06  2.56313813e-08 
 2.14050083e-05  8.13068383e-01  8.13470341e-01  8.13228516e-01 -1.50408463e-05 -5.15753161e-06  2.55315209e-08 
 2.14050193e-05  8.13066323e-01  8.13455289e-01  8.13229368e-01 -1.50998246e-05 -5.22640893e-06  2.53697481e-08 
 2.14050402e-05  8.13065283e-01  8.13433769e-01  8.13230820e-01 -1.51205907e-05 -5.35600114e-06  2.51196093e-08 
 2.14050786e-05  8.13063668e-01  8.13402365e-01  8.13233056e-01 -1.51825065e-05 -5.59067249e-06  2.47219149e-08 
 2.14051555e-05  8.13062176e-01  8.13357463e-01  8.13236272e-01 -1.51873725e-05 -6.04629499e-06  2.40886257e-08 
 2.14052781e-05  8.13061070e-01  8.13319033e-01  8.13239207e-01 -1.52065539e-05 -6.73701488e-06  2.33232830e-08 
 2.14054195e-05  8.13060560e-01  8.13301746e-01  8.13240886e-01 -1.51732181e-05 -7.48200115e-06  2.26572575e-08 
 2.14056460e-05  8.13059662e-01  8.13294798e-01  8.13242336e-01 -1.51879275e-05 -8.56977990e-06  2.18952744e-08 
 2.14060380e-05  8.13058551e-01  8.13296935e-01  8.13244207e-01 -1.51578008e-05 -1.01774108e-05  2.12461109e-08 
 2.14068220e-05  8.13056689e-01  8.13305125e-01  8.13248588e-01 -1.51713308e-05 -1.25517614e-05  2.15959163e-08 
 2.14083900e-05  8.13054871e-01  8.13320390e-01  8.13259812e-01 -1.51359604e-05 -1.50401211e-05  2.50908533e-08 
 2.14111680e-05  8.13054235e-01  8.13345430e-01  8.13282981e-01 -1.51507936e-05 -1.57536901e-05  3.10889611e-08 
 2.14139845e-05  8.13055232e-01  8.13366099e-01  8.13306127e-01 -1.51258876e-05 -1.46702261e-05  3.29557987e-08 
 2.14181671e-05  8.13057054e-01  8.13386341e-01  8.13332935e-01 -1.51498658e-05 -1.26734795e-05  3.06633777e-08 
 2.14236691e-05  8.13059658e-01  8.13392732e-01  8.13349631e-01 -1.51288130e-05 -1.03579395e-05  2.54385438e-08 
 2.14346732e-05  8.13063920e-01  8.13352504e-01  8.13325319e-01 -1.51573162e-05 -7.00644221e-06  1.70422969e-08 
 2.14462336e-05  8.13067352e-01  8.13267927e-01  8.13247459e-01 -1.51392154e-05 -4.74139753e-06  1.14611735e-08 
 2.14611952e-05  8.13070223e-01  8.13160495e-01  8.13136669e-01 -1.51679215e-05 -2.89961516e-06  6.96748032e-09 
 2.14763566e-05  8.13072147e-01  8.13093789e-01  8.13061196e-01 -1.51484346e-05 -1.78734987e-06  4.28745783e-09 
 2.14966263e-05  8.13073586e-01  8.13076610e-01  8.13034487e-01 -1.51748556e-05 -9.37427272e-07  2.25530034e-09 
 2.15187733e-05  8.13074584e-01  8.13107335e-01  8.13061953e-01 -1.51533172e-05 -4.65781051e-07  1.12934427e-09 
 2.15487180e-05  8.13075177e-01  8.13148905e-01  8.13105678e-01 -1.51777643e-05 -1.75902619e-07  4.29466404e-10 
 2.15836069e-05  8.13075535e-01  8.13162707e-01  8.13122248e-01 -1.51550167e-05 -5.50246353e-08  1.33285543e-10 
 2.16335863e-05  8.13075561e-01  8.13162273e-01  8.13121495e-01 -1.51785830e-05 -7.83942797e-09  1.94357149e-11 
 2.16997362e-05  8.13075642e-01  8.13173954e-01  8.13132581e-01 -1.51552913e-05 -6.81209234e-11  2.82847893e-12 
 2.17997362e-05  8.13075594e-01  8.13186809e-01  8.13146188e-01 -1.51785999e-05  3.74390185e-11  6.17548547e-13 
 2.18997362e-05  8.13075654e-01  8.13189549e-01  8.13148729e-01 -1.51552993e-05 -3.22186982e-11  1.55203433e-12 
 2.19997362e-05  8.13075592e-01  8.13195081e-01  8.13154307e-01 -1.51786011e-05  2.67728290e-11  9.74481563e-13 
 2.20997362e-05  8.13075656e-01  8.13196104e-01  8.13155503e-01 -1.51552966e-05 -2.76949126e-11  1.17804047e-12 
 2.21997362e-05  8.13075587e-01  8.13197316e-01  8.13156550e-01 -1.51786051e-05  2.30972572e-11  9.02025199e-13 
 2.22997362e-05  8.13075650e-01  8.13198332e-01  8.13157724e-01 -1.51552941e-05 -2.48167060e-11  1.24829135e-12 
 2.23997362e-05  8.13075581e-01  8.13198310e-01  8.13157608e-01 -1.51786065e-05  2.04476004e-11  7.45910549e-13 
 2.24997362e-05  8.13075643e-01  8.13198804e-01  8.13158162e-01 -1.51552939e-05 -2.25599530e-11  1.32843508e-12 
 2.25997362e-05  8.13075575e-01  8.13198836e-01  8.13158162e-01 -1.51786063e-05  1.83823846e-11  6.90214053e-13 
 2.26997362e-05  8.13075636e-01  8.13198872e-01  8.13158227e-01 -1.51552942e-05 -2.07159257e-11  1.33407451e-12 
 2.27997362e-05  8.13075568e-01  8.13199014e-01  8.13158338e-01 -1.51786063e-05  1.66780207e-11  6.94987308e-13 
 2.28997362e-05  8.13075629e-01  8.13198925e-01  8.13158288e-01 -1.51552940e-05 -1.91581239e-11  1.32132499e-12 
 2.29997362e-05  8.13075561e-01  8.13199029e-01  8.13158347e-01 -1.51786065e-05  1.52403411e-11  7.00374275e-13 
 2.30997362e-05  8.13075622e-01  8.13198968e-01  8.13158335e-01 -1.51552937e-05 -1.78431298e-11  1.32108007e-12 
 2.31997362e-05  8.13075554e-01  8.13199015e-01  8.13158333e-01 -1.51786069e-05  1.40365079e-11  6.94578726e-13 
 2.32997362e-05  8.13075615e-01  8.13198979e-01  8.13158345e-01 -1.51552934e-05 -1.67462415e-11  1.32882263e-12 
 2.33498681e-05  8.13075549e-01  8.13199013e-01  8.13158332e-01 -1.51786072e-05  1.26469525e-11  6.82662152e-13 
 2.34000000e-05  8.13075612e-01  8.13198972e-01  8.13158336e-01 -1.51552928e-05 -1.52088496e-11  1.34109390e-12 
 2.34000326e-05  8.13068024e-01  8.13158645e-01  8.13157816e-01 -2.01353211e-05 -9.38306248e-09 -1.55754493e-09 
 2.34000979e-05  8.13062695e-01  8.13100670e-01  8.13156043e-01 -2.03145715e-05 -2.80395391e-08 -4.46590820e-09 
 2.34002284e-05  8.13059746e-01  8.13039752e-01  8.13149608e-01 -2.02714968e-05 -6.20155037e-08 -9.73268829e-09 
 2.34003891e-05  8.13055286e-01  8.13006922e-01  8.13139212e-01 -2.03660339e-05 -9.95988803e-08 -1.57121142e-08 
 2.34005406e-05  8.13053034e-01  8.12998166e-01  8.13128780e-01 -2.03419525e-05 -1.31969310e-07 -2.09526925e-08 
 2.34008437e-05  8.13046510e-01  8.12990629e-01  8.13108773e-01 -2.06529313e-05 -1.88132362e-07 -3.05154026e-08 
 2.34010969e-05  8.13043787e-01  8.12991517e-01  8.13093507e-01 -2.12605040e-05 -2.27292222e-07 -3.75812147e-08 
 2.34012874e-05  8.13042680e-01  8.12991991e-01  8.13083056e-01 -2.25560471e-05 -2.52134349e-07 -4.23613180e-08 
 2.34014546e-05  8.13045759e-01  8.12995210e-01  8.13074635e-01 -2.45494672e-05 -2.70448218e-07 -4.61218028e-08 
 2.34016212e-05  8.13051504e-01  8.12998947e-01  8.13067010e-01 -2.78620154e-05 -2.84560678e-07 -4.94320621e-08 
 2.34017878e-05  8.13062510e-01  8.13005636e-01  8.13060215e-01 -3.25003512e-05 -2.93734441e-07 -5.22228686e-08 
 2.34019419e-05  8.13075342e-01  8.13013214e-01  8.13054747e-01 -3.81635034e-05 -2.96491297e-07 -5.42821620e-08 
 2.34020742e-05  8.13088787e-01  8.13022193e-01  8.13050740e-01 -4.38915642e-05 -2.93285301e-07 -5.55523874e-08 
 2.34021853e-05  8.13099562e-01  8.13031128e-01  8.13047926e-01 -4.93378887e-05 -2.85224909e-07 -5.61813885e-08 
 2.34022800e-05  8.13108042e-01  8.13040730e-01  8.13045969e-01 -5.42498439e-05 -2.73333103e-07 -5.63028559e-08 
 2.34023630e-05  8.13112946e-01  8.13050703e-01  8.13044633e-01 -5.87574870e-05 -2.57818508e-07 -5.60085438e-08 
 2.34024377e-05  8.13114671e-01  8.13061658e-01  8.13043777e-01 -6.28015166e-05 -2.38682666e-07 -5.53233656e-08 
 2.34025072e-05  8.13112338e-01  8.13073861e-01  8.13043320e-01 -6.65313481e-05 -2.15225639e-07 -5.42304103e-08 
 2.34025773e-05  8.13106098e-01  8.13088674e-01  8.13043245e-01 -7.01036793e-05 -1.85039708e-07 -5.25751709e-08 
 2.34026546e-05  8.13096360e-01  8.13107897e-01  8.13043683e-01 -7.38688308e-05 -1.43560133e-07 -5.00170029e-08 
 2.34027383e-05  8.13086123e-01  8.13130912e-01  8.13044838e-01 -7.77112704e-05 -9.08766492e-08 -4.64098002e-08 
 2.34028405e-05  8.13075799e-01  8.13159638e-01  8.13047232e-01 -8.21907114e-05 -2.19318763e-08 -4.09920281e-08 
 2.34029342e-05  8.13068409e-01  8.13184999e-01  8.13050339e-01 -8.60071856e-05  3.64512323e-08 -3.52171864e-08 
 2.34030424e-05  8.13062684e-01  8.13211681e-01  8.13054886e-01 -9.01403661e-05  8.73808872e-08 -2.78106540e-08 
 2.34031520e-05  8.13060603e-01  8.13234492e-01  8.13060356e-01 -9.40731857e-05  1.21136011e-07 -1.97225034e-08 
 2.34032601e-05  8.13061906e-01  8.13251762e-01  8.13066373e-01 -9.77040858e-05  1.45615301e-07 -1.13731230e-08 
 2.34033850e-05  8.13065684e-01  8.13264608e-01  8.13073741e-01 -1.01028461e-04  1.71283010e-07 -1.52924288e-09 
 2.34034896e-05  8.13070017e-01  8.13268585e-01  8.13079980e-01 -1.02219837e-04  1.92420253e-07  6.61845517e-09 
 2.34035602e-05  8.13072821e-01  8.13266127e-01  8.13084066e-01 -1.00548080e-04  2.06028128e-07  1.17995250e-08 
 2.34036146e-05  8.13074651e-01  8.13259220e-01  8.13087036e-01 -9.65936947e-05  2.15196057e-07  1.53453862e-08 
 2.34036701e-05  8.13075831e-01  8.13245292e-01  8.13089767e-01 -9.01137158e-05  2.22467663e-07  1.82717083e-08 
 2.34037410e-05  8.13076542e-01  8.13216233e-01  8.13092576e-01 -7.95871878e-05  2.27729060e-07  2.07457609e-08 
 2.34038100e-05  8.13076429e-01  8.13177903e-01  8.13094312e-01 -6.84779474e-05  2.28262937e-07  2.17245074e-08 
 2.34039072e-05  8.13075375e-01  8.13114945e-01  8.13094749e-01 -5.38734414e-05  2.21848265e-07  2.09967822e-08 
 2.34040086e-05  8.13073560e-01  8.13048359e-01  8.13092612e-01 -4.19030863e-05  2.07952628e-07  1.82539551e-08 
 2.34040894e-05  8.13071898e-01  8.13000864e-01  8.13089157e-01 -3.51463473e-05  1.93096419e-07  1.51575525e-08 
 2.34041709e-05  8.13070118e-01  8.12960818e-01  8.13084377e-01 -3.03946448e-05  1.75952879e-07  1.16275069e-08 
 2.34042627e-05  8.13068096e-01  8.12925439e-01  8.13077817e-01 -2.69120614e-05  1.55049210e-07  7.47085142e-09 
 2.34043566e-05  8.13066008e-01  8.12898653e-01  8.13070205e-01 -2.47585562e-05  1.32727847e-07  3.22242710e-09 
 2.34044635e-05  8.13063653e-01  8.12877201e-01  8.13060870e-01 -2.33774776e-05  1.06889108e-07 -1.46462204e-09 
 2.34045800e-05  8.13061088e-01  8.12861578e-01  8.13050299e-01 -2.26074478e-05  7.88279269e-08 -6.32461623e-09 
 2.34047204e-05  8.13058024e-01  8.12849465e-01  8.13037438e-01 -2.21904411e-05  4.56994233e-08 -1.18276071e-08 
 2.34048602e-05  8.13054976e-01  8.12841666e-01  8.13024790e-01 -2.20267142e-05  1.38548730e-08 -1.69503263e-08 
 2.34050000e-05  8.13051950e-01  8.12836154e-01  8.13012469e-01 -2.19662952e-05 -1.66493928e-08 -2.17566836e-08 
 2.34050016e-05  8.13053210e-01  8.12839518e-01  8.13012329e-01 -1.73833306e-05 -1.66362717e-08 -2.17215463e-08 
 2.34050049e-05  8.13055305e-01  8.12845773e-01  8.13012054e-01 -1.70649693e-05 -1.65848513e-08 -2.16534802e-08 
 2.34050115e-05  8.13057308e-01  8.12856206e-01  8.13011526e-01 -1.67737116e-05 -1.63984522e-08 -2.15343888e-08 
 2.34050203e-05  8.13057813e-01  8.12867460e-01  8.13010852e-01 -1.66851592e-05 -1.61273436e-08 -2.14004520e-08 
 2.34050342e-05  8.13057940e-01  8.12881989e-01  8.13009872e-01 -1.64788666e-05 -1.57480620e-08 -2.12096537e-08 
 2.34050620e-05  8.13057964e-01  8.12906369e-01  8.13008144e-01 -1.62185883e-05 -1.50881040e-08 -2.08593110e-08 
 2.34051176e-05  8.13058015e-01  8.12944222e-01  8.13005428e-01 -1.57892796e-05 -1.40672368e-08 -2.02434771e-08 
 2.34052288e-05  8.13058005e-01  8.12990271e-01  8.13001998e-01 -1.53986925e-05 -1.27236030e-08 -1.92160574e-08 
 2.34054512e-05  8.13058049e-01  8.13022840e-01  8.12998925e-01 -1.51532212e-05 -1.11849040e-08 -1.75322249e-08 
 2.34057422e-05  8.13058088e-01  8.13026714e-01  8.12997297e-01 -1.51672605e-05 -9.86880195e-09 -1.56388546e-08 
 2.34061459e-05  8.13058172e-01  8.13024160e-01  8.12995428e-01 -1.51442386e-05 -8.38704755e-09 -1.33383560e-08 
 2.34067600e-05  8.13058246e-01  8.13019857e-01  8.12992350e-01 -1.51671391e-05 -6.58107466e-09 -1.04608086e-08 
 2.34079882e-05  8.13058397e-01  8.13010905e-01  8.12985401e-01 -1.51457818e-05 -4.02487262e-09 -6.38656964e-09 
 2.34104447e-05  8.13058529e-01  8.12992691e-01  8.12969422e-01 -1.51693047e-05 -1.41540013e-09 -2.22439505e-09 
 2.34153577e-05  8.13058586e-01  8.12961836e-01  8.12936904e-01 -1.51482925e-05 -5.18294194e-11 -5.02885776e-11 
 2.34251837e-05  8.13058388e-01  8.12942331e-01  8.12903148e-01 -1.51710838e-05 -9.98496424e-13 -3.85025372e-12 
 2.34397363e-05  8.13058237e-01  8.13004333e-01  8.12947117e-01 -1.51486394e-05  3.77124582e-11  1.51876260e-11 
 2.34599620e-05  8.13058344e-01  8.13147255e-01  8.13088274e-01 -1.51704896e-05  5.55963290e-11  4.30194710e-11 
 2.34979533e-05  8.13058699e-01  8.13269739e-01  8.13228897e-01 -1.51481339e-05 -7.79656287e-14  3.25654027e-12 
 2.35404329e-05  8.13058702e-01  8.13217206e-01  8.13182222e-01 -1.51706650e-05 -1.50542378e-11 -8.51974047e-12 
 2.36000000e-05  8.13058586e-01  8.13176490e-01  8.13134191e-01 -1.51484853e-05  2.24721522e-12  1.09665667e-12 
 2.36000317e-05  8.13069713e-01  8.13203213e-01  8.13134545e-01 -1.29761719e-05  4.40989282e-09  1.60270576e-09 
 2.36000950e-05  8.13078614e-01  8.13243787e-01  8.13135753e-01 -1.14169306e-05  1.19983519e-08  4.52000379e-09 
 2.36002216e-05  8.13089580e-01  8.13283553e-01  8.13140063e-01 -1.01552388e-05  2.18305965e-08  9.56363120e-09 
 2.36003400e-05  8.13102851e-01  8.13292238e-01  8.13145021e-01 -9.67144458e-06  2.76173199e-08  1.38042696e-08 
 2.36005767e-05  8.13125204e-01  8.13278186e-01  8.13154022e-01 -9.54775802e-06  3.61205029e-08  2.15441777e-08 
 2.36008460e-05  8.13153178e-01  8.13247822e-01  8.13161005e-01 -9.46458128e-06  4.38361018e-08  2.95013445e-08 
 2.36013109e-05  8.13198724e-01  8.13184992e-01  8.13163514e-01 -9.62651582e-06  5.49609520e-08  4.13851375e-08 
 2.36016040e-05  8.13231934e-01  8.13141518e-01  8.13158983e-01 -1.00084055e-05  5.64873297e-08  4.77169202e-08 
 2.36017509e-05  8.13250790e-01  8.13117211e-01  8.13154972e-01 -1.07528051e-05  5.06517241e-08  5.04641162e-08 
 2.36019107e-05  8.13279600e-01  8.13088904e-01  8.13149235e-01 -1.23102238e-05  2.91852846e-08  5.29497012e-08 
 2.36020489e-05  8.13311213e-01  8.13060930e-01  8.13143052e-01 -1.48570361e-05 -1.23681437e-08  5.44369290e-08 
 2.36021793e-05  8.13350725e-01  8.13031433e-01  8.13136062e-01 -1.82866801e-05 -8.33678634e-08  5.50443655e-08 
 2.36023106e-05  8.13397325e-01  8.12997290e-01  8.13127753e-01 -2.28390848e-05 -1.99169362e-07  5.45879209e-08 
 2.36024405e-05  8.13450364e-01  8.12958949e-01  8.13118111e-01 -2.77036493e-05 -3.71600975e-07  5.28138361e-08 
 2.36025616e-05  8.13501655e-01  8.12917672e-01  8.13107692e-01 -3.18510170e-05 -5.98583771e-07  4.96634738e-08 
 2.36026702e-05  8.13548013e-01  8.12874781e-01  8.13096972e-01 -3.41991918e-05 -8.71620570e-07  4.53033334e-08 
 2.36027942e-05  8.13597311e-01  8.12817899e-01  8.13082874e-01 -3.52453815e-05 -1.28057071e-06  3.82094364e-08 
 2.36029070e-05  8.13638343e-01  8.12761440e-01  8.13068140e-01 -3.59881194e-05 -1.74637983e-06  2.98074750e-08 
 2.36030829e-05  8.13691853e-01  8.12674871e-01  8.13041592e-01 -3.77863302e-05 -2.63181100e-06  1.36526438e-08 
 2.36032200e-05  8.13723941e-01  8.12613110e-01  8.13018197e-01 -3.93654929e-05 -3.43750505e-06 -1.01669407e-09 
 2.36033408e-05  8.13742670e-01  8.12564883e-01  8.12996022e-01 -4.08119851e-05 -4.21231814e-06 -1.50244303e-08 
 2.36034392e-05  8.13747132e-01  8.12531337e-01  8.12977170e-01 -4.16830150e-05 -4.87346519e-06 -2.68832344e-08 
 2.36034968e-05  8.13740242e-01  8.12515166e-01  8.12965907e-01 -4.19539555e-05 -5.26507456e-06 -3.38732041e-08 
 2.36035359e-05  8.13730313e-01  8.12506460e-01  8.12958209e-01 -4.19080550e-05 -5.52809747e-06 -3.85492112e-08 
 2.36035697e-05  8.13716004e-01  8.12501130e-01  8.12951554e-01 -4.16521860e-05 -5.74924849e-06 -4.24660824e-08 
 2.36035988e-05  8.13696657e-01  8.12498922e-01  8.12945856e-01 -4.11291987e-05 -5.93046427e-06 -4.56515058e-08 
 2.36036279e-05  8.13668236e-01  8.12500100e-01  8.12940234e-01 -4.02363710e-05 -6.09695739e-06 -4.85224166e-08 
 2.36036612e-05  8.13626789e-01  8.12507308e-01  8.12933925e-01 -3.87400344e-05 -6.26316136e-06 -5.12384524e-08 
 2.36036976e-05  8.13579463e-01  8.12523461e-01  8.12927278e-01 -3.66511200e-05 -6.40924198e-06 -5.33249845e-08 
 2.36037418e-05  8.13530494e-01  8.12553315e-01  8.12919743e-01 -3.37109636e-05 -6.53366045e-06 -5.45451357e-08 
 2.36038087e-05  8.13489238e-01  8.12610947e-01  8.12909765e-01 -2.89698334e-05 -6.62158794e-06 -5.40174905e-08 
 2.36038555e-05  8.13487799e-01  8.12654379e-01  8.12903867e-01 -2.57706627e-05 -6.62303604e-06 -5.23203486e-08 
 2.36038975e-05  8.13503979e-01  8.12691062e-01  8.12899343e-01 -2.31478416e-05 -6.59329685e-06 -5.02201213e-08 
 2.36039461e-05  8.13539168e-01  8.12728382e-01  8.12894908e-01 -2.05297401e-05 -6.53239455e-06 -4.73970974e-08 
 2.36039937e-05  8.13587275e-01  8.12758518e-01  8.12891286e-01 -1.83895867e-05 -6.45339627e-06 -4.44354523e-08 
 2.36040487e-05  8.13654621e-01  8.12785262e-01  8.12887804e-01 -1.64382674e-05 -6.34689459e-06 -4.09675634e-08 
 2.36041059e-05  8.13734300e-01  8.12804744e-01  8.12884783e-01 -1.48946046e-05 -6.22563892e-06 -3.74309197e-08 
 2.36041743e-05  8.13837552e-01  8.12818834e-01  8.12881715e-01 -1.35908645e-05 -6.07393082e-06 -3.33968655e-08 
 2.36042503e-05  8.13959046e-01  8.12825614e-01  8.12878718e-01 -1.26284910e-05 -5.90266842e-06 -2.91957999e-08 
 2.36043448e-05  8.14117076e-01  8.12825317e-01  8.12875235e-01 -1.19179841e-05 -5.69091020e-06 -2.43538277e-08 
 2.36044576e-05  8.14315810e-01  8.12817337e-01  8.12871061e-01 -1.14650855e-05 -5.44428641e-06 -1.90543848e-08 
 2.36046082e-05  8.14606527e-01  8.12800258e-01  8.12865043e-01 -1.12037769e-05 -5.12923015e-06 -1.26864131e-08 
 2.36048092e-05  8.15078730e-01  8.12772798e-01  8.12855834e-01 -1.10737083e-05 -4.73509110e-06 -5.38121074e-09 
 2.36050000e-05  8.15662130e-01  8.12744917e-01  8.12845717e-01 -1.10330639e-05 -4.38808941e-06  2.37737233e-10 
 2.36050038e-05  8.15670575e-01  8.12739921e-01  8.12845498e-01 -1.21280166e-05 -4.38205232e-06  1.11788075e-10 
 2.36050113e-05  8.15690228e-01  8.12730748e-01  8.12845045e-01 -1.26313873e-05 -4.36997269e-06 -1.17006595e-10 
 2.36050263e-05  8.15738182e-01  8.12715607e-01  8.12844070e-01 -1.28949560e-05 -4.34570072e-06 -4.85979419e-10 
 2.36050537e-05  8.15828840e-01  8.12692396e-01  8.12842098e-01 -1.34180520e-05 -4.30123559e-06 -1.06844156e-09 
 2.36050921e-05  8.15955366e-01  8.12664739e-01  8.12838988e-01 -1.39027475e-05 -4.23896590e-06 -1.78943662e-09 
 2.36051689e-05  8.16209251e-01  8.12624138e-01  8.12831875e-01 -1.45408211e-05 -4.11553044e-06 -3.00451059e-09 
 2.36053224e-05  8.16713389e-01  8.12580144e-01  8.12815766e-01 -1.50116228e-05 -3.87694703e-06 -5.02050046e-09 
 2.36054959e-05  8.17276166e-01  8.12559623e-01  8.12796552e-01 -1.51199382e-05 -3.62297376e-06 -7.00521214e-09 
 2.36058019e-05  8.18248671e-01  8.12542128e-01  8.12763528e-01 -1.51199292e-05 -3.21436587e-06 -1.01799095e-08 
 2.36061375e-05  8.19287306e-01  8.12530813e-01  8.12729851e-01 -1.51207981e-05 -2.81881123e-06 -1.32339164e-08 
 2.36068036e-05  8.21263883e-01  8.12517656e-01  8.12671952e-01 -1.51045706e-05 -2.16965755e-06 -1.81378612e-08 
 2.36079059e-05  8.24303529e-01  8.12522649e-01  8.12602431e-01 -1.51029337e-05 -1.40069431e-06 -2.34996922e-08 
 2.36101106e-05  8.29614853e-01  8.12627356e-01  8.12560779e-01 -1.50800678e-05 -5.57021337e-07 -2.75937245e-08 
 2.36145198e-05  8.37779713e-01  8.13188910e-01  8.12848240e-01 -1.50758939e-05 -4.04088717e-08 -2.42859313e-08 
 2.36195624e-05  8.44118199e-01  8.14357635e-01  8.13736359e-01 -1.50667366e-05  1.49242289e-09 -1.62559440e-08 
 2.36262050e-05  8.49349917e-01  8.16621047e-01  8.15690178e-01 -1.50828973e-05  2.58468519e-09 -8.54279548e-09 
 2.36331117e-05  8.52469414e-01  8.19636862e-01  8.18472091e-01 -1.50850725e-05  3.11696385e-09 -3.80286144e-09 
 2.36425217e-05  8.54707512e-01  8.24329264e-01  8.23003965e-01 -1.51061318e-05  3.58409760e-09 -3.03885445e-10 
 2.36528016e-05  8.55795681e-01  8.29585266e-01  8.28267764e-01 -1.51072368e-05  3.61268459e-09  1.35497892e-09 
 2.36638777e-05  8.56281614e-01  8.34714229e-01  8.33559723e-01 -1.51224528e-05  3.21349637e-09  1.86004895e-09 
 2.36746422e-05  8.56470386e-01  8.38730636e-01  8.37821861e-01 -1.51195478e-05  2.53846004e-09  1.71019340e-09 
 2.36865828e-05  8.56554828e-01  8.41876475e-01  8.41261132e-01 -1.51343561e-05  1.70916043e-09  1.25788612e-09 
 2.36987783e-05  8.56587042e-01  8.43795558e-01  8.43435289e-01 -1.51331244e-05  9.56431385e-10  7.52350720e-10 
 2.37143600e-05  8.56601323e-01  8.44945002e-01  8.44787084e-01 -1.51499705e-05  3.46711269e-10  2.90365870e-10 
 2.37335556e-05  8.56604902e-01  8.45475994e-01  8.45391871e-01 -1.51491436e-05  9.50188812e-11  6.48491184e-11 
 2.37501799e-05  8.56605160e-01  8.45868384e-01  8.45757870e-01 -1.51607863e-05  1.62158607e-10  8.70938178e-11 
 2.37701355e-05  8.56604970e-01  8.46643463e-01  8.46486741e-01 -1.51535273e-05  2.91260980e-10  1.77252880e-10 
 2.37914737e-05  8.56605572e-01  8.47724361e-01  8.47547761e-01 -1.51614042e-05  3.62236868e-10  2.36493672e-10 
 2.38239274e-05  8.56606555e-01  8.49315339e-01  8.49158886e-01 -1.51523931e-05  3.09405455e-10  2.13277978e-10 
 2.38634536e-05  8.56607872e-01  8.50788441e-01  8.50668890e-01 -1.51608429e-05  2.10578173e-10  1.43466894e-10 
 2.39091450e-05  8.56608509e-01  8.52019533e-01  8.51917337e-01 -1.51529852e-05  1.56472385e-10  1.05052210e-10 
 2.39800944e-05  8.56609588e-01  8.53501209e-01  8.53412752e-01 -1.51613582e-05  1.25867884e-10  8.48929293e-11 
 2.40774329e-05  8.56610353e-01  8.54841735e-01  8.54774817e-01 -1.51531482e-05  6.23664755e-11  4.39333240e-11 
 2.41774329e-05  8.56610993e-01  8.55615810e-01  8.55558050e-01 -1.51615873e-05  4.21054068e-11  2.82828709e-11 
 2.42774329e-05  8.56611141e-01  8.56089070e-01  8.56037289e-01 -1.51532851e-05  2.16427104e-11  1.67553607e-11 
 2.43774329e-05  8.56611470e-01  8.56354743e-01  8.56307401e-01 -1.51616274e-05  1.40064679e-11  9.76017894e-12 
 2.44774329e-05  8.56611397e-01  8.56509518e-01  8.56463420e-01 -1.51533492e-05  6.09742313e-12  6.08659282e-12 
 2.45774329e-05  8.56611613e-01  8.56604106e-01  8.56559737e-01 -1.51616355e-05  6.13837540e-12  4.71033916e-12 
 2.46774329e-05  8.56611476e-01  8.56654085e-01  8.56610269e-01 -1.51533683e-05 -1.72451897e-13  1.80639081e-12 
 2.47774329e-05  8.56611645e-01  8.56686759e-01  8.56643262e-01 -1.51616432e-05  3.81296579e-12  3.16496032e-12 
 2.48774329e-05  8.56611491e-01  8.56704147e-01  8.56661087e-01 -1.51533709e-05 -2.20547517e-12  4.84199107e-13 
 2.49774329e-05  8.56611644e-01  8.56714435e-01  8.56671317e-01 -1.51616473e-05  2.76296195e-12  2.42080244e-12 
 2.50774329e-05  8.56611482e-01  8.56720963e-01  8.56678076e-01 -1.51533723e-05 -2.64651387e-12  2.20947338e-13 
 2.51774329e-05  8.56611631e-01  8.56724111e-01  8.56681176e-01 -1.51616469e-05  2.25363868e-12  2.06601126e-12 
 2.52774329e-05  8.56611466e-01  8.56726375e-01  8.56683525e-01 -1.51533750e-05 -2.74134881e-12  1.59326057e-13 
 2.53774329e-05  8.56611614e-01  8.56727541e-01  8.56684666e-01 -1.51616447e-05  2.09176686e-12  1.96287328e-12 
 2.54774329e-05  8.56611447e-01  8.56728144e-01  8.56685318e-01 -1.51533776e-05 -2.81076985e-12  1.06660015e-13 
 2.55387164e-05  8.56611598e-01  8.56728537e-01  8.56685666e-01 -1.51616420e-05  2.08433878e-12  1.96318114e-12 
 2.56000000e-05  8.56611436e-01  8.56728623e-01  8.56685814e-01 -1.51533808e-05 -2.85672180e-12  7.37996903e-14 
 2.56000594e-05  8.56592388e-01  8.56687175e-01  8.56684852e-01 -1.74081377e-05 -5.94005495e-09 -2.80584972e-09 
 2.56001781e-05  8.56573506e-01  8.56632980e-01  8.56681716e-01 -1.87507940e-05 -1.45231279e-08 -7.81832106e-09 
 2.56003792e-05  8.56550682e-01  8.56612142e-01  8.56673829e-01 -1.92634258e-05 -2.22036376e-08 -1.50333676e-08 
 2.56005900e-05  8.56525291e-01  8.56627223e-01  8.56665981e-01 -1.94263437e-05 -2.85946863e-08 -2.18625997e-08 
 2.56008400e-05  8.56499173e-01  8.56655616e-01  8.56659562e-01 -1.95953358e-05 -3.50299502e-08 -2.92259204e-08 
 2.56012422e-05  8.56460817e-01  8.56708044e-01  8.56656500e-01 -2.11858694e-05 -3.82660627e-08 -3.95177039e-08 
 2.56014779e-05  8.56447113e-01  8.56744174e-01  8.56658911e-01 -2.39488418e-05 -2.94037725e-08 -4.45378703e-08 
 2.56016562e-05  8.56441845e-01  8.56774190e-01  8.56662865e-01 -2.77501233e-05 -1.03573127e-08 -4.77326535e-08 
 2.56018331e-05  8.56445067e-01  8.56808055e-01  8.56668704e-01 -3.30728913e-05  2.49228539e-08 -5.02717060e-08 
 2.56019976e-05  8.56452877e-01  8.56842409e-01  8.56675945e-01 -3.95650138e-05  7.85102614e-08 -5.19788925e-08 
 2.56021366e-05  8.56464573e-01  8.56875123e-01  8.56683519e-01 -4.59952985e-05  1.46093480e-07 -5.27828892e-08 
 2.56022519e-05  8.56475154e-01  8.56904824e-01  8.56690896e-01 -5.19668068e-05  2.24264426e-07 -5.28823560e-08 
 2.56023501e-05  8.56485239e-01  8.56933176e-01  8.56698030e-01 -5.72878262e-05  3.13099255e-07 -5.24109348e-08 
 2.56024368e-05  8.56492620e-01  8.56960947e-01  8.56705061e-01 -6.21382263e-05  4.15172575e-07 -5.14375750e-08 
 2.56025170e-05  8.56498203e-01  8.56989981e-01  8.56712245e-01 -6.65375526e-05  5.36121112e-07 -4.99136289e-08 
 2.56025984e-05  8.56501606e-01  8.57023284e-01  8.56720305e-01 -7.08826393e-05  6.92521338e-07 -4.75964679e-08 
 2.56026894e-05  8.56506520e-01  8.57065065e-01  8.56730356e-01 -7.54759372e-05  9.13482161e-07 -4.39624178e-08 
 2.56027908e-05  8.56515373e-01  8.57114846e-01  8.56742952e-01 -8.03967601e-05  1.21707858e-06 -3.86852273e-08 
 2.56028847e-05  8.56525111e-01  8.57161554e-01  8.56755939e-01 -8.47239561e-05  1.54820366e-06 -3.28100491e-08 
 2.56029919e-05  8.56534396e-01  8.57213555e-01  8.56772254e-01 -8.94748021e-05  1.97861087e-06 -2.51561756e-08 
 2.56031061e-05  8.56542270e-01  8.57265837e-01  8.56791219e-01 -9.42981139e-05  2.48929579e-06 -1.61250952e-08 
 2.56032369e-05  8.56552594e-01  8.57319930e-01  8.56814619e-01 -9.95855765e-05  3.12391817e-06 -5.01946486e-09 
 2.56033786e-05  8.56566775e-01  8.57370376e-01  8.56841495e-01 -1.04481897e-04  3.85032509e-06  7.51309826e-09 
 2.56035168e-05  8.56582928e-01  8.57409922e-01  8.56868701e-01 -1.07305373e-04  4.57382609e-06  1.97604745e-08 
 2.56036048e-05  8.56593305e-01  8.57427402e-01  8.56886245e-01 -1.05952799e-04  5.02348736e-06  2.71532054e-08 
 2.56036640e-05  8.56599435e-01  8.57432643e-01  8.56897970e-01 -1.01882121e-04  5.30576932e-06  3.15809129e-08 
 2.56037200e-05  8.56604014e-01  8.57429765e-01  8.56908838e-01 -9.54864822e-05  5.54416322e-06  3.50339221e-08 
 2.56037936e-05  8.56607963e-01  8.57413076e-01  8.56922457e-01 -8.46858922e-05  5.79989600e-06  3.81667718e-08 
 2.56038641e-05  8.56609556e-01  8.57385371e-01  8.56934523e-01 -7.32280048e-05  5.97682617e-06  3.95921122e-08 
 2.56039642e-05  8.56608494e-01  8.57334860e-01  8.56949546e-01 -5.77134678e-05  6.11426688e-06  3.91969533e-08 
 2.56040646e-05  8.56604304e-01  8.57281510e-01  8.56961980e-01 -4.50433685e-05  6.13483451e-06  3.65429462e-08 
 2.56041490e-05  8.56599033e-01  8.57241730e-01  8.56970511e-01 -3.71865383e-05  6.08131016e-06  3.31356142e-08 
 2.56042365e-05  8.56592443e-01  8.57209239e-01  8.56977806e-01 -3.13992158e-05  5.97814540e-06  2.89736355e-08 
 2.56043318e-05  8.56584393e-01  8.57184714e-01  8.56984403e-01 -2.72272208e-05  5.82936152e-06  2.40964003e-08 
 2.56044297e-05  8.56575540e-01  8.57170285e-01  8.56990170e-01 -2.45682171e-05  5.65314619e-06  1.90001870e-08 
 2.56045387e-05  8.56565261e-01  8.57164474e-01  8.56995904e-01 -2.28494002e-05  5.44318442e-06  1.34215923e-08 
 2.56046583e-05  8.56553704e-01  8.57167095e-01  8.57001840e-01 -2.18424096e-05  5.20773416e-06  7.54105444e-09 
 2.56047999e-05  8.56539843e-01  8.57178047e-01  8.57008884e-01 -2.12815494e-05  4.93227004e-06  9.68364838e-10 
 2.56048999e-05  8.56529993e-01  8.57189079e-01  8.57014056e-01 -2.10985972e-05  4.74291027e-06 -3.41987828e-09 
 2.56050000e-05  8.56520126e-01  8.57201735e-01  8.57019490e-01 -2.10019651e-05  4.55934214e-06 -7.60623188e-09 
 2.56050016e-05  8.56522156e-01  8.57203988e-01  8.57019583e-01 -2.00733501e-05  4.55664336e-06 -7.57370951e-09 
 2.56050049e-05  8.56525432e-01  8.57208292e-01  8.57019770e-01 -1.96386187e-05  4.55127000e-06 -7.51330432e-09 
 2.56050114e-05  8.56528442e-01  8.57216016e-01  8.57020159e-01 -1.92324150e-05  4.54058460e-06 -7.41904787e-09 
 2.56050212e-05  8.56529361e-01  8.57226002e-01  8.57020779e-01 -1.89475035e-05  4.52443992e-06 -7.31837776e-09 
 2.56050380e-05  8.56529606e-01  8.57241003e-01  8.57021917e-01 -1.84178418e-05  4.49676781e-06 -7.18110076e-09 
 2.56050716e-05  8.56529756e-01  8.57267295e-01  8.57024446e-01 -1.76532283e-05  4.44134156e-06 -6.97550182e-09 
 2.56051389e-05  8.56529971e-01  8.57307828e-01  8.57030289e-01 -1.65509382e-05  4.33077621e-06 -6.74795695e-09 
 2.56052733e-05  8.56530138e-01  8.57355027e-01  8.57043814e-01 -1.55936849e-05  4.11384946e-06 -6.65246459e-09 
 2.56055118e-05  8.56530479e-01  8.57388541e-01  8.57069773e-01 -1.51622254e-05  3.75020605e-06 -6.78918408e-09 
 2.56057577e-05  8.56530752e-01  8.57403519e-01  8.57096345e-01 -1.51793641e-05  3.40686217e-06 -6.89734328e-09 
 2.56061290e-05  8.56531203e-01  8.57421806e-01  8.57134156e-01 -1.51425335e-05  2.94623031e-06 -6.88306580e-09 
 2.56066387e-05  8.56531710e-01  8.57442917e-01  8.57181394e-01 -1.51723095e-05  2.41286311e-06 -6.64950078e-09 
 2.56076579e-05  8.56532674e-01  8.57473653e-01  8.57260652e-01 -1.51400195e-05  1.61178065e-06 -5.79119022e-09 
 2.56096964e-05  8.56534072e-01  8.57496328e-01  8.57365769e-01 -1.51686075e-05  6.93955760e-07 -3.72246946e-09 
 2.56137735e-05  8.56535712e-01  8.57434908e-01  8.57416954e-01 -1.51359864e-05  7.87623885e-08 -9.55955307e-10 
 2.56199289e-05  8.56536377e-01  8.57207811e-01  8.57264151e-01 -1.51653042e-05 -7.40065908e-09  5.28979676e-12 
 2.56279511e-05  8.56536083e-01  8.56872353e-01  8.56935280e-01 -1.51344299e-05  1.30336201e-09 -1.95689618e-10 
 2.56362217e-05  8.56535389e-01  8.56603748e-01  8.56636045e-01 -1.51654578e-05 -6.00462819e-10 -1.79840472e-10 
 2.56473687e-05  8.56534668e-01  8.56416233e-01  8.56402874e-01 -1.51354645e-05  3.96350969e-11 -9.13908087e-11 
 2.56625005e-05  8.56534129e-01  8.56402338e-01  8.56348144e-01 -1.51660303e-05 -4.45780290e-11  1.27948672e-12 
 2.56893129e-05  8.56534198e-01  8.56613026e-01  8.56544886e-01 -1.51347580e-05  1.18767059e-10  5.31949005e-11 
 2.57233787e-05  8.56534613e-01  8.56779939e-01  8.56734574e-01 -1.51649760e-05 -2.39383680e-11  1.29430732e-11 
 2.57629236e-05  8.56534713e-01  8.56725975e-01  8.56691159e-01 -1.51348155e-05  2.56007650e-12 -1.46736257e-11 
 2.58000000e-05  8.56534541e-01  8.56665063e-01  8.56623357e-01 -1.51654879e-05 -2.38348399e-11 -3.47219074e-12 
 2.58000167e-05  8.56539364e-01  8.56689689e-01  8.56623513e-01 -1.00410678e-05  3.91862960e-09  8.31111574e-10 
 2.58000501e-05  8.56542390e-01  8.56727417e-01  8.56624073e-01 -9.46351097e-06  1.18266360e-08  2.40298893e-09 
 2.58001031e-05  8.56542311e-01  8.56766738e-01  8.56625756e-01 -9.17666727e-06  2.39168795e-08  4.71474318e-09 
 2.58001593e-05  8.56544358e-01  8.56798682e-01  8.56628293e-01 -8.80604939e-06  3.61570639e-08  7.05757087e-09 
 2.58002718e-05  8.56546132e-01  8.56836250e-01  8.56634729e-01 -8.61985715e-06  5.94946354e-08  1.14514821e-08 
 2.58004966e-05  8.56551464e-01  8.56865311e-01  8.56649637e-01 -8.40293235e-06  1.02575241e-07  1.95157101e-08 
 2.58008631e-05  8.56558759e-01  8.56872363e-01  8.56673727e-01 -8.47238545e-06  1.64906478e-07  3.11174639e-08 
 2.58013218e-05  8.56569433e-01  8.56871822e-01  8.56699867e-01 -8.49712115e-06  2.31238403e-07  4.34485244e-08 
 2.58014838e-05  8.56573555e-01  8.56870561e-01  8.56707932e-01 -8.71610238e-06  2.51828860e-07  4.72545837e-08 
 2.58018079e-05  8.56591912e-01  8.56865525e-01  8.56722208e-01 -1.02870679e-05  2.87750722e-07  5.38108092e-08 
 2.58019785e-05  8.56612833e-01  8.56859563e-01  8.56728643e-01 -1.26637452e-05  3.02804212e-07  5.64227783e-08 
 2.58021006e-05  8.56636969e-01  8.56852786e-01  8.56732680e-01 -1.53827968e-05  3.10819586e-07  5.76594794e-08 
 2.58022219e-05  8.56668224e-01  8.56843166e-01  8.56736112e-01 -1.92435763e-05  3.15767413e-07  5.81534650e-08 
 2.58023489e-05  8.56709451e-01  8.56829983e-01  8.56738967e-01 -2.40171927e-05  3.16881012e-07  5.76833012e-08 
 2.58024728e-05  8.56755349e-01  8.56813164e-01  8.56740891e-01 -2.89727014e-05  3.13094213e-07  5.59987850e-08 
 2.58025855e-05  8.56800536e-01  8.56793607e-01  8.56741758e-01 -3.26789613e-05  3.04464520e-07  5.31501554e-08 
 2.58026891e-05  8.56842487e-01  8.56770695e-01  8.56741658e-01 -3.47306890e-05  2.91193519e-07  4.91390380e-08 
 2.58028063e-05  8.56889221e-01  8.56739140e-01  8.56740303e-01 -3.57514057e-05  2.69158348e-07  4.27754058e-08 
 2.58029218e-05  8.56932729e-01  8.56705427e-01  8.56737556e-01 -3.69159292e-05  2.40419387e-07  3.47153615e-08 
 2.58030912e-05  8.56990666e-01  8.56660147e-01  8.56731159e-01 -3.90441423e-05  1.87285666e-07  2.03129083e-08 
 2.58032377e-05  8.57032710e-01  8.56629032e-01  8.56723789e-01 -4.10283383e-05  1.31712187e-07  5.92882209e-09 
 2.58033511e-05  8.57057786e-01  8.56611869e-01  8.56717306e-01 -4.23794949e-05  7.96997469e-08 -6.03457636e-09 
 2.58034207e-05  8.57067079e-01  8.56605482e-01  8.56713146e-01 -4.28784615e-05  3.57464082e-08 -1.35538148e-08 
 2.58034639e-05  8.57068604e-01  8.56603830e-01  8.56710558e-01 -4.29221632e-05 -3.66921300e-09 -1.81867292e-08 
 2.58035014e-05  8.57064708e-01  8.56604533e-01  8.56708334e-01 -4.26640033e-05 -5.11341095e-08 -2.21202393e-08 
 2.58035310e-05  8.57054856e-01  8.56606998e-01  8.56706621e-01 -4.21853762e-05 -9.92144660e-08 -2.50945080e-08 
 2.58035567e-05  8.57038105e-01  8.56611107e-01  8.56705187e-01 -4.15031824e-05 -1.48237992e-07 -2.74954554e-08 
 2.58035820e-05  8.57011921e-01  8.56617751e-01  8.56703839e-01 -4.05594777e-05 -2.01913079e-07 -2.96083311e-08 
 2.58036115e-05  8.56971245e-01  8.56629790e-01  8.56702401e-01 -3.90923850e-05 -2.68098249e-07 -3.15977405e-08 
 2.58036431e-05  8.56920641e-01  8.56648445e-01  8.56701069e-01 -3.71782235e-05 -3.40560173e-07 -3.30639385e-08 
 2.58036827e-05  8.56854809e-01  8.56679472e-01  8.56699810e-01 -3.43629043e-05 -4.29877973e-07 -3.38805153e-08 
 2.58037328e-05  8.56778271e-01  8.56726739e-01  8.56699027e-01 -3.05495458e-05 -5.36063987e-07 -3.34444770e-08 
 2.58037690e-05  8.56731532e-01  8.56763722e-01  8.56699075e-01 -2.77655185e-05 -6.07632616e-07 -3.22938504e-08 
 2.58038034e-05  8.56694849e-01  8.56798645e-01  8.56699612e-01 -2.52700916e-05 -6.71784918e-07 -3.07411575e-08 
 2.58038458e-05  8.56659214e-01  8.56839285e-01  8.56700900e-01 -2.24524405e-05 -7.46478167e-07 -2.84256606e-08 
 2.58038844e-05  8.56634995e-01  8.56872742e-01  8.56702620e-01 -2.02259038e-05 -8.10825702e-07 -2.60920064e-08 
 2.58039294e-05  8.56614501e-01  8.56906694e-01  8.56705192e-01 -1.80125927e-05 -8.82444000e-07 -2.32645332e-08 
 2.58039734e-05  8.56600646e-01  8.56934558e-01  8.56708202e-01 -1.62603495e-05 -9.49654865e-07 -2.04935283e-08 
 2.58040261e-05  8.56589693e-01  8.56961564e-01  8.56712318e-01 -1.45954242e-05 -1.02740123e-06 -1.72541312e-08 
 2.58040812e-05  8.56582787e-01  8.56983303e-01  8.56717048e-01 -1.33138083e-05 -1.10566228e-06 -1.40274336e-08 
 2.58041486e-05  8.56578222e-01  8.57002961e-01  8.56723257e-01 -1.21949097e-05 -1.19838017e-06 -1.03017031e-08 
 2.58042232e-05  8.56576155e-01  8.57018161e-01  8.56730444e-01 -1.14007256e-05 -1.29748959e-06 -6.45388634e-09 
 2.58043182e-05  8.56575964e-01  8.57031094e-01  8.56739814e-01 -1.07909943e-05 -1.41967186e-06 -1.89698518e-09 
 2.58044314e-05  8.56577687e-01  8.57041027e-01  8.56751037e-01 -1.04262328e-05 -1.56216691e-06  3.15005794e-09 
 2.58045859e-05  8.56582290e-01  8.57049901e-01  8.56766118e-01 -1.02018025e-05 -1.76138663e-06  9.54597700e-09 
 2.58047913e-05  8.56592635e-01  8.57058112e-01  8.56785462e-01 -1.01100322e-05 -2.07489317e-06  1.74066625e-08 
 2.58050000e-05  8.56608151e-01  8.57064527e-01  8.56804132e-01 -1.00717329e-05 -2.51464520e-06  2.47860314e-08 
 2.58050024e-05  8.56606388e-01  8.57059656e-01  8.56804340e-01 -1.46971753e-05 -2.52133755e-06  2.47354787e-08 
 2.58050073e-05  8.56603578e-01  8.57050834e-01  8.56804746e-01 -1.50044110e-05 -2.53486545e-06  2.46399277e-08 
 2.58050171e-05  8.56601330e-01  8.57036993e-01  8.56805513e-01 -1.50886037e-05 -2.56229352e-06  2.44826239e-08 
 2.58050365e-05  8.56600263e-01  8.57016370e-01  8.56806888e-01 -1.50980356e-05 -2.61630925e-06  2.42278160e-08 
 2.58050699e-05  8.56598844e-01  8.56988117e-01  8.56808914e-01 -1.51667799e-05 -2.70809623e-06  2.38392858e-08 
 2.58051367e-05  8.56597471e-01  8.56945887e-01  8.56811955e-01 -1.51678748e-05 -2.88674511e-06  2.31863146e-08 
 2.58052607e-05  8.56596486e-01  8.56901816e-01  8.56815297e-01 -1.51982703e-05 -3.20214070e-06  2.22027041e-08 
 2.58053903e-05  8.56596297e-01  8.56883154e-01  8.56817033e-01 -1.51595416e-05 -3.51138781e-06  2.13447101e-08 
 2.58056072e-05  8.56595912e-01  8.56873896e-01  8.56818583e-01 -1.51810371e-05 -3.98613311e-06  2.01182334e-08 
 2.58059364e-05  8.56595583e-01  8.56874313e-01  8.56820150e-01 -1.51486992e-05 -4.61519875e-06  1.86372465e-08 
 2.58065950e-05  8.56594916e-01  8.56880145e-01  8.56823464e-01 -1.51731994e-05 -5.59743602e-06  1.66664991e-08 
 2.58079120e-05  8.56594348e-01  8.56891680e-01  8.56831640e-01 -1.51385558e-05 -6.77238614e-06  1.51056042e-08 
 2.58105462e-05  8.56594228e-01  8.56914240e-01  8.56851293e-01 -1.51615758e-05 -7.43721469e-06  1.53036131e-08 
 2.58145868e-05  8.56595379e-01  8.56942914e-01  8.56882079e-01 -1.51304728e-05 -6.89469975e-06  1.57903133e-08 
 2.58195955e-05  8.56596956e-01  8.56963493e-01  8.56910383e-01 -1.51590908e-05 -5.84873232e-06  1.41916825e-08 
 2.58274565e-05  8.56599275e-01  8.56959803e-01  8.56920675e-01 -1.51314107e-05 -4.50355689e-06  1.09403244e-08 
 2.58431784e-05  8.56602410e-01  8.56868988e-01  8.56846134e-01 -1.51632382e-05 -2.68975177e-06  6.45529517e-09 
 2.58600612e-05  8.56604403e-01  8.56739132e-01  8.56715111e-01 -1.51376619e-05 -1.56858910e-06  3.74546757e-09 
 2.58815982e-05  8.56605614e-01  8.56642733e-01  8.56606340e-01 -1.51690143e-05 -7.89912381e-07  1.87967081e-09 
 2.59044222e-05  8.56606371e-01  8.56636250e-01  8.56590462e-01 -1.51417094e-05 -3.84040076e-07  9.28994609e-10 
 2.59358028e-05  8.56606845e-01  8.56682113e-01  8.56635124e-01 -1.51712363e-05 -1.37496013e-07  3.38641958e-10 
 2.59728094e-05  8.56607182e-01  8.56709708e-01  8.56666758e-01 -1.51429233e-05 -3.93219510e-08  9.78107978e-11 
 2.60268811e-05  8.56607193e-01  8.56703358e-01  8.56661159e-01 -1.51718655e-05 -4.10086013e-09  8.06660945e-12 
 2.60993588e-05  8.56607245e-01  8.56707519e-01  8.56663865e-01 -1.51431611e-05  1.56532205e-10  3.17377071e-12 
 2.61993588e-05  8.56607202e-01  8.56719832e-01  8.56677155e-01 -1.51718571e-05 -2.28492015e-11 -2.32221469e-14 
 2.62993588e-05  8.56607253e-01  8.56718099e-01  8.56675207e-01 -1.51431656e-05 -6.30855481e-12  1.81312745e-12 
 2.63993588e-05  8.56607191e-01  8.56722833e-01  8.56679827e-01 -1.51718622e-05  8.26323883e-12  6.34802540e-13 
 2.64993588e-05  8.56607250e-01  8.56723351e-01  8.56680648e-01 -1.51431588e-05 -1.18113290e-11  1.46854284e-12 
 2.65993588e-05  8.56607182e-01  8.56723465e-01  8.56680507e-01 -1.51718681e-05  8.34099391e-12  5.31194283e-13 
 2.66993588e-05  8.56607241e-01  8.56724765e-01  8.56681981e-01 -1.51431559e-05 -1.12611847e-11  1.60961999e-12 
 2.67993588e-05  8.56607174e-01  8.56724250e-01  8.56681395e-01 -1.51718688e-05  7.72729125e-12  3.84288792e-13 
 2.68993588e-05  8.56607230e-01  8.56724765e-01  8.56681926e-01 -1.51431567e-05 -1.08206029e-11  1.64582801e-12 
 2.69993588e-05  8.56607165e-01  8.56724764e-01  8.56681935e-01 -1.51718676e-05  7.33384967e-12  4.12369574e-13 
 2.70993588e-05  8.56607220e-01  8.56724697e-01  8.56681861e-01 -1.51431577e-05 -1.04760053e-11  1.56575843e-12 
 2.71993588e-05  8.56607155e-01  8.56724882e-01  8.56682041e-01 -1.51718671e-05  6.98775326e-12  4.98174852e-13 
 2.72993588e-05  8.56607211e-01  8.56724752e-01  8.56681931e-01 -1.51431579e-05 -1.01423835e-11  1.48791624e-12 
 2.73993588e-05  8.56607145e-01  8.56724845e-01  8.56681995e-01 -1.51718671e-05  6.66382336e-12  5.56146871e-13 
 2.74993588e-05  8.56607201e-01  8.56724803e-01  8.56681985e-01 -1.51431578e-05 -9.84184717e-12  1.44572624e-12 
 2.75993588e-05  8.56607135e-01  8.56724816e-01  8.56681966e-01 -1.51718671e-05  6.38850084e-12  5.86530173e-13 
 2.76993588e-05  8.56607191e-01  8.56724807e-01  8.56681988e-01 -1.51431578e-05 -9.59429064e-12  1.42087459e-12 
 2.77496794e-05  8.56607128e-01  8.56724817e-01  8.56681970e-01 -1.51718670e-05  5.97866179e-12  6.19580992e-13 
 2.78000000e-05  8.56607186e-01  8.56724791e-01  8.56681970e-01 -1.51431580e-05 -9.22966629e-12  1.37922258e-12 
 2.78000327e-05  8.56599591e-01  8.56684359e-01  8.56681447e-01 -2.01263192e-05 -9.41448192e-09 -1.56282294e-09 
 2.78000982e-05  8.56594257e-01  8.56626257e-01  8.56679663e-01 -2.03057705e-05 -2.81364878e-08 -4.48115381e-09 
 2.78002292e-05  8.56591300e-01  8.56565298e-01  8.56673193e-01 -2.02623137e-05 -6.22221717e-08 -9.76542654e-09 
 2.78003905e-05  8.56586831e-01  8.56532554e-01  8.56662752e-01 -2.03571248e-05 -9.99092922e-08 -1.57621223e-08 
 2.78005422e-05  8.56584575e-01  8.56523873e-01  8.56652303e-01 -2.03332514e-05 -1.32293333e-07 -2.10063829e-08 
 2.78008457e-05  8.56578047e-01  8.56516363e-01  8.56632273e-01 -2.06466218e-05 -1.88468323e-07 -3.05746620e-08 
 2.78010977e-05  8.56575349e-01  8.56517239e-01  8.56617083e-01 -2.12544889e-05 -2.27400318e-07 -3.76016375e-08 
 2.78012885e-05  8.56574256e-01  8.56517697e-01  8.56606613e-01 -2.25566342e-05 -2.52261600e-07 -4.23867804e-08 
 2.78014553e-05  8.56577345e-01  8.56520894e-01  8.56598208e-01 -2.45512988e-05 -2.70516840e-07 -4.61370131e-08 
 2.78016217e-05  8.56583096e-01  8.56524603e-01  8.56590587e-01 -2.78649015e-05 -2.84596050e-07 -4.94415271e-08 
 2.78017883e-05  8.56594112e-01  8.56531267e-01  8.56583785e-01 -3.25068353e-05 -2.93751105e-07 -5.22303246e-08 
 2.78019423e-05  8.56606947e-01  8.56538817e-01  8.56578311e-01 -3.81718523e-05 -2.96488747e-07 -5.42873094e-08 
 2.78020746e-05  8.56620385e-01  8.56547771e-01  8.56574299e-01 -4.38991296e-05 -2.93266028e-07 -5.55553525e-08 
 2.78021856e-05  8.56631152e-01  8.56556688e-01  8.56571479e-01 -4.93440168e-05 -2.85193208e-07 -5.61826653e-08 
 2.78022803e-05  8.56639621e-01  8.56566276e-01  8.56569517e-01 -5.42544677e-05 -2.73290082e-07 -5.63028137e-08 
 2.78023633e-05  8.56644514e-01  8.56576241e-01  8.56568175e-01 -5.87607924e-05 -2.57764922e-07 -5.60073255e-08 
 2.78024379e-05  8.56646227e-01  8.56587193e-01  8.56567313e-01 -6.28035498e-05 -2.38617191e-07 -5.53209962e-08 
 2.78025074e-05  8.56643881e-01  8.56599400e-01  8.56566851e-01 -6.65325475e-05 -2.15145091e-07 -5.42266898e-08 
 2.78025775e-05  8.56637628e-01  8.56614227e-01  8.56566772e-01 -7.01050588e-05 -1.84930569e-07 -5.25692318e-08 
 2.78026549e-05  8.56627888e-01  8.56633461e-01  8.56567206e-01 -7.38691313e-05 -1.43433545e-07 -5.00092173e-08 
 2.78027386e-05  8.56617645e-01  8.56656508e-01  8.56568358e-01 -7.77146098e-05 -9.06809966e-08 -4.63961387e-08 
 2.78028406e-05  8.56607348e-01  8.56685179e-01  8.56570742e-01 -8.21834630e-05 -2.18862950e-08 -4.09885646e-08 
 2.78029342e-05  8.56599964e-01  8.56710535e-01  8.56573842e-01 -8.59980566e-05  3.64634193e-08 -3.52162688e-08 
 2.78030424e-05  8.56594239e-01  8.56737227e-01  8.56578383e-01 -9.01309481e-05  8.73879905e-08 -2.78099550e-08 
 2.78031520e-05  8.56592159e-01  8.56760058e-01  8.56583850e-01 -9.40649420e-05  1.21148900e-07 -1.97193257e-08 
 2.78032602e-05  8.56593464e-01  8.56777345e-01  8.56589863e-01 -9.76958160e-05  1.45627604e-07 -1.13693427e-08 
 2.78033851e-05  8.56597244e-01  8.56790215e-01  8.56597227e-01 -1.01019570e-04  1.71293352e-07 -1.52600624e-09 
 2.78034896e-05  8.56601577e-01  8.56794219e-01  8.56603462e-01 -1.02209949e-04  1.92422913e-07  6.61864270e-09 
 2.78035602e-05  8.56604382e-01  8.56791794e-01  8.56607547e-01 -1.00538799e-04  2.06027610e-07  1.17985515e-08 
 2.78036146e-05  8.56606213e-01  8.56784926e-01  8.56610518e-01 -9.65852871e-05  2.15195325e-07  1.53443120e-08 
 2.78036701e-05  8.56607395e-01  8.56771047e-01  8.56613250e-01 -9.01059347e-05  2.22467414e-07  1.82708679e-08 
 2.78037410e-05  8.56608109e-01  8.56742051e-01  8.56616062e-01 -7.95798880e-05  2.27729581e-07  2.07452190e-08 
 2.78038100e-05  8.56607998e-01  8.56703773e-01  8.56617804e-01 -6.84710240e-05  2.28264150e-07  2.17242500e-08 
 2.78039071e-05  8.56606947e-01  8.56640863e-01  8.56618249e-01 -5.38669075e-05  2.21850934e-07  2.09969617e-08 
 2.78040086e-05  8.56605134e-01  8.56574282e-01  8.56616122e-01 -4.18950672e-05  2.07954906e-07  1.82541714e-08 
 2.78040893e-05  8.56603473e-01  8.56526774e-01  8.56612674e-01 -3.51378273e-05  1.93098498e-07  1.51577440e-08 
 2.78041709e-05  8.56601693e-01  8.56486708e-01  8.56607900e-01 -3.03860106e-05  1.75955268e-07  1.16277715e-08 
 2.78042627e-05  8.56599671e-01  8.56451303e-01  8.56601347e-01 -2.69031736e-05  1.55051580e-07  7.47110513e-09 
 2.78043566e-05  8.56597582e-01  8.56424492e-01  8.56593740e-01 -2.47495834e-05  1.32730467e-07  3.22272743e-09 
 2.78044635e-05  8.56595227e-01  8.56403017e-01  8.56584410e-01 -2.33683569e-05  1.06891730e-07 -1.46432424e-09 
 2.78045800e-05  8.56592662e-01  8.56387375e-01  8.56573844e-01 -2.25982985e-05  7.88308369e-08 -6.32425944e-09 
 2.78047204e-05  8.56589597e-01  8.56375245e-01  8.56560986e-01 -2.21812087e-05  4.57025105e-08 -1.18272061e-08 
 2.78048602e-05  8.56586549e-01  8.56367434e-01  8.56548341e-01 -2.20174866e-05  1.38566984e-08 -1.69501023e-08 
 2.78050000e-05  8.56583522e-01  8.56361912e-01  8.56536021e-01 -2.19570191e-05 -1.66487142e-08 -2.17566130e-08 
 2.78050016e-05  8.56584782e-01  8.56365276e-01  8.56535881e-01 -1.73740507e-05 -1.66355925e-08 -2.17214732e-08 
 2.78050049e-05  8.56586878e-01  8.56371531e-01  8.56535606e-01 -1.70556838e-05 -1.65841694e-08 -2.16534020e-08 
 2.78050115e-05  8.56588880e-01  8.56381965e-01  8.56535078e-01 -1.67643376e-05 -1.63977575e-08 -2.15343037e-08 
 2.78050203e-05  8.56589385e-01  8.56393218e-01  8.56534405e-01 -1.66756223e-05 -1.61266436e-08 -2.14003661e-08 
 2.78050342e-05  8.56589511e-01  8.56407747e-01  8.56533425e-01 -1.64692735e-05 -1.57473480e-08 -2.12095610e-08 
 2.78050620e-05  8.56589536e-01  8.56432124e-01  8.56531696e-01 -1.62089935e-05 -1.50873713e-08 -2.08592054e-08 
 2.78051176e-05  8.56589587e-01  8.56469976e-01  8.56528981e-01 -1.57797042e-05 -1.40664889e-08 -2.02433455e-08 
 2.78052288e-05  8.56589578e-01  8.56516024e-01  8.56525552e-01 -1.53891787e-05 -1.27228583e-08 -1.92158785e-08 
 2.78054512e-05  8.56589621e-01  8.56548599e-01  8.56522480e-01 -1.51437660e-05 -1.11841760e-08 -1.75319566e-08 
 2.78057422e-05  8.56589661e-01  8.56552480e-01  8.56520856e-01 -1.51578284e-05 -9.86815389e-09 -1.56385985e-08 
 2.78061459e-05  8.56589745e-01  8.56549933e-01  8.56518992e-01 -1.51348004e-05 -8.38641857e-09 -1.33380207e-08 
 2.78067601e-05  8.56589819e-01  8.56545640e-01  8.56515922e-01 -1.51577061e-05 -6.58049328e-09 -1.04604203e-08 
 2.78079884e-05  8.56589970e-01  8.56536706e-01  8.56508990e-01 -1.51363435e-05 -4.02438347e-09 -6.38615443e-09 
 2.78104450e-05  8.56590104e-01  8.56518520e-01  8.56493043e-01 -1.51598723e-05 -1.41507366e-09 -2.22405297e-09 
 2.78153582e-05  8.56590162e-01  8.56487671e-01  8.56460559e-01 -1.51388560e-05 -5.17266401e-11 -5.01357359e-11 
 2.78251846e-05  8.56589965e-01  8.56467990e-01  8.56426691e-01 -1.51616518e-05 -1.13928116e-12 -3.91037718e-12 
 2.78397416e-05  8.56589813e-01  8.56529591e-01  8.56470275e-01 -1.51391997e-05  3.74926737e-11  1.50315921e-11 
 2.78599661e-05  8.56589919e-01  8.56672221e-01  8.56611074e-01 -1.51610536e-05  5.55504412e-11  4.29565133e-11 
 2.78979424e-05  8.56590273e-01  8.56795266e-01  8.56752168e-01 -1.51386920e-05  1.45702461e-13  3.40689521e-12 
 2.79405420e-05  8.56590277e-01  8.56743309e-01  8.56706137e-01 -1.51612297e-05 -1.50138764e-11 -8.48003493e-12 
 2.80000000e-05  8.56590161e-01  8.56702365e-01  8.56657923e-01 -1.51390456e-05  2.14769565e-12  1.02645079e-12 
 2.80000316e-05  8.56601280e-01  8.56729051e-01  8.56658276e-01 -1.29679963e-05  4.40290813e-09  1.59998143e-09 
 2.80000948e-05  8.56610172e-01  8.56769586e-01  8.56659480e-01 -1.14099434e-05  1.19814509e-08  4.51255638e-09 
 2.80002212e-05  8.56621116e-01  8.56809378e-01  8.56663778e-01 -1.01481174e-05  2.18063806e-08  9.54847899e-09 
 2.80003394e-05  8.56634368e-01  8.56818140e-01  8.56668726e-01 -9.66304922e-06  2.75910234e-08  1.37830994e-08 
 2.80005757e-05  8.56656680e-01  8.56804230e-01  8.56677720e-01 -9.53840427e-06  3.60884481e-08  2.15122210e-08 
 2.80008449e-05  8.56684644e-01  8.56773956e-01  8.56684722e-01 -9.45492365e-06  4.38053777e-08  2.94694513e-08 
 2.80013089e-05  8.56730097e-01  8.56711359e-01  8.56687287e-01 -9.61570962e-06  5.49252609e-08  4.13383803e-08 
 2.80016041e-05  8.56763535e-01  8.56667621e-01  8.56682757e-01 -1.00000536e-05  5.64737629e-08  4.77200406e-08 
 2.80017501e-05  8.56782255e-01  8.56643492e-01  8.56678783e-01 -1.07382417e-05  5.07069867e-08  5.04511945e-08 
 2.80019109e-05  8.56811200e-01  8.56615051e-01  8.56673031e-01 -1.23027149e-05  2.91522636e-08  5.29512006e-08 
 2.80020494e-05  8.56842931e-01  8.56586987e-01  8.56666836e-01 -1.48603712e-05 -1.26036981e-08  5.44413116e-08 
 2.80021799e-05  8.56882494e-01  8.56557459e-01  8.56659847e-01 -1.82959530e-05 -8.37936366e-08  5.50450638e-08 
 2.80023112e-05  8.56929105e-01  8.56523295e-01  8.56651543e-01 -2.28506684e-05 -1.99787562e-07  5.45834479e-08 
 2.80024411e-05  8.56982143e-01  8.56484929e-01  8.56641905e-01 -2.77140287e-05 -3.72451169e-07  5.28035499e-08 
 2.80025620e-05  8.57033401e-01  8.56443638e-01  8.56631491e-01 -3.18553478e-05 -5.99616944e-07  4.96480932e-08 
 2.80026706e-05  8.57079729e-01  8.56400729e-01  8.56620773e-01 -3.41960926e-05 -8.72888605e-07  4.52823322e-08 
 2.80027946e-05  8.57128975e-01  8.56343841e-01  8.56606679e-01 -3.52385731e-05 -1.28204339e-06  3.81834275e-08 
 2.80029075e-05  8.57169999e-01  8.56287322e-01  8.56591930e-01 -3.59828998e-05 -1.74855690e-06  2.97680764e-08 
 2.80030837e-05  8.57223518e-01  8.56200568e-01  8.56565318e-01 -3.77868917e-05 -2.63648126e-06  1.35675743e-08 
 2.80032213e-05  8.57255559e-01  8.56138636e-01  8.56541835e-01 -3.93710382e-05 -3.44536297e-06 -1.15921343e-09 
 2.80033421e-05  8.57274000e-01  8.56090461e-01  8.56519653e-01 -4.08132070e-05 -4.22052479e-06 -1.51722449e-08 
 2.80034397e-05  8.57277453e-01  8.56057227e-01  8.56500945e-01 -4.16576944e-05 -4.87651570e-06 -2.69366543e-08 
 2.80034966e-05  8.57268375e-01  8.56041278e-01  8.56489807e-01 -4.18771966e-05 -5.26357121e-06 -3.38410708e-08 
 2.80035366e-05  8.57254138e-01  8.56032475e-01  8.56481936e-01 -4.17450394e-05 -5.53207926e-06 -3.86057509e-08 
 2.80035697e-05  8.57234073e-01  8.56027401e-01  8.56475439e-01 -4.13891207e-05 -5.74751644e-06 -4.24069004e-08 
 2.80035988e-05  8.57207349e-01  8.56025309e-01  8.56469735e-01 -4.07930948e-05 -5.92836602e-06 -4.55637535e-08 
 2.80036283e-05  8.57169577e-01  8.56026630e-01  8.56464030e-01 -3.98727213e-05 -6.09673907e-06 -4.84325298e-08 
 2.80036621e-05  8.57115787e-01  8.56034096e-01  8.56457633e-01 -3.84019874e-05 -6.26441755e-06 -5.11167448e-08 
 2.80036989e-05  8.57053320e-01  8.56050556e-01  8.56450932e-01 -3.63675023e-05 -6.41071487e-06 -5.31269494e-08 
 2.80037436e-05  8.56983168e-01  8.56080794e-01  8.56443347e-01 -3.34696880e-05 -6.53468232e-06 -5.42224261e-08 
 2.80038043e-05  8.56911264e-01  8.56132825e-01  8.56434252e-01 -2.92294396e-05 -6.61672582e-06 -5.36357693e-08 
 2.80038481e-05  8.56879987e-01  8.56173316e-01  8.56428617e-01 -2.62295322e-05 -6.62357273e-06 -5.20353216e-08 
 2.80038894e-05  8.56865798e-01  8.56209727e-01  8.56424036e-01 -2.36220278e-05 -6.59953392e-06 -4.99383511e-08 
 2.80039387e-05  8.56864734e-01  8.56248381e-01  8.56419395e-01 -2.09035766e-05 -6.54239681e-06 -4.69863658e-08 
 2.80039856e-05  8.56876846e-01  8.56279099e-01  8.56415703e-01 -1.87314494e-05 -6.46738568e-06 -4.39374202e-08 
 2.80040402e-05  8.56902325e-01  8.56306891e-01  8.56412129e-01 -1.67161082e-05 -6.36399582e-06 -4.03189282e-08 
 2.80040959e-05  8.56937404e-01  8.56327140e-01  8.56409088e-01 -1.51410927e-05 -6.24739589e-06 -3.66748915e-08 
 2.80041632e-05  8.56987364e-01  8.56342436e-01  8.56405979e-01 -1.37772140e-05 -6.09916661e-06 -3.24521858e-08 
 2.80042366e-05  8.57047964e-01  8.56350341e-01  8.56403014e-01 -1.27761034e-05 -5.93381527e-06 -2.81021544e-08 
 2.80043285e-05  8.57128907e-01  8.56351387e-01  8.56399585e-01 -1.20150021e-05 -5.72735853e-06 -2.30253927e-08 
 2.80044364e-05  8.57228822e-01  8.56344854e-01  8.56395603e-01 -1.15294988e-05 -5.49038555e-06 -1.75195957e-08 
 2.80045806e-05  8.57370898e-01  8.56329356e-01  8.56389923e-01 -1.12374253e-05 -5.18612175e-06 -1.07745396e-08 
 2.80047689e-05  8.57582165e-01  8.56304007e-01  8.56381498e-01 -1.10952081e-05 -4.81210025e-06 -2.85622109e-09 
 2.80050000e-05  8.57913697e-01  8.56269949e-01  8.56369363e-01 -1.10432530e-05 -4.38835402e-06  5.57028417e-09 
 2.80050047e-05  8.57916128e-01  8.56263770e-01  8.56369082e-01 -1.21977687e-05 -4.38074675e-06  5.45028930e-09 
 2.80050142e-05  8.57924775e-01  8.56252583e-01  8.56368501e-01 -1.27294816e-05 -4.36551515e-06  5.24325694e-09 
 2.80050332e-05  8.57951997e-01  8.56234413e-01  8.56367234e-01 -1.30233388e-05 -4.33489257e-06  4.93875909e-09 
 2.80050661e-05  8.58001028e-01  8.56207834e-01  8.56364761e-01 -1.36252200e-05 -4.28144663e-06  4.50443053e-09 
 2.80051100e-05  8.58066620e-01  8.56178483e-01  8.56361024e-01 -1.40863263e-05 -4.21023538e-06  4.03385842e-09 
 2.80051979e-05  8.58198971e-01  8.56137653e-01  8.56352532e-01 -1.47084914e-05 -4.06970569e-06  3.31761000e-09 
 2.80053604e-05  8.58442299e-01  8.56098869e-01  8.56335093e-01 -1.50547171e-05 -3.82016561e-06  2.31045619e-09 
 2.80055564e-05  8.58732573e-01  8.56079816e-01  8.56313324e-01 -1.51538422e-05 -3.53859266e-06  1.27001449e-09 
 2.80058723e-05  8.59191086e-01  8.56063708e-01  8.56279524e-01 -1.51246269e-05 -3.12734540e-06 -3.04028468e-10 
 2.80062518e-05  8.59727878e-01  8.56050580e-01  8.56242105e-01 -1.51488801e-05 -2.69568798e-06 -2.02775057e-09 
 2.80069963e-05  8.60736672e-01  8.56033489e-01  8.56179154e-01 -1.51167213e-05 -2.01127451e-06 -4.88997411e-09 
 2.80084144e-05  8.62509003e-01  8.56031471e-01  8.56095422e-01 -1.51382380e-05 -1.13871764e-06 -8.66739487e-09 
 2.80112505e-05  8.65538037e-01  8.56132442e-01  8.56054690e-01 -1.51026919e-05 -3.26620775e-07 -1.16966765e-08 
 2.80169229e-05  8.69997033e-01  8.56679640e-01  8.56382667e-01 -1.51249277e-05  1.74946279e-08 -1.00047418e-08 
 2.80236385e-05  8.73319330e-01  8.57801238e-01  8.57316935e-01 -1.50987478e-05 -9.82521521e-10 -5.60072390e-09 
 2.80312453e-05  8.75519517e-01  8.59515558e-01  8.58884001e-01 -1.51306069e-05  2.10424603e-09 -2.50540682e-09 
 2.80406300e-05  8.76967106e-01  8.61988584e-01  8.61265382e-01 -1.51085432e-05  1.77797481e-09 -4.93726049e-10 
 2.80547549e-05  8.77905452e-01  8.65729306e-01  8.65032644e-01 -1.51423678e-05  1.92795015e-09  7.44487127e-10 
 2.80710300e-05  8.78232690e-01  8.69197908e-01  8.68685619e-01 -1.51203324e-05  1.33785313e-09  8.73145578e-10 
 2.80864047e-05  8.78314335e-01  8.71225388e-01  8.70923061e-01 -1.51526846e-05  7.92870285e-10  5.71823509e-10 
 2.81014323e-05  8.78337501e-01  8.72167788e-01  8.72018494e-01 -1.51300676e-05  3.11469559e-10  2.59871414e-10 
 2.81197327e-05  8.78345348e-01  8.72554151e-01  8.72487955e-01 -1.51623333e-05  6.77365978e-11  5.50339151e-11 
 2.81455519e-05  8.78346678e-01  8.72812690e-01  8.72742358e-01 -1.51385479e-05  5.11911642e-11  2.41222693e-11 
 2.81725848e-05  8.78346699e-01  8.73346661e-01  8.73238017e-01 -1.51665233e-05  1.72250952e-10  1.03960066e-10 
 2.81987519e-05  8.78346943e-01  8.74071028e-01  8.73955262e-01 -1.51385877e-05  1.91935747e-10  1.30714371e-10 
 2.82365220e-05  8.78347810e-01  8.74979302e-01  8.74884601e-01 -1.51656350e-05  1.42813171e-10  9.86986670e-11 
 2.82880207e-05  8.78348289e-01  8.75804402e-01  8.75729538e-01 -1.51385739e-05  7.92687680e-11  5.48600306e-11 
 2.83449731e-05  8.78348788e-01  8.76468778e-01  8.76397402e-01 -1.51660735e-05  7.64891108e-11  5.05486837e-11 
 2.84449731e-05  8.78349228e-01  8.77322962e-01  8.77263356e-01 -1.51386704e-05  3.95956414e-11  2.94801228e-11 
 2.85449731e-05  8.78349662e-01  8.77791835e-01  8.77739865e-01 -1.51661447e-05  2.38057855e-11  1.57110182e-11 
 2.86449731e-05  8.78349691e-01  8.78072106e-01  8.78022173e-01 -1.51387879e-05  1.32796339e-11  1.13009050e-11 
 2.87449731e-05  8.78349934e-01  8.78240689e-01  8.78194209e-01 -1.51661483e-05  9.19180834e-12  6.47384766e-12 
 2.88449731e-05  8.78349844e-01  8.78329542e-01  8.78283722e-01 -1.51388274e-05  2.00890324e-12  3.45313865e-12 
 2.89449731e-05  8.78350005e-01  8.78389241e-01  8.78344206e-01 -1.51661578e-05  5.31803529e-12  4.01739774e-12 
 2.90449731e-05  8.78349885e-01  8.78419535e-01  8.78375186e-01 -1.51388320e-05 -1.90240597e-12  8.30019701e-13 
 2.91449731e-05  8.78350013e-01  8.78438491e-01  8.78394058e-01 -1.51661660e-05  3.57870634e-12  2.82225068e-12 
 2.92449731e-05  8.78349882e-01  8.78450129e-01  8.78406119e-01 -1.51388328e-05 -2.70547343e-12  3.23090296e-13 
 2.93449731e-05  8.78350003e-01  8.78455670e-01  8.78411567e-01 -1.51661666e-05  2.59268973e-12  2.15897677e-12 
 2.94449731e-05  8.78349866e-01  8.78459944e-01  8.78415984e-01 -1.51388366e-05 -2.77358323e-12  2.58472063e-13 
 2.95449731e-05  8.78349985e-01  8.78461881e-01  8.78417902e-01 -1.51661632e-05  2.20627943e-12  1.93418046e-12 
 2.96449731e-05  8.78349845e-01  8.78463083e-01  8.78419156e-01 -1.51388410e-05 -2.82612822e-12  1.86661071e-13 
 2.97449731e-05  8.78349964e-01  8.78463988e-01  8.78420028e-01 -1.51661596e-05  2.12408520e-12  1.91244134e-12 
 2.98449731e-05  8.78349824e-01  8.78464201e-01  8.78420305e-01 -1.51388445e-05 -2.87752396e-12  1.25573651e-13 
 2.99224866e-05  8.78349945e-01  8.78464555e-01  8.78420591e-01 -1.51661562e-05  2.10426728e-12  1.92216149e-12 
 3.00000000e-05  8.78349807e-01  8.78464583e-01  8.78420698e-01 -1.51388483e-05 -2.87361454e-12  1.08150359e-13 
 3.00000749e-05  8.78328410e-01  8.78416623e-01  8.78419301e-01 -1.75635222e-05 -7.00086636e-09 -3.45300441e-09 
 3.00002248e-05  8.78306237e-01  8.78359238e-01  8.78414918e-01 -1.89772105e-05 -1.67485426e-08 -9.58318510e-09 
 3.00004691e-05  8.78279040e-01  8.78351435e-01  8.78405277e-01 -1.93346371e-05 -2.49970539e-08 -1.80044716e-08 
 3.00007278e-05  8.78249260e-01  8.78377944e-01  8.78396962e-01 -1.95110129e-05 -3.23372492e-08 -2.60048555e-08 
 3.00010144e-05  8.78220962e-01  8.78413306e-01  8.78392054e-01 -1.99655359e-05 -3.81452013e-08 -3.39133648e-08 
 3.00012913e-05  8.78196640e-01  8.78451135e-01  8.78391660e-01 -2.15895963e-05 -3.76205233e-08 -4.06116238e-08 
 3.00014905e-05  8.78186196e-01  8.78482121e-01  8.78394039e-01 -2.41591510e-05 -2.84374251e-08 -4.47567569e-08 
 3.00016690e-05  8.78181628e-01  8.78512407e-01  8.78398128e-01 -2.80738048e-05 -8.30335028e-09 -4.79152399e-08 
 3.00018487e-05  8.78185447e-01  8.78546980e-01  8.78404208e-01 -3.36254651e-05  2.91458959e-08 -5.04410155e-08 
 3.00020126e-05  8.78193923e-01  8.78581557e-01  8.78411580e-01 -4.02143286e-05  8.47808332e-08 -5.20759559e-08 
 3.00021497e-05  8.78205791e-01  8.78614104e-01  8.78419177e-01 -4.66471922e-05  1.53880096e-07 -5.28039746e-08 
 3.00022632e-05  8.78216491e-01  8.78643648e-01  8.78426534e-01 -5.25639051e-05  2.33279374e-07 -5.28388247e-08 
 3.00023599e-05  8.78226501e-01  8.78671892e-01  8.78433647e-01 -5.78382588e-05  3.23423981e-07 -5.23126139e-08 
 3.00024458e-05  8.78233909e-01  8.78699717e-01  8.78440677e-01 -6.26393966e-05  4.27197796e-07 -5.12838462e-08 
 3.00025257e-05  8.78239527e-01  8.78729022e-01  8.78447910e-01 -6.70224187e-05  5.50921063e-07 -4.96911552e-08 
 3.00026083e-05  8.78243428e-01  8.78763223e-01  8.78456168e-01 -7.14088177e-05  7.13582069e-07 -4.72462056e-08 
 3.00026990e-05  8.78249509e-01  8.78805234e-01  8.78466302e-01 -7.59848719e-05  9.38780329e-07 -4.35115523e-08 
 3.00028057e-05  8.78261009e-01  8.78857618e-01  8.78479715e-01 -8.11604691e-05  1.26438919e-06 -3.78271669e-08 
 3.00028997e-05  8.78272726e-01  8.78904213e-01  8.78492909e-01 -8.54988239e-05  1.60236481e-06 -3.18189383e-08 
 3.00030031e-05  8.78283528e-01  8.78954054e-01  8.78508801e-01 -9.00689941e-05  2.02254572e-06 -2.43420830e-08 
 3.00031148e-05  8.78292304e-01  8.79004962e-01  8.78527459e-01 -9.47495512e-05  2.52554322e-06 -1.54455278e-08 
 3.00032411e-05  8.78302807e-01  8.79057117e-01  8.78550110e-01 -9.98011737e-05  3.14052678e-06 -4.68075947e-09 
 3.00033696e-05  8.78315740e-01  8.79103194e-01  8.78574456e-01 -1.04249832e-04  3.79938009e-06  6.69604362e-09 
 3.00035041e-05  8.78331400e-01  8.79142711e-01  8.78600902e-01 -1.07238737e-04  4.50478183e-06  1.86629915e-08 
 3.00035950e-05  8.78342229e-01  8.79161906e-01  8.78619015e-01 -1.06398812e-04  4.97219374e-06  2.63826845e-08 
 3.00036556e-05  8.78348679e-01  8.79168415e-01  8.78631046e-01 -1.02710352e-04  5.26525444e-06  3.10195651e-08 
 3.00037110e-05  8.78353426e-01  8.79166934e-01  8.78641839e-01 -9.67360181e-05  5.50630747e-06  3.45671450e-08 
 3.00037860e-05  8.78357741e-01  8.79151657e-01  8.78655837e-01 -8.59751210e-05  5.77560818e-06  3.79634873e-08 
 3.00038536e-05  8.78359548e-01  8.79126316e-01  8.78667558e-01 -7.50250068e-05  5.95426471e-06  3.95281161e-08 
 3.00039518e-05  8.78358927e-01  8.79077789e-01  8.78682600e-01 -5.95789789e-05  6.10412736e-06  3.94461356e-08 
 3.00040590e-05  8.78354740e-01  8.79020690e-01  8.78696149e-01 -4.56848855e-05  6.13721138e-06  3.68136988e-08 
 3.00041450e-05  8.78349453e-01  8.78979647e-01  8.78704946e-01 -3.75251782e-05  6.08615168e-06  3.33915812e-08 
 3.00042312e-05  8.78343010e-01  8.78947011e-01  8.78712218e-01 -3.17028338e-05  5.98663955e-06  2.93100360e-08 
 3.00043267e-05  8.78334989e-01  8.78921762e-01  8.78718897e-01 -2.74104577e-05  5.83935538e-06  2.44345030e-08 
 3.00044235e-05  8.78326256e-01  8.78906855e-01  8.78724653e-01 -2.47008505e-05  5.66595564e-06  1.93874618e-08 
 3.00045325e-05  8.78315999e-01  8.78900462e-01  8.78730414e-01 -2.29194474e-05  5.45659522e-06  1.37986572e-08 
 3.00046506e-05  8.78304602e-01  8.78902573e-01  8.78736285e-01 -2.18859123e-05  5.22411318e-06  7.97214375e-09 
 3.00047915e-05  8.78290821e-01  8.78913059e-01  8.78743276e-01 -2.12984201e-05  4.94968990e-06  1.40676435e-09 
 3.00048957e-05  8.78280560e-01  8.78924400e-01  8.78748649e-01 -2.11001680e-05  4.75198053e-06 -3.18241514e-09 
 3.00050000e-05  8.78270276e-01  8.78937545e-01  8.78754302e-01 -2.09965247e-05  4.56051623e-06 -7.55177581e-09 
 3.00050016e-05  8.78272305e-01  8.78939796e-01  8.78754394e-01 -2.00683391e-05  4.55782005e-06 -7.51932611e-09 
 3.00050049e-05  8.78275578e-01  8.78944094e-01  8.78754581e-01 -1.96342128e-05  4.55245191e-06 -7.45905889e-09 
 3.00050114e-05  8.78278590e-01  8.78951810e-01  8.78754969e-01 -1.92279304e-05  4.54177707e-06 -7.36502761e-09 
 3.00050212e-05  8.78279512e-01  8.78961796e-01  8.78755589e-01 -1.89429075e-05  4.52563226e-06 -7.26456209e-09 
 3.00050380e-05  8.78279756e-01  8.78976784e-01  8.78756725e-01 -1.84136785e-05  4.49798158e-06 -7.12777301e-09 
 3.00050716e-05  8.78279907e-01  8.79003055e-01  8.78759249e-01 -1.76495240e-05  4.44259831e-06 -6.92302509e-09 
 3.00051387e-05  8.78280122e-01  8.79043568e-01  8.78765083e-01 -1.65475328e-05  4.33211779e-06 -6.69690318e-09 
 3.00052730e-05  8.78280289e-01  8.79090774e-01  8.78778587e-01 -1.55897130e-05  4.11534978e-06 -6.60388486e-09 
 3.00055115e-05  8.78280630e-01  8.79124352e-01  8.78804541e-01 -1.51571533e-05  3.75153449e-06 -6.74506860e-09 
 3.00057573e-05  8.78280903e-01  8.79139341e-01  8.78831094e-01 -1.51742648e-05  3.40827633e-06 -6.85760704e-09 
 3.00061286e-05  8.78281354e-01  8.79157657e-01  8.78868898e-01 -1.51374674e-05  2.94753634e-06 -6.84921987e-09 
 3.00066377e-05  8.78281861e-01  8.79178797e-01  8.78916099e-01 -1.51671998e-05  2.41443622e-06 -6.62266396e-09 
 3.00076559e-05  8.78282825e-01  8.79209631e-01  8.78995335e-01 -1.51349604e-05  1.61352521e-06 -5.77529818e-09 
 3.00096923e-05  8.78284223e-01  8.79232623e-01  8.79100587e-01 -1.51635129e-05  6.95389212e-07 -3.71900762e-09 
 3.00137650e-05  8.78285863e-01  8.79172125e-01  8.79152508e-01 -1.51309549e-05  7.92824833e-08 -9.58233093e-10 
 3.00199189e-05  8.78286531e-01  8.78946448e-01  8.79001142e-01 -1.51602428e-05 -7.43615627e-09  6.18012336e-12 
 3.00279456e-05  8.78286238e-01  8.78612403e-01  8.78673760e-01 -1.51294232e-05  1.31493818e-09 -1.94596216e-10 
 3.00362150e-05  8.78285546e-01  8.78345218e-01  8.78376029e-01 -1.51604103e-05 -6.01596927e-10 -1.79078632e-10 
 3.00473605e-05  8.78284826e-01  8.78159032e-01  8.78144336e-01 -1.51304661e-05  4.12011983e-11 -9.08103900e-11 
 3.00624856e-05  8.78284291e-01  8.78145958e-01  8.78090605e-01 -1.51609893e-05 -4.47387270e-11  1.47192631e-12 
 3.00893331e-05  8.78284361e-01  8.78357130e-01  8.78287918e-01 -1.51297652e-05  1.19013956e-10  5.31834640e-11 
 3.01233917e-05  8.78284775e-01  8.78524213e-01  8.78477723e-01 -1.51599407e-05 -2.40618677e-11  1.29750728e-11 
 3.01629908e-05  8.78284876e-01  8.78471000e-01  8.78435035e-01 -1.51298269e-05  2.90364304e-12 -1.45543842e-11 
 3.02000000e-05  8.78284704e-01  8.78410749e-01  8.78367939e-01 -1.51604534e-05 -2.39076846e-11 -3.43618189e-12 
 3.02000167e-05  8.78289525e-01  8.78435342e-01  8.78368095e-01 -1.00365066e-05  3.91149042e-09  8.29740830e-10 
 3.02000500e-05  8.78292551e-01  8.78473023e-01  8.78368654e-01 -9.45912830e-06  1.18057515e-08  2.39898737e-09 
 3.02001030e-05  8.78292471e-01  8.78512310e-01  8.78370332e-01 -9.17260278e-06  2.38774172e-08  4.70722806e-09 
 3.02001591e-05  8.78294516e-01  8.78544241e-01  8.78372863e-01 -8.80192994e-06  3.60988747e-08  7.04655759e-09 
 3.02002713e-05  8.78296286e-01  8.78581836e-01  8.78379284e-01 -8.61536129e-06  5.94018612e-08  1.14340898e-08 
 3.02004958e-05  8.78301610e-01  8.78610968e-01  8.78394167e-01 -8.39799308e-06  1.02422065e-07  1.94871562e-08 
 3.02008622e-05  8.78308905e-01  8.78618090e-01  8.78418260e-01 -8.46722535e-06  1.64753920e-07  3.10891127e-08 
 3.02013202e-05  8.78319558e-01  8.78617581e-01  8.78444383e-01 -8.49091628e-06  2.31018770e-07  4.34079001e-08 
 3.02014834e-05  8.78323708e-01  8.78616326e-01  8.78452518e-01 -8.71033582e-06  2.51774676e-07  4.72446974e-08 
 3.02017753e-05  8.78339235e-01  8.78612079e-01  8.78465509e-01 -9.94772223e-06  2.84549764e-07  5.32408423e-08 
 3.02019357e-05  8.78356474e-01  8.78607064e-01  8.78471734e-01 -1.18766480e-05  2.99428149e-07  5.58583188e-08 
 3.02020568e-05  8.78377695e-01  8.78601170e-01  8.78475918e-01 -1.42318624e-05  3.08270392e-07  5.72938280e-08 
 3.02021786e-05  8.78406240e-01  8.78592538e-01  8.78479581e-01 -1.77548614e-05  3.14396891e-07  5.80697237e-08 
 3.02023064e-05  8.78445079e-01  8.78580487e-01  8.78482720e-01 -2.23273313e-05  3.17008082e-07  5.79648157e-08 
 3.02024327e-05  8.78490104e-01  8.78564754e-01  8.78484987e-01 -2.74097522e-05  3.14896878e-07  5.66887268e-08 
 3.02025496e-05  8.78536154e-01  8.78546093e-01  8.78486198e-01 -3.16165461e-05  3.07799015e-07  5.42113104e-08 
 3.02026549e-05  8.78578793e-01  8.78524539e-01  8.78486412e-01 -3.42337945e-05  2.96178714e-07  5.06228597e-08 
 3.02027626e-05  8.78622198e-01  8.78497171e-01  8.78485591e-01 -3.53889094e-05  2.78228088e-07  4.53731649e-08 
 3.02028764e-05  8.78666108e-01  8.78464349e-01  8.78483420e-01 -3.64223117e-05  2.52466480e-07  3.80714985e-08 
 3.02030305e-05  8.78721070e-01  8.78421121e-01  8.78478361e-01 -3.82305921e-05  2.07672391e-07  2.57798613e-08 
 3.02031479e-05  8.78758059e-01  8.78392668e-01  8.78473065e-01 -3.98164631e-05  1.66702850e-07  1.48956926e-08 
 3.02032691e-05  8.78790594e-01  8.78369234e-01  8.78466629e-01 -4.14223997e-05  1.18277142e-07  2.65002422e-09 
 3.02033663e-05  8.78810217e-01  8.78355848e-01  8.78460981e-01 -4.24966807e-05  7.11544752e-08 -7.69898116e-09 
 3.02034277e-05  8.78816915e-01  8.78350794e-01  8.78457307e-01 -4.28190753e-05  3.04290927e-08 -1.43313146e-08 
 3.02034709e-05  8.78816600e-01  8.78349621e-01  8.78454718e-01 -4.27402458e-05 -1.00997609e-08 -1.89613365e-08 
 3.02035064e-05  8.78810693e-01  8.78350708e-01  8.78452626e-01 -4.23911715e-05 -5.44366438e-08 -2.26628406e-08 
 3.02035352e-05  8.78799071e-01  8.78353485e-01  8.78450968e-01 -4.18834737e-05 -9.85755103e-08 -2.55366124e-08 
 3.02035608e-05  8.78780270e-01  8.78357956e-01  8.78449552e-01 -4.11979484e-05 -1.42715882e-07 -2.78993912e-08 
 3.02035863e-05  8.78751821e-01  8.78365148e-01  8.78448213e-01 -4.02285270e-05 -1.89533836e-07 -2.99765559e-08 
 3.02036195e-05  8.78703241e-01  8.78379901e-01  8.78446635e-01 -3.85483632e-05 -2.51246206e-07 -3.20952227e-08 
 3.02036500e-05  8.78652679e-01  8.78399216e-01  8.78445411e-01 -3.66456267e-05 -3.05845418e-07 -3.33554565e-08 
 3.02036942e-05  8.78578866e-01  8.78435464e-01  8.78444150e-01 -3.34776405e-05 -3.77695989e-07 -3.39980680e-08 
 3.02037347e-05  8.78517178e-01  8.78474608e-01  8.78443619e-01 -3.03755906e-05 -4.34871178e-07 -3.34824757e-08 
 3.02037682e-05  8.78473452e-01  8.78508863e-01  8.78443675e-01 -2.78126454e-05 -4.75963131e-07 -3.24138454e-08 
 3.02038032e-05  8.78435418e-01  8.78544341e-01  8.78444217e-01 -2.52710868e-05 -5.13704050e-07 -3.08479306e-08 
 3.02038454e-05  8.78399386e-01  8.78584816e-01  8.78445498e-01 -2.24785189e-05 -5.53541225e-07 -2.85500277e-08 
 3.02038844e-05  8.78374495e-01  8.78618621e-01  8.78447234e-01 -2.02204561e-05 -5.85910699e-07 -2.61975768e-08 
 3.02039291e-05  8.78353841e-01  8.78652376e-01  8.78449789e-01 -1.80327365e-05 -6.19217725e-07 -2.33918185e-08 
 3.02039732e-05  8.78339675e-01  8.78680384e-01  8.78452809e-01 -1.62618198e-05 -6.49183362e-07 -2.06130636e-08 
 3.02040257e-05  8.78328579e-01  8.78707338e-01  8.78456909e-01 -1.46112739e-05 -6.82163142e-07 -1.73887253e-08 
 3.02040807e-05  8.78321498e-01  8.78729152e-01  8.78461644e-01 -1.33147351e-05 -7.14389503e-07 -1.41623686e-08 
 3.02041480e-05  8.78316814e-01  8.78748820e-01  8.78467839e-01 -1.22046242e-05 -7.51432284e-07 -1.04510877e-08 
 3.02042224e-05  8.78314599e-01  8.78764041e-01  8.78475014e-01 -1.13980301e-05 -7.90166270e-07 -6.61948587e-09 
 3.02043172e-05  8.78314198e-01  8.78776991e-01  8.78484373e-01 -1.07951349e-05 -8.37008694e-07 -2.08743114e-09 
 3.02044298e-05  8.78315471e-01  8.78786899e-01  8.78495552e-01 -1.04194233e-05 -8.90528425e-07  2.90904312e-09 
 3.02045840e-05  8.78318844e-01  8.78795761e-01  8.78510620e-01 -1.02024486e-05 -9.64653906e-07  9.24150865e-09 
 3.02047878e-05  8.78325520e-01  8.78803913e-01  8.78529830e-01 -1.01013239e-05 -1.08190865e-06  1.69452921e-08 
 3.02050000e-05  8.78335187e-01  8.78810505e-01  8.78548841e-01 -1.00715156e-05 -1.26013195e-06  2.43212249e-08 
 3.02050025e-05  8.78333335e-01  8.78805561e-01  8.78549052e-01 -1.46957656e-05 -1.26327714e-06  2.42682724e-08 
 3.02050075e-05  8.78330413e-01  8.78796620e-01  8.78549465e-01 -1.50019756e-05 -1.26970577e-06  2.41684257e-08 
 3.02050174e-05  8.78328138e-01  8.78782638e-01  8.78550244e-01 -1.50836441e-05 -1.28294508e-06  2.40041796e-08 
 3.02050369e-05  8.78327094e-01  8.78762021e-01  8.78551627e-01 -1.50932104e-05 -1.30876361e-06  2.37390163e-08 
 3.02050709e-05  8.78325674e-01  8.78733448e-01  8.78553683e-01 -1.51617354e-05 -1.35291532e-06  2.33273516e-08 
 3.02051389e-05  8.78324355e-01  8.78690921e-01  8.78556757e-01 -1.51622480e-05 -1.43851272e-06  2.26269797e-08 
 3.02052625e-05  8.78323488e-01  8.78647546e-01  8.78560065e-01 -1.51920168e-05 -1.58620001e-06  2.15650900e-08 
 3.02053933e-05  8.78323404e-01  8.78628933e-01  8.78561811e-01 -1.51536182e-05 -1.73258843e-06  2.05946658e-08 
 3.02056107e-05  8.78323172e-01  8.78619749e-01  8.78563361e-01 -1.51760751e-05 -1.95587942e-06  1.91584937e-08 
 3.02059457e-05  8.78323050e-01  8.78620036e-01  8.78564944e-01 -1.51447710e-05 -2.25598140e-06  1.72750833e-08 
 3.02066156e-05  8.78322689e-01  8.78625580e-01  8.78568237e-01 -1.51712875e-05 -2.72384389e-06  1.43999398e-08 
 3.02079555e-05  8.78322468e-01  8.78636655e-01  8.78576248e-01 -1.51389435e-05 -3.28229311e-06  1.10085513e-08 
 3.02106352e-05  8.78322434e-01  8.78658760e-01  8.78595461e-01 -1.51641734e-05 -3.59828620e-06  8.56207628e-09 
 3.02159947e-05  8.78323394e-01  8.78693682e-01  8.78633568e-01 -1.51329497e-05 -3.24433141e-06  7.55676343e-09 
 3.02227011e-05  8.78324592e-01  8.78710684e-01  8.78661849e-01 -1.51614557e-05 -2.60272574e-06  6.37437110e-09 
 3.02346234e-05  8.78326362e-01  8.78671920e-01  8.78641447e-01 -1.51331624e-05 -1.78897458e-06  4.27341316e-09 
 3.02537750e-05  8.78327824e-01  8.78529493e-01  8.78507167e-01 -1.51638034e-05 -9.72917850e-07  2.31900413e-09 
 3.02797720e-05  8.78328696e-01  8.78384260e-01  8.78349138e-01 -1.51367358e-05 -4.23206992e-07  9.82268954e-10 
 3.03084472e-05  8.78328981e-01  8.78368197e-01  8.78320482e-01 -1.51664045e-05 -1.67187267e-07  4.16523007e-10 
 3.03456550e-05  8.78329351e-01  8.78423940e-01  8.78376317e-01 -1.51378018e-05 -4.77545596e-08  1.17257824e-10 
 3.03932401e-05  8.78329440e-01  8.78442476e-01  8.78399794e-01 -1.51668634e-05 -7.68323026e-09  2.33171326e-11 
 3.04652913e-05  8.78329489e-01  8.78425978e-01  8.78382052e-01 -1.51381105e-05  7.91400524e-11 -4.89277526e-12 
 3.05652913e-05  8.78329420e-01  8.78440456e-01  8.78395853e-01 -1.51669197e-05  1.41767248e-10  6.97222358e-12 
 3.06652913e-05  8.78329498e-01  8.78441747e-01  8.78398384e-01 -1.51380785e-05 -1.74666158e-10 -3.96059823e-12 
 3.07652913e-05  8.78329411e-01  8.78440151e-01  8.78395803e-01 -1.51669436e-05  1.65026209e-10  5.15958749e-12 
 3.08652913e-05  8.78329485e-01  8.78445131e-01  8.78401361e-01 -1.51380675e-05 -1.55475616e-10 -2.20158809e-12 
 3.09652913e-05  8.78329407e-01  8.78442584e-01  8.78398649e-01 -1.51669452e-05  1.39639871e-10  3.65511771e-12 
 3.10652913e-05  8.78329471e-01  8.78444361e-01  8.78400370e-01 -1.51380712e-05 -1.31220610e-10 -1.23549039e-12 
 3.11652913e-05  8.78329399e-01  8.78444336e-01  8.78400482e-01 -1.51669405e-05  1.17259255e-10  3.05712210e-12 
 3.12652913e-05  8.78329459e-01  8.78443952e-01  8.78399991e-01 -1.51380749e-05 -1.10744616e-10 -8.89375758e-13 
 3.13652913e-05  8.78329387e-01  8.78444646e-01  8.78400730e-01 -1.51669386e-05  9.84382727e-11  2.78761730e-12 
 3.14652913e-05  8.78329449e-01  8.78444180e-01  8.78400278e-01 -1.51380753e-05 -9.34844474e-11 -6.26984575e-13 
 3.15652913e-05  8.78329376e-01  8.78444458e-01  8.78400508e-01 -1.51669390e-05  8.26188764e-11  2.49371417e-12 
 3.16652913e-05  8.78329439e-01  8.78444392e-01  8.78400502e-01 -1.51380748e-05 -7.90331745e-11 -3.14643548e-13 
 3.17652913e-05  8.78329364e-01  8.78444363e-01  8.78400417e-01 -1.51669394e-05  6.94345575e-11  2.18021104e-12 
 3.18652913e-05  8.78329427e-01  8.78444417e-01  8.78400518e-01 -1.51380747e-05 -6.70209472e-11 -2.04993357e-14 
 3.19652913e-05  8.78329354e-01  8.78444378e-01  8.78400441e-01 -1.51669393e-05  5.84882162e-11  1.91448214e-12 
 3.20652913e-05  8.78329416e-01  8.78444376e-01  8.78400471e-01 -1.51380749e-05 -5.70439720e-11  2.14233362e-13 
 3.21326456e-05  8.78329344e-01  8.78444402e-01  8.78400467e-01 -1.51669390e-05  4.73690134e-11  1.66330426e-12 
 3.22000000e-05  8.78329409e-01  8.78444354e-01  8.78400450e-01 -1.51380751e-05 -4.52103899e-11  4.76921779e-13 
 3.22000437e-05  8.78321008e-01  8.78394783e-01  8.78399598e-01 -2.01461052e-05 -1.25659713e-08 -2.04694519e-09 
 3.22001312e-05  8.78315290e-01  8.78326309e-01  8.78396745e-01 -2.03107708e-05 -3.70400731e-08 -5.85345944e-09 
 3.22003061e-05  8.78311688e-01  8.78265104e-01  8.78386947e-01 -2.02729593e-05 -8.07101642e-08 -1.26768439e-08 
 3.22004806e-05  8.78307240e-01  8.78244516e-01  8.78375071e-01 -2.03689393e-05 -1.19470037e-07 -1.89188044e-08 
 3.22006636e-05  8.78304342e-01  8.78239690e-01  8.78362581e-01 -2.03976482e-05 -1.56058734e-07 -2.49699786e-08 
 3.22010295e-05  8.78297640e-01  8.78235422e-01  8.78339538e-01 -2.10502655e-05 -2.17522383e-07 -3.57860846e-08 
 3.22012557e-05  8.78296982e-01  8.78237708e-01  8.78326826e-01 -2.22172809e-05 -2.48357736e-07 -4.15975497e-08 
 3.22014232e-05  8.78298266e-01  8.78239081e-01  8.78318244e-01 -2.41141369e-05 -2.67314101e-07 -4.54567438e-08 
 3.22015846e-05  8.78304023e-01  8.78243513e-01  8.78310684e-01 -2.69703249e-05 -2.81926200e-07 -4.87458680e-08 
 3.22017509e-05  8.78313159e-01  8.78248720e-01  8.78303702e-01 -3.13608552e-05 -2.92211510e-07 -5.16576211e-08 
 3.22019084e-05  8.78326365e-01  8.78256670e-01  8.78297906e-01 -3.67853550e-05 -2.96491002e-07 -5.38818422e-08 
 3.22020458e-05  8.78339365e-01  8.78264893e-01  8.78293570e-01 -4.26024665e-05 -2.94507968e-07 -5.53277385e-08 
 3.22021613e-05  8.78351266e-01  8.78274132e-01  8.78290500e-01 -4.80850090e-05 -2.87507674e-07 -5.60857997e-08 
 3.22022593e-05  8.78359969e-01  8.78283322e-01  8.78288359e-01 -5.31597156e-05 -2.76419261e-07 -5.63176086e-08 
 3.22023447e-05  8.78365993e-01  8.78293312e-01  8.78286883e-01 -5.77248157e-05 -2.61762005e-07 -5.61127979e-08 
 3.22024210e-05  8.78368281e-01  8.78303912e-01  8.78285915e-01 -6.19000977e-05 -2.43468063e-07 -5.55191326e-08 
 3.22024914e-05  8.78367057e-01  8.78315808e-01  8.78285360e-01 -6.56679524e-05 -2.21136200e-07 -5.45251884e-08 
 3.22025605e-05  8.78361628e-01  8.78329799e-01  8.78285184e-01 -6.92614923e-05 -1.92911347e-07 -5.30284677e-08 
 3.22026389e-05  8.78352208e-01  8.78348699e-01  8.78285497e-01 -7.30975143e-05 -1.52668937e-07 -5.06015953e-08 
 3.22027175e-05  8.78342264e-01  8.78370002e-01  8.78286424e-01 -7.67626960e-05 -1.04564977e-07 -4.73848587e-08 
 3.22028390e-05  8.78329800e-01  8.78404074e-01  8.78289114e-01 -8.21196230e-05 -2.30432319e-08 -4.10893568e-08 
 3.22029366e-05  8.78321937e-01  8.78430536e-01  8.78292341e-01 -8.60926123e-05  3.77547270e-08 -3.50718535e-08 
 3.22030449e-05  8.78316413e-01  8.78457200e-01  8.78296902e-01 -9.02165696e-05  8.82389848e-08 -2.76439836e-08 
 3.22031535e-05  8.78314321e-01  8.78479771e-01  8.78302332e-01 -9.41149288e-05  1.21499192e-07 -1.96142908e-08 
 3.22032616e-05  8.78315736e-01  8.78496986e-01  8.78308346e-01 -9.77353950e-05  1.45882378e-07 -1.12638644e-08 
 3.22033865e-05  8.78319476e-01  8.78509785e-01  8.78315711e-01 -1.01045988e-04  1.71560741e-07 -1.42083410e-09 
 3.22034901e-05  8.78323827e-01  8.78513707e-01  8.78321889e-01 -1.02204336e-04  1.92477424e-07  6.64834936e-09 
 3.22035603e-05  8.78326577e-01  8.78511303e-01  8.78325949e-01 -1.00534797e-04  2.06018426e-07  1.17968453e-08 
 3.22036146e-05  8.78328430e-01  8.78504465e-01  8.78328916e-01 -9.65898329e-05  2.15157333e-07  1.53367227e-08 
 3.22036700e-05  8.78329602e-01  8.78490613e-01  8.78331651e-01 -9.01089327e-05  2.22448792e-07  1.82661909e-08 
 3.22037410e-05  8.78330323e-01  8.78461665e-01  8.78334465e-01 -7.95889637e-05  2.27705363e-07  2.07411459e-08 
 3.22038099e-05  8.78330213e-01  8.78423416e-01  8.78336211e-01 -6.84764386e-05  2.28253083e-07  2.17220247e-08 
 3.22039070e-05  8.78329163e-01  8.78360567e-01  8.78336663e-01 -5.38806117e-05  2.21845503e-07  2.09972509e-08 
 3.22040083e-05  8.78327359e-01  8.78294107e-01  8.78334550e-01 -4.19211714e-05  2.07995081e-07  1.82630994e-08 
 3.22040889e-05  8.78325695e-01  8.78246620e-01  8.78331116e-01 -3.51647963e-05  1.93165165e-07  1.51730910e-08 
 3.22041704e-05  8.78323924e-01  8.78206521e-01  8.78326355e-01 -3.04017215e-05  1.76043990e-07  1.16464664e-08 
 3.22042623e-05  8.78321893e-01  8.78171047e-01  8.78319809e-01 -2.69134385e-05  1.55140104e-07  7.48945637e-09 
 3.22043561e-05  8.78319815e-01  8.78144197e-01  8.78312213e-01 -2.47514021e-05  1.32838439e-07  3.24333731e-09 
 3.22044630e-05  8.78317451e-01  8.78122676e-01  8.78302891e-01 -2.33705376e-05  1.07005734e-07 -1.44339836e-09 
 3.22045794e-05  8.78314898e-01  8.78107008e-01  8.78292338e-01 -2.25940931e-05  7.89742701e-08 -6.29958812e-09 
 3.22047197e-05  8.78311824e-01  8.78094847e-01  8.78279489e-01 -2.21799120e-05  4.58557891e-08 -1.18017347e-08 
 3.22048599e-05  8.78308778e-01  8.78086998e-01  8.78266813e-01 -2.20104357e-05  1.39285537e-08 -1.69384570e-08 
 3.22050000e-05  8.78305733e-01  8.78081455e-01  8.78254463e-01 -2.19544939e-05 -1.66554196e-08 -2.17573334e-08 
 3.22050016e-05  8.78307002e-01  8.78084831e-01  8.78254322e-01 -1.73686648e-05 -1.66420848e-08 -2.17220267e-08 
 3.22050049e-05  8.78309104e-01  8.78091108e-01  8.78254046e-01 -1.70485331e-05 -1.65899163e-08 -2.16536840e-08 
 3.22050115e-05  8.78311103e-01  8.78101572e-01  8.78253517e-01 -1.67589486e-05 -1.64022855e-08 -2.15342227e-08 
 3.22050204e-05  8.78311605e-01  8.78112886e-01  8.78252839e-01 -1.66687706e-05 -1.61294482e-08 -2.13994701e-08 
 3.22050344e-05  8.78311728e-01  8.78127503e-01  8.78251852e-01 -1.64618284e-05 -1.57474862e-08 -2.12072830e-08 
 3.22050625e-05  8.78311753e-01  8.78152021e-01  8.78250113e-01 -1.61996482e-05 -1.50835787e-08 -2.08544966e-08 
 3.22051185e-05  8.78311803e-01  8.78190029e-01  8.78247386e-01 -1.57697020e-05 -1.40581888e-08 -2.02347442e-08 
 3.22052306e-05  8.78311794e-01  8.78236072e-01  8.78243954e-01 -1.53799317e-05 -1.27114477e-08 -1.92013103e-08 
 3.22054548e-05  8.78311838e-01  8.78268351e-01  8.78240894e-01 -1.51378905e-05 -1.11698305e-08 -1.75073478e-08 
 3.22057460e-05  8.78311878e-01  8.78272010e-01  8.78239285e-01 -1.51527476e-05 -9.85743793e-09 -1.56159520e-08 
 3.22061523e-05  8.78311962e-01  8.78269443e-01  8.78237410e-01 -1.51299274e-05 -8.36910427e-09 -1.33050314e-08 
 3.22067697e-05  8.78312038e-01  8.78265129e-01  8.78234325e-01 -1.51525696e-05 -6.55865152e-09 -1.04210470e-08 
 3.22080044e-05  8.78312189e-01  8.78256155e-01  8.78227356e-01 -1.51314955e-05 -4.00013739e-09 -6.34486781e-09 
 3.22104740e-05  8.78312323e-01  8.78237894e-01  8.78211326e-01 -1.51547332e-05 -1.39751082e-09 -2.19501775e-09 
 3.22154131e-05  8.78312380e-01  8.78206985e-01  8.78178731e-01 -1.51340079e-05 -4.77491931e-11 -4.39508834e-11 
 3.22252914e-05  8.78312182e-01  8.78187592e-01  8.78145069e-01 -1.51565013e-05 -2.07878441e-12 -5.68548225e-12 
 3.22398618e-05  8.78312031e-01  8.78249671e-01  8.78189225e-01 -1.51343399e-05  3.82923107e-11  1.61621905e-11 
 3.22601826e-05  8.78312140e-01  8.78392701e-01  8.78330548e-01 -1.51558968e-05  5.49595970e-11  4.23081228e-11 
 3.22983736e-05  8.78312493e-01  8.78514917e-01  8.78470860e-01 -1.51338354e-05  6.74464824e-14  3.53052207e-12 
 3.23408824e-05  8.78312494e-01  8.78462500e-01  8.78424200e-01 -1.51560778e-05 -1.51502584e-11 -8.74688614e-12 
 3.24000000e-05  8.78312378e-01  8.78422132e-01  8.78376616e-01 -1.51341877e-05  2.33584701e-12  1.29777748e-12 
 3.24000314e-05  8.78323473e-01  8.78448704e-01  8.78376965e-01 -1.29673446e-05  4.38156092e-09  1.59197426e-09 
 3.24000943e-05  8.78332338e-01  8.78489103e-01  8.78378157e-01 -1.14133627e-05  1.19290754e-08  4.48982516e-09 
 3.24002199e-05  8.78343208e-01  8.78528940e-01  8.78382420e-01 -1.01508704e-05  2.17310319e-08  9.50169932e-09 
 3.24003374e-05  8.78356397e-01  8.78537907e-01  8.78387339e-01 -9.66189478e-06  2.75091229e-08  1.37175141e-08 
 3.24005725e-05  8.78378580e-01  8.78524343e-01  8.78396307e-01 -9.53408888e-06  3.59884656e-08  2.14128615e-08 
 3.24008413e-05  8.78406511e-01  8.78494225e-01  8.78403354e-01 -9.44966066e-06  4.37094662e-08  2.93702070e-08 
 3.24013026e-05  8.78451674e-01  8.78432131e-01  8.78406041e-01 -9.60686090e-06  5.48121284e-08  4.11924137e-08 
 3.24016048e-05  8.78485838e-01  8.78387417e-01  8.78401461e-01 -9.99940108e-06  5.64260450e-08  4.77327292e-08 
 3.24017479e-05  8.78504141e-01  8.78363788e-01  8.78397577e-01 -1.07186675e-05  5.08652991e-08  5.04127504e-08 
 3.24019114e-05  8.78533527e-01  8.78334876e-01  8.78391741e-01 -1.23066286e-05  2.90105577e-08  5.29577721e-08 
 3.24020513e-05  8.78565653e-01  8.78306512e-01  8.78385480e-01 -1.49000855e-05 -1.34224527e-08  5.44559802e-08 
 3.24021819e-05  8.78605396e-01  8.78276888e-01  8.78378469e-01 -1.83558573e-05 -8.52627828e-08  5.50468826e-08 
 3.24023131e-05  8.78652072e-01  8.78242679e-01  8.78370157e-01 -2.29187236e-05 -2.01929570e-07  5.45674411e-08 
 3.24024429e-05  8.78705132e-01  8.78204261e-01  8.78360509e-01 -2.77777782e-05 -3.75398976e-07  5.27674532e-08 
 3.24025637e-05  8.78756307e-01  8.78162952e-01  8.78350096e-01 -3.18977166e-05 -6.03193864e-07  4.95944746e-08 
 3.24026721e-05  8.78802569e-01  8.78119987e-01  8.78339371e-01 -3.42123798e-05 -8.77281342e-07  4.52092116e-08 
 3.24027959e-05  8.78851692e-01  8.78063087e-01  8.78325274e-01 -3.52418100e-05 -1.28714246e-06  3.80930007e-08 
 3.24029091e-05  8.78892761e-01  8.78006381e-01  8.78310462e-01 -3.59916410e-05 -1.75612214e-06  2.96308342e-08 
 3.24030867e-05  8.78946470e-01  8.77919068e-01  8.78283606e-01 -3.78157834e-05 -2.65280889e-06  1.32700950e-08 
 3.24032257e-05  8.78978542e-01  8.77856631e-01  8.78259815e-01 -3.94179387e-05 -3.47280407e-06 -1.65654451e-09 
 3.24033465e-05  8.78996377e-01  8.77808684e-01  8.78237585e-01 -4.08502414e-05 -4.24988401e-06 -1.57003139e-08 
 3.24034420e-05  8.78998206e-01  8.77776400e-01  8.78219264e-01 -4.16322764e-05 -4.89211000e-06 -2.72146828e-08 
 3.24034977e-05  8.78986682e-01  8.77760962e-01  8.78208368e-01 -4.17698980e-05 -5.27034865e-06 -3.39592325e-08 
 3.24035390e-05  8.78968158e-01  8.77752089e-01  8.78200247e-01 -4.15520342e-05 -5.54670616e-06 -3.88562941e-08 
 3.24035710e-05  8.78944653e-01  8.77747371e-01  8.78193962e-01 -4.11684823e-05 -5.75436319e-06 -4.25088296e-08 
 3.24036000e-05  8.78913919e-01  8.77745430e-01  8.78188289e-01 -4.05826211e-05 -5.93360350e-06 -4.56209089e-08 
 3.24036296e-05  8.78871213e-01  8.77746913e-01  8.78182565e-01 -3.96830297e-05 -6.10178889e-06 -4.84623442e-08 
 3.24036636e-05  8.78810814e-01  8.77754637e-01  8.78176143e-01 -3.82326147e-05 -6.26916672e-06 -5.11040681e-08 
 3.24037005e-05  8.78740251e-01  8.77771384e-01  8.78169437e-01 -3.62126686e-05 -6.41439896e-06 -5.30462068e-08 
 3.24037456e-05  8.78658377e-01  8.77802094e-01  8.78161817e-01 -3.33068559e-05 -6.53738138e-06 -5.40482803e-08 
 3.24038036e-05  8.78572523e-01  8.77851866e-01  8.78153129e-01 -2.92684554e-05 -6.61517283e-06 -5.33887345e-08 
 3.24038465e-05  8.78527140e-01  8.77891382e-01  8.78147591e-01 -2.63357042e-05 -6.62313469e-06 -5.17832146e-08 
 3.24038877e-05  8.78497853e-01  8.77927753e-01  8.78142985e-01 -2.37289037e-05 -6.60044199e-06 -4.96468550e-08 
 3.24039371e-05  8.78478037e-01  8.77966659e-01  8.78138295e-01 -2.09896975e-05 -6.54429157e-06 -4.66200160e-08 
 3.24039840e-05  8.78471965e-01  8.77997521e-01  8.78134579e-01 -1.88088066e-05 -6.47013996e-06 -4.35020207e-08 
 3.24040384e-05  8.78475981e-01  8.78025506e-01  8.78130984e-01 -1.67811551e-05 -6.36760941e-06 -3.97993804e-08 
 3.24040938e-05  8.78488863e-01  8.78045939e-01  8.78127932e-01 -1.51984013e-05 -6.25199884e-06 -3.60739363e-08 
 3.24041607e-05  8.78511824e-01  8.78061502e-01  8.78124811e-01 -1.38216016e-05 -6.10472124e-06 -3.17468745e-08 
 3.24042337e-05  8.78542655e-01  8.78069680e-01  8.78121847e-01 -1.28112674e-05 -5.94061439e-06 -2.72911344e-08 
 3.24043249e-05  8.78585904e-01  8.78071058e-01  8.78118426e-01 -1.20385491e-05 -5.73554138e-06 -2.20807621e-08 
 3.24044318e-05  8.78640386e-01  8.78064880e-01  8.78114479e-01 -1.15454660e-05 -5.50062001e-06 -1.64314979e-08 
 3.24045744e-05  8.78717808e-01  8.78049788e-01  8.78108873e-01 -1.12459291e-05 -5.19901771e-06 -9.48648238e-09 
 3.24047600e-05  8.78829775e-01  8.78024915e-01  8.78100609e-01 -1.11012847e-05 -4.82929847e-06 -1.27544468e-09 
 3.24050000e-05  8.79009077e-01  8.77989411e-01  8.78088029e-01 -1.10475476e-05 -4.38852534e-06  8.14402885e-09 
 3.24050050e-05  8.79007749e-01  8.77982948e-01  8.78087733e-01 -1.22152994e-05 -4.38053649e-06  8.03466637e-09 
 3.24050149e-05  8.79009116e-01  8.77971281e-01  8.78087120e-01 -1.27532788e-05 -4.36453860e-06  7.85124451e-09 
 3.24050348e-05  8.79022012e-01  8.77952384e-01  8.78085779e-01 -1.30563454e-05 -4.33237250e-06  7.59834378e-09 
 3.24050691e-05  8.79045645e-01  8.77925009e-01  8.78083177e-01 -1.36742898e-05 -4.27674434e-06  7.25844649e-09 
 3.24051145e-05  8.79077331e-01  8.77895258e-01  8.78079274e-01 -1.41303733e-05 -4.20323205e-06  6.91978777e-09 
 3.24052053e-05  8.79142109e-01  8.77854417e-01  8.78070417e-01 -1.47472260e-05 -4.05832627e-06  6.46101858e-09 
 3.24053689e-05  8.79258798e-01  8.77816983e-01  8.78052759e-01 -1.50651939e-05 -3.80768919e-06  5.91037165e-09 
 3.24055714e-05  8.79401917e-01  8.77798024e-01  8.78030251e-01 -1.51639668e-05 -3.51810399e-06  5.34836001e-09 
 3.24058880e-05  8.79621260e-01  8.77782029e-01  8.77996409e-01 -1.51297756e-05 -3.10838660e-06  4.47206247e-09 
 3.24062805e-05  8.79886609e-01  8.77767879e-01  8.77957781e-01 -1.51594432e-05 -2.66575065e-06  3.41072724e-09 
 3.24070413e-05  8.80379800e-01  8.77748157e-01  8.77893425e-01 -1.51250496e-05 -1.97606262e-06  1.51170311e-09 
 3.24085576e-05  8.81286704e-01  8.77737149e-01  8.77802829e-01 -1.51531526e-05 -1.07304835e-06 -1.46846054e-09 
 3.24115903e-05  8.82832613e-01  8.77806928e-01  8.77746440e-01 -1.51172161e-05 -2.74646922e-07 -4.54581885e-09 
 3.24176074e-05  8.85080553e-01  8.78204656e-01  8.77981790e-01 -1.51462520e-05  2.25829142e-08 -4.70920299e-09 
 3.24243888e-05  8.86679624e-01  8.78930008e-01  8.78605311e-01 -1.51153744e-05 -2.29793566e-09 -2.56984246e-09 
 3.24330611e-05  8.87863363e-01  8.80090826e-01  8.79697761e-01 -1.51486972e-05  1.79018227e-09 -9.42234862e-10 
 3.24432053e-05  8.88566732e-01  8.81565681e-01  8.81153285e-01 -1.51194368e-05  7.82442038e-10 -5.47246859e-11 
 3.24616314e-05  8.89062015e-01  8.83926487e-01  8.83589556e-01 -1.51544502e-05  9.98804494e-10  4.56782976e-10 
 3.24815199e-05  8.89171995e-01  8.85534476e-01  8.85342315e-01 -1.51266256e-05  3.52282820e-10  3.15852034e-10 
 3.25008207e-05  8.89191610e-01  8.86164276e-01  8.86077430e-01 -1.51613864e-05  1.83774267e-10  1.12635388e-10 
 3.25225702e-05  8.89195427e-01  8.86322623e-01  8.86275351e-01 -1.51328464e-05 -3.01675787e-11  3.21664115e-12 
 3.25534442e-05  8.89195871e-01  8.86482785e-01  8.86418276e-01 -1.51658576e-05  7.07444901e-11  2.42811491e-11 
 3.25872488e-05  8.89195773e-01  8.86907238e-01  8.86823194e-01 -1.51343008e-05  8.75024196e-11  6.87900466e-11 
 3.26225366e-05  8.89196277e-01  8.87400755e-01  8.87324991e-01 -1.51652951e-05  1.01037022e-10  6.25338518e-11 
 3.26850473e-05  8.89196610e-01  8.87956774e-01  8.87897949e-01 -1.51340872e-05  2.51947738e-11  2.54343653e-11 
 3.27489411e-05  8.89196900e-01  8.88315830e-01  8.88257696e-01 -1.51655717e-05  4.73233154e-11  2.57259677e-11 
 3.28489411e-05  8.89197068e-01  8.88748480e-01  8.88695858e-01 -1.51341499e-05  1.18455788e-11  1.56762291e-11 
 3.29489411e-05  8.89197333e-01  8.88977908e-01  8.88929944e-01 -1.51655764e-05  1.82157494e-11  7.73352400e-12 
 3.30489411e-05  8.89197280e-01  8.89114787e-01  8.89066998e-01 -1.51342296e-05 -4.01460549e-14  6.24364726e-12 
 3.31489411e-05  8.89197453e-01  8.89201659e-01  8.89156082e-01 -1.51655637e-05  1.07363066e-11  4.01988095e-12 
 3.32489411e-05  8.89197346e-01  8.89242865e-01  8.89197455e-01 -1.51342536e-05 -5.46693116e-12  1.62722342e-12 
 3.33489411e-05  8.89197472e-01  8.89274040e-01  8.89228953e-01 -1.51655685e-05  8.39643567e-12  3.20250863e-12 
 3.34489411e-05  8.89197356e-01  8.89288622e-01  8.89244031e-01 -1.51342539e-05 -6.68134775e-12  2.34519923e-13 
 3.35489411e-05  8.89197463e-01  8.89297783e-01  8.89253001e-01 -1.51655739e-05  6.63118453e-12  2.51842991e-12 
 3.36489411e-05  8.89197342e-01  8.89304016e-01  8.89259545e-01 -1.51342542e-05 -6.14871955e-12  1.35190199e-13 
 3.37489411e-05  8.89197446e-01  8.89306370e-01  8.89261802e-01 -1.51655729e-05  5.28922587e-12  2.05654363e-12 
 3.38489411e-05  8.89197321e-01  8.89308697e-01  8.89264218e-01 -1.51342582e-05 -5.45316309e-12  1.85646908e-13 
 3.39489411e-05  8.89197425e-01  8.89309611e-01  8.89265119e-01 -1.51655688e-05  4.48942055e-12  1.90958794e-12 
 3.40489411e-05  8.89197298e-01  8.89310143e-01  8.89265681e-01 -1.51342626e-05 -4.96758884e-12  1.55932179e-13 
 3.41489411e-05  8.89197402e-01  8.89310681e-01  8.89266191e-01 -1.51655650e-05  4.00429971e-12  1.90385148e-12 
 3.42489411e-05  8.89197275e-01  8.89310696e-01  8.89266256e-01 -1.51342662e-05 -4.59433902e-12  1.21543834e-13 
 3.43244705e-05  8.89197381e-01  8.89310919e-01  8.89266421e-01 -1.51655612e-05  3.57474857e-12  1.90559396e-12 
 3.44000000e-05  8.89197257e-01  8.89310903e-01  8.89266471e-01 -1.51342705e-05 -4.15680706e-12  1.24205008e-13 
 3.44000730e-05  8.89176181e-01  8.89263680e-01  8.89265129e-01 -1.75427974e-05 -6.87775703e-09 -3.37470276e-09 
 3.44002191e-05  8.89154494e-01  8.89206546e-01  8.89260901e-01 -1.89500610e-05 -1.64908286e-08 -9.37012961e-09 
 3.44004582e-05  8.89127967e-01  8.89197111e-01  8.89251451e-01 -1.93251424e-05 -2.46718479e-08 -1.76504593e-08 
 3.44007112e-05  8.89098879e-01  8.89222329e-01  8.89243149e-01 -1.94950845e-05 -3.19087924e-08 -2.55150985e-08 
 3.44009931e-05  8.89070985e-01  8.89256831e-01  8.89238022e-01 -1.99003567e-05 -3.78592953e-08 -3.33566447e-08 
 3.44012840e-05  8.89045245e-01  8.89296313e-01  8.89237372e-01 -2.15210329e-05 -3.77505392e-08 -4.04461420e-08 
 3.44014878e-05  8.89034431e-01  8.89327916e-01  8.89239743e-01 -2.41097946e-05 -2.86434352e-08 -4.47034208e-08 
 3.44016662e-05  8.89029775e-01  8.89358114e-01  8.89243795e-01 -2.79979730e-05 -8.75251490e-09 -4.78689438e-08 
 3.44018457e-05  8.89033515e-01  8.89392586e-01  8.89249831e-01 -3.35150641e-05  2.83198558e-08 -5.04034072e-08 
 3.44020099e-05  8.89041940e-01  8.89427150e-01  8.89257181e-01 -4.00947193e-05  8.36344565e-08 -5.20542851e-08 
 3.44021475e-05  8.89053844e-01  8.89459732e-01  8.89264774e-01 -4.65329497e-05  1.52502030e-07 -5.27964933e-08 
 3.44022613e-05  8.89064611e-01  8.89489304e-01  8.89272131e-01 -5.24624604e-05  2.31708434e-07 -5.28425978e-08 
 3.44023583e-05  8.89074734e-01  8.89517566e-01  8.89279246e-01 -5.77484148e-05  3.21644621e-07 -5.23256568e-08 
 3.44024444e-05  8.89082276e-01  8.89545386e-01  8.89286276e-01 -6.25620158e-05  4.25156779e-07 -5.13058212e-08 
 3.44025244e-05  8.89088079e-01  8.89574656e-01  8.89293502e-01 -6.69540322e-05  5.48468609e-07 -4.97236010e-08 
 3.44026069e-05  8.89092208e-01  8.89608736e-01  8.89301734e-01 -7.13438743e-05  7.10237340e-07 -4.72968775e-08 
 3.44026978e-05  8.89098662e-01  8.89650710e-01  8.89311858e-01 -7.59356749e-05  9.34796703e-07 -4.35762807e-08 
 3.44028039e-05  8.89110848e-01  8.89702758e-01  8.89325175e-01 -8.11041029e-05  1.25753493e-06 -3.79430681e-08 
 3.44028965e-05  8.89123430e-01  8.89748599e-01  8.89338130e-01 -8.53986627e-05  1.58875589e-06 -3.20534106e-08 
 3.44029961e-05  8.89135107e-01  8.89796666e-01  8.89353365e-01 -8.98247337e-05  1.99077482e-06 -2.48951563e-08 
 3.44031070e-05  8.89144630e-01  8.89847469e-01  8.89371774e-01 -9.44756618e-05  2.48656676e-06 -1.61173037e-08 
 3.44032396e-05  8.89155766e-01  8.89902594e-01  8.89395477e-01 -9.97685645e-05  3.13022467e-06 -4.84075895e-09 
 3.44033633e-05  8.89168356e-01  8.89947303e-01  8.89418893e-01 -1.04082296e-04  3.76442200e-06  6.11968896e-09 
 3.44034943e-05  8.89183434e-01  8.89986476e-01  8.89444612e-01 -1.07144390e-04  4.45174149e-06  1.77973525e-08 
 3.44035869e-05  8.89194623e-01  8.90006886e-01  8.89463057e-01 -1.06695777e-04  4.92996379e-06  2.57225076e-08 
 3.44036485e-05  8.89201245e-01  8.90014396e-01  8.89475308e-01 -1.03336591e-04  5.23104360e-06  3.05170572e-08 
 3.44037035e-05  8.89206182e-01  8.90014005e-01  8.89486066e-01 -9.77086822e-05  5.47463474e-06  3.41458240e-08 
 3.44037690e-05  8.89210283e-01  8.90002796e-01  8.89498431e-01 -8.86361407e-05  5.72051870e-06  3.73652009e-08 
 3.44038397e-05  8.89212671e-01  8.89978693e-01  8.89510918e-01 -7.73357667e-05  5.92244538e-06  3.93452308e-08 
 3.44039281e-05  8.89212716e-01  8.89936636e-01  8.89524897e-01 -6.31652657e-05  6.07926605e-06  3.97216638e-08 
 3.44040491e-05  8.89208613e-01  8.89872431e-01  8.89540730e-01 -4.67795570e-05  6.14002777e-06  3.71932943e-08 
 3.44041373e-05  8.89203320e-01  8.89829402e-01  8.89549949e-01 -3.81350578e-05  6.09376567e-06  3.37694561e-08 
 3.44042210e-05  8.89197175e-01  8.89796709e-01  8.89557146e-01 -3.22811058e-05  6.00114684e-06  2.98514904e-08 
 3.44043171e-05  8.89189174e-01  8.89770090e-01  8.89564001e-01 -2.77526839e-05  5.85622228e-06  2.49673920e-08 
 3.44044121e-05  8.89180660e-01  8.89754373e-01  8.89569736e-01 -2.49523122e-05  5.68790153e-06  2.00123575e-08 
 3.44045212e-05  8.89170429e-01  8.89746947e-01  8.89575561e-01 -2.30554264e-05  5.47941848e-06  1.44015432e-08 
 3.44046367e-05  8.89159310e-01  8.89748184e-01  8.89581319e-01 -2.19728735e-05  5.25223341e-06  8.67426190e-09 
 3.44047762e-05  8.89145667e-01  8.89757854e-01  8.89588229e-01 -2.13378027e-05  4.97964310e-06  2.12363499e-09 
 3.44048881e-05  8.89134661e-01  8.89769728e-01  8.89593966e-01 -2.11081629e-05  4.76681634e-06 -2.82894737e-09 
 3.44050000e-05  8.89123626e-01  8.89783766e-01  8.89600020e-01 -2.09932939e-05  4.56107972e-06 -7.52748447e-09 
 3.44050016e-05  8.89125650e-01  8.89786013e-01  8.89600112e-01 -2.00659224e-05  4.55838934e-06 -7.49510682e-09 
 3.44050049e-05  8.89128921e-01  8.89790304e-01  8.89600298e-01 -1.96316552e-05  4.55303169e-06 -7.43495861e-09 
 3.44050114e-05  8.89131935e-01  8.89798006e-01  8.89600686e-01 -1.92255055e-05  4.54237641e-06 -7.34110795e-09 
 3.44050212e-05  8.89132861e-01  8.89807982e-01  8.89601304e-01 -1.89410989e-05  4.52625263e-06 -7.24080852e-09 
 3.44050379e-05  8.89133107e-01  8.89822944e-01  8.89602437e-01 -1.84124038e-05  4.49865606e-06 -7.10438311e-09 
 3.44050714e-05  8.89133256e-01  8.89849174e-01  8.89604955e-01 -1.76496552e-05  4.44338144e-06 -6.90015186e-09 
 3.44051384e-05  8.89133472e-01  8.89889650e-01  8.89610773e-01 -1.65479486e-05  4.33311564e-06 -6.67455168e-09 
 3.44052724e-05  8.89133639e-01  8.89936868e-01  8.89624241e-01 -1.55894933e-05  4.11675360e-06 -6.58206831e-09 
 3.44055110e-05  8.89133981e-01  8.89970560e-01  8.89650200e-01 -1.51543297e-05  3.75270077e-06 -6.72501651e-09 
 3.44057565e-05  8.89134252e-01  8.89985549e-01  8.89676722e-01 -1.51718238e-05  3.40974190e-06 -6.83966554e-09 
 3.44061277e-05  8.89134704e-01  8.90003884e-01  8.89714524e-01 -1.51346851e-05  2.94891749e-06 -6.83421117e-09 
 3.44066358e-05  8.89135210e-01  8.90025017e-01  8.89761649e-01 -1.51647367e-05  2.41653215e-06 -6.61152649e-09 
 3.44076519e-05  8.89136173e-01  8.90055890e-01  8.89840804e-01 -1.51321834e-05  1.61625545e-06 -5.77107439e-09 
 3.44096843e-05  8.89137570e-01  8.90079114e-01  8.89946117e-01 -1.51610586e-05  6.97874824e-07 -3.72323102e-09 
 3.44137490e-05  8.89139212e-01  8.90019408e-01  8.89998711e-01 -1.51281915e-05  8.02519072e-08 -9.64287324e-10 
 3.44199009e-05  8.89139883e-01  8.89794687e-01  8.89848487e-01 -1.51578022e-05 -7.51074690e-09  6.77716292e-12 
 3.44279284e-05  8.89139592e-01  8.89461349e-01  8.89521960e-01 -1.51266681e-05  1.33274161e-09 -1.93817846e-10 
 3.44361951e-05  8.89138900e-01  8.89194724e-01  8.89224867e-01 -1.51579740e-05 -6.04981745e-10 -1.78864557e-10 
 3.44473325e-05  8.89138183e-01  8.89008975e-01  8.88993700e-01 -1.51277147e-05  4.25694623e-11 -9.06863809e-11 
 3.44624430e-05  8.89137647e-01  8.88995917e-01  8.88940048e-01 -1.51585578e-05 -4.53776047e-11  1.39323047e-12 
 3.44892766e-05  8.89137717e-01  8.89206967e-01  8.89137197e-01 -1.51270184e-05  1.19401944e-10  5.31928175e-11 
 3.45233522e-05  8.89138131e-01  8.89374642e-01  8.89327557e-01 -1.51575108e-05 -2.41829946e-11  1.30591376e-11 
 3.45629613e-05  8.89138233e-01  8.89322010e-01  8.89285476e-01 -1.51270801e-05  3.17764131e-12 -1.44895860e-11 
 3.46000000e-05  8.89138061e-01  8.89261913e-01  8.89218555e-01 -1.51580243e-05 -2.40433140e-11 -3.43170094e-12 
 3.46000167e-05  8.89142883e-01  8.89286520e-01  8.89218711e-01 -1.00336600e-05  3.91443454e-09  8.30362033e-10 
 3.46000501e-05  8.89145909e-01  8.89324221e-01  8.89219271e-01 -9.45609389e-06  1.18147250e-08  2.40075722e-09 
 3.46001030e-05  8.89145830e-01  8.89363522e-01  8.89220951e-01 -9.16946204e-06  2.38945441e-08  4.71053096e-09 
 3.46001592e-05  8.89147876e-01  8.89395461e-01  8.89223485e-01 -8.79882980e-06  3.61242231e-08  7.05139163e-09 
 3.46002715e-05  8.89149648e-01  8.89433049e-01  8.89229914e-01 -8.61243643e-06  5.94424020e-08  1.14417183e-08 
 3.46004961e-05  8.89154976e-01  8.89462162e-01  8.89244809e-01 -8.39529351e-06  1.02489147e-07  1.94996806e-08 
 3.46008626e-05  8.89162272e-01  8.89469273e-01  8.89268906e-01 -8.46462168e-06  1.64820729e-07  3.11015395e-08 
 3.46013209e-05  8.89172936e-01  8.89468774e-01  8.89295045e-01 -8.48879107e-06  2.31115101e-07  4.34257314e-08 
 3.46014836e-05  8.89177073e-01  8.89467525e-01  8.89303154e-01 -8.70800664e-06  2.51798325e-07  4.72490264e-08 
 3.46017760e-05  8.89192656e-01  8.89463268e-01  8.89316169e-01 -9.95196300e-06  2.84625180e-07  5.32542400e-08 
 3.46019367e-05  8.89209977e-01  8.89458234e-01  8.89322403e-01 -1.18909651e-05  2.99511809e-07  5.58723401e-08 
 3.46020579e-05  8.89231271e-01  8.89452318e-01  8.89326586e-01 -1.42552881e-05  3.08338105e-07  5.73037485e-08 
 3.46021797e-05  8.89259885e-01  8.89443659e-01  8.89330245e-01 -1.77872173e-05  3.14438052e-07  5.80731089e-08 
 3.46023074e-05  8.89298787e-01  8.89431577e-01  8.89333380e-01 -2.23655800e-05  3.17014381e-07  5.79595004e-08 
 3.46024337e-05  8.89343840e-01  8.89415813e-01  8.89335639e-01 -2.74465257e-05  3.14863363e-07  5.66734173e-08 
 3.46025505e-05  8.89389874e-01  8.89397127e-01  8.89336842e-01 -3.16421785e-05  3.07728536e-07  5.41867090e-08 
 3.46026557e-05  8.89432489e-01  8.89375542e-01  8.89337049e-01 -3.42451781e-05  2.96071953e-07  5.05886908e-08 
 3.46027635e-05  8.89475939e-01  8.89348097e-01  8.89336218e-01 -3.53941636e-05  2.78047913e-07  4.53185820e-08 
 3.46028774e-05  8.89519834e-01  8.89315250e-01  8.89334035e-01 -3.64298135e-05  2.52227593e-07  3.80012891e-08 
 3.46030323e-05  8.89575025e-01  8.89271836e-01  8.89328930e-01 -3.82513073e-05  2.07106253e-07  2.56233630e-08 
 3.46031505e-05  8.89612169e-01  8.89243278e-01  8.89323578e-01 -3.98479601e-05  1.65745889e-07  1.46448611e-08 
 3.46032715e-05  8.89644494e-01  8.89220004e-01  8.89317132e-01 -4.14454259e-05  1.17157597e-07  2.39609343e-09 
 3.46033673e-05  8.89663534e-01  8.89206928e-01  8.89311562e-01 -4.24763784e-05  7.03455989e-08 -7.80606709e-09 
 3.46034280e-05  8.89669666e-01  8.89202008e-01  8.89307930e-01 -4.27464289e-05  2.98810847e-08 -1.43639208e-08 
 3.46034725e-05  8.89668703e-01  8.89200904e-01  8.89305262e-01 -4.26277707e-05 -1.17220664e-08 -1.91389778e-08 
 3.46035090e-05  8.89661775e-01  8.89202184e-01  8.89303117e-01 -4.22545859e-05 -5.63363751e-08 -2.29352194e-08 
 3.46035379e-05  8.89649068e-01  8.89205154e-01  8.89301462e-01 -4.17431958e-05 -9.86462859e-08 -2.58013348e-08 
 3.46035633e-05  8.89629179e-01  8.89209807e-01  8.89300064e-01 -4.10546664e-05 -1.39487155e-07 -2.81274781e-08 
 3.46035888e-05  8.89599485e-01  8.89217295e-01  8.89298734e-01 -4.00735153e-05 -1.82037423e-07 -3.01779077e-08 
 3.46036216e-05  8.89550346e-01  8.89232283e-01  8.89297190e-01 -3.84000857e-05 -2.35654034e-07 -3.22286002e-08 
 3.46036527e-05  8.89498056e-01  8.89252404e-01  8.89295961e-01 -3.64439878e-05 -2.82684240e-07 -3.34666139e-08 
 3.46036976e-05  8.89422779e-01  8.89289752e-01  8.89294729e-01 -3.32157183e-05 -3.40636444e-07 -3.40328513e-08 
 3.46037361e-05  8.89364055e-01  8.89327265e-01  8.89294259e-01 -3.02604864e-05 -3.80604958e-07 -3.34909385e-08 
 3.46037691e-05  8.89320957e-01  8.89360997e-01  8.89294330e-01 -2.77448881e-05 -4.07989966e-07 -3.24250360e-08 
 3.46038043e-05  8.89282647e-01  8.89396639e-01  8.89294889e-01 -2.51954350e-05 -4.31409842e-07 -3.08422025e-08 
 3.46038465e-05  8.89246698e-01  8.89436942e-01  8.89296183e-01 -2.24201418e-05 -4.53159958e-07 -2.85431648e-08 
 3.46038856e-05  8.89221698e-01  8.89470822e-01  8.89297943e-01 -2.01594343e-05 -4.68639813e-07 -2.61760498e-08 
 3.46039302e-05  8.89201118e-01  8.89504401e-01  8.89300508e-01 -1.79863486e-05 -4.82308555e-07 -2.33740624e-08 
 3.46039745e-05  8.89186919e-01  8.89532421e-01  8.89303556e-01 -1.62159948e-05 -4.92930442e-07 -2.05833431e-08 
 3.46040270e-05  8.89175868e-01  8.89559230e-01  8.89307669e-01 -1.45765062e-05 -5.02946763e-07 -1.73630305e-08 
 3.46040823e-05  8.89168785e-01  8.89581016e-01  8.89312439e-01 -1.32825400e-05 -5.11447862e-07 -1.41260860e-08 
 3.46041497e-05  8.89164124e-01  8.89600559e-01  8.89318654e-01 -1.21811939e-05 -5.19962471e-07 -1.04191349e-08 
 3.46042245e-05  8.89161904e-01  8.89615729e-01  8.89325879e-01 -1.13782814e-05 -5.27847871e-07 -6.57803318e-09 
 3.46043195e-05  8.89161472e-01  8.89628580e-01  8.89335271e-01 -1.07819309e-05 -5.36343685e-07 -2.05093403e-09 
 3.46044329e-05  8.89162629e-01  8.89638441e-01  8.89346530e-01 -1.04095882e-05 -5.45274952e-07  2.95447941e-09 
 3.46045879e-05  8.89165585e-01  8.89647245e-01  8.89361669e-01 -1.01965998e-05 -5.57954289e-07  9.27781638e-09 
 3.46047934e-05  8.89170924e-01  8.89655393e-01  8.89381034e-01 -1.00972483e-05 -5.84642680e-07  1.69824291e-08 
 3.46050000e-05  8.89177710e-01  8.89661802e-01  8.89399530e-01 -1.00693236e-05 -6.38407418e-07  2.40870854e-08 
 3.46050024e-05  8.89175873e-01  8.89656992e-01  8.89399735e-01 -1.46888558e-05 -6.39829854e-07  2.40348382e-08 
 3.46050072e-05  8.89172955e-01  8.89648276e-01  8.89400137e-01 -1.49929554e-05 -6.42802880e-07  2.39361208e-08 
 3.46050169e-05  8.89170630e-01  8.89634587e-01  8.89400894e-01 -1.50811398e-05 -6.49126377e-07  2.37730385e-08 
 3.46050360e-05  8.89169564e-01  8.89614177e-01  8.89402258e-01 -1.50881102e-05 -6.61641485e-07  2.35066339e-08 
 3.46050688e-05  8.89168182e-01  8.89586356e-01  8.89404261e-01 -1.51581200e-05 -6.82542004e-07  2.30982215e-08 
 3.46051345e-05  8.89166865e-01  8.89544530e-01  8.89407286e-01 -1.51577780e-05 -7.22803511e-07  2.23969766e-08 
 3.46052586e-05  8.89165989e-01  8.89499738e-01  8.89410695e-01 -1.51902427e-05 -7.94508452e-07  2.12818460e-08 
 3.46053866e-05  8.89165938e-01  8.89480839e-01  8.89412449e-01 -1.51505232e-05 -8.63680812e-07  2.02765570e-08 
 3.46056020e-05  8.89165771e-01  8.89471105e-01  8.89414023e-01 -1.51744019e-05 -9.70510808e-07  1.87464001e-08 
 3.46059239e-05  8.89165726e-01  8.89471053e-01  8.89415546e-01 -1.51423380e-05 -1.11030557e-06  1.67455073e-08 
 3.46065677e-05  8.89165486e-01  8.89476137e-01  8.89418643e-01 -1.51709816e-05 -1.33061186e-06  1.35259251e-08 
 3.46078552e-05  8.89165360e-01  8.89486489e-01  8.89426097e-01 -1.51386067e-05 -1.60013980e-06  9.29646033e-09 
 3.46104303e-05  8.89165254e-01  8.89507417e-01  8.89444035e-01 -1.51659936e-05 -1.76716901e-06  5.50136593e-09 
 3.46155805e-05  8.89165759e-01  8.89541638e-01  8.89480587e-01 -1.51336743e-05 -1.62092159e-06  3.74964095e-09 
 3.46251725e-05  8.89166710e-01  8.89559726e-01  8.89514270e-01 -1.51627401e-05 -1.19555821e-06  2.96126999e-09 
 3.46393618e-05  8.89167790e-01  8.89492319e-01  8.89465879e-01 -1.51328588e-05 -7.72731819e-07  1.80619666e-09 
 3.46592091e-05  8.89168317e-01  8.89338244e-01  8.89314006e-01 -1.51638090e-05 -4.13850175e-07  9.73780279e-10 
 3.46974410e-05  8.89168627e-01  8.89198050e-01  8.89154256e-01 -1.51347049e-05 -1.12266814e-07  2.48642735e-10 
 3.47341251e-05  8.89168688e-01  8.89244407e-01  8.89193882e-01 -1.51648189e-05 -3.19211441e-08  1.01737709e-10 
 3.47926700e-05  8.89168950e-01  8.89294455e-01  8.89251166e-01 -1.51347920e-05 -2.49220154e-09 -3.89968835e-12 
 3.48618194e-05  8.89168853e-01  8.89266655e-01  8.89223053e-01 -1.51650088e-05  3.69600635e-10  6.03185438e-12 
 3.49618194e-05  8.89168896e-01  8.89277772e-01  8.89232003e-01 -1.51348686e-05 -3.15391343e-10 -3.06315769e-12 
 3.50618194e-05  8.89168858e-01  8.89283901e-01  8.89240330e-01 -1.51649534e-05  2.81803770e-10  5.66558004e-12 
 3.51618194e-05  8.89168893e-01  8.89276729e-01  8.89231803e-01 -1.51349008e-05 -2.60197096e-10 -4.11222017e-12 
 3.52618194e-05  8.89168836e-01  8.89284617e-01  8.89240200e-01 -1.51649440e-05  2.34743656e-10  6.44479153e-12 
 3.53618194e-05  8.89168893e-01  8.89280818e-01  8.89236497e-01 -1.51348968e-05 -2.17449481e-10 -4.23920816e-12 
 3.54618194e-05  8.89168819e-01  8.89282300e-01  8.89237641e-01 -1.51649529e-05  1.95411831e-10  5.83446041e-12 
 3.55618194e-05  8.89168883e-01  8.89282963e-01  8.89238648e-01 -1.51348890e-05 -1.81617528e-10 -3.24030809e-12 
 3.56618194e-05  8.89168808e-01  8.89281859e-01  8.89237316e-01 -1.51649574e-05  1.62877675e-10  4.71801163e-12 
 3.57618194e-05  8.89168870e-01  8.89282940e-01  8.89238499e-01 -1.51348878e-05 -1.52168203e-10 -2.23220146e-12 
 3.58618194e-05  8.89168798e-01  8.89282361e-01  8.89237907e-01 -1.51649566e-05  1.36154101e-10  3.88708054e-12 
 3.59618194e-05  8.89168857e-01  8.89282539e-01  8.89238062e-01 -1.51348894e-05 -1.27864943e-10 -1.57859164e-12 
 3.60618194e-05  8.89168786e-01  8.89282643e-01  8.89238190e-01 -1.51649551e-05  1.13983566e-10  3.35905967e-12 
 3.61618194e-05  8.89168846e-01  8.89282443e-01  8.89237982e-01 -1.51348903e-05 -1.07614589e-10 -1.12764014e-12 
 3.62618194e-05  8.89168774e-01  8.89282623e-01  8.89238151e-01 -1.51649547e-05  9.54740330e-11  2.94790456e-12 
 3.63618194e-05  8.89168834e-01  8.89282500e-01  8.89238053e-01 -1.51348905e-05 -9.07053599e-11 -7.39830126e-13 
 3.64618194e-05  8.89168762e-01  8.89282550e-01  8.89238073e-01 -1.51649547e-05  8.00344433e-11  2.57926466e-12 
 3.65309097e-05  8.89168824e-01  8.89282535e-01  8.89238087e-01 -1.51348905e-05 -7.38382608e-11 -3.23216551e-13 
 3.66000000e-05  8.89168754e-01  8.89282529e-01  8.89238055e-01 -1.51649545e-05  6.21600872e-11  2.13366656e-12 
 3.66000448e-05  8.89160347e-01  8.89232076e-01  8.89237167e-01 -2.01456866e-05 -1.27850153e-08 -2.09335547e-09 
 3.66001345e-05  8.89154592e-01  8.89162675e-01  8.89234197e-01 -2.03090442e-05 -3.78382473e-08 -5.98897316e-09 
 3.66003139e-05  8.89150923e-01  8.89101679e-01  8.89224051e-01 -2.02719761e-05 -8.24555299e-08 -1.29651490e-08 
 3.66004906e-05  8.89146452e-01  8.89082035e-01  8.89211989e-01 -2.03690140e-05 -1.21504856e-07 -1.92614240e-08 
 3.66006766e-05  8.89143497e-01  8.89077559e-01  8.89199323e-01 -2.04046125e-05 -1.58421366e-07 -2.53806490e-08 
 3.66010484e-05  8.89136853e-01  8.89073574e-01  8.89176035e-01 -2.11115690e-05 -2.20237379e-07 -3.62953549e-08 
 3.66012765e-05  8.89136469e-01  8.89076029e-01  8.89163322e-01 -2.23920353e-05 -2.50853419e-07 -4.20981490e-08 
 3.66014444e-05  8.89138162e-01  8.89077581e-01  8.89154810e-01 -2.44241241e-05 -2.69408021e-07 -4.59138037e-08 
 3.66016060e-05  8.89144419e-01  8.89082243e-01  8.89147338e-01 -2.74473955e-05 -2.83498588e-07 -4.91484345e-08 
 3.66017715e-05  8.89154058e-01  8.89087679e-01  8.89140490e-01 -3.20000781e-05 -2.93066066e-07 -5.19805638e-08 
 3.66019268e-05  8.89167471e-01  8.89095791e-01  8.89134876e-01 -3.75065898e-05 -2.96531339e-07 -5.41046829e-08 
 3.66020614e-05  8.89180351e-01  8.89104081e-01  8.89130715e-01 -4.33097590e-05 -2.93846975e-07 -5.54563355e-08 
 3.66021744e-05  8.89191942e-01  8.89113353e-01  8.89127777e-01 -4.87383943e-05 -2.86300429e-07 -5.61405420e-08 
 3.66022706e-05  8.89200284e-01  8.89122593e-01  8.89125729e-01 -5.37524661e-05 -2.74753344e-07 -5.63143076e-08 
 3.66023546e-05  8.89205893e-01  8.89132662e-01  8.89124321e-01 -5.82633852e-05 -2.59652907e-07 -5.60594741e-08 
 3.66024301e-05  8.89207738e-01  8.89143381e-01  8.89123407e-01 -6.23868094e-05 -2.40894194e-07 -5.54176911e-08 
 3.66025000e-05  8.89206018e-01  8.89155472e-01  8.89122898e-01 -6.61171992e-05 -2.17976073e-07 -5.43700745e-08 
 3.66025695e-05  8.89200081e-01  8.89169867e-01  8.89122770e-01 -6.97087431e-05 -1.88734410e-07 -5.27917337e-08 
 3.66026473e-05  8.89190531e-01  8.89188943e-01  8.89123143e-01 -7.34915554e-05 -1.47869445e-07 -5.02965132e-08 
 3.66027284e-05  8.89180394e-01  8.89211130e-01  8.89124179e-01 -7.72553317e-05 -9.74052604e-08 -4.68804545e-08 
 3.66028385e-05  8.89169205e-01  8.89242066e-01  8.89126677e-01 -8.20866291e-05 -2.32989283e-08 -4.11122904e-08 
 3.66029339e-05  8.89161562e-01  8.89267922e-01  8.89129816e-01 -8.59817945e-05  3.62533227e-08 -3.52451216e-08 
 3.66030422e-05  8.89155894e-01  8.89294682e-01  8.89134356e-01 -9.01125328e-05  8.72908549e-08 -2.78286113e-08 
 3.66031508e-05  8.89153752e-01  8.89317356e-01  8.89139763e-01 -9.40186404e-05  1.20842660e-07 -1.98150529e-08 
 3.66032587e-05  8.89155067e-01  8.89334686e-01  8.89145755e-01 -9.76403110e-05  1.45314690e-07 -1.14850799e-08 
 3.66033838e-05  8.89158798e-01  8.89347691e-01  8.89153127e-01 -1.00989667e-04  1.71048882e-07 -1.62459937e-09 
 3.66034894e-05  8.89163197e-01  8.89351799e-01  8.89159420e-01 -1.02201451e-04  1.92368613e-07  6.59844249e-09 
 3.66035604e-05  8.89166000e-01  8.89349387e-01  8.89163529e-01 -1.00524771e-04  2.06064640e-07  1.18098588e-08 
 3.66036149e-05  8.89167844e-01  8.89342509e-01  8.89166504e-01 -9.65505278e-05  2.15232167e-07  1.53587986e-08 
 3.66036703e-05  8.89169021e-01  8.89328633e-01  8.89169236e-01 -9.00627632e-05  2.22498294e-07  1.82817077e-08 
 3.66037413e-05  8.89169732e-01  8.89299632e-01  8.89172047e-01 -7.95271050e-05  2.27737529e-07  2.07503794e-08 
 3.66038103e-05  8.89169623e-01  8.89261343e-01  8.89173788e-01 -6.84135518e-05  2.28256791e-07  2.17241568e-08 
 3.66039076e-05  8.89168563e-01  8.89198331e-01  8.89174231e-01 -5.37926011e-05  2.21797265e-07  2.09864943e-08 
 3.66040086e-05  8.89166765e-01  8.89132068e-01  8.89172114e-01 -4.18868084e-05  2.07950095e-07  1.82516238e-08 
 3.66040892e-05  8.89165101e-01  8.89084640e-01  8.89168679e-01 -3.51414184e-05  1.93122168e-07  1.51615922e-08 
 3.66041708e-05  8.89163329e-01  8.89044542e-01  8.89163912e-01 -3.03844233e-05  1.75980766e-07  1.16316866e-08 
 3.66042626e-05  8.89161298e-01  8.89009103e-01  8.89157365e-01 -2.69003831e-05  1.55077459e-07  7.47515556e-09 
 3.66043565e-05  8.89159219e-01  8.88982261e-01  8.89149762e-01 -2.47433527e-05  1.32755625e-07  3.22630777e-09 
 3.66044634e-05  8.89156855e-01  8.88960764e-01  8.89140439e-01 -2.33633118e-05  1.06923928e-07 -1.45958017e-09 
 3.66045799e-05  8.89154299e-01  8.88945101e-01  8.89129877e-01 -2.25905197e-05  7.88660708e-08 -6.31926938e-09 
 3.66047202e-05  8.89151225e-01  8.88932954e-01  8.89117027e-01 -2.21752849e-05  4.57457145e-08 -1.18210466e-08 
 3.66048601e-05  8.89148184e-01  8.88925126e-01  8.89104376e-01 -2.20089179e-05  1.38793104e-08 -1.69473605e-08 
 3.66050000e-05  8.89145145e-01  8.88919593e-01  8.89092049e-01 -2.19508339e-05 -1.66466957e-08 -2.17570869e-08 
 3.66050016e-05  8.89146409e-01  8.88922958e-01  8.89091909e-01 -1.73663833e-05 -1.66335373e-08 -2.17218908e-08 
 3.66050049e-05  8.89148508e-01  8.88929217e-01  8.89091634e-01 -1.70473869e-05 -1.65818675e-08 -2.16537463e-08 
 3.66050115e-05  8.89150509e-01  8.88939656e-01  8.89091106e-01 -1.67569900e-05 -1.63951299e-08 -2.15345830e-08 
 3.66050204e-05  8.89151015e-01  8.88950966e-01  8.89090429e-01 -1.66669549e-05 -1.61226100e-08 -2.13999337e-08 
 3.66050343e-05  8.89151139e-01  8.88965547e-01  8.89089445e-01 -1.64602710e-05 -1.57417367e-08 -2.12083075e-08 
 3.66050623e-05  8.89151164e-01  8.88990007e-01  8.89087710e-01 -1.61988093e-05 -1.50794612e-08 -2.08565006e-08 
 3.66051181e-05  8.89151214e-01  8.89027951e-01  8.89084988e-01 -1.57691492e-05 -1.40559746e-08 -2.02383186e-08 
 3.66052299e-05  8.89151206e-01  8.89073999e-01  8.89081558e-01 -1.53790388e-05 -1.27106850e-08 -1.92072894e-08 
 3.66054533e-05  8.89151249e-01  8.89106404e-01  8.89078494e-01 -1.51356672e-05 -1.11706672e-08 -1.75173806e-08 
 3.66057444e-05  8.89151289e-01  8.89110157e-01  8.89076880e-01 -1.51501830e-05 -9.85736352e-09 -1.56252224e-08 
 3.66061497e-05  8.89151374e-01  8.89107602e-01  8.89075013e-01 -1.51273054e-05 -8.37237558e-09 -1.33185321e-08 
 3.66067657e-05  8.89151449e-01  8.89103301e-01  8.89071938e-01 -1.51500266e-05 -6.56460444e-09 -1.04371770e-08 
 3.66079978e-05  8.89151600e-01  8.89094353e-01  8.89064993e-01 -1.51288624e-05 -4.00822279e-09 -6.36178073e-09 
 3.66104621e-05  8.89151735e-01  8.89076138e-01  8.89049014e-01 -1.51521908e-05 -1.40402191e-09 -2.20687575e-09 
 3.66153905e-05  8.89151793e-01  8.89045259e-01  8.89016483e-01 -1.51313752e-05 -4.93228145e-11 -4.64239267e-11 
 3.66252475e-05  8.89151595e-01  8.89025663e-01  8.88982684e-01 -1.51539638e-05 -1.76176109e-12 -4.97785483e-12 
 3.66398144e-05  8.89151444e-01  8.89087350e-01  8.89026417e-01 -1.51317105e-05  3.78581029e-11  1.56183836e-11 
 3.66600947e-05  8.89151551e-01  8.89230070e-01  8.89167347e-01 -1.51533597e-05  5.51787106e-11  4.25461566e-11 
 3.66981886e-05  8.89151904e-01  8.89352897e-01  8.89308207e-01 -1.51312032e-05  2.09667570e-13  3.55103680e-12 
 3.67407944e-05  8.89151907e-01  8.89300946e-01  8.89262116e-01 -1.51535390e-05 -1.50763477e-11 -8.61677673e-12 
 3.68000000e-05  8.89151790e-01  8.89260234e-01  8.89214188e-01 -1.51315574e-05  2.21268641e-12  1.15170335e-12 
 3.68000315e-05  8.89162892e-01  8.89286837e-01  8.89214538e-01 -1.29635688e-05  4.38700901e-09  1.59396766e-09 
 3.68000944e-05  8.89171764e-01  8.89327272e-01  8.89215733e-01 -1.14084766e-05  1.19425537e-08  4.49562199e-09 
 3.68002202e-05  8.89182653e-01  8.89367102e-01  8.89220005e-01 -1.01461938e-05  2.17504688e-08  9.51371254e-09 
 3.68003379e-05  8.89195859e-01  8.89376023e-01  8.89224931e-01 -9.65821601e-06  2.75302638e-08  1.37343933e-08 
 3.68005733e-05  8.89218076e-01  8.89362385e-01  8.89233906e-01 -9.53125272e-06  3.60142985e-08  2.14384890e-08 
 3.68008422e-05  8.89246016e-01  8.89332245e-01  8.89240944e-01 -9.44706742e-06  4.37342598e-08  2.93958188e-08 
 3.68013043e-05  8.89291254e-01  8.89270054e-01  8.89243607e-01 -9.60519641e-06  5.48416344e-08  4.12301559e-08 
 3.68016046e-05  8.89325228e-01  8.89225617e-01  8.89239048e-01 -9.99553373e-06  5.64392009e-08  4.77290263e-08 
 3.68017484e-05  8.89343639e-01  8.89201867e-01  8.89235146e-01 -1.07196251e-05  5.08264694e-08  5.04224215e-08 
 3.68019112e-05  8.89372908e-01  8.89173085e-01  8.89229336e-01 -1.23012956e-05  2.90529232e-08  5.29558171e-08 
 3.68020508e-05  8.89404929e-01  8.89144802e-01  8.89223097e-01 -1.48852088e-05 -1.31983891e-08  5.44520741e-08 
 3.68021814e-05  8.89444622e-01  8.89115202e-01  8.89216096e-01 -1.83355166e-05 -8.48621910e-08  5.50465058e-08 
 3.68023126e-05  8.89491279e-01  8.89081003e-01  8.89207789e-01 -2.28961404e-05 -2.01344354e-07  5.45719310e-08 
 3.68024424e-05  8.89544332e-01  8.89042595e-01  8.89198147e-01 -2.77563927e-05 -3.74593414e-07  5.27774360e-08 
 3.68025632e-05  8.89595528e-01  8.89001287e-01  8.89187736e-01 -3.18822325e-05 -6.02217190e-07  4.96092400e-08 
 3.68026717e-05  8.89641805e-01  8.88958337e-01  8.89177015e-01 -3.42040645e-05 -8.76081529e-07  4.52293252e-08 
 3.68027956e-05  8.89690958e-01  8.88901440e-01  8.89162921e-01 -3.52370770e-05 -1.28575011e-06  3.81178601e-08 
 3.68029087e-05  8.89732009e-01  8.88844782e-01  8.89148129e-01 -3.59853787e-05 -1.75405239e-06  2.96685739e-08 
 3.68030859e-05  8.89785648e-01  8.88757611e-01  8.89121342e-01 -3.78038021e-05 -2.64832996e-06  1.33519144e-08 
 3.68032244e-05  8.89817649e-01  8.88695318e-01  8.89097644e-01 -3.93991079e-05 -3.46501852e-06 -1.51525475e-09 
 3.68033451e-05  8.89835384e-01  8.88647378e-01  8.89075466e-01 -4.08244496e-05 -4.24018791e-06 -1.55258962e-08 
 3.68034406e-05  8.89836563e-01  8.88615002e-01  8.89057134e-01 -4.15859136e-05 -4.88266188e-06 -2.70461251e-08 
 3.68034968e-05  8.89823589e-01  8.88599430e-01  8.89046154e-01 -4.16858481e-05 -5.26371190e-06 -3.38407157e-08 
 3.68035395e-05  8.89802627e-01  8.88590287e-01  8.89037749e-01 -4.14488535e-05 -5.54953428e-06 -3.89013870e-08 
 3.68035719e-05  8.89776988e-01  8.88585582e-01  8.89031395e-01 -4.10647176e-05 -5.75917947e-06 -4.25819480e-08 
 3.68036008e-05  8.89744373e-01  8.88583716e-01  8.89025752e-01 -4.04938291e-05 -5.93712209e-06 -4.56623399e-08 
 3.68036302e-05  8.89699433e-01  8.88585256e-01  8.89020057e-01 -3.96092219e-05 -6.10412862e-06 -4.84714981e-08 
 3.68036643e-05  8.89635715e-01  8.88593069e-01  8.89013634e-01 -3.81680184e-05 -6.27112489e-06 -5.10884399e-08 
 3.68037012e-05  8.89560996e-01  8.88609904e-01  8.89006934e-01 -3.61542744e-05 -6.41579106e-06 -5.29968266e-08 
 3.68037465e-05  8.89472827e-01  8.88640846e-01  8.88999288e-01 -3.32393540e-05 -6.53854838e-06 -5.39552726e-08 
 3.68038035e-05  8.89379828e-01  8.88689720e-01  8.88990762e-01 -2.92798473e-05 -6.61457679e-06 -5.32570334e-08 
 3.68038460e-05  8.89327363e-01  8.88728856e-01  8.88985262e-01 -2.63730953e-05 -6.62290974e-06 -5.16401317e-08 
 3.68038872e-05  8.89290407e-01  8.88765212e-01  8.88980646e-01 -2.37660984e-05 -6.60069323e-06 -4.94783616e-08 
 3.68039366e-05  8.89261014e-01  8.88804194e-01  8.88975939e-01 -2.10200199e-05 -6.54490525e-06 -4.64116216e-08 
 3.68039834e-05  8.89245670e-01  8.88835107e-01  8.88972213e-01 -1.88358271e-05 -6.47104917e-06 -4.32554968e-08 
 3.68040378e-05  8.89238743e-01  8.88863154e-01  8.88968610e-01 -1.68040979e-05 -6.36883863e-06 -3.95082192e-08 
 3.68040931e-05  8.89240346e-01  8.88883652e-01  8.88965553e-01 -1.52185903e-05 -6.25356748e-06 -3.57381077e-08 
 3.68041599e-05  8.89249573e-01  8.88899308e-01  8.88962427e-01 -1.38372792e-05 -6.10664168e-06 -3.13560767e-08 
 3.68042327e-05  8.89265342e-01  8.88907587e-01  8.88959461e-01 -1.28237631e-05 -5.94296328e-06 -2.68430669e-08 
 3.68043237e-05  8.89289577e-01  8.88909087e-01  8.88956042e-01 -1.20468738e-05 -5.73839137e-06 -2.15620383e-08 
 3.68044302e-05  8.89321430e-01  8.88903041e-01  8.88952106e-01 -1.15512530e-05 -5.50418197e-06 -1.58353806e-08 
 3.68045723e-05  8.89367280e-01  8.88888102e-01  8.88946524e-01 -1.12489664e-05 -5.20352291e-06 -8.78649255e-09 
 3.68047570e-05  8.89432852e-01  8.88863403e-01  8.88938315e-01 -1.11036787e-05 -4.83530395e-06 -4.30820795e-10 
 3.68050000e-05  8.89536323e-01  8.88827383e-01  8.88925581e-01 -1.10494669e-05 -4.38863722e-06  9.41705543e-09 
 3.68050051e-05  8.89533118e-01  8.88820820e-01  8.88925279e-01 -1.22218864e-05 -4.38051334e-06  9.31351768e-09 
 3.68050152e-05  8.89530815e-01  8.88808982e-01  8.88924654e-01 -1.27620442e-05 -4.36424427e-06  9.14255735e-09 
 3.68050354e-05  8.89536443e-01  8.88789827e-01  8.88923286e-01 -1.30685188e-05 -4.33153202e-06  8.91600722e-09 
 3.68050702e-05  8.89547431e-01  8.88762171e-01  8.88920639e-01 -1.36918834e-05 -4.27513076e-06  8.62280881e-09 
 3.68051161e-05  8.89562435e-01  8.88732271e-01  8.88916674e-01 -1.41463636e-05 -4.20077376e-06  8.34740397e-09 
 3.68052079e-05  8.89593970e-01  8.88691419e-01  8.88907682e-01 -1.47612666e-05 -4.05426332e-06  8.01172326e-09 
 3.68053720e-05  8.89650780e-01  8.88654447e-01  8.88889943e-01 -1.50695168e-05 -3.80322495e-06  7.67088395e-09 
 3.68055768e-05  8.89721393e-01  8.88635496e-01  8.88867161e-01 -1.51681982e-05 -3.51072251e-06  7.33884098e-09 
 3.68058937e-05  8.89828367e-01  8.88619473e-01  8.88833291e-01 -1.51324792e-05 -3.10151793e-06  6.78151367e-09 
 3.68062911e-05  8.89959456e-01  8.88604813e-01  8.88794190e-01 -1.51641356e-05 -2.65485584e-06  6.03883184e-09 
 3.68070579e-05  8.90202148e-01  8.88583692e-01  8.88729195e-01 -1.51292475e-05 -1.96320860e-06  4.59006803e-09 
 3.68085917e-05  8.90650770e-01  8.88567419e-01  8.88636201e-01 -1.51600906e-05 -1.05818766e-06  2.03029146e-09 
 3.68116593e-05  8.91417254e-01  8.88614996e-01  8.88568197e-01 -1.51246366e-05 -2.65279862e-07 -1.12000751e-09 
 3.68176821e-05  8.92526882e-01  8.88906729e-01  8.88730184e-01 -1.51563382e-05  2.17672852e-08 -2.31059789e-09 
 3.68245014e-05  8.93327225e-01  8.89409958e-01  8.89172959e-01 -1.51237209e-05 -2.53097741e-09 -1.21382984e-09 
 3.68330119e-05  8.93913635e-01  8.90125595e-01  8.89866299e-01 -1.51569847e-05  1.37977109e-09 -3.87801157e-10 
 3.68431319e-05  8.94275751e-01  8.90964750e-01  8.90715468e-01 -1.51247683e-05  3.38275843e-10  1.50183037e-11 
 3.68595333e-05  8.94517933e-01  8.92067514e-01  8.91874372e-01 -1.51589023e-05  5.67948745e-10  2.16663331e-10 
 3.68808618e-05  8.94595930e-01  8.92880644e-01  8.92773720e-01 -1.51283481e-05  1.05479263e-10  1.33395749e-10 
 3.69055185e-05  8.94608827e-01  8.93161073e-01  8.93110423e-01 -1.51634178e-05  7.33566821e-11  2.24819824e-11 
 3.69365818e-05  8.94609577e-01  8.93209165e-01  8.93162171e-01 -1.51322408e-05 -3.95622901e-11 -4.99297511e-12 
 3.69739794e-05  8.94609544e-01  8.93395505e-01  8.93330649e-01 -1.51651193e-05  8.34734595e-11  3.49695819e-11 
 3.70164697e-05  8.94609664e-01  8.93719876e-01  8.93656982e-01 -1.51320810e-05  2.56035340e-11  3.51751301e-11 
 3.70774312e-05  8.94610033e-01  8.94015747e-01  8.93964073e-01 -1.51648516e-05  3.93480556e-11  1.47917877e-11 
 3.71774312e-05  8.94610044e-01  8.94285133e-01  8.94233906e-01 -1.51322699e-05 -2.46092036e-12  1.07900766e-11 
 3.72774312e-05  8.94610287e-01  8.94484766e-01  8.94436433e-01 -1.51648872e-05  2.74029378e-11  9.48499157e-12 
 3.73774312e-05  8.94610231e-01  8.94577574e-01  8.94531695e-01 -1.51322628e-05 -1.38012269e-11  1.37975167e-12 
 3.74774312e-05  8.94610356e-01  8.94638042e-01  8.94591476e-01 -1.51649347e-05  1.95371581e-11  5.66065397e-12 
 3.75774312e-05  8.94610272e-01  8.94677232e-01  8.94632296e-01 -1.51322477e-05 -1.34846047e-11  2.92842356e-13 
 3.76774312e-05  8.94610372e-01  8.94692758e-01  8.94647471e-01 -1.51649474e-05  1.35361561e-11  2.94460463e-12 
 3.77774312e-05  8.94610263e-01  8.94708031e-01  8.94663072e-01 -1.51322531e-05 -1.12139367e-11  5.15647800e-13 
 3.78774312e-05  8.94610365e-01  8.94713475e-01  8.94668686e-01 -1.51649408e-05  1.02690098e-11  2.01640912e-12 
 3.79774312e-05  8.94610244e-01  8.94717534e-01  8.94672657e-01 -1.51322630e-05 -9.74360848e-12  3.30650221e-13 
 3.80774312e-05  8.94610345e-01  8.94720555e-01  8.94675808e-01 -1.51649340e-05  8.64480037e-12  1.98409111e-12 
 3.81774312e-05  8.94610223e-01  8.94721128e-01  8.94676379e-01 -1.51322685e-05 -8.71864191e-12  8.30067894e-14 
 3.82774312e-05  8.94610321e-01  8.94722497e-01  8.94677711e-01 -1.51649306e-05  7.49597216e-12  2.03892128e-12 
 3.83774312e-05  8.94610200e-01  8.94722652e-01  8.94677958e-01 -1.51322713e-05 -7.72423531e-12  1.83958751e-14 
 3.84774312e-05  8.94610297e-01  8.94722996e-01  8.94678210e-01 -1.51649281e-05  6.46064257e-12  1.99941929e-12 
 3.85774312e-05  8.94610176e-01  8.94723166e-01  8.94678471e-01 -1.51322742e-05 -6.78576032e-12  5.70701255e-14 
 3.86774312e-05  8.94610273e-01  8.94723204e-01  8.94678433e-01 -1.51649250e-05  5.57507924e-12  1.94103891e-12 
 3.87387156e-05  8.94610156e-01  8.94723233e-01  8.94678529e-01 -1.51322787e-05 -5.78845088e-12  1.05100932e-13 
 3.88000000e-05  8.94610258e-01  8.94723307e-01  8.94678542e-01 -1.51649193e-05  4.50509074e-12  1.89987739e-12 
 3.88000594e-05  8.94591201e-01  8.94681819e-01  8.94677581e-01 -1.74005082e-05 -5.93562854e-09 -2.80496387e-09 
 3.88001781e-05  8.94572507e-01  8.94627607e-01  8.94674446e-01 -1.87408719e-05 -1.45181130e-08 -7.81649737e-09 
 3.88003774e-05  8.94550244e-01  8.94606768e-01  8.94666625e-01 -1.92529134e-05 -2.21396792e-08 -1.49693685e-08 
 3.88005869e-05  8.94525428e-01  8.94621491e-01  8.94658805e-01 -1.94146465e-05 -2.85025916e-08 -2.17603983e-08 
 3.88008365e-05  8.94499817e-01  8.94649702e-01  8.94652344e-01 -1.95826566e-05 -3.49476566e-08 -2.91185562e-08 
 3.88012377e-05  8.94462007e-01  8.94701822e-01  8.94649178e-01 -2.11406485e-05 -3.83311721e-08 -3.94025109e-08 
 3.88014729e-05  8.94448362e-01  8.94737746e-01  8.94651503e-01 -2.38577404e-05 -2.97623421e-08 -4.44298540e-08 
 3.88016512e-05  8.94443040e-01  8.94767623e-01  8.94655389e-01 -2.76130068e-05 -1.10990631e-08 -4.76409507e-08 
 3.88018283e-05  8.94446182e-01  8.94801372e-01  8.94661162e-01 -3.28972868e-05  2.36676473e-08 -5.02016357e-08 
 3.88019934e-05  8.94454012e-01  8.94835719e-01  8.94668366e-01 -3.93779510e-05  7.68054200e-08 -5.19359393e-08 
 3.88021333e-05  8.94465849e-01  8.94868494e-01  8.94675930e-01 -4.58259333e-05  1.44092297e-07 -5.27629874e-08 
 3.88022492e-05  8.94476668e-01  8.94898245e-01  8.94683307e-01 -5.18197626e-05  2.22027521e-07 -5.28794585e-08 
 3.88023479e-05  8.94487067e-01  8.94926626e-01  8.94690440e-01 -5.71656767e-05  3.10605341e-07 -5.24213178e-08 
 3.88024350e-05  8.94494863e-01  8.94954404e-01  8.94697471e-01 -6.20390640e-05  4.12373749e-07 -5.14597003e-08 
 3.88025154e-05  8.94501007e-01  8.94983416e-01  8.94704651e-01 -6.64635622e-05  5.32890527e-07 -4.99478439e-08 
 3.88025969e-05  8.94505229e-01  8.95016628e-01  8.94712694e-01 -7.08312798e-05  6.88477339e-07 -4.76479294e-08 
 3.88026883e-05  8.94511569e-01  8.95058382e-01  8.94722745e-01 -7.54706292e-05  9.08829460e-07 -4.40262288e-08 
 3.88027897e-05  8.94523029e-01  8.95107931e-01  8.94735297e-01 -8.04397425e-05  1.21043439e-06 -3.87809494e-08 
 3.88028791e-05  8.94535664e-01  8.95152212e-01  8.94747595e-01 -8.46219468e-05  1.52265108e-06 -3.32348925e-08 
 3.88029747e-05  8.94547981e-01  8.95198589e-01  8.94761959e-01 -8.89203335e-05  1.89952045e-06 -2.65201559e-08 
 3.88030866e-05  8.94558589e-01  8.95250503e-01  8.94780256e-01 -9.36584109e-05  2.39064062e-06 -1.78104212e-08 
 3.88032143e-05  8.94569194e-01  8.95304796e-01  8.94802803e-01 -9.88102324e-05  3.00265710e-06 -7.06180172e-09 
 3.88033314e-05  8.94580760e-01  8.95348681e-01  8.94824742e-01 -1.03071448e-04  3.59786836e-06  3.26113939e-09 
 3.88034608e-05  8.94595177e-01  8.95389659e-01  8.94849940e-01 -1.06608885e-04  4.27463842e-06  1.48181268e-08 
 3.88035630e-05  8.94607658e-01  8.95414760e-01  8.94870282e-01 -1.07224864e-04  4.80803305e-06  2.37340967e-08 
 3.88036297e-05  8.94615112e-01  8.95425200e-01  8.94883571e-01 -1.04709521e-04  5.14125139e-06  2.91204264e-08 
 3.88036844e-05  8.94620466e-01  8.95427388e-01  8.94894362e-01 -9.99207840e-05  5.39338492e-06  3.29785667e-08 
 3.88037452e-05  8.94624814e-01  8.95420573e-01  8.94906002e-01 -9.21751160e-05  5.63712750e-06  3.63496078e-08 
 3.88038159e-05  8.94627950e-01  8.95400407e-01  8.94918819e-01 -8.12423290e-05  5.86186873e-06  3.88579572e-08 
 3.88038958e-05  8.94628864e-01  8.95365413e-01  8.94932020e-01 -6.82351848e-05  6.03395481e-06  3.98431059e-08 
 3.88040019e-05  8.94626547e-01  8.95309687e-01  8.94947004e-01 -5.26313575e-05  6.13512101e-06  3.85330147e-08 
 3.88040877e-05  8.94622290e-01  8.95264868e-01  8.94956984e-01 -4.27254034e-05  6.12664677e-06  3.57975122e-08 
 3.88041686e-05  8.94616971e-01  8.95228533e-01  8.94964781e-01 -3.57587871e-05  6.06319261e-06  3.23565367e-08 
 3.88042681e-05  8.94609190e-01  8.95194664e-01  8.94972663e-01 -2.98208716e-05  5.93433341e-06  2.75007080e-08 
 3.88043582e-05  8.94601389e-01  8.95174471e-01  8.94978587e-01 -2.63859048e-05  5.78557033e-06  2.28313565e-08 
 3.88044645e-05  8.94591627e-01  8.95161912e-01  8.94984617e-01 -2.39039335e-05  5.58921761e-06  1.73067375e-08 
 3.88045704e-05  8.94581559e-01  8.95158861e-01  8.94990050e-01 -2.25107218e-05  5.38298647e-06  1.19373152e-08 
 3.88047017e-05  8.94568810e-01  8.95164111e-01  8.94996535e-01 -2.16108338e-05  5.12467307e-06  5.57771221e-09 
 3.88048437e-05  8.94554878e-01  8.95176953e-01  8.95003672e-01 -2.11762209e-05  4.85075334e-06 -8.86775499e-10 
 3.88050000e-05  8.94539469e-01  8.95195967e-01  8.95012041e-01 -2.09859820e-05  4.56128351e-06 -7.52332784e-09 
 3.88050026e-05  8.94542349e-01  8.95199459e-01  8.95012188e-01 -1.99450722e-05  4.55700823e-06 -7.47394484e-09 
 3.88050078e-05  8.94546430e-01  8.95206013e-01  8.95012489e-01 -1.94022415e-05  4.54849548e-06 -7.38659439e-09 
 3.88050181e-05  8.94548730e-01  8.95217227e-01  8.95013126e-01 -1.90003688e-05  4.53151894e-06 -7.26399426e-09 
 3.88050314e-05  8.94548840e-01  8.95229475e-01  8.95014003e-01 -1.86207884e-05  4.50966081e-06 -7.15113665e-09 
 3.88050579e-05  8.94549079e-01  8.95251319e-01  8.95015921e-01 -1.79113453e-05  4.46587327e-06 -6.96882249e-09 
 3.88051110e-05  8.94549215e-01  8.95287064e-01  8.95020302e-01 -1.69423656e-05  4.37833708e-06 -6.74046878e-09 
 3.88052065e-05  8.94549428e-01  8.95330067e-01  8.95029434e-01 -1.59225950e-05  4.22236957e-06 -6.58889536e-09 
 3.88053976e-05  8.94549638e-01  8.95371155e-01  8.95049787e-01 -1.52721264e-05  3.92209790e-06 -6.64277245e-09 
 3.88056328e-05  8.94549982e-01  8.95390730e-01  8.95075519e-01 -1.51487352e-05  3.57859670e-06 -6.79320590e-09 
 3.88059481e-05  8.94550307e-01  8.95407724e-01  8.95108611e-01 -1.51626116e-05  3.16370306e-06 -6.85464321e-09 
 3.88063694e-05  8.94550813e-01  8.95426747e-01  8.95149627e-01 -1.51361158e-05  2.68264934e-06 -6.74947037e-09 
 3.88071696e-05  8.94551555e-01  8.95455411e-01  8.95217691e-01 -1.51592643e-05  1.95757322e-06 -6.21380852e-09 
 3.88087699e-05  8.94552872e-01  8.95486761e-01  8.95318860e-01 -1.51328087e-05  1.02539918e-06 -4.63436016e-09 
 3.88119705e-05  8.94554472e-01  8.95471571e-01  8.95409046e-01 -1.51552123e-05  2.36659887e-07 -1.89310459e-09 
 3.88179349e-05  8.94555697e-01  8.95289816e-01  8.95329494e-01 -1.51290815e-05 -1.81124451e-08 -1.87908676e-11 
 3.88249854e-05  8.94555587e-01  8.94992002e-01  8.95056444e-01 -1.51529833e-05  2.57988134e-09 -1.29044548e-10 
 3.88333878e-05  8.94555006e-01  8.94686409e-01  8.94727952e-01 -1.51288187e-05 -9.47386873e-10 -2.04181489e-10 
 3.88429654e-05  8.94554246e-01  8.94473711e-01  8.94474844e-01 -1.51538717e-05  6.45149338e-11 -1.21482934e-10 
 3.88569396e-05  8.94553647e-01  8.94391562e-01  8.94346802e-01 -1.51296809e-05 -1.08554968e-10 -2.83290925e-11 
 3.88778964e-05  8.94553425e-01  8.94525604e-01  8.94455089e-01 -1.51536409e-05  1.29817295e-10  4.69824575e-11 
 3.89155320e-05  8.94553915e-01  8.94773528e-01  8.94719462e-01 -1.51285345e-05 -1.49253264e-11  2.69686714e-11 
 3.89537714e-05  8.94554073e-01  8.94763681e-01  8.94727256e-01 -1.51532882e-05  1.06073798e-11 -1.30592026e-11 
 3.89768857e-05  8.94554020e-01  8.94703746e-01  8.94664317e-01 -1.51290412e-05 -3.77324652e-11 -1.14697210e-11 
 3.90000000e-05  8.94553897e-01  8.94680604e-01  8.94636570e-01 -1.51535043e-05  1.06040200e-11 -1.74021068e-12 
 3.90000105e-05  8.94558001e-01  8.94697739e-01  8.94636639e-01 -1.01583100e-05  2.47732298e-09  5.36907130e-10 
 3.90000315e-05  8.94561227e-01  8.94725042e-01  8.94636890e-01 -9.64117345e-06  7.49283573e-09  1.55528778e-09 
 3.90000663e-05  8.94561016e-01  8.94756004e-01  8.94637704e-01 -9.42936093e-06  1.56415547e-08  3.12200281e-09 
 3.90001029e-05  8.94562359e-01  8.94782789e-01  8.94638967e-01 -9.07450584e-06  2.38772184e-08  4.71220101e-09 
 3.90001760e-05  8.94563597e-01  8.94821626e-01  8.94642383e-01 -8.81199130e-06  3.97601969e-08  7.72964983e-09 
 3.90003222e-05  8.94566975e-01  8.94862633e-01  8.94651193e-01 -8.48020810e-06  6.95686853e-08  1.33433688e-08 
 3.90005610e-05  8.94571838e-01  8.94883480e-01  8.94667340e-01 -8.45362528e-06  1.14228530e-07  2.16788302e-08 
 3.90009355e-05  8.94580014e-01  8.94888270e-01  8.94691561e-01 -8.40447638e-06  1.76194707e-07  3.32195947e-08 
 3.90014505e-05  8.94591997e-01  8.94886775e-01  8.94719804e-01 -8.69234182e-06  2.47772386e-07  4.65019009e-08 
 3.90015609e-05  8.94595956e-01  8.94885797e-01  8.94725063e-01 -8.82079071e-06  2.61143606e-07  4.89754385e-08 
 3.90017816e-05  8.94608708e-01  8.94881994e-01  8.94734713e-01 -9.99706140e-06  2.85330501e-07  5.33809186e-08 
 3.90019304e-05  8.94625158e-01  8.94877362e-01  8.94740506e-01 -1.17150025e-05  2.99077771e-07  5.58015102e-08 
 3.90020551e-05  8.94646380e-01  8.94871290e-01  8.94744839e-01 -1.42159039e-05  3.08249026e-07  5.72871274e-08 
 3.90021800e-05  8.94675969e-01  8.94862535e-01  8.94748610e-01 -1.77543564e-05  3.14507500e-07  5.80831165e-08 
 3.90023087e-05  8.94714947e-01  8.94850349e-01  8.94751775e-01 -2.24432477e-05  3.17084847e-07  5.79597126e-08 
 3.90024348e-05  8.94760183e-01  8.94834609e-01  8.94754038e-01 -2.74577371e-05  3.14870515e-07  5.66639152e-08 
 3.90025515e-05  8.94806065e-01  8.94815907e-01  8.94755245e-01 -3.16955182e-05  3.07702997e-07  5.41653900e-08 
 3.90026566e-05  8.94848762e-01  8.94794295e-01  8.94755456e-01 -3.42393134e-05  2.95992455e-07  5.05570222e-08 
 3.90027647e-05  8.94892209e-01  8.94766772e-01  8.94754624e-01 -3.54187784e-05  2.77880523e-07  4.52596044e-08 
 3.90028786e-05  8.94936158e-01  8.94733878e-01  8.94752440e-01 -3.64260221e-05  2.51971782e-07  3.79212601e-08 
 3.90030341e-05  8.94991472e-01  8.94690361e-01  8.94747308e-01 -3.82880324e-05  2.06564196e-07  2.54664000e-08 
 3.90031541e-05  8.95029065e-01  8.94661497e-01  8.94741868e-01 -3.98814825e-05  1.64465968e-07  1.43052324e-08 
 3.90032750e-05  8.95061121e-01  8.94638457e-01  8.94735415e-01 -4.14935413e-05  1.15619433e-07  2.03770033e-09 
 3.90033693e-05  8.95079539e-01  8.94625736e-01  8.94729934e-01 -4.24601352e-05  6.89907561e-08 -8.01438228e-09 
 3.90034290e-05  8.95085188e-01  8.94621019e-01  8.94726362e-01 -4.27074608e-05  2.86777927e-08 -1.44737185e-08 
 3.90034742e-05  8.95083826e-01  8.94619983e-01  8.94723665e-01 -4.25649609e-05 -1.35938210e-08 -1.93109566e-08 
 3.90035106e-05  8.95076384e-01  8.94621387e-01  8.94721527e-01 -4.21893741e-05 -5.76919822e-08 -2.31007650e-08 
 3.90035394e-05  8.95063118e-01  8.94624436e-01  8.94719888e-01 -4.16807866e-05 -9.86298299e-08 -2.59429555e-08 
 3.90035646e-05  8.95042699e-01  8.94629183e-01  8.94718505e-01 -4.09830878e-05 -1.37547435e-07 -2.82437961e-08 
 3.90035902e-05  8.95012228e-01  8.94636856e-01  8.94717179e-01 -3.99998776e-05 -1.77882305e-07 -3.02854819e-08 
 3.90036228e-05  8.94962806e-01  8.94651985e-01  8.94715656e-01 -3.83159409e-05 -2.27264229e-07 -3.22984954e-08 
 3.90036543e-05  8.94909554e-01  8.94672567e-01  8.94714428e-01 -3.63397646e-05 -2.70195007e-07 -3.35227189e-08 
 3.90036996e-05  8.94833343e-01  8.94710636e-01  8.94713215e-01 -3.30563192e-05 -3.20839308e-07 -3.40439919e-08 
 3.90037372e-05  8.94776153e-01  8.94747354e-01  8.94712782e-01 -3.01852228e-05 -3.52478853e-07 -3.34842448e-08 
 3.90037700e-05  8.94733409e-01  8.94780868e-01  8.94712868e-01 -2.76797402e-05 -3.72996811e-07 -3.24136726e-08 
 3.90038053e-05  8.94695007e-01  8.94816608e-01  8.94713445e-01 -2.51373637e-05 -3.89015415e-07 -3.08173541e-08 
 3.90038473e-05  8.94659227e-01  8.94856769e-01  8.94714754e-01 -2.23648154e-05 -4.01544143e-07 -2.85162593e-08 
 3.90038866e-05  8.94634205e-01  8.94890692e-01  8.94716535e-01 -2.01133670e-05 -4.08355115e-07 -2.61378931e-08 
 3.90039311e-05  8.94613739e-01  8.94924129e-01  8.94719115e-01 -1.79419396e-05 -4.12055552e-07 -2.33379309e-08 
 3.90039756e-05  8.94599544e-01  8.94952157e-01  8.94722189e-01 -1.61816528e-05 -4.12779015e-07 -2.05371414e-08 
 3.90040281e-05  8.94588567e-01  8.94978841e-01  8.94726318e-01 -1.45425803e-05 -4.11145052e-07 -1.73195214e-08 
 3.90040837e-05  8.94581498e-01  8.95000607e-01  8.94731125e-01 -1.32594134e-05 -4.07522240e-07 -1.40726737e-08 
 3.90041511e-05  8.94576883e-01  8.95020042e-01  8.94737361e-01 -1.21576201e-05 -4.01565036e-07 -1.03682287e-08 
 3.90042263e-05  8.94574672e-01  8.95035176e-01  8.94744637e-01 -1.13657653e-05 -3.93707194e-07 -6.51614001e-09 
 3.90043215e-05  8.94574251e-01  8.95047945e-01  8.94754066e-01 -1.07676583e-05 -3.82768946e-07 -1.98991173e-09 
 3.90044357e-05  8.94575368e-01  8.95057780e-01  8.94765406e-01 -1.04056372e-05 -3.69036823e-07  3.03069638e-09 
 3.90045913e-05  8.94578160e-01  8.95066544e-01  8.94780620e-01 -1.01889169e-05 -3.50860543e-07  9.35654782e-09 
 3.90047986e-05  8.94582903e-01  8.95074710e-01  8.94800147e-01 -1.00981311e-05 -3.32526846e-07  1.70844025e-08 
 3.90050000e-05  8.94588322e-01  8.95080950e-01  8.94818187e-01 -1.00647611e-05 -3.28823672e-07  2.39713573e-08 
 3.90050023e-05  8.94586510e-01  8.95076262e-01  8.94818387e-01 -1.46825940e-05 -3.29449747e-07  2.39200836e-08 
 3.90050070e-05  8.94583612e-01  8.95067750e-01  8.94818778e-01 -1.49861169e-05 -3.30823100e-07  2.38230078e-08 
 3.90050164e-05  8.94581252e-01  8.95054324e-01  8.94819518e-01 -1.50794573e-05 -3.33940856e-07  2.36620645e-08 
 3.90050352e-05  8.94580164e-01  8.95034122e-01  8.94820863e-01 -1.50848796e-05 -3.40213521e-07  2.33969397e-08 
 3.90050671e-05  8.94578809e-01  8.95006863e-01  8.94822828e-01 -1.51557108e-05 -3.50439320e-07  2.29936716e-08 
 3.90051309e-05  8.94577484e-01  8.94965576e-01  8.94825820e-01 -1.51552226e-05 -3.69869159e-07  2.22977585e-08 
 3.90052554e-05  8.94576585e-01  8.94919622e-01  8.94829318e-01 -1.51894949e-05 -4.05031071e-07  2.11526502e-08 
 3.90053812e-05  8.94576546e-01  8.94900507e-01  8.94831087e-01 -1.51490908e-05 -4.38061557e-07  2.01366381e-08 
 3.90055950e-05  8.94576409e-01  8.94890345e-01  8.94832694e-01 -1.51735657e-05 -4.89523861e-07  1.85639418e-08 
 3.90059069e-05  8.94576394e-01  8.94890067e-01  8.94834194e-01 -1.51411072e-05 -5.55412567e-07  1.65313099e-08 
 3.90065307e-05  8.94576206e-01  8.94894863e-01  8.94837195e-01 -1.51707494e-05 -6.60002007e-07  1.31839140e-08 
 3.90077782e-05  8.94576112e-01  8.94904764e-01  8.94844334e-01 -1.51383740e-05 -7.90091865e-07  8.58763748e-09 
 3.90102732e-05  8.94575962e-01  8.94924848e-01  8.94861464e-01 -1.51668140e-05 -8.75190885e-07  4.12514184e-09 
 3.90152633e-05  8.94576227e-01  8.94958260e-01  8.94896775e-01 -1.51340238e-05 -8.11589379e-07  1.90176713e-09 
 3.90252434e-05  8.94576806e-01  8.94977114e-01  8.94931641e-01 -1.51633074e-05 -5.94725924e-07  1.47533746e-09 
 3.90389248e-05  8.94577454e-01  8.94911088e-01  8.94884353e-01 -1.51325001e-05 -3.91992894e-07  9.09448905e-10 
 3.90588939e-05  8.94577638e-01  8.94754301e-01  8.94730162e-01 -1.51635382e-05 -2.10056659e-07  4.70924405e-10 
 3.90952452e-05  8.94577634e-01  8.94612444e-01  8.94569250e-01 -1.51333530e-05 -6.20207586e-08  1.35756285e-10 
 3.91366621e-05  8.94577621e-01  8.94658310e-01  8.94607435e-01 -1.51638541e-05 -1.42523723e-08  5.23262891e-11 
 3.91937504e-05  8.94577844e-01  8.94705365e-01  8.94661998e-01 -1.51332039e-05 -1.27537689e-09 -9.41668347e-13 
 3.92937504e-05  8.94577733e-01  8.94672616e-01  8.94628208e-01 -1.51639909e-05  3.60599051e-10  1.58434263e-12 
 3.93937504e-05  8.94577788e-01  8.94691083e-01  8.94645178e-01 -1.51332600e-05 -1.73976905e-10  1.45104865e-12 
 3.94937504e-05  8.94577748e-01  8.94691445e-01  8.94647756e-01 -1.51639310e-05  1.26283998e-10  1.11527850e-12 
 3.95937504e-05  8.94577777e-01  8.94685668e-01  8.94640267e-01 -1.51333023e-05 -1.13370992e-10  7.62726471e-14 
 3.96937504e-05  8.94577728e-01  8.94693779e-01  8.94649265e-01 -1.51639120e-05  9.99005806e-11  2.72561184e-12 
 3.97937504e-05  8.94577776e-01  8.94688550e-01  8.94643869e-01 -1.51333041e-05 -9.43486387e-11 -1.02815065e-12 
 3.98937504e-05  8.94577708e-01  8.94691194e-01  8.94646290e-01 -1.51639189e-05  8.30401288e-11  3.03470226e-12 
 3.99937504e-05  8.94577768e-01  8.94691054e-01  8.94646484e-01 -1.51332958e-05 -7.90200863e-11 -7.62868013e-13 
 4.00937504e-05  8.94577696e-01  8.94690189e-01  8.94645352e-01 -1.51639249e-05  6.91729107e-11  2.47520271e-12 
 4.01937504e-05  8.94577754e-01  8.94691320e-01  8.94646630e-01 -1.51332932e-05 -6.65882024e-11 -1.76501446e-13 
 4.02937504e-05  8.94577685e-01  8.94690536e-01  8.94645803e-01 -1.51639249e-05  5.80066444e-11  1.99140482e-12 
 4.03937504e-05  8.94577741e-01  8.94690900e-01  8.94646151e-01 -1.51332944e-05 -5.65124655e-11  1.65519833e-13 
 4.04937504e-05  8.94577674e-01  8.94690878e-01  8.94646162e-01 -1.51639234e-05  4.88463120e-11  1.76137485e-12 
 4.05937504e-05  8.94577729e-01  8.94690726e-01  8.94645986e-01 -1.51332956e-05 -4.81452768e-11  3.28353935e-13 
 4.06937504e-05  8.94577662e-01  8.94690904e-01  8.94646170e-01 -1.51639228e-05  4.11821983e-11  1.62526118e-12 
 4.07937504e-05  8.94577717e-01  8.94690761e-01  8.94646037e-01 -1.51332959e-05 -4.11268920e-11  4.59818652e-13 
 4.08937504e-05  8.94577649e-01  8.94690830e-01  8.94646087e-01 -1.51639227e-05  3.47625492e-11  1.49094756e-12 
 4.09468752e-05  8.94577708e-01  8.94690812e-01  8.94646090e-01 -1.51332959e-05 -3.30553039e-11  6.50089412e-13 
 4.10000000e-05  8.94577643e-01  8.94690800e-01  8.94646060e-01 -1.51639224e-05  2.54445482e-11  1.26306051e-12 
 4.10000346e-05  8.94569963e-01  8.94648774e-01  8.94645487e-01 -2.01224943e-05 -9.90802450e-09 -1.64272977e-09 
 4.10001037e-05  8.94564567e-01  8.94588787e-01  8.94643539e-01 -2.02989533e-05 -2.95943089e-08 -4.70913089e-09 
 4.10002419e-05  8.94561498e-01  8.94527425e-01  8.94636536e-01 -2.02565930e-05 -6.53030794e-08 -1.02523255e-08 
 4.10004109e-05  8.94556930e-01  8.94496321e-01  8.94625460e-01 -2.03514087e-05 -1.04406217e-07 -1.64872554e-08 
 4.10005659e-05  8.94554607e-01  8.94488870e-01  8.94614782e-01 -2.03357354e-05 -1.37038068e-07 -2.17934454e-08 
 4.10008758e-05  8.94548065e-01  8.94482134e-01  8.94594468e-01 -2.06837386e-05 -1.93447534e-07 -3.14556350e-08 
 4.10011103e-05  8.94545739e-01  8.94483190e-01  8.94580441e-01 -2.13029013e-05 -2.29153372e-07 -3.79319366e-08 
 4.10013051e-05  8.94544888e-01  8.94483759e-01  8.94569818e-01 -2.27039289e-05 -2.54214435e-07 -4.27779481e-08 
 4.10014740e-05  8.94548353e-01  8.94487142e-01  8.94561381e-01 -2.48439673e-05 -2.72297110e-07 -4.65293979e-08 
 4.10016403e-05  8.94554574e-01  8.94491020e-01  8.94553845e-01 -2.83052779e-05 -2.85868944e-07 -4.97788794e-08 
 4.10018060e-05  8.94565976e-01  8.94497869e-01  8.94547167e-01 -3.30810309e-05 -2.94357026e-07 -5.24926936e-08 
 4.10019579e-05  8.94578944e-01  8.94505516e-01  8.94541845e-01 -3.87985778e-05 -2.96394281e-07 -5.44624559e-08 
 4.10020877e-05  8.94592216e-01  8.94514508e-01  8.94537971e-01 -4.45054513e-05 -2.92584091e-07 -5.56520287e-08 
 4.10021967e-05  8.94602705e-01  8.94523438e-01  8.94535253e-01 -4.98972512e-05 -2.84057651e-07 -5.62181390e-08 
 4.10022899e-05  8.94610833e-01  8.94533065e-01  8.94533360e-01 -5.47580299e-05 -2.71755637e-07 -5.62896454e-08 
 4.10023718e-05  8.94615368e-01  8.94543100e-01  8.94532070e-01 -5.92146456e-05 -2.55843505e-07 -5.59510073e-08 
 4.10024457e-05  8.94616670e-01  8.94554162e-01  8.94531249e-01 -6.32160203e-05 -2.36271267e-07 -5.52222023e-08 
 4.10025149e-05  8.94613893e-01  8.94566566e-01  8.94530823e-01 -6.69143812e-05 -2.12237740e-07 -5.40778430e-08 
 4.10025856e-05  8.94607184e-01  8.94581824e-01  8.94530785e-01 -7.05004358e-05 -1.80956685e-07 -5.23369914e-08 
 4.10026627e-05  8.94597379e-01  8.94601257e-01  8.94531272e-01 -7.42268783e-05 -1.38800534e-07 -4.97077233e-08 
 4.10027495e-05  8.94586923e-01  8.94625299e-01  8.94532545e-01 -7.81955946e-05 -8.34064622e-08 -4.58675433e-08 
 4.10028432e-05  8.94577583e-01  8.94651661e-01  8.94534796e-01 -8.22789131e-05 -2.01025719e-08 -4.08340585e-08 
 4.10029351e-05  8.94570421e-01  8.94676520e-01  8.94537850e-01 -8.60256518e-05  3.69812573e-08 -3.51550449e-08 
 4.10030432e-05  8.94564694e-01  8.94703162e-01  8.94542390e-01 -9.01476359e-05  8.77123517e-08 -2.77507398e-08 
 4.10031542e-05  8.94562665e-01  8.94726214e-01  8.94547927e-01 -9.41319015e-05  1.21693766e-07 -1.95562162e-08 
 4.10032626e-05  8.94564012e-01  8.94743444e-01  8.94553962e-01 -9.77591588e-05  1.46147590e-07 -1.11791728e-08 
 4.10033872e-05  8.94567833e-01  8.94756166e-01  8.94561312e-01 -1.01056078e-04  1.71735487e-07 -1.35603850e-09 
 4.10034901e-05  8.94572096e-01  8.94760053e-01  8.94567446e-01 -1.02196018e-04  1.92530409e-07  6.65593057e-09 
 4.10035600e-05  8.94574881e-01  8.94757678e-01  8.94571489e-01 -1.00541048e-04  2.05994286e-07  1.17838016e-08 
 4.10036142e-05  8.94576706e-01  8.94750891e-01  8.94574454e-01 -9.66096067e-05  2.15148670e-07  1.53224517e-08 
 4.10036697e-05  8.94577898e-01  8.94737097e-01  8.94577191e-01 -9.01452927e-05  2.22436671e-07  1.82554730e-08 
 4.10037406e-05  8.94578616e-01  8.94708223e-01  8.94580010e-01 -7.96273337e-05  2.27723883e-07  2.07368336e-08 
 4.10038095e-05  8.94578512e-01  8.94670062e-01  8.94581761e-01 -6.85298493e-05  2.28281129e-07  2.17229489e-08 
 4.10039065e-05  8.94577469e-01  8.94607345e-01  8.94582226e-01 -5.39398442e-05  2.21921884e-07  2.10085015e-08 
 4.10040082e-05  8.94575655e-01  8.94540572e-01  8.94580113e-01 -4.19185918e-05  2.08014266e-07  1.82658161e-08 
 4.10040891e-05  8.94573994e-01  8.94492986e-01  8.94576673e-01 -3.51446706e-05  1.93154950e-07  1.51685675e-08 
 4.10041706e-05  8.94572215e-01  8.94452902e-01  8.94571913e-01 -3.03930330e-05  1.76027636e-07  1.16418093e-08 
 4.10042624e-05  8.94570194e-01  8.94417437e-01  8.94565368e-01 -2.69015711e-05  1.55125390e-07  7.48470783e-09 
 4.10043563e-05  8.94568106e-01  8.94390592e-01  8.94557772e-01 -2.47481271e-05  1.32817690e-07  3.23842187e-09 
 4.10044632e-05  8.94565752e-01  8.94369071e-01  8.94548449e-01 -2.33616312e-05  1.06982235e-07 -1.44886632e-09 
 4.10045796e-05  8.94563186e-01  8.94353401e-01  8.94537894e-01 -2.25927419e-05  7.89367958e-08 -6.30667117e-09 
 4.10047199e-05  8.94560123e-01  8.94341243e-01  8.94525045e-01 -2.21721641e-05  4.58191701e-08 -1.18085720e-08 
 4.10048600e-05  8.94557068e-01  8.94333399e-01  8.94512379e-01 -2.20100841e-05  1.39133521e-08 -1.69413578e-08 
 4.10050000e-05  8.94554036e-01  8.94327858e-01  8.94500039e-01 -2.19471088e-05 -1.66466721e-08 -2.17565799e-08 
 4.10050016e-05  8.94555299e-01  8.94331232e-01  8.94499899e-01 -1.73644157e-05 -1.66335093e-08 -2.17213287e-08 
 4.10050049e-05  8.94557398e-01  8.94337505e-01  8.94499623e-01 -1.70459780e-05 -1.65819094e-08 -2.16530510e-08 
 4.10050115e-05  8.94559400e-01  8.94347963e-01  8.94499094e-01 -1.67545879e-05 -1.63947996e-08 -2.15336491e-08 
 4.10050204e-05  8.94559900e-01  8.94359221e-01  8.94498419e-01 -1.66660834e-05 -1.61233530e-08 -2.13996048e-08 
 4.10050343e-05  8.94560025e-01  8.94373784e-01  8.94497437e-01 -1.64589770e-05 -1.57430408e-08 -2.12082346e-08 
 4.10050622e-05  8.94560049e-01  8.94398216e-01  8.94495704e-01 -1.61983532e-05 -1.50814937e-08 -2.08568929e-08 
 4.10051180e-05  8.94560101e-01  8.94436128e-01  8.94492984e-01 -1.57684454e-05 -1.40589237e-08 -2.02394435e-08 
 4.10052296e-05  8.94560091e-01  8.94482173e-01  8.94489555e-01 -1.53786618e-05 -1.27142035e-08 -1.92095359e-08 
 4.10054527e-05  8.94560136e-01  8.94514632e-01  8.94486490e-01 -1.51343129e-05 -1.11746929e-08 -1.75214890e-08 
 4.10057438e-05  8.94560175e-01  8.94518427e-01  8.94484874e-01 -1.51490799e-05 -9.86043612e-09 -1.56288311e-08 
 4.10061486e-05  8.94560260e-01  8.94515877e-01  8.94483010e-01 -1.51257751e-05 -8.37651499e-09 -1.33240829e-08 
 4.10067641e-05  8.94560335e-01  8.94511582e-01  8.94479940e-01 -1.51489316e-05 -6.56913791e-09 -1.04436911e-08 
 4.10079952e-05  8.94560486e-01  8.94502644e-01  8.94473005e-01 -1.51273286e-05 -4.01275744e-09 -6.36851020e-09 
 4.10104573e-05  8.94560621e-01  8.94484449e-01  8.94457047e-01 -1.51510954e-05 -1.40702148e-09 -2.21155046e-09 
 4.10153816e-05  8.94560680e-01  8.94453580e-01  8.94424542e-01 -1.51298418e-05 -4.99650570e-11 -4.73905994e-11 
 4.10252303e-05  8.94560482e-01  8.94433899e-01  8.94390685e-01 -1.51528703e-05 -1.62214556e-12 -4.70402574e-12 
 4.10397958e-05  8.94560331e-01  8.94495418e-01  8.94434239e-01 -1.51301785e-05  3.76619001e-11  1.54012059e-11 
 4.10600600e-05  8.94560436e-01  8.94638008e-01  8.94575004e-01 -1.51522661e-05  5.52818047e-11  4.26362691e-11 
 4.10981151e-05  8.94560790e-01  8.94761093e-01  8.94716095e-01 -1.51296700e-05  2.55404205e-13  3.56591238e-12 
 4.11407631e-05  8.94560793e-01  8.94709345e-01  8.94670249e-01 -1.51524448e-05 -1.50286615e-11 -8.56614167e-12 
 4.12000000e-05  8.94560677e-01  8.94668489e-01  8.94622179e-01 -1.51300250e-05  2.14363228e-12  1.09359180e-12 
 4.12000315e-05  8.94571780e-01  8.94695103e-01  8.94622529e-01 -1.29618198e-05  4.38894194e-09  1.59467074e-09 
 4.12000944e-05  8.94580655e-01  8.94735551e-01  8.94623725e-01 -1.14063360e-05  1.19473478e-08  4.49767998e-09 
 4.12002204e-05  8.94591551e-01  8.94775379e-01  8.94628000e-01 -1.01441233e-05  2.17573837e-08  9.51798555e-09 
 4.12003381e-05  8.94604763e-01  8.94784285e-01  8.94632928e-01 -9.65650862e-06  2.75377846e-08  1.37403986e-08 
 4.12005736e-05  8.94626992e-01  8.94770622e-01  8.94641906e-01 -9.52983820e-06  3.60234918e-08  2.14476095e-08 
 4.12008426e-05  8.94654935e-01  8.94740476e-01  8.94648941e-01 -9.44574717e-06  4.37430932e-08  2.94049399e-08 
 4.12013048e-05  8.94700200e-01  8.94678253e-01  8.94651597e-01 -9.60420214e-06  5.48521129e-08  4.12435992e-08 
 4.12016045e-05  8.94734107e-01  8.94633916e-01  8.94647045e-01 -9.99377671e-06  5.64437782e-08  4.77277877e-08 
 4.12017486e-05  8.94752556e-01  8.94610124e-01  8.94643137e-01 -1.07195899e-05  5.08123236e-08  5.04259296e-08 
 4.12019112e-05  8.94781785e-01  8.94581388e-01  8.94637337e-01 -1.22990612e-05  2.90671106e-08  5.29551867e-08 
 4.12020506e-05  8.94813768e-01  8.94553134e-01  8.94631106e-01 -1.48796115e-05 -1.31205701e-08  5.44507289e-08 
 4.12021812e-05  8.94853445e-01  8.94523543e-01  8.94624109e-01 -1.83280199e-05 -8.47228621e-08  5.50463870e-08 
 4.12023124e-05  8.94900095e-01  8.94489347e-01  8.94615804e-01 -2.28878587e-05 -2.01141010e-07  5.45735069e-08 
 4.12024422e-05  8.94953145e-01  8.94450942e-01  8.94606165e-01 -2.77485377e-05 -3.74313551e-07  5.27809241e-08 
 4.12025631e-05  8.95004348e-01  8.94409635e-01  8.94595755e-01 -3.18764198e-05 -6.01877769e-07  4.96143970e-08 
 4.12026716e-05  8.95050631e-01  8.94366689e-01  8.94585035e-01 -3.42007596e-05 -8.75664678e-07  4.52363453e-08 
 4.12027954e-05  8.95099795e-01  8.94309794e-01  8.94570943e-01 -3.52350175e-05 -1.28526630e-06  3.81265400e-08 
 4.12029085e-05  8.95140840e-01  8.94253152e-01  8.94556158e-01 -3.59827875e-05 -1.75333404e-06  2.96817240e-08 
 4.12030856e-05  8.95194452e-01  8.94166028e-01  8.94529395e-01 -3.77991257e-05 -2.64677991e-06  1.33802984e-08 
 4.12032240e-05  8.95226406e-01  8.94103794e-01  8.94505732e-01 -3.93911570e-05 -3.46219011e-06 -1.46386332e-09 
 4.12033445e-05  8.95244009e-01  8.94055887e-01  8.94483587e-01 -4.08101428e-05 -4.23616512e-06 -1.54535532e-08 
 4.12034400e-05  8.95244675e-01  8.94023506e-01  8.94465265e-01 -4.15544876e-05 -4.87822495e-06 -2.69671918e-08 
 4.12034964e-05  8.95230892e-01  8.94007855e-01  8.94454229e-01 -4.16389667e-05 -5.26112343e-06 -3.37944736e-08 
 4.12035399e-05  8.95208745e-01  8.93998583e-01  8.94445690e-01 -4.14012025e-05 -5.55139321e-06 -3.89313761e-08 
 4.12035724e-05  8.95182020e-01  8.93993881e-01  8.94439296e-01 -4.10182472e-05 -5.76218900e-06 -4.26284408e-08 
 4.12036012e-05  8.95148465e-01  8.93992056e-01  8.94433673e-01 -4.04543883e-05 -5.93934541e-06 -4.56904625e-08 
 4.12036307e-05  8.95102358e-01  8.93993633e-01  8.94427992e-01 -3.95744540e-05 -6.10574895e-06 -4.84829143e-08 
 4.12036647e-05  8.95036859e-01  8.94001516e-01  8.94421564e-01 -3.81339429e-05 -6.27261294e-06 -5.10873741e-08 
 4.12037017e-05  8.94960018e-01  8.94018419e-01  8.94414869e-01 -3.61209596e-05 -6.41686407e-06 -5.29753826e-08 
 4.12037471e-05  8.94868512e-01  8.94049553e-01  8.94407201e-01 -3.31953024e-05 -6.53949896e-06 -5.39081968e-08 
 4.12038035e-05  8.94772185e-01  8.94097928e-01  8.94398771e-01 -2.92799670e-05 -6.61434526e-06 -5.31872324e-08 
 4.12038458e-05  8.94716201e-01  8.94136879e-01  8.94393292e-01 -2.63859827e-05 -6.62278328e-06 -5.15626381e-08 
 4.12038870e-05  8.94675369e-01  8.94173244e-01  8.94388669e-01 -2.37778097e-05 -6.60072333e-06 -4.93853114e-08 
 4.12039365e-05  8.94641162e-01  8.94212240e-01  8.94383956e-01 -2.10299866e-05 -6.54506961e-06 -4.62982363e-08 
 4.12039833e-05  8.94621141e-01  8.94243175e-01  8.94380226e-01 -1.88442957e-05 -6.47129360e-06 -4.31212131e-08 
 4.12040376e-05  8.94608702e-01  8.94271232e-01  8.94376621e-01 -1.68117207e-05 -6.36921762e-06 -3.93515055e-08 
 4.12040929e-05  8.94604620e-01  8.94291754e-01  8.94373561e-01 -1.52251607e-05 -6.25404109e-06 -3.55571972e-08 
 4.12041597e-05  8.94606926e-01  8.94307440e-01  8.94370433e-01 -1.38425123e-05 -6.10726092e-06 -3.11473381e-08 
 4.12042324e-05  8.94615114e-01  8.94315755e-01  8.94367465e-01 -1.28279208e-05 -5.94370534e-06 -2.66036480e-08 
 4.12043233e-05  8.94629789e-01  8.94317298e-01  8.94364047e-01 -1.20496396e-05 -5.73933032e-06 -2.12864123e-08 
 4.12044297e-05  8.94650322e-01  8.94311301e-01  8.94360112e-01 -1.15532524e-05 -5.50533996e-06 -1.55183078e-08 
 4.12045716e-05  8.94680502e-01  8.94296418e-01  8.94354538e-01 -1.12499832e-05 -5.20502845e-06 -8.41576802e-09 
 4.12047560e-05  8.94723484e-01  8.94271779e-01  8.94346347e-01 -1.11046556e-05 -4.83729382e-06  1.49253663e-11 
 4.12050000e-05  8.94789389e-01  8.94235579e-01  8.94333561e-01 -1.10503528e-05 -4.38869841e-06  1.00504688e-08 
 4.12050051e-05  8.94785262e-01  8.94228981e-01  8.94333258e-01 -1.22243926e-05 -4.38052917e-06  9.94999699e-09 
 4.12050153e-05  8.94781140e-01  8.94217086e-01  8.94332629e-01 -1.27652820e-05 -4.36416905e-06  9.78543354e-09 
 4.12050356e-05  8.94783155e-01  8.94197844e-01  8.94331252e-01 -1.30729288e-05 -4.33127343e-06  9.57210770e-09 
 4.12050705e-05  8.94787903e-01  8.94170091e-01  8.94328589e-01 -1.36980905e-05 -4.27461225e-06  9.30193592e-09 
 4.12051166e-05  8.94794697e-01  8.94140135e-01  8.94324602e-01 -1.41520961e-05 -4.19996112e-06  9.05718982e-09 
 4.12052088e-05  8.94809876e-01  8.94099274e-01  8.94315563e-01 -1.47663686e-05 -4.05289192e-06  8.78107375e-09 
 4.12053730e-05  8.94837641e-01  8.94062455e-01  8.94297794e-01 -1.50713665e-05 -3.80171879e-06  8.54037383e-09 
 4.12055787e-05  8.94872555e-01  8.94043495e-01  8.94274916e-01 -1.51700548e-05 -3.50821543e-06  8.32032639e-09 
 4.12058957e-05  8.94925126e-01  8.94027432e-01  8.94241030e-01 -1.51338952e-05 -3.09918417e-06  7.91548726e-09 
 4.12062947e-05  8.94989968e-01  8.94012529e-01  8.94201752e-01 -1.51662960e-05 -2.65113280e-06  7.32853159e-09 
 4.12070637e-05  8.95109778e-01  8.93990696e-01  8.94136476e-01 -1.51313791e-05 -1.95881315e-06  6.09776836e-09 
 4.12086017e-05  8.95331696e-01  8.93971699e-01  8.94042388e-01 -1.51633649e-05 -1.05392916e-06  3.74522912e-09 
 4.12116777e-05  8.95711589e-01  8.94007509e-01  8.93968128e-01 -1.51283695e-05 -2.62899476e-07  5.58016339e-10 
 4.12177041e-05  8.96262757e-01  8.94245537e-01  8.94092405e-01 -1.51611845e-05  2.15594293e-08 -1.13515958e-09 
 4.12245346e-05  8.96662854e-01  8.94635460e-01  8.94442725e-01 -1.51279586e-05 -2.66442860e-09 -5.43153361e-10 
 4.12327324e-05  8.96948839e-01  8.95120439e-01  8.94927830e-01 -1.51610450e-05  1.13745241e-09 -1.07218130e-10 
 4.12425001e-05  8.97131318e-01  8.95628027e-01  8.95459142e-01 -1.51276051e-05  1.41816952e-10  5.33878061e-11 
 4.12576158e-05  8.97254539e-01  8.96185198e-01  8.96064324e-01 -1.51611368e-05  3.39074748e-10  1.13719826e-10 
 4.12792856e-05  8.97302921e-01  8.96549469e-01  8.96483904e-01 -1.51292785e-05 -4.62281190e-12  4.63982144e-11 
 4.13102702e-05  8.97311491e-01  8.96619125e-01  8.96579595e-01 -1.51641250e-05  3.34506446e-11 -8.03372901e-12 
 4.13522821e-05  8.97310821e-01  8.96648646e-01  8.96596505e-01 -1.51315798e-05 -2.34271096e-11  6.80044167e-12 
 4.14070762e-05  8.97311099e-01  8.96874142e-01  8.96816535e-01 -1.51644322e-05  6.90489770e-11  2.77980473e-11 
 4.14606695e-05  8.97311146e-01  8.97039627e-01  8.96991244e-01 -1.51312569e-05 -1.88222760e-11  6.65161372e-12 
 4.15606695e-05  8.97311308e-01  8.97174080e-01  8.97126019e-01 -1.51645576e-05  3.33190814e-11  7.07172710e-12 
 4.16606695e-05  8.97311260e-01  8.97290753e-01  8.97243235e-01 -1.51313161e-05 -1.60827831e-11  5.31561015e-12 
 4.17606695e-05  8.97311408e-01  8.97344636e-01  8.97299607e-01 -1.51645169e-05  2.09838405e-11  2.12368897e-12 
 4.18606695e-05  8.97311290e-01  8.97373943e-01  8.97327829e-01 -1.51313664e-05 -1.63138357e-11  2.12794225e-12 
 4.19606695e-05  8.97311414e-01  8.97400030e-01  8.97355049e-01 -1.51644971e-05  1.76203383e-11  2.48952952e-12 
 4.20606695e-05  8.97311293e-01  8.97406188e-01  8.97361129e-01 -1.51313768e-05 -1.61445165e-11  5.52940940e-14 
 4.21606695e-05  8.97311395e-01  8.97415634e-01  8.97370488e-01 -1.51644998e-05  1.52337927e-11  2.73667639e-12 
 4.22606695e-05  8.97311279e-01  8.97418824e-01  8.97374054e-01 -1.51313739e-05 -1.43020398e-11 -3.09383649e-13 
 4.23606695e-05  8.97311373e-01  8.97420546e-01  8.97375506e-01 -1.51645028e-05  1.25538497e-11  2.37458013e-12 
 4.24606695e-05  8.97311256e-01  8.97422735e-01  8.97377917e-01 -1.51313744e-05 -1.20124514e-11 -8.61616551e-14 
 4.25606695e-05  8.97311351e-01  8.97422783e-01  8.97377866e-01 -1.51645003e-05  1.02871919e-11  2.06414508e-12 
 4.26606695e-05  8.97311232e-01  8.97423571e-01  8.97378709e-01 -1.51313786e-05 -1.01611159e-11  4.49873971e-14 
 4.27606695e-05  8.97311327e-01  8.97423783e-01  8.97378898e-01 -1.51644958e-05  8.64722963e-12  1.97609122e-12 
 4.28606695e-05  8.97311207e-01  8.97423779e-01  8.97378924e-01 -1.51313830e-05 -8.78657477e-12  5.23143811e-14 
 4.29606695e-05  8.97311302e-01  8.97424055e-01  8.97379160e-01 -1.51644919e-05  7.41479816e-12  1.97214212e-12 
 4.30606695e-05  8.97311182e-01  8.97423918e-01  8.97379079e-01 -1.51313865e-05 -7.68910565e-12  4.98944419e-14 
 4.31303348e-05  8.97311281e-01  8.97424047e-01  8.97379143e-01 -1.51644879e-05  6.20783394e-12  1.95335051e-12 
 4.32000000e-05  8.97311165e-01  8.97423994e-01  8.97379159e-01 -1.51313913e-05 -6.41473116e-12  8.29620118e-14 
 4.32000674e-05  8.97290971e-01  8.97379046e-01  8.97377978e-01 -1.74849185e-05 -6.50430107e-09 -3.14211026e-09 
 4.32002022e-05  8.97270555e-01  8.97322875e-01  8.97374203e-01 -1.88697985e-05 -1.57078949e-08 -8.73646220e-09 
 4.32004259e-05  8.97245735e-01  8.97308665e-01  8.97365356e-01 -1.92994479e-05 -2.36862968e-08 -1.65903098e-08 
 4.32006617e-05  8.97218386e-01  8.97329909e-01  8.97357165e-01 -1.94582709e-05 -3.05947119e-08 -2.40421726e-08 
 4.32009301e-05  8.97191448e-01  8.97361917e-01  8.97351446e-01 -1.97441616e-05 -3.68428699e-08 -3.16863817e-08 
 4.32012690e-05  8.97160765e-01  8.97407140e-01  8.97349950e-01 -2.13902853e-05 -3.79478527e-08 -4.01091521e-08 
 4.32014875e-05  8.97148894e-01  8.97440861e-01  8.97352394e-01 -2.41013920e-05 -2.86798494e-08 -4.47005417e-08 
 4.32016656e-05  8.97144185e-01  8.97470995e-01  8.97356431e-01 -2.79829007e-05 -8.89017866e-09 -4.78639408e-08 
 4.32018440e-05  8.97147910e-01  8.97505248e-01  8.97362411e-01 -3.34502530e-05  2.78040317e-08 -5.03861618e-08 
 4.32020079e-05  8.97156253e-01  8.97539696e-01  8.97369727e-01 -4.00078950e-05  8.27563966e-08 -5.20426527e-08 
 4.32021456e-05  8.97168183e-01  8.97572263e-01  8.97377303e-01 -4.64376636e-05  1.51335415e-07 -5.27942472e-08 
 4.32022597e-05  8.97178973e-01  8.97601833e-01  8.97384657e-01 -5.23753867e-05  2.30326015e-07 -5.28497689e-08 
 4.32023569e-05  8.97189192e-01  8.97630110e-01  8.97391773e-01 -5.76686453e-05  3.20069493e-07 -5.23406910e-08 
 4.32024431e-05  8.97196824e-01  8.97657923e-01  8.97398802e-01 -6.24940854e-05  4.23355628e-07 -5.13286276e-08 
 4.32025233e-05  8.97202769e-01  8.97687164e-01  8.97406023e-01 -6.68921021e-05  5.46309971e-07 -4.97554047e-08 
 4.32026056e-05  8.97207049e-01  8.97721135e-01  8.97414232e-01 -7.12847000e-05  7.07289588e-07 -4.73447930e-08 
 4.32026966e-05  8.97213759e-01  8.97763078e-01  8.97424347e-01 -7.58876686e-05  9.31289239e-07 -4.36365754e-08 
 4.32028022e-05  8.97226390e-01  8.97814824e-01  8.97437577e-01 -8.10463554e-05  1.25144631e-06 -3.80496421e-08 
 4.32028939e-05  8.97239585e-01  8.97860115e-01  8.97450353e-01 -8.53088715e-05  1.57761550e-06 -3.22488184e-08 
 4.32029910e-05  8.97251948e-01  8.97907043e-01  8.97465162e-01 -8.96478240e-05  1.96779942e-06 -2.52980403e-08 
 4.32031018e-05  8.97262187e-01  8.97957960e-01  8.97483474e-01 -9.42996084e-05  2.46050045e-06 -1.65686484e-08 
 4.32032400e-05  8.97273919e-01  8.98015644e-01  8.97508132e-01 -9.98036473e-05  3.13017903e-06 -4.82978752e-09 
 4.32033612e-05  8.97286432e-01  8.98059593e-01  8.97531072e-01 -1.04037711e-04  3.75177123e-06  5.91764732e-09 
 4.32034902e-05  8.97301150e-01  8.98098446e-01  8.97556378e-01 -1.07103306e-04  4.42862694e-06  1.74246701e-08 
 4.32035834e-05  8.97312543e-01  8.98119376e-01  8.97574962e-01 -1.06817123e-04  4.91141426e-06  2.54370092e-08 
 4.32036456e-05  8.97319208e-01  8.98127320e-01  8.97587325e-01 -1.03593416e-04  5.21634631e-06  3.03052322e-08 
 4.32037005e-05  8.97324258e-01  8.98127375e-01  8.97598081e-01 -9.81076100e-05  5.46127463e-06  3.39716884e-08 
 4.32037652e-05  8.97328378e-01  8.98116942e-01  8.97610327e-01 -8.92512656e-05  5.70701710e-06  3.72212445e-08 
 4.32038358e-05  8.97330912e-01  8.98093521e-01  8.97622853e-01 -7.80207733e-05  5.91256842e-06  3.92882203e-08 
 4.32039227e-05  8.97331103e-01  8.98052679e-01  8.97636706e-01 -6.40321354e-05  6.07241642e-06  3.97768351e-08 
 4.32040403e-05  8.97327370e-01  8.97990174e-01  8.97652329e-01 -4.78305671e-05  6.14083158e-06  3.74888385e-08 
 4.32041254e-05  8.97322433e-01  8.97947910e-01  8.97661427e-01 -3.91787138e-05  6.10346961e-06  3.42998475e-08 
 4.32042074e-05  8.97316563e-01  8.97914597e-01  8.97668686e-01 -3.31237304e-05  6.01884883e-06  3.05365861e-08 
 4.32043041e-05  8.97308625e-01  8.97886181e-01  8.97675775e-01 -2.82598271e-05  5.87795800e-06  2.56629582e-08 
 4.32043979e-05  8.97300292e-01  8.97869237e-01  8.97681561e-01 -2.52974366e-05  5.71447300e-06  2.07739524e-08 
 4.32045061e-05  8.97290192e-01  8.97860492e-01  8.97687423e-01 -2.32556367e-05  5.50920558e-06  1.51883048e-08 
 4.32046190e-05  8.97279359e-01  8.97860583e-01  8.97693084e-01 -2.20986751e-05  5.28757390e-06  9.55568065e-09 
 4.32047561e-05  8.97265978e-01  8.97869092e-01  8.97699856e-01 -2.13975310e-05  5.01906443e-06  3.06376067e-09 
 4.32048780e-05  8.97253986e-01  8.97881583e-01  8.97706076e-01 -2.11222005e-05  4.78614530e-06 -2.37520713e-09 
 4.32050000e-05  8.97241959e-01  8.97896782e-01  8.97712658e-01 -2.09890505e-05  4.56148326e-06 -7.51079711e-09 
 4.32050018e-05  8.97244117e-01  8.97899211e-01  8.97712758e-01 -2.00447296e-05  4.55856467e-06 -7.47589391e-09 
 4.32050053e-05  8.97247540e-01  8.97903838e-01  8.97712961e-01 -1.95911925e-05  4.55275285e-06 -7.41150986e-09 
 4.32050123e-05  8.97250482e-01  8.97912078e-01  8.97713383e-01 -1.91870591e-05  4.54118905e-06 -7.31297517e-09 
 4.32050226e-05  8.97251231e-01  8.97922376e-01  8.97714037e-01 -1.88927196e-05  4.52424913e-06 -7.21122656e-09 
 4.32050410e-05  8.97251459e-01  8.97938537e-01  8.97715291e-01 -1.83275198e-05  4.49401484e-06 -7.06588755e-09 
 4.32050777e-05  8.97251612e-01  8.97966608e-01  8.97718094e-01 -1.75216876e-05  4.43346836e-06 -6.85407329e-09 
 4.32051511e-05  8.97251827e-01  8.98008764e-01  8.97724594e-01 -1.64007188e-05  4.31283160e-06 -6.63500876e-09 
 4.32052978e-05  8.97252003e-01  8.98055586e-01  8.97739576e-01 -1.54934485e-05  4.07700528e-06 -6.57442997e-09 
 4.32055333e-05  8.97252342e-01  8.98085067e-01  8.97765294e-01 -1.51520712e-05  3.72052041e-06 -6.72800573e-09 
 4.32057925e-05  8.97252625e-01  8.98100530e-01  8.97793147e-01 -1.51689606e-05  3.36241155e-06 -6.83490493e-09 
 4.32061695e-05  8.97253083e-01  8.98118830e-01  8.97831241e-01 -1.51321931e-05  2.90128958e-06 -6.81338179e-09 
 4.32067263e-05  8.97253630e-01  8.98141455e-01  8.97882142e-01 -1.51629486e-05  2.33224194e-06 -6.54566697e-09 
 4.32078398e-05  8.97254661e-01  8.98173189e-01  8.97966031e-01 -1.51295543e-05  1.49910285e-06 -5.58117392e-09 
 4.32100669e-05  8.97256114e-01  8.98191970e-01  8.98071819e-01 -1.51591723e-05  5.90419719e-07 -3.36582920e-09 
 4.32145210e-05  8.97257724e-01  8.98111075e-01  8.98104609e-01 -1.51255774e-05  4.11057077e-08 -6.75721313e-10 
 4.32207594e-05  8.97258217e-01  8.97872003e-01  8.97929230e-01 -1.51561134e-05 -4.24046833e-09 -6.24197460e-12 
 4.32288963e-05  8.97257852e-01  8.97539266e-01  8.97596636e-01 -1.51243333e-05  6.32799757e-10 -2.05592950e-10 
 4.32373066e-05  8.97257146e-01  8.97282645e-01  8.97307452e-01 -1.51564528e-05 -4.34052534e-10 -1.68080519e-10 
 4.32489434e-05  8.97256437e-01  8.97112331e-01  8.97090866e-01 -1.51253908e-05  5.20033062e-12 -7.95798571e-11 
 4.32648060e-05  8.97255949e-01  8.97124848e-01  8.97064817e-01 -1.51569135e-05 -8.40394356e-12  1.20498839e-11 
 4.32938617e-05  8.97256112e-01  8.97358135e-01  8.97289743e-01 -1.51245538e-05  9.90290304e-11  5.14619878e-11 
 4.33267049e-05  8.97256494e-01  8.97492774e-01  8.97447424e-01 -1.51559424e-05 -1.83445913e-11  8.57254686e-12 
 4.33676630e-05  8.97256554e-01  8.97427628e-01  8.97390219e-01 -1.51247562e-05 -4.99945484e-12 -1.44829808e-11 
 4.34167098e-05  8.97256364e-01  8.97371886e-01  8.97326096e-01 -1.51564188e-05 -1.20417654e-11  1.18178931e-12 
 4.35148033e-05  8.97256424e-01  8.97399458e-01  8.97354088e-01 -1.51246644e-05  1.38714918e-11  3.45198837e-12 
 4.36041633e-05  8.97256392e-01  8.97378265e-01  8.97334970e-01 -1.51563473e-05 -1.59929539e-11 -2.79716289e-12 
 4.37041633e-05  8.97256378e-01  8.97371333e-01  8.97325374e-01 -1.51247351e-05  1.25150543e-11  3.37243417e-12 
 4.38041633e-05  8.97256370e-01  8.97377784e-01  8.97333599e-01 -1.51563034e-05 -1.09906481e-11 -2.31910845e-13 
 4.39041633e-05  8.97256375e-01  8.97367524e-01  8.97322530e-01 -1.51247512e-05  7.67001631e-12  1.08911464e-12 
 4.40041633e-05  8.97256343e-01  8.97372177e-01  8.97327205e-01 -1.51563049e-05 -6.99400737e-12  1.34435079e-12 
 4.41041633e-05  8.97256369e-01  8.97369636e-01  8.97324986e-01 -1.51247417e-05  5.16772150e-12  5.44822217e-13 
 4.42041633e-05  8.97256327e-01  8.97369021e-01  8.97323988e-01 -1.51563141e-05 -5.47117950e-12  1.29753543e-12 
 4.43041633e-05  8.97256356e-01  8.97370145e-01  8.97325376e-01 -1.51247360e-05  4.27602940e-12  8.95957516e-13 
 4.44041633e-05  8.97256316e-01  8.97368747e-01  8.97323859e-01 -1.51563158e-05 -4.75312671e-12  9.59524723e-13 
 4.45041633e-05  8.97256341e-01  8.97369510e-01  8.97324627e-01 -1.51247370e-05  3.56041151e-12  1.12132520e-12 
 4.46041633e-05  8.97256305e-01  8.97369155e-01  8.97324321e-01 -1.51563136e-05 -3.95624245e-12  8.78170800e-13 
 4.47041633e-05  8.97256329e-01  8.97369093e-01  8.97324201e-01 -1.51247392e-05  2.72619752e-12  1.11053891e-12 
 4.48041633e-05  8.97256292e-01  8.97369262e-01  8.97324412e-01 -1.51563120e-05 -3.13407373e-12  9.32535787e-13 
 4.49041633e-05  8.97256316e-01  8.97369060e-01  8.97324189e-01 -1.51247402e-05  1.96804335e-12  1.05593106e-12 
 4.50041633e-05  8.97256279e-01  8.97369172e-01  8.97324305e-01 -1.51563113e-05 -2.46007316e-12  9.69965644e-13 
 4.51041633e-05  8.97256304e-01  8.97369117e-01  8.97324254e-01 -1.51247407e-05  1.38099037e-12  1.03942880e-12 
 4.52041633e-05  8.97256267e-01  8.97369104e-01  8.97324235e-01 -1.51563109e-05 -1.94758055e-12  9.72213900e-13 
 4.53041633e-05  8.97256292e-01  8.97369125e-01  8.97324261e-01 -1.51247413e-05  9.28553241e-13  1.04387180e-12 
 4.54041633e-05  8.97256255e-01  8.97369090e-01  8.97324224e-01 -1.51563102e-05 -1.54184933e-12  9.67278612e-13 
 4.55041633e-05  8.97256280e-01  8.97369103e-01  8.97324236e-01 -1.51247420e-05  5.60804007e-13  1.04648739e-12 
 4.56041633e-05  8.97256243e-01  8.97369088e-01  8.97324223e-01 -1.51563095e-05 -1.20680592e-12  9.67524184e-13 
 4.57041633e-05  8.97256267e-01  8.97369082e-01  8.97324215e-01 -1.51247427e-05  2.55730766e-13  1.04426770e-12 
 4.58041633e-05  8.97256230e-01  8.97369079e-01  8.97324214e-01 -1.51563088e-05 -9.29874667e-13  9.70588627e-13 
 4.59041633e-05  8.97256255e-01  8.97369070e-01  8.97324203e-01 -1.51247434e-05  5.28396771e-15  1.04125335e-12 
 4.60041633e-05  8.97256218e-01  8.97369065e-01  8.97324200e-01 -1.51563081e-05 -7.03971820e-13  9.73123763e-13 
 4.61041633e-05  8.97256243e-01  8.97369059e-01  8.97324192e-01 -1.51247441e-05 -1.98229454e-13  1.03927435e-12 
 4.62041633e-05  8.97256206e-01  8.97369052e-01  8.97324186e-01 -1.51563074e-05 -5.20613717e-13  9.74677804e-13 
 4.63041633e-05  8.97256230e-01  8.97369047e-01  8.97324180e-01 -1.51247448e-05 -3.63556190e-13  1.03797120e-12 
 4.64041633e-05  8.97256193e-01  8.97369040e-01  8.97324174e-01 -1.51563068e-05 -3.71404513e-13  9.75868854e-13 
 4.65041633e-05  8.97256218e-01  8.97369034e-01  8.97324168e-01 -1.51247455e-05 -4.98315798e-13  1.03682064e-12 
 4.66041633e-05  8.97256181e-01  8.97369028e-01  8.97324162e-01 -1.51563061e-05 -2.49652512e-13  9.76997996e-13 
 4.67041633e-05  8.97256206e-01  8.97369022e-01  8.97324155e-01 -1.51247462e-05 -6.08317867e-13  1.03572516e-12 
 4.68041633e-05  8.97256169e-01  8.97369015e-01  8.97324150e-01 -1.51563054e-05 -1.50278011e-13  9.78041053e-13 
 4.69000000e-05  8.97256194e-01  8.97369010e-01  8.97324143e-01 -1.51247469e-05 -6.99854888e-13  1.03471132e-12 
 4.69100000e-05  8.97256177e-01  8.97369009e-01  8.97324143e-01 -1.51405251e-05 -3.22625824e-13  1.00757239e-12 
 4.69300000e-05  8.97256176e-01  8.97369008e-01  8.97324142e-01 -1.51405268e-05 -4.50596374e-13  1.00600821e-12 
 4.69650000e-05  8.97256174e-01  8.97369006e-01  8.97324139e-01 -1.51405251e-05 -3.67204748e-13  1.00713909e-12 
 4.70000000e-05  8.97256172e-01  8.97369003e-01  8.97324137e-01 -1.51405268e-05 -4.29585837e-13  1.00621421e-12 
 4.70000172e-05  8.97261404e-01  8.97380558e-01  8.97324216e-01 -1.38223528e-05  1.16389225e-09  4.02743684e-09 
 4.70000516e-05  8.97264730e-01  8.97399135e-01  8.97324500e-01 -1.32178729e-05  3.32395413e-09  1.21279981e-08 
 4.70001118e-05  8.97264892e-01  8.97421403e-01  8.97325473e-01 -1.28579338e-05  6.46811744e-09  2.59258800e-08 
 4.70001740e-05  8.97267375e-01  8.97437627e-01  8.97326927e-01 -1.24730522e-05  9.19501007e-09  3.96888346e-08 
 4.70002983e-05  8.97269688e-01  8.97453262e-01  8.97330501e-01 -1.23036144e-05  1.39003012e-08  6.60883004e-08 
 4.70005470e-05  8.97276380e-01  8.97456698e-01  8.97338046e-01 -1.21228466e-05  2.21556458e-08  1.14933248e-07 
 4.70009378e-05  8.97285266e-01  8.97441387e-01  8.97347632e-01 -1.22147832e-05  3.37224807e-08  1.82871462e-07 
 4.70014591e-05  8.97299718e-01  8.97416352e-01  8.97354501e-01 -1.23940609e-05  4.66388197e-08  2.59938682e-07 
 4.70015669e-05  8.97303273e-01  8.97410590e-01  8.97355096e-01 -1.26515138e-05  4.88118443e-08  2.74277350e-07 
 4.70017825e-05  8.97316874e-01  8.97397846e-01  8.97355448e-01 -1.37752450e-05  5.17588667e-08  3.01547519e-07 
 4.70019316e-05  8.97333022e-01  8.97387157e-01  8.97354995e-01 -1.57317831e-05  5.20199796e-08  3.19699557e-07 
 4.70020577e-05  8.97354766e-01  8.97376172e-01  8.97354100e-01 -1.83941561e-05  5.02314245e-08  3.35589307e-07 
 4.70021849e-05  8.97383953e-01  8.97362581e-01  8.97352631e-01 -2.24563106e-05  4.58870223e-08  3.55002780e-07 
 4.70023159e-05  8.97422092e-01  8.97345684e-01  8.97350417e-01 -2.77489689e-05  3.81818532e-08  3.85975015e-07 
 4.70024452e-05  8.97464110e-01  8.97325513e-01  8.97347408e-01 -3.37657855e-05  2.68429352e-08  4.43389141e-07 
 4.70025653e-05  8.97503980e-01  8.97302775e-01  8.97343742e-01 -3.90801462e-05  1.23793099e-08  5.46089549e-07 
 4.70026744e-05  8.97536611e-01  8.97277474e-01  8.97339535e-01 -4.29393824e-05 -4.76603369e-09  7.12758707e-07 
 4.70027982e-05  8.97566116e-01  8.97242956e-01  8.97333538e-01 -4.60084396e-05 -2.90713593e-08  1.04055487e-06 
 4.70029120e-05  8.97583417e-01  8.97208502e-01  8.97326743e-01 -4.90575905e-05 -5.45727324e-08  1.53006958e-06 
 4.70030941e-05  8.97589598e-01  8.97158306e-01  8.97313511e-01 -5.45506455e-05 -9.63348627e-08  2.85509946e-06 
 4.70032391e-05  8.97574919e-01  8.97126670e-01  8.97301348e-01 -5.90360809e-05 -1.27681940e-07  4.49427739e-06 
 4.70033629e-05  8.97548170e-01  8.97106990e-01  8.97290263e-01 -6.25717480e-05 -1.51463860e-07  6.37501265e-06 
 4.70034452e-05  8.97518797e-01  8.97098671e-01  8.97282737e-01 -6.44940269e-05 -1.64838669e-07  7.89152278e-06 
 4.70034945e-05  8.97491680e-01  8.97096171e-01  8.97278240e-01 -6.53123698e-05 -1.71278047e-07  8.91207347e-06 
 4.70035347e-05  8.97459693e-01  8.97096221e-01  8.97274622e-01 -6.56797199e-05 -1.75071656e-07  9.81744984e-06 
 4.70035653e-05  8.97425745e-01  8.97098012e-01  8.97271914e-01 -6.56597084e-05 -1.76606703e-07  1.05611090e-05 
 4.70035933e-05  8.97383712e-01  8.97101720e-01  8.97269498e-01 -6.52582070e-05 -1.76383008e-07  1.12884022e-05 
 4.70036221e-05  8.97326828e-01  8.97108680e-01  8.97267103e-01 -6.43029099e-05 -1.73774489e-07  1.20899474e-05 
 4.70036555e-05  8.97246234e-01  8.97122356e-01  8.97264499e-01 -6.23985742e-05 -1.66919696e-07  1.30926698e-05 
 4.70036913e-05  8.97150851e-01  8.97144502e-01  8.97261999e-01 -5.95027182e-05 -1.54752400e-07  1.42609897e-05 
 4.70037360e-05  8.97031540e-01  8.97181334e-01  8.97259448e-01 -5.49384150e-05 -1.33488031e-07  1.58521337e-05 
 4.70037860e-05  8.96909543e-01  8.97229786e-01  8.97257492e-01 -4.91679172e-05 -1.04144933e-07  1.77955253e-05 
 4.70038255e-05  8.96826505e-01  8.97269611e-01  8.97256666e-01 -4.44880414e-05 -7.88418796e-08  1.94392184e-05 
 4.70038655e-05  8.96755101e-01  8.97308091e-01  8.97256464e-01 -3.99617627e-05 -5.30966172e-08  2.11843647e-05 
 4.70039136e-05  8.96683815e-01  8.97349600e-01  8.97256990e-01 -3.49821545e-05 -2.34099682e-08  2.33843993e-05 
 4.70039591e-05  8.96628866e-01  8.97382699e-01  8.97258149e-01 -3.09024712e-05  2.30464445e-09  2.55454963e-05 
 4.70040117e-05  8.96576428e-01  8.97413247e-01  8.97260123e-01 -2.69575221e-05  2.85955805e-08  2.81303405e-05 
 4.70040651e-05  8.96531784e-01  8.97436568e-01  8.97262659e-01 -2.37650140e-05  5.15184801e-08  3.08450479e-05 
 4.70041295e-05  8.96485548e-01  8.97456177e-01  8.97266190e-01 -2.08350820e-05  7.45267887e-08  3.42210921e-05 
 4.70041994e-05  8.96441212e-01  8.97469542e-01  8.97270376e-01 -1.85848416e-05  9.47517695e-08  3.80028680e-05 
 4.70042864e-05  8.96390744e-01  8.97478594e-01  8.97275810e-01 -1.67348702e-05  1.14797992e-07  4.28705508e-05 
 4.70043872e-05  8.96335728e-01  8.97482893e-01  8.97282134e-01 -1.54839343e-05  1.33166350e-07  4.87121710e-05 
 4.70045195e-05  8.96266007e-01  8.97483760e-01  8.97290195e-01 -1.46405679e-05  1.52680143e-07  5.66990738e-05 
 4.70046866e-05  8.96179876e-01  8.97481866e-01  8.97299750e-01 -1.42216025e-05  1.73492175e-07  6.72546786e-05 
 4.70048433e-05  8.96100326e-01  8.97479060e-01  8.97308007e-01 -1.40878657e-05  1.91170770e-07  7.75954075e-05 
 4.70050000e-05  8.96022037e-01  8.97475803e-01  8.97315579e-01 -1.40539475e-05  2.07974728e-07  8.83157622e-05 
 4.70050042e-05  8.96017825e-01  8.97472276e-01  8.97315766e-01 -1.49587756e-05  2.08124645e-07  8.86066404e-05 
 4.70050126e-05  8.96012765e-01  8.97466004e-01  8.97316130e-01 -1.52879131e-05  2.08440208e-07  8.91873459e-05 
 4.70050294e-05  8.96011904e-01  8.97456449e-01  8.97316801e-01 -1.52789811e-05  2.09150897e-07  9.03413695e-05 
 4.70050583e-05  8.96012736e-01  8.97443106e-01  8.97317814e-01 -1.53813473e-05  2.10487654e-07  9.23027629e-05 
 4.70050992e-05  8.96014038e-01  8.97427019e-01  8.97318990e-01 -1.54103554e-05  2.12466647e-07  9.50291058e-05 
 4.70051811e-05  8.96018385e-01  8.97404310e-01  8.97320659e-01 -1.54628445e-05  2.16319598e-07  1.00304059e-04 
 4.70053365e-05  8.96027160e-01  8.97383541e-01  8.97322371e-01 -1.54481059e-05  2.22272194e-07  1.09691924e-04 
 4.70055156e-05  8.96037014e-01  8.97377650e-01  8.97323295e-01 -1.54496895e-05  2.26539955e-07  1.19562505e-04 
 4.70058328e-05  8.96051466e-01  8.97379422e-01  8.97324533e-01 -1.54383139e-05  2.28235157e-07  1.34809618e-04 
 4.70064177e-05  8.96071524e-01  8.97392365e-01  8.97327988e-01 -1.54523169e-05  2.17362085e-07  1.56711054e-04 
 4.70070232e-05  8.96084702e-01  8.97410854e-01  8.97334201e-01 -1.54468865e-05  1.93807944e-07  1.72580824e-04 
 4.70077367e-05  8.96094253e-01  8.97438433e-01  8.97345584e-01 -1.54587155e-05  1.58771111e-07  1.84814329e-04 
 4.70084509e-05  8.96099348e-01  8.97471077e-01  8.97361658e-01 -1.54524109e-05  1.21695259e-07  1.91968073e-04 
 4.70093196e-05  8.96103134e-01  8.97516331e-01  8.97387466e-01 -1.54615599e-05  7.90886825e-08  1.95937187e-04 
 4.70102430e-05  8.96105739e-01  8.97569480e-01  8.97421940e-01 -1.54536250e-05  3.96460956e-08  1.96225094e-04 
 4.70113723e-05  8.96109535e-01  8.97639615e-01  8.97472693e-01 -1.54591740e-05  9.30268687e-10  1.93021291e-04 
 4.70126131e-05  8.96114489e-01  8.97720649e-01  8.97537334e-01 -1.54480885e-05 -3.03213863e-08  1.86668774e-04 
 4.70141350e-05  8.96122719e-01  8.97822482e-01  8.97625707e-01 -1.54486160e-05 -5.55530545e-08  1.76623977e-04 
 4.70158522e-05  8.96133744e-01  8.97936408e-01  8.97732490e-01 -1.54324715e-05 -7.13971783e-08  1.63850872e-04 
 4.70179882e-05  8.96150340e-01  8.98071284e-01  8.97868066e-01 -1.54258514e-05 -7.92835388e-08  1.47361823e-04 
 4.70205204e-05  8.96171950e-01  8.98214691e-01  8.98022727e-01 -1.54015233e-05 -7.92064787e-08  1.28219304e-04 
 4.70238093e-05  8.96201776e-01  8.98366410e-01  8.98199626e-01 -1.53837156e-05 -7.23204960e-08  1.05212768e-04 
 4.70271426e-05  8.96230364e-01  8.98475468e-01  8.98340746e-01 -1.53523250e-05 -6.25220687e-08  8.47147812e-05 
 4.70303618e-05  8.96255445e-01  8.98537371e-01  8.98435337e-01 -1.53354087e-05 -5.27047116e-08  6.78724361e-05 
 4.70338535e-05  8.96278250e-01  8.98559011e-01  8.98491202e-01 -1.53054882e-05 -4.27859466e-08  5.27907461e-05 
 4.70371032e-05  8.96296054e-01  8.98541281e-01  8.98502247e-01 -1.52916365e-05 -3.46557365e-08  4.14595874e-05 
 4.70405989e-05  8.96311098e-01  8.98487812e-01  8.98475399e-01 -1.52661056e-05 -2.72630969e-08  3.17653846e-05 
 4.70440450e-05  8.96323097e-01  8.98407135e-01  8.98415953e-01 -1.52553207e-05 -2.13078146e-08  2.43115118e-05 
 4.70478424e-05  8.96332866e-01  8.98294307e-01  8.98320860e-01 -1.52331660e-05 -1.61113273e-08  1.80253025e-05 
 4.70517299e-05  8.96340664e-01  8.98161464e-01  8.98200233e-01 -1.52250048e-05 -1.20290080e-08  1.32239000e-05 
 4.70560687e-05  8.96346573e-01  8.98002252e-01  8.98048512e-01 -1.52059181e-05 -8.64517068e-09  9.32579368e-06 
 4.70606522e-05  8.96351240e-01  8.97831521e-01  8.97879661e-01 -1.52003061e-05 -6.08128159e-09  6.43050291e-06 
 4.70658545e-05  8.96354369e-01  8.97645097e-01  8.97689726e-01 -1.51841061e-05 -4.07668978e-09  4.20274440e-06 
 4.70715342e-05  8.96356802e-01  8.97460406e-01  8.97496298e-01 -1.51809758e-05 -2.63350355e-09  2.63370016e-06 
 4.70781359e-05  8.96358045e-01  8.97278828e-01  8.97301063e-01 -1.51674928e-05 -1.58787221e-09  1.52239167e-06 
 4.70856316e-05  8.96359037e-01  8.97120352e-01  8.97125503e-01 -1.51667465e-05 -8.90574193e-10  8.12364418e-07 
 4.70946681e-05  8.96359193e-01  8.96993085e-01  8.96979187e-01 -1.51557720e-05 -4.39043647e-10  3.76143160e-07 
 4.71055043e-05  8.96359491e-01  8.96914716e-01  8.96883207e-01 -1.51572450e-05 -1.75055850e-10  1.46113931e-07 
 4.71194044e-05  8.96359293e-01  8.96888380e-01  8.96844225e-01 -1.51485350e-05 -4.17555337e-11  4.05774583e-08 
 4.71376541e-05  8.96359531e-01  8.96900927e-01  8.96852995e-01 -1.51520811e-05  4.86565150e-12  6.02250737e-09 
 4.71640970e-05  8.96359412e-01  8.96901651e-01  8.96858800e-01 -1.51455065e-05 -4.79362904e-12 -2.05295256e-10 
 4.72060156e-05  8.96359606e-01  8.96821081e-01  8.96783261e-01 -1.51509343e-05 -1.86948788e-11  6.03043365e-11 
 4.72724576e-05  8.96359239e-01  8.96692663e-01  8.96650782e-01 -1.51454702e-05 -9.56367342e-12 -4.95013238e-11 
 4.73724576e-05  8.96359349e-01  8.96612210e-01  8.96568543e-01 -1.51509285e-05 -2.28583255e-12  3.05917035e-11 
 4.74724576e-05  8.96359097e-01  8.96551313e-01  8.96508337e-01 -1.51454193e-05 -6.52703044e-12 -2.05985370e-11 
 4.75724576e-05  8.96359241e-01  8.96515567e-01  8.96470772e-01 -1.51509529e-05  5.17141234e-13  1.71515327e-11 
 4.76724576e-05  8.96359029e-01  8.96501515e-01  8.96457335e-01 -1.51453983e-05 -3.04693618e-12 -8.12972991e-12 
 4.77724576e-05  8.96359205e-01  8.96485923e-01  8.96441261e-01 -1.51509533e-05  1.83557596e-14  1.30064669e-11 
 4.78724576e-05  8.96358993e-01  8.96481840e-01  8.96437067e-01 -1.51454023e-05 -1.39899984e-12 -5.57680383e-12 
 4.79724576e-05  8.96359186e-01  8.96477372e-01  8.96432718e-01 -1.51509443e-05  1.04003178e-14  1.32784336e-11 
 4.80724576e-05  8.96358973e-01  8.96474723e-01  8.96429875e-01 -1.51454092e-05 -1.23428242e-12 -5.80579248e-12 
 4.81724576e-05  8.96359170e-01  8.96474212e-01  8.96429439e-01 -1.51509388e-05  3.70540838e-13  1.38303086e-11 
 4.82724576e-05  8.96358960e-01  8.96472763e-01  8.96427967e-01 -1.51454122e-05 -1.39636133e-12 -5.91239536e-12 
 4.83724576e-05  8.96359155e-01  8.96472725e-01  8.96427882e-01 -1.51509368e-05  5.65631526e-13  1.38671275e-11 
 4.84724576e-05  8.96358947e-01  8.96472320e-01  8.96427537e-01 -1.51454137e-05 -1.43044214e-12 -5.79933096e-12 
 4.85724576e-05  8.96359142e-01  8.96472144e-01  8.96427296e-01 -1.51509351e-05  5.74880855e-13  1.38146421e-11 
 4.86724576e-05  8.96358934e-01  8.96472127e-01  8.96427331e-01 -1.51454156e-05 -1.38864267e-12 -5.78720833e-12 
 4.87724576e-05  8.96359130e-01  8.96472007e-01  8.96427169e-01 -1.51509328e-05  5.45508517e-13  1.38835406e-11 
 4.88724576e-05  8.96358922e-01  8.96471994e-01  8.96427188e-01 -1.51454180e-05 -1.36332417e-12 -5.89269562e-12 
 4.89724576e-05  8.96359117e-01  8.96471987e-01  8.96427151e-01 -1.51509303e-05  5.38407209e-13  1.40120517e-11 
 4.90724576e-05  8.96358909e-01  8.96471929e-01  8.96427123e-01 -1.51454205e-05 -1.36312576e-12 -6.01637197e-12 
 4.91724576e-05  8.96359105e-01  8.96471967e-01  8.96427130e-01 -1.51509279e-05  5.43995404e-13  1.41251939e-11 
 4.92724576e-05  8.96358897e-01  8.96471909e-01  8.96427105e-01 -1.51454229e-05 -1.36803546e-12 -6.11417319e-12 
 4.93724576e-05  8.96359092e-01  8.96471943e-01  8.96427105e-01 -1.51509255e-05  5.47701207e-13  1.42113244e-11 
 4.94724576e-05  8.96358884e-01  8.96471899e-01  8.96427095e-01 -1.51454253e-05 -1.36939787e-12 -6.19129850e-12 
 4.95724576e-05  8.96359080e-01  8.96471925e-01  8.96427087e-01 -1.51509232e-05  5.47790979e-13  1.42829298e-11 
 4.96724576e-05  8.96358872e-01  8.96471887e-01  8.96427083e-01 -1.51454276e-05 -1.36871374e-12 -6.25882121e-12 
 4.97724576e-05  8.96359067e-01  8.96471912e-01  8.96427074e-01 -1.51509208e-05  5.47093187e-13  1.43470745e-11 
 4.98724576e-05  8.96358859e-01  8.96471874e-01  8.96427069e-01 -1.51454300e-05 -1.36820351e-12 -6.31942935e-12 
 4.99724576e-05  8.96359055e-01  8.96471900e-01  8.96427063e-01 -1.51509185e-05  5.46880683e-13  1.44040054e-11 
 5.00724576e-05  8.96358847e-01  8.96471860e-01  8.96427056e-01 -1.51454324e-05 -1.36817250e-12 -6.37249736e-12 
 5.01724576e-05  8.96359042e-01  8.96471888e-01  8.96427050e-01 -1.51509161e-05  5.46938146e-13  1.44532360e-11 
 5.02724576e-05  8.96358835e-01  8.96471848e-01  8.96427044e-01 -1.51454347e-05 -1.36821912e-12 -6.41812200e-12 
 5.03724576e-05  8.96359030e-01  8.96471876e-01  8.96427038e-01 -1.51509137e-05  5.46937278e-13  1.44955045e-11 
 5.04724576e-05  8.96358822e-01  8.96471836e-01  8.96427031e-01 -1.51454371e-05 -1.36815971e-12 -6.45733678e-12 
 5.05724576e-05  8.96359017e-01  8.96471863e-01  8.96427025e-01 -1.51509114e-05  5.46832978e-13  1.45318934e-11 
 5.06724576e-05  8.96358810e-01  8.96471823e-01  8.96427019e-01 -1.51454395e-05 -1.36802548e-12 -6.49111472e-12 
 5.07724576e-05  8.96359005e-01  8.96471850e-01  8.96427012e-01 -1.51509090e-05  5.46683575e-13  1.45632913e-11 
 5.08724576e-05  8.96358797e-01  8.96471811e-01  8.96427006e-01 -1.51454419e-05 -1.36786914e-12 -6.52024214e-12 
 5.09724576e-05  8.96358992e-01  8.96471838e-01  8.96427000e-01 -1.51509066e-05  5.46521378e-13  1.45902772e-11 
 5.10724576e-05  8.96358785e-01  8.96471798e-01  8.96426994e-01 -1.51454442e-05 -1.36770044e-12 -6.54522882e-12 
 5.11724576e-05  8.96358980e-01  8.96471826e-01  8.96426988e-01 -1.51509043e-05  5.46345521e-13  1.46134423e-11 
 5.12724576e-05  8.96358772e-01  8.96471786e-01  8.96426981e-01 -1.51454466e-05 -1.36751699e-12 -6.56663591e-12 
 5.13724576e-05  8.96358967e-01  8.96471813e-01  8.96426975e-01 -1.51509019e-05  5.46152099e-13  1.46332279e-11 
 5.14724576e-05  8.96358760e-01  8.96471773e-01  8.96426969e-01 -1.51454490e-05 -1.36731338e-12 -6.58490016e-12 
 5.15724576e-05  8.96358955e-01  8.96471801e-01  8.96426963e-01 -1.51508995e-05  5.45939812e-13  1.46500234e-11 
 5.16724576e-05  8.96358747e-01  8.96471761e-01  8.96426956e-01 -1.51454513e-05 -1.36709285e-12 -6.60043130e-12 
 5.17724576e-05  8.96358942e-01  8.96471788e-01  8.96426950e-01 -1.51508972e-05  5.45709311e-13  1.46643200e-11 
 5.18724576e-05  8.96358735e-01  8.96471748e-01  8.96426944e-01 -1.51454537e-05 -1.36685867e-12 -6.61360338e-12 
 5.19724576e-05  8.96358930e-01  8.96471776e-01  8.96426938e-01 -1.51508948e-05  5.45468618e-13  1.46763949e-11 
 5.20724576e-05  8.96358723e-01  8.96471736e-01  8.96426931e-01 -1.51454561e-05 -1.36660995e-12 -6.62466691e-12 
 5.21724576e-05  8.96358917e-01  8.96471763e-01  8.96426925e-01 -1.51508925e-05  5.45217734e-13  1.46865262e-11 
 5.22724576e-05  8.96358710e-01  8.96471723e-01  8.96426919e-01 -1.51454584e-05 -1.36635278e-12 -6.63391136e-12 
 5.23724576e-05  8.96358905e-01  8.96471751e-01  8.96426913e-01 -1.51508901e-05  5.44955357e-13  1.46949547e-11 
 5.24724576e-05  8.96358698e-01  8.96471711e-01  8.96426907e-01 -1.51454608e-05 -1.36608628e-12 -6.64157797e-12 
 5.25724576e-05  8.96358892e-01  8.96471738e-01  8.96426900e-01 -1.51508877e-05  5.44684306e-13  1.47019260e-11 
 5.26724576e-05  8.96358685e-01  8.96471698e-01  8.96426894e-01 -1.51454632e-05 -1.36581068e-12 -6.64786141e-12 
 5.27724576e-05  8.96358880e-01  8.96471726e-01  8.96426888e-01 -1.51508854e-05  5.44403932e-13  1.47075624e-11 
 5.28724576e-05  8.96358673e-01  8.96471686e-01  8.96426882e-01 -1.51454655e-05 -1.36552705e-12 -6.65296870e-12 
 5.29724576e-05  8.96358867e-01  8.96471713e-01  8.96426875e-01 -1.51508830e-05  5.44117485e-13  1.47120933e-11 
 5.30724576e-05  8.96358660e-01  8.96471674e-01  8.96426869e-01 -1.51454679e-05 -1.36523627e-12 -6.65700340e-12 
 5.31724576e-05  8.96358855e-01  8.96471701e-01  8.96426863e-01 -1.51508807e-05  5.43823016e-13  1.47156744e-11 
 5.32724576e-05  8.96358648e-01  8.96471661e-01  8.96426857e-01 -1.51454703e-05 -1.36494136e-12 -6.66011343e-12 
 5.33724576e-05  8.96358842e-01  8.96471688e-01  8.96426850e-01 -1.51508783e-05  5.43525511e-13  1.47183674e-11 
 5.34724576e-05  8.96358635e-01  8.96471649e-01  8.96426844e-01 -1.51454726e-05 -1.36463974e-12 -6.66242132e-12 
 5.35724576e-05  8.96358830e-01  8.96471676e-01  8.96426838e-01 -1.51508760e-05  5.43222368e-13  1.47203464e-11 
 5.36724576e-05  8.96358623e-01  8.96471636e-01  8.96426832e-01 -1.51454750e-05 -1.36433378e-12 -6.66405847e-12 
 5.37724576e-05  8.96358817e-01  8.96471663e-01  8.96426825e-01 -1.51508736e-05  5.42914672e-13  1.47216501e-11 
 5.38724576e-05  8.96358611e-01  8.96471624e-01  8.96426819e-01 -1.51454773e-05 -1.36402565e-12 -6.66509231e-12 
 5.39724576e-05  8.96358805e-01  8.96471651e-01  8.96426813e-01 -1.51508713e-05  5.42603506e-13  1.47224035e-11 
 5.40724576e-05  8.96358598e-01  8.96471611e-01  8.96426807e-01 -1.51454797e-05 -1.36371123e-12 -6.66558204e-12 
 5.41724576e-05  8.96358792e-01  8.96471638e-01  8.96426800e-01 -1.51508689e-05  5.42288220e-13  1.47226510e-11 
 5.42724576e-05  8.96358586e-01  8.96471599e-01  8.96426794e-01 -1.51454821e-05 -1.36339507e-12 -6.66558958e-12 
 5.43724576e-05  8.96358780e-01  8.96471626e-01  8.96426788e-01 -1.51508665e-05  5.41969464e-13  1.47224711e-11 
 5.44724576e-05  8.96358573e-01  8.96471586e-01  8.96426782e-01 -1.51454844e-05 -1.36307675e-12 -6.66521829e-12 
 5.45724576e-05  8.96358767e-01  8.96471614e-01  8.96426776e-01 -1.51508642e-05  5.41651142e-13  1.47219144e-11 
 5.46724576e-05  8.96358561e-01  8.96471574e-01  8.96426769e-01 -1.51454868e-05 -1.36275605e-12 -6.66450261e-12 
 5.47724576e-05  8.96358755e-01  8.96471601e-01  8.96426763e-01 -1.51508618e-05  5.41328050e-13  1.47210450e-11 
 5.48724576e-05  8.96358548e-01  8.96471561e-01  8.96426757e-01 -1.51454891e-05 -1.36243230e-12 -6.66349631e-12 
 5.49724576e-05  8.96358742e-01  8.96471589e-01  8.96426751e-01 -1.51508595e-05  5.41002789e-13  1.47198706e-11 
 5.50724576e-05  8.96358536e-01  8.96471549e-01  8.96426744e-01 -1.51454915e-05 -1.36210552e-12 -6.66218496e-12 
 5.51724576e-05  8.96358730e-01  8.96471576e-01  8.96426738e-01 -1.51508571e-05  5.40677312e-13  1.47184541e-11 
 5.52724576e-05  8.96358523e-01  8.96471536e-01  8.96426732e-01 -1.51454938e-05 -1.36178026e-12 -6.66064914e-12 
 5.53724576e-05  8.96358717e-01  8.96471564e-01  8.96426726e-01 -1.51508548e-05  5.40350533e-13  1.47168249e-11 
 5.54724576e-05  8.96358511e-01  8.96471524e-01  8.96426719e-01 -1.51454962e-05 -1.36145283e-12 -6.65891897e-12 
 5.55724576e-05  8.96358705e-01  8.96471551e-01  8.96426713e-01 -1.51508524e-05  5.40023104e-13  1.47149917e-11 
 5.56724576e-05  8.96358499e-01  8.96471511e-01  8.96426707e-01 -1.51454986e-05 -1.36112367e-12 -6.65704303e-12 
 5.57724576e-05  8.96358692e-01  8.96471539e-01  8.96426701e-01 -1.51508501e-05  5.39693724e-13  1.47129840e-11 
 5.58724576e-05  8.96358486e-01  8.96471499e-01  8.96426695e-01 -1.51455009e-05 -1.36079451e-12 -6.65496960e-12 
 5.59724576e-05  8.96358680e-01  8.96471526e-01  8.96426688e-01 -1.51508477e-05  5.39363259e-13  1.47108866e-11 
 5.60724576e-05  8.96358474e-01  8.96471487e-01  8.96426682e-01 -1.51455033e-05 -1.36046274e-12 -6.65278488e-12 
 5.61724576e-05  8.96358667e-01  8.96471514e-01  8.96426676e-01 -1.51508454e-05  5.39032577e-13  1.47086194e-11 
 5.62724576e-05  8.96358461e-01  8.96471474e-01  8.96426670e-01 -1.51455056e-05 -1.36013206e-12 -6.65045254e-12 
 5.63724576e-05  8.96358655e-01  8.96471501e-01  8.96426663e-01 -1.51508430e-05  5.38701245e-13  1.47062657e-11 
 5.64724576e-05  8.96358449e-01  8.96471462e-01  8.96426657e-01 -1.51455080e-05 -1.35979964e-12 -6.64808513e-12 
 5.65724576e-05  8.96358642e-01  8.96471489e-01  8.96426651e-01 -1.51508407e-05  5.38369696e-13  1.47037912e-11 
 5.66724576e-05  8.96358436e-01  8.96471449e-01  8.96426645e-01 -1.51455103e-05 -1.35946809e-12 -6.64556577e-12 
 5.67724576e-05  8.96358630e-01  8.96471476e-01  8.96426638e-01 -1.51508383e-05  5.38036195e-13  1.47012440e-11 
 5.68724576e-05  8.96358424e-01  8.96471437e-01  8.96426632e-01 -1.51455127e-05 -1.35913568e-12 -6.64301047e-12 
 5.69724576e-05  8.96358617e-01  8.96471464e-01  8.96426626e-01 -1.51508360e-05  5.37703996e-13  1.46986297e-11 
 5.70724576e-05  8.96358411e-01  8.96471424e-01  8.96426620e-01 -1.51455150e-05 -1.35880283e-12 -6.64034203e-12 
 5.71724576e-05  8.96358605e-01  8.96471451e-01  8.96426613e-01 -1.51508337e-05  5.37371796e-13  1.46959411e-11 
 5.72724576e-05  8.96358399e-01  8.96471412e-01  8.96426607e-01 -1.51455174e-05 -1.35847041e-12 -6.63763434e-12 
 5.73724576e-05  8.96358592e-01  8.96471439e-01  8.96426601e-01 -1.51508313e-05  5.37037862e-13  1.46932482e-11 
 5.74724576e-05  8.96358386e-01  8.96471399e-01  8.96426595e-01 -1.51455197e-05 -1.35813626e-12 -6.63490844e-12 
 5.75724576e-05  8.96358580e-01  8.96471426e-01  8.96426589e-01 -1.51508290e-05  5.36704145e-13  1.46904684e-11 
 5.76724576e-05  8.96358374e-01  8.96471387e-01  8.96426582e-01 -1.51455221e-05 -1.35780167e-12 -6.63207607e-12 
 5.77724576e-05  8.96358567e-01  8.96471414e-01  8.96426576e-01 -1.51508266e-05  5.36369777e-13  1.46876355e-11 
 5.78724576e-05  8.96358362e-01  8.96471374e-01  8.96426570e-01 -1.51455244e-05 -1.35746882e-12 -6.62924555e-12 
 5.79724576e-05  8.96358555e-01  8.96471401e-01  8.96426564e-01 -1.51508243e-05  5.36036927e-13  1.46847746e-11 
 5.80724576e-05  8.96358349e-01  8.96471362e-01  8.96426557e-01 -1.51455268e-05 -1.35713337e-12 -6.62638206e-12 
 5.81724576e-05  8.96358542e-01  8.96471389e-01  8.96426551e-01 -1.51508219e-05  5.35703209e-13  1.46819084e-11 
 5.82724576e-05  8.96358337e-01  8.96471349e-01  8.96426545e-01 -1.51455291e-05 -1.35680052e-12 -6.62349375e-12 
 5.83724576e-05  8.96358530e-01  8.96471377e-01  8.96426539e-01 -1.51508196e-05  5.35370142e-13  1.46789947e-11 
 5.84724576e-05  8.96358324e-01  8.96471337e-01  8.96426532e-01 -1.51455315e-05 -1.35646789e-12 -6.62056640e-12 
 5.85724576e-05  8.96358517e-01  8.96471364e-01  8.96426526e-01 -1.51508173e-05  5.35037726e-13  1.46760440e-11 
 5.86724576e-05  8.96358312e-01  8.96471324e-01  8.96426520e-01 -1.51455338e-05 -1.35613439e-12 -6.61762865e-12 
 5.87724576e-05  8.96358505e-01  8.96471352e-01  8.96426514e-01 -1.51508149e-05  5.34704009e-13  1.46731024e-11 
 5.88724576e-05  8.96358299e-01  8.96471312e-01  8.96426507e-01 -1.51455362e-05 -1.35580002e-12 -6.61466232e-12 
 5.89724576e-05  8.96358492e-01  8.96471339e-01  8.96426501e-01 -1.51508126e-05  5.34369857e-13  1.46701196e-11 
 5.90724576e-05  8.96358287e-01  8.96471299e-01  8.96426495e-01 -1.51455385e-05 -1.35546760e-12 -6.61168451e-12 
 5.91724576e-05  8.96358480e-01  8.96471327e-01  8.96426489e-01 -1.51508102e-05  5.34038308e-13  1.46671307e-11 
 5.92724576e-05  8.96358274e-01  8.96471287e-01  8.96426483e-01 -1.51455409e-05 -1.35513540e-12 -6.60871195e-12 
 5.93724576e-05  8.96358467e-01  8.96471314e-01  8.96426476e-01 -1.51508079e-05  5.33705241e-13  1.46641156e-11 
 5.94724576e-05  8.96358262e-01  8.96471275e-01  8.96426470e-01 -1.51455432e-05 -1.35480212e-12 -6.60567369e-12 
 5.95724576e-05  8.96358455e-01  8.96471302e-01  8.96426464e-01 -1.51508056e-05  5.33372175e-13  1.46611123e-11 
 5.96724576e-05  8.96358250e-01  8.96471262e-01  8.96426458e-01 -1.51455456e-05 -1.35446949e-12 -6.60267208e-12 
 5.97724576e-05  8.96358442e-01  8.96471289e-01  8.96426451e-01 -1.51508032e-05  5.33040626e-13  1.46581091e-11 
 5.98724576e-05  8.96358237e-01  8.96471250e-01  8.96426445e-01 -1.51455479e-05 -1.35413794e-12 -6.59964357e-12 
 5.99724576e-05  8.96358430e-01  8.96471277e-01  8.96426439e-01 -1.51508009e-05  5.32708209e-13  1.46550509e-11 
 6.00724576e-05  8.96358225e-01  8.96471237e-01  8.96426433e-01 -1.51455503e-05 -1.35380617e-12 -6.59661914e-12 
 6.01724576e-05  8.96358417e-01  8.96471264e-01  8.96426426e-01 -1.51507985e-05  5.32377311e-13  1.46520178e-11 
 6.02724576e-05  8.96358212e-01  8.96471225e-01  8.96426420e-01 -1.51455526e-05 -1.35347462e-12 -6.59359720e-12 
 6.03724576e-05  8.96358405e-01  8.96471252e-01  8.96426414e-01 -1.51507962e-05  5.32045328e-13  1.46489809e-11 
 6.04724576e-05  8.96358200e-01  8.96471212e-01  8.96426408e-01 -1.51455549e-05 -1.35314416e-12 -6.59052430e-12 
 6.05724576e-05  8.96358392e-01  8.96471239e-01  8.96426401e-01 -1.51507939e-05  5.31713128e-13  1.46459286e-11 
 6.06724576e-05  8.96358187e-01  8.96471200e-01  8.96426395e-01 -1.51455573e-05 -1.35281131e-12 -6.58745112e-12 
 6.07724576e-05  8.96358380e-01  8.96471227e-01  8.96426389e-01 -1.51507915e-05  5.31378977e-13  1.46428758e-11 
 6.08724576e-05  8.96358175e-01  8.96471187e-01  8.96426383e-01 -1.51455596e-05 -1.35248149e-12 -6.58440793e-12 
 6.09724576e-05  8.96358367e-01  8.96471214e-01  8.96426377e-01 -1.51507892e-05  5.31049380e-13  1.46398134e-11 
 6.10724576e-05  8.96358162e-01  8.96471175e-01  8.96426370e-01 -1.51455620e-05 -1.35215168e-12 -6.58137694e-12 
 6.11724576e-05  8.96358355e-01  8.96471202e-01  8.96426364e-01 -1.51507869e-05  5.30719999e-13  1.46367756e-11 
 6.12724576e-05  8.96358150e-01  8.96471162e-01  8.96426358e-01 -1.51455643e-05 -1.35182122e-12 -6.57830279e-12 
 6.13724576e-05  8.96358342e-01  8.96471189e-01  8.96426352e-01 -1.51507845e-05  5.30390402e-13  1.46336994e-11 
 6.14724576e-05  8.96358138e-01  8.96471150e-01  8.96426345e-01 -1.51455666e-05 -1.35149118e-12 -6.57523461e-12 
 6.15724576e-05  8.96358330e-01  8.96471177e-01  8.96426339e-01 -1.51507822e-05  5.30060804e-13  1.46306447e-11 
 6.16724576e-05  8.96358125e-01  8.96471137e-01  8.96426333e-01 -1.51455690e-05 -1.35116354e-12 -6.57217119e-12 
 6.17724576e-05  8.96358317e-01  8.96471164e-01  8.96426327e-01 -1.51507799e-05  5.29732074e-13  1.46275774e-11 
 6.18724576e-05  8.96358113e-01  8.96471125e-01  8.96426320e-01 -1.51455713e-05 -1.35083394e-12 -6.56911222e-12 
 6.19724576e-05  8.96358305e-01  8.96471152e-01  8.96426314e-01 -1.51507775e-05  5.29403127e-13  1.46244881e-11 
 6.20724576e-05  8.96358100e-01  8.96471112e-01  8.96426308e-01 -1.51455737e-05 -1.35050434e-12 -6.56605022e-12 
 6.21724576e-05  8.96358292e-01  8.96471139e-01  8.96426302e-01 -1.51507752e-05  5.29074180e-13  1.46214105e-11 
 6.22724576e-05  8.96358088e-01  8.96471100e-01  8.96426295e-01 -1.51455760e-05 -1.35017648e-12 -6.56298865e-12 
 6.23724576e-05  8.96358280e-01  8.96471127e-01  8.96426289e-01 -1.51507729e-05  5.28746968e-13  1.46183702e-11 
 6.24724576e-05  8.96358075e-01  8.96471088e-01  8.96426283e-01 -1.51455783e-05 -1.34984992e-12 -6.55990166e-12 
 6.25724576e-05  8.96358267e-01  8.96471115e-01  8.96426277e-01 -1.51507705e-05  5.28420190e-13  1.46152882e-11 
 6.26724576e-05  8.96358063e-01  8.96471075e-01  8.96426271e-01 -1.51455807e-05 -1.34952184e-12 -6.55683212e-12 
 6.27724576e-05  8.96358255e-01  8.96471102e-01  8.96426264e-01 -1.51507682e-05  5.28092544e-13  1.46122106e-11 
 6.28724576e-05  8.96358050e-01  8.96471063e-01  8.96426258e-01 -1.51455830e-05 -1.34919463e-12 -6.55377515e-12 
 6.29724576e-05  8.96358242e-01  8.96471090e-01  8.96426252e-01 -1.51507659e-05  5.27766632e-13  1.46091676e-11 
 6.30724576e-05  8.96358038e-01  8.96471050e-01  8.96426246e-01 -1.51455854e-05 -1.34886872e-12 -6.55070036e-12 
 6.31724576e-05  8.96358230e-01  8.96471077e-01  8.96426239e-01 -1.51507635e-05  5.27439203e-13  1.46060885e-11 
 6.32724576e-05  8.96358026e-01  8.96471038e-01  8.96426233e-01 -1.51455877e-05 -1.34854324e-12 -6.54762420e-12 
 6.33724576e-05  8.96358217e-01  8.96471065e-01  8.96426227e-01 -1.51507612e-05  5.27113726e-13  1.46029853e-11 
 6.34724576e-05  8.96358013e-01  8.96471025e-01  8.96426221e-01 -1.51455900e-05 -1.34821733e-12 -6.54456952e-12 
 6.35724576e-05  8.96358205e-01  8.96471052e-01  8.96426214e-01 -1.51507589e-05  5.26787815e-13  1.45999351e-11 
 6.36724576e-05  8.96358001e-01  8.96471013e-01  8.96426208e-01 -1.51455924e-05 -1.34789272e-12 -6.54149402e-12 
 6.37724576e-05  8.96358192e-01  8.96471040e-01  8.96426202e-01 -1.51507565e-05  5.26462120e-13  1.45968629e-11 
 6.38724576e-05  8.96357988e-01  8.96471000e-01  8.96426196e-01 -1.51455947e-05 -1.34756659e-12 -6.53841445e-12 
 6.39724576e-05  8.96358180e-01  8.96471027e-01  8.96426189e-01 -1.51507542e-05  5.26137727e-13  1.45937936e-11 
 6.40724576e-05  8.96357976e-01  8.96470988e-01  8.96426183e-01 -1.51455970e-05 -1.34724328e-12 -6.53536806e-12 
 6.41724576e-05  8.96358167e-01  8.96471015e-01  8.96426177e-01 -1.51507519e-05  5.25814418e-13  1.45907315e-11 
 6.42724576e-05  8.96357963e-01  8.96470975e-01  8.96426171e-01 -1.51455994e-05 -1.34691910e-12 -6.53228090e-12 
 6.43724576e-05  8.96358155e-01  8.96471002e-01  8.96426165e-01 -1.51507496e-05  5.25490892e-13  1.45876663e-11 
 6.44724576e-05  8.96357951e-01  8.96470963e-01  8.96426158e-01 -1.51456017e-05 -1.34659536e-12 -6.52921461e-12 
 6.45724576e-05  8.96358142e-01  8.96470990e-01  8.96426152e-01 -1.51507472e-05  5.25167149e-13  1.45846202e-11 
 6.46724576e-05  8.96357938e-01  8.96470950e-01  8.96426146e-01 -1.51456040e-05 -1.34627184e-12 -6.52615651e-12 
 6.47724576e-05  8.96358130e-01  8.96470977e-01  8.96426140e-01 -1.51507449e-05  5.24845575e-13  1.45815045e-11 
 6.48724576e-05  8.96357926e-01  8.96470938e-01  8.96426133e-01 -1.51456064e-05 -1.34595004e-12 -6.52308844e-12 
 6.49724576e-05  8.96358117e-01  8.96470965e-01  8.96426127e-01 -1.51507426e-05  5.24524217e-13  1.45784449e-11 
 6.50724576e-05  8.96357914e-01  8.96470925e-01  8.96426121e-01 -1.51456087e-05 -1.34562825e-12 -6.52003955e-12 
 6.51724576e-05  8.96358105e-01  8.96470952e-01  8.96426115e-01 -1.51507402e-05  5.24202643e-13  1.45753508e-11 
 6.52724576e-05  8.96357901e-01  8.96470913e-01  8.96426108e-01 -1.51456110e-05 -1.34530646e-12 -6.51697479e-12 
 6.53724576e-05  8.96358092e-01  8.96470940e-01  8.96426102e-01 -1.51507379e-05  5.23880635e-13  1.45723241e-11 
 6.54724576e-05  8.96357889e-01  8.96470901e-01  8.96426096e-01 -1.51456134e-05 -1.34498641e-12 -6.51391126e-12 
 6.55724576e-05  8.96358080e-01  8.96470927e-01  8.96426090e-01 -1.51507356e-05  5.23560145e-13  1.45692704e-11 
 6.56724576e-05  8.96357876e-01  8.96470888e-01  8.96426084e-01 -1.51456157e-05 -1.34466635e-12 -6.51082118e-12 
 6.57724576e-05  8.96358067e-01  8.96470915e-01  8.96426077e-01 -1.51507333e-05  5.23239872e-13  1.45661983e-11 
 6.58724576e-05  8.96357864e-01  8.96470876e-01  8.96426071e-01 -1.51456180e-05 -1.34434564e-12 -6.50776433e-12 
 6.59724576e-05  8.96358055e-01  8.96470902e-01  8.96426065e-01 -1.51507310e-05  5.22920032e-13  1.45631249e-11 
 6.60724576e-05  8.96357851e-01  8.96470863e-01  8.96426059e-01 -1.51456204e-05 -1.34402537e-12 -6.50470216e-12 
 6.61724576e-05  8.96358042e-01  8.96470890e-01  8.96426052e-01 -1.51507286e-05  5.22601710e-13  1.45600555e-11 
 6.62724576e-05  8.96357839e-01  8.96470851e-01  8.96426046e-01 -1.51456227e-05 -1.34370726e-12 -6.50165447e-12 
 6.63724576e-05  8.96358030e-01  8.96470878e-01  8.96426040e-01 -1.51507263e-05  5.22282521e-13  1.45569979e-11 
 6.64724576e-05  8.96357826e-01  8.96470838e-01  8.96426034e-01 -1.51456250e-05 -1.34338981e-12 -6.49859577e-12 
 6.65724576e-05  8.96358017e-01  8.96470865e-01  8.96426027e-01 -1.51507240e-05  5.21964416e-13  1.45539471e-11 
 6.66724576e-05  8.96357814e-01  8.96470826e-01  8.96426021e-01 -1.51456273e-05 -1.34307084e-12 -6.49554347e-12 
 6.67724576e-05  8.96358005e-01  8.96470853e-01  8.96426015e-01 -1.51507217e-05  5.21646094e-13  1.45508823e-11 
 6.68724576e-05  8.96357802e-01  8.96470813e-01  8.96426009e-01 -1.51456297e-05 -1.34275382e-12 -6.49248667e-12 
 6.69724576e-05  8.96357992e-01  8.96470840e-01  8.96426002e-01 -1.51507193e-05  5.21329724e-13  1.45478355e-11 
 6.70724576e-05  8.96357789e-01  8.96470801e-01  8.96425996e-01 -1.51456320e-05 -1.34243636e-12 -6.48941832e-12 
 6.71724576e-05  8.96357980e-01  8.96470828e-01  8.96425990e-01 -1.51507170e-05  5.21012920e-13  1.45447812e-11 
 6.72724576e-05  8.96357777e-01  8.96470788e-01  8.96425984e-01 -1.51456343e-05 -1.34212129e-12 -6.48637172e-12 
 6.73724576e-05  8.96357967e-01  8.96470815e-01  8.96425977e-01 -1.51507147e-05  5.20693948e-13  1.45416891e-11 
 6.74724576e-05  8.96357764e-01  8.96470776e-01  8.96425971e-01 -1.51456366e-05 -1.34180557e-12 -6.48332343e-12 
 6.75724576e-05  8.96357955e-01  8.96470803e-01  8.96425965e-01 -1.51507124e-05  5.20379746e-13  1.45386242e-11 
 6.76724576e-05  8.96357752e-01  8.96470763e-01  8.96425959e-01 -1.51456390e-05 -1.34148768e-12 -6.48027270e-12 
 6.77724576e-05  8.96357942e-01  8.96470790e-01  8.96425953e-01 -1.51507101e-05  5.20064027e-13  1.45355829e-11 
 6.78724576e-05  8.96357739e-01  8.96470751e-01  8.96425946e-01 -1.51456413e-05 -1.34117305e-12 -6.47722246e-12 
 6.79724576e-05  8.96357930e-01  8.96470778e-01  8.96425940e-01 -1.51507077e-05  5.19750042e-13  1.45325211e-11 
 6.80724576e-05  8.96357727e-01  8.96470738e-01  8.96425934e-01 -1.51456436e-05 -1.34085993e-12 -6.47417390e-12 
 6.81724576e-05  8.96357917e-01  8.96470765e-01  8.96425928e-01 -1.51507054e-05  5.19437358e-13  1.45294784e-11 
 6.82724576e-05  8.96357714e-01  8.96470726e-01  8.96425921e-01 -1.51456460e-05 -1.34054660e-12 -6.47113233e-12 
 6.83724576e-05  8.96357905e-01  8.96470753e-01  8.96425915e-01 -1.51507031e-05  5.19124023e-13  1.45264475e-11 
 6.84724576e-05  8.96357702e-01  8.96470714e-01  8.96425909e-01 -1.51456483e-05 -1.34023305e-12 -6.46805233e-12 
 6.85724576e-05  8.96357892e-01  8.96470740e-01  8.96425903e-01 -1.51507008e-05  5.18811990e-13  1.45233888e-11 
 6.86724576e-05  8.96357690e-01  8.96470701e-01  8.96425896e-01 -1.51456506e-05 -1.33992123e-12 -6.46500572e-12 
 6.87724576e-05  8.96357880e-01  8.96470728e-01  8.96425890e-01 -1.51506985e-05  5.18498655e-13  1.45203355e-11 
 6.88724576e-05  8.96357677e-01  8.96470689e-01  8.96425884e-01 -1.51456529e-05 -1.33960941e-12 -6.46196557e-12 
 6.89724576e-05  8.96357867e-01  8.96470715e-01  8.96425878e-01 -1.51506961e-05  5.18187923e-13  1.45172761e-11 
 6.90724576e-05  8.96357665e-01  8.96470676e-01  8.96425872e-01 -1.51456552e-05 -1.33929825e-12 -6.45893430e-12 
 6.91724576e-05  8.96357855e-01  8.96470703e-01  8.96425865e-01 -1.51506938e-05  5.17876974e-13  1.45142245e-11 
 6.92724576e-05  8.96357652e-01  8.96470664e-01  8.96425859e-01 -1.51456576e-05 -1.33898665e-12 -6.45587983e-12 
 6.93724576e-05  8.96357842e-01  8.96470690e-01  8.96425853e-01 -1.51506915e-05  5.17566675e-13  1.45111829e-11 
 6.94724576e-05  8.96357640e-01  8.96470651e-01  8.96425847e-01 -1.51456599e-05 -1.33867678e-12 -6.45281766e-12 
 6.95724576e-05  8.96357830e-01  8.96470678e-01  8.96425840e-01 -1.51506892e-05  5.17257461e-13  1.45081472e-11 
 6.96724576e-05  8.96357627e-01  8.96470639e-01  8.96425834e-01 -1.51456622e-05 -1.33836778e-12 -6.44978689e-12 
 6.97724576e-05  8.96357817e-01  8.96470665e-01  8.96425828e-01 -1.51506869e-05  5.16947379e-13  1.45050998e-11 
 6.98724576e-05  8.96357615e-01  8.96470626e-01  8.96425822e-01 -1.51456645e-05 -1.33805770e-12 -6.44675578e-12 
 6.99724576e-05  8.96357805e-01  8.96470653e-01  8.96425815e-01 -1.51506846e-05  5.16639032e-13  1.45020301e-11 
 7.00724576e-05  8.96357602e-01  8.96470614e-01  8.96425809e-01 -1.51456669e-05 -1.33774957e-12 -6.44371801e-12 
 7.01724576e-05  8.96357792e-01  8.96470641e-01  8.96425803e-01 -1.51506822e-05  5.16330685e-13  1.44990013e-11 
 7.02724576e-05  8.96357590e-01  8.96470601e-01  8.96425797e-01 -1.51456692e-05 -1.33744166e-12 -6.44065899e-12 
 7.03724576e-05  8.96357780e-01  8.96470628e-01  8.96425790e-01 -1.51506799e-05  5.16022555e-13  1.44959571e-11 
 7.04724576e-05  8.96357578e-01  8.96470589e-01  8.96425784e-01 -1.51456715e-05 -1.33713440e-12 -6.43761238e-12 
 7.05724576e-05  8.96357767e-01  8.96470616e-01  8.96425778e-01 -1.51506776e-05  5.15715508e-13  1.44929180e-11 
 7.06724576e-05  8.96357565e-01  8.96470576e-01  8.96425772e-01 -1.51456738e-05 -1.33682713e-12 -6.43460128e-12 
 7.07724576e-05  8.96357755e-01  8.96470603e-01  8.96425765e-01 -1.51506753e-05  5.15408029e-13  1.44898668e-11 
 7.08724576e-05  8.96357553e-01  8.96470564e-01  8.96425759e-01 -1.51456761e-05 -1.33652226e-12 -6.43154491e-12 
 7.09724576e-05  8.96357742e-01  8.96470591e-01  8.96425753e-01 -1.51506730e-05  5.15101850e-13  1.44868270e-11 
 7.10724576e-05  8.96357540e-01  8.96470551e-01  8.96425747e-01 -1.51456785e-05 -1.33621521e-12 -6.42851646e-12 
 7.11724576e-05  8.96357730e-01  8.96470578e-01  8.96425741e-01 -1.51506707e-05  5.14797406e-13  1.44838003e-11 
 7.12724576e-05  8.96357528e-01  8.96470539e-01  8.96425734e-01 -1.51456808e-05 -1.33591033e-12 -6.42545262e-12 
 7.13724576e-05  8.96357717e-01  8.96470566e-01  8.96425728e-01 -1.51506684e-05  5.14492962e-13  1.44807574e-11 
 7.14724576e-05  8.96357515e-01  8.96470527e-01  8.96425722e-01 -1.51456831e-05 -1.33560610e-12 -6.42243675e-12 
 7.15724576e-05  8.96357705e-01  8.96470553e-01  8.96425716e-01 -1.51506661e-05  5.14187868e-13  1.44777364e-11 
 7.16724576e-05  8.96357503e-01  8.96470514e-01  8.96425709e-01 -1.51456854e-05 -1.33530209e-12 -6.41941676e-12 
 7.17724576e-05  8.96357692e-01  8.96470541e-01  8.96425703e-01 -1.51506637e-05  5.13883857e-13  1.44746863e-11 
 7.18724576e-05  8.96357490e-01  8.96470502e-01  8.96425697e-01 -1.51456877e-05 -1.33499982e-12 -6.41637985e-12 
 7.19724576e-05  8.96357680e-01  8.96470528e-01  8.96425691e-01 -1.51506614e-05  5.13582232e-13  1.44716551e-11 
 7.20724576e-05  8.96357478e-01  8.96470489e-01  8.96425684e-01 -1.51456900e-05 -1.33469581e-12 -6.41332343e-12 
 7.21724576e-05  8.96357667e-01  8.96470516e-01  8.96425678e-01 -1.51506591e-05  5.13278656e-13  1.44686055e-11 
 7.22724576e-05  8.96357466e-01  8.96470477e-01  8.96425672e-01 -1.51456924e-05 -1.33439397e-12 -6.41032892e-12 
 7.23724576e-05  8.96357655e-01  8.96470503e-01  8.96425666e-01 -1.51506568e-05  5.12977031e-13  1.44655850e-11 
 7.24724576e-05  8.96357453e-01  8.96470464e-01  8.96425660e-01 -1.51456947e-05 -1.33409321e-12 -6.40728903e-12 
 7.25724576e-05  8.96357642e-01  8.96470491e-01  8.96425653e-01 -1.51506545e-05  5.12676923e-13  1.44625577e-11 
 7.26724576e-05  8.96357441e-01  8.96470452e-01  8.96425647e-01 -1.51456970e-05 -1.33379158e-12 -6.40425262e-12 
 7.27724576e-05  8.96357630e-01  8.96470478e-01  8.96425641e-01 -1.51506522e-05  5.12375949e-13  1.44595133e-11 
 7.28724576e-05  8.96357428e-01  8.96470439e-01  8.96425635e-01 -1.51456993e-05 -1.33349126e-12 -6.40120666e-12 
 7.29724576e-05  8.96357617e-01  8.96470466e-01  8.96425628e-01 -1.51506499e-05  5.12075408e-13  1.44564972e-11 
 7.30724576e-05  8.96357416e-01  8.96470427e-01  8.96425622e-01 -1.51457016e-05 -1.33319180e-12 -6.39818580e-12 
 7.31724576e-05  8.96357605e-01  8.96470453e-01  8.96425616e-01 -1.51506476e-05  5.11776385e-13  1.44534566e-11 
 7.32724576e-05  8.96357403e-01  8.96470414e-01  8.96425610e-01 -1.51457039e-05 -1.33289256e-12 -6.39519660e-12 
 7.33724576e-05  8.96357592e-01  8.96470441e-01  8.96425603e-01 -1.51506453e-05  5.11477145e-13  1.44504167e-11 
 7.34724576e-05  8.96357391e-01  8.96470402e-01  8.96425597e-01 -1.51457062e-05 -1.33259311e-12 -6.39214712e-12 
 7.35724576e-05  8.96357580e-01  8.96470428e-01  8.96425591e-01 -1.51506430e-05  5.11178556e-13  1.44473821e-11 
 7.36724576e-05  8.96357378e-01  8.96470389e-01  8.96425585e-01 -1.51457086e-05 -1.33229604e-12 -6.38914009e-12 
 7.37724576e-05  8.96357567e-01  8.96470416e-01  8.96425578e-01 -1.51506407e-05  5.10882352e-13  1.44443617e-11 
 7.38724576e-05  8.96357366e-01  8.96470377e-01  8.96425572e-01 -1.51457109e-05 -1.33199896e-12 -6.38609174e-12 
 7.39724576e-05  8.96357555e-01  8.96470404e-01  8.96425566e-01 -1.51506384e-05  5.10584196e-13  1.44413517e-11 
 7.40724576e-05  8.96357354e-01  8.96470364e-01  8.96425560e-01 -1.51457132e-05 -1.33170124e-12 -6.38306909e-12 
 7.41724576e-05  8.96357542e-01  8.96470391e-01  8.96425553e-01 -1.51506360e-05  5.10284523e-13  1.44383256e-11 
 7.42724576e-05  8.96357341e-01  8.96470352e-01  8.96425547e-01 -1.51457155e-05 -1.33140569e-12 -6.38006499e-12 
 7.43724576e-05  8.96357530e-01  8.96470379e-01  8.96425541e-01 -1.51506337e-05  5.09990704e-13  1.44353051e-11 
 7.44724576e-05  8.96357329e-01  8.96470340e-01  8.96425535e-01 -1.51457178e-05 -1.33110818e-12 -6.37703470e-12 
 7.45724576e-05  8.96357517e-01  8.96470366e-01  8.96425529e-01 -1.51506314e-05  5.09696018e-13  1.44322913e-11 
 7.46724576e-05  8.96357316e-01  8.96470327e-01  8.96425522e-01 -1.51457201e-05 -1.33081393e-12 -6.37399286e-12 
 7.47724576e-05  8.96357505e-01  8.96470354e-01  8.96425516e-01 -1.51506291e-05  5.09400681e-13  1.44292643e-11 
 7.48724576e-05  8.96357304e-01  8.96470315e-01  8.96425510e-01 -1.51457224e-05 -1.33051816e-12 -6.37099537e-12 
 7.49724576e-05  8.96357492e-01  8.96470341e-01  8.96425504e-01 -1.51506268e-05  5.09107513e-13  1.44262217e-11 
 7.50724576e-05  8.96357291e-01  8.96470302e-01  8.96425497e-01 -1.51457247e-05 -1.33022543e-12 -6.36798632e-12 
 7.51724576e-05  8.96357480e-01  8.96470329e-01  8.96425491e-01 -1.51506245e-05  5.08813477e-13  1.44232089e-11 
 7.52724576e-05  8.96357279e-01  8.96470290e-01  8.96425485e-01 -1.51457271e-05 -1.32993334e-12 -6.36495956e-12 
 7.53724576e-05  8.96357467e-01  8.96470316e-01  8.96425479e-01 -1.51506222e-05  5.08521177e-13  1.44202064e-11 
 7.54724576e-05  8.96357266e-01  8.96470277e-01  8.96425472e-01 -1.51457294e-05 -1.32963974e-12 -6.36194846e-12 
 7.55724576e-05  8.96357455e-01  8.96470304e-01  8.96425466e-01 -1.51506199e-05  5.08229960e-13  1.44171817e-11 
 7.56724576e-05  8.96357254e-01  8.96470265e-01  8.96425460e-01 -1.51457317e-05 -1.32934852e-12 -6.35893145e-12 
 7.57724576e-05  8.96357442e-01  8.96470291e-01  8.96425454e-01 -1.51506176e-05  5.07937442e-13  1.44141576e-11 
 7.58724576e-05  8.96357241e-01  8.96470252e-01  8.96425448e-01 -1.51457340e-05 -1.32905731e-12 -6.35594241e-12 
 7.59724576e-05  8.96357430e-01  8.96470279e-01  8.96425441e-01 -1.51506153e-05  5.07646009e-13  1.44111324e-11 
 7.60724576e-05  8.96357229e-01  8.96470240e-01  8.96425435e-01 -1.51457363e-05 -1.32876717e-12 -6.35290252e-12 
 7.61724576e-05  8.96357417e-01  8.96470266e-01  8.96425429e-01 -1.51506130e-05  5.07356527e-13  1.44081308e-11 
 7.62724576e-05  8.96357217e-01  8.96470227e-01  8.96425423e-01 -1.51457386e-05 -1.32847661e-12 -6.34987657e-12 
 7.63724576e-05  8.96357405e-01  8.96470254e-01  8.96425416e-01 -1.51506107e-05  5.07065960e-13  1.44050914e-11 
 7.64724576e-05  8.96357204e-01  8.96470215e-01  8.96425410e-01 -1.51457409e-05 -1.32818669e-12 -6.34689388e-12 
 7.65724576e-05  8.96357392e-01  8.96470241e-01  8.96425404e-01 -1.51506084e-05  5.06777996e-13  1.44021013e-11 
 7.66724576e-05  8.96357192e-01  8.96470202e-01  8.96425398e-01 -1.51457432e-05 -1.32789873e-12 -6.34387952e-12 
 7.67724576e-05  8.96357380e-01  8.96470229e-01  8.96425391e-01 -1.51506061e-05  5.06488297e-13  1.43990940e-11 
 7.68724576e-05  8.96357179e-01  8.96470190e-01  8.96425385e-01 -1.51457455e-05 -1.32761141e-12 -6.34087260e-12 
 7.69724576e-05  8.96357367e-01  8.96470216e-01  8.96425379e-01 -1.51506038e-05  5.06201418e-13  1.43960740e-11 
 7.70724576e-05  8.96357167e-01  8.96470177e-01  8.96425373e-01 -1.51457478e-05 -1.32732258e-12 -6.33783732e-12 
 7.71724576e-05  8.96357355e-01  8.96470204e-01  8.96425366e-01 -1.51506015e-05  5.05913453e-13  1.43930713e-11 
 7.72724576e-05  8.96357154e-01  8.96470165e-01  8.96425360e-01 -1.51457501e-05 -1.32703484e-12 -6.33483782e-12 
 7.73724576e-05  8.96357342e-01  8.96470191e-01  8.96425354e-01 -1.51505992e-05  5.05625273e-13  1.43900644e-11 
 7.74724576e-05  8.96357142e-01  8.96470153e-01  8.96425348e-01 -1.51457524e-05 -1.32674882e-12 -6.33183420e-12 
 7.75724576e-05  8.96357330e-01  8.96470179e-01  8.96425341e-01 -1.51505969e-05  5.05340344e-13  1.43870290e-11 
 7.76724576e-05  8.96357129e-01  8.96470140e-01  8.96425335e-01 -1.51457547e-05 -1.32646346e-12 -6.32883329e-12 
 7.77724576e-05  8.96357317e-01  8.96470166e-01  8.96425329e-01 -1.51505946e-05  5.05054115e-13  1.43840532e-11 
 7.78724576e-05  8.96357117e-01  8.96470128e-01  8.96425323e-01 -1.51457571e-05 -1.32617723e-12 -6.32583330e-12 
 7.79724576e-05  8.96357305e-01  8.96470154e-01  8.96425317e-01 -1.51505923e-05  5.04768536e-13  1.43810336e-11 
 7.80724576e-05  8.96357105e-01  8.96470115e-01  8.96425310e-01 -1.51457594e-05 -1.32589339e-12 -6.32282426e-12 
 7.81724576e-05  8.96357292e-01  8.96470142e-01  8.96425304e-01 -1.51505900e-05  5.04485126e-13  1.43780264e-11 
 7.82724576e-05  8.96357092e-01  8.96470103e-01  8.96425298e-01 -1.51457617e-05 -1.32560868e-12 -6.31981333e-12 
 7.83724576e-05  8.96357280e-01  8.96470129e-01  8.96425292e-01 -1.51505877e-05  5.04201065e-13  1.43749993e-11 
 7.84724576e-05  8.96357080e-01  8.96470090e-01  8.96425285e-01 -1.51457640e-05 -1.32532505e-12 -6.31683849e-12 
 7.85724576e-05  8.96357267e-01  8.96470117e-01  8.96425279e-01 -1.51505854e-05  5.03917654e-13  1.43720113e-11 
 7.86724576e-05  8.96357067e-01  8.96470078e-01  8.96425273e-01 -1.51457663e-05 -1.32504381e-12 -6.31383574e-12 
 7.87724576e-05  8.96357255e-01  8.96470104e-01  8.96425267e-01 -1.51505831e-05  5.03636412e-13  1.43689898e-11 
 7.88724576e-05  8.96357055e-01  8.96470065e-01  8.96425260e-01 -1.51457686e-05 -1.32476148e-12 -6.31083304e-12 
 7.89724576e-05  8.96357242e-01  8.96470092e-01  8.96425254e-01 -1.51505808e-05  5.03353652e-13  1.43659924e-11 
 7.90724576e-05  8.96357042e-01  8.96470053e-01  8.96425248e-01 -1.51457709e-05 -1.32447959e-12 -6.30782508e-12 
 7.91724576e-05  8.96357230e-01  8.96470079e-01  8.96425242e-01 -1.51505785e-05  5.03072844e-13  1.43630166e-11 
 7.92724576e-05  8.96357030e-01  8.96470040e-01  8.96425236e-01 -1.51457732e-05 -1.32419791e-12 -6.30483963e-12 
 7.93724576e-05  8.96357217e-01  8.96470067e-01  8.96425229e-01 -1.51505762e-05  5.02792903e-13  1.43600060e-11 
 7.94724576e-05  8.96357017e-01  8.96470028e-01  8.96425223e-01 -1.51457755e-05 -1.32391841e-12 -6.30184089e-12 
 7.95724576e-05  8.96357205e-01  8.96470054e-01  8.96425217e-01 -1.51505739e-05  5.02510793e-13  1.43570110e-11 
 7.96724576e-05  8.96357005e-01  8.96470015e-01  8.96425211e-01 -1.51457778e-05 -1.32363781e-12 -6.29881889e-12 
 7.97724576e-05  8.96357192e-01  8.96470042e-01  8.96425204e-01 -1.51505716e-05  5.02231937e-13  1.43539892e-11 
 7.98724576e-05  8.96356993e-01  8.96470003e-01  8.96425198e-01 -1.51457801e-05 -1.32335982e-12 -6.29584915e-12 
 7.99724576e-05  8.96357180e-01  8.96470029e-01  8.96425192e-01 -1.51505693e-05  5.01953730e-13  1.43509928e-11 
 8.00724576e-05  8.96356980e-01  8.96469990e-01  8.96425186e-01 -1.51457824e-05 -1.32308053e-12 -6.29286331e-12 
 8.01724576e-05  8.96357167e-01  8.96470017e-01  8.96425179e-01 -1.51505670e-05  5.01675524e-13  1.43480186e-11 
 8.02724576e-05  8.96356968e-01  8.96469978e-01  8.96425173e-01 -1.51457847e-05 -1.32280233e-12 -6.28982885e-12 
 8.03724576e-05  8.96357155e-01  8.96470004e-01  8.96425167e-01 -1.51505648e-05  5.01397318e-13  1.43450112e-11 
 8.04724576e-05  8.96356955e-01  8.96469966e-01  8.96425161e-01 -1.51457870e-05 -1.32252564e-12 -6.28684615e-12 
 8.05724576e-05  8.96357142e-01  8.96469992e-01  8.96425154e-01 -1.51505625e-05  5.01121063e-13  1.43420300e-11 
 8.06724576e-05  8.96356943e-01  8.96469953e-01  8.96425148e-01 -1.51457893e-05 -1.32224852e-12 -6.28388319e-12 
 8.07724576e-05  8.96357130e-01  8.96469979e-01  8.96425142e-01 -1.51505602e-05  5.00844808e-13  1.43390290e-11 
 8.08724576e-05  8.96356930e-01  8.96469941e-01  8.96425136e-01 -1.51457916e-05 -1.32197248e-12 -6.28085415e-12 
 8.09724576e-05  8.96357117e-01  8.96469967e-01  8.96425129e-01 -1.51505579e-05  5.00567903e-13  1.43360332e-11 
 8.10724576e-05  8.96356918e-01  8.96469928e-01  8.96425123e-01 -1.51457939e-05 -1.32169666e-12 -6.27788658e-12 
 8.11724576e-05  8.96357105e-01  8.96469954e-01  8.96425117e-01 -1.51505556e-05  5.00292733e-13  1.43330252e-11 
 8.12724576e-05  8.96356905e-01  8.96469916e-01  8.96425111e-01 -1.51457962e-05 -1.32142149e-12 -6.27489423e-12 
 8.13724576e-05  8.96357092e-01  8.96469942e-01  8.96425105e-01 -1.51505533e-05  5.00018213e-13  1.43300569e-11 
 8.14724576e-05  8.96356893e-01  8.96469903e-01  8.96425098e-01 -1.51457985e-05 -1.32114653e-12 -6.27191739e-12 
 8.15724576e-05  8.96357080e-01  8.96469929e-01  8.96425092e-01 -1.51505510e-05  4.99743259e-13  1.43270716e-11 
 8.16724576e-05  8.96356881e-01  8.96469891e-01  8.96425086e-01 -1.51458008e-05 -1.32087353e-12 -6.26891285e-12 
 8.17724576e-05  8.96357067e-01  8.96469917e-01  8.96425080e-01 -1.51505487e-05  4.99470257e-13  1.43240508e-11 
 8.18724576e-05  8.96356868e-01  8.96469878e-01  8.96425073e-01 -1.51458031e-05 -1.32060010e-12 -6.26595217e-12 
 8.19724576e-05  8.96357055e-01  8.96469905e-01  8.96425067e-01 -1.51505464e-05  4.99197255e-13  1.43210823e-11 
 8.20724576e-05  8.96356856e-01  8.96469866e-01  8.96425061e-01 -1.51458054e-05 -1.32032493e-12 -6.26294524e-12 
 8.21724576e-05  8.96357042e-01  8.96469892e-01  8.96425055e-01 -1.51505441e-05  4.98925337e-13  1.43181022e-11 
 8.22724576e-05  8.96356843e-01  8.96469853e-01  8.96425048e-01 -1.51458077e-05 -1.32005388e-12 -6.25995100e-12 
 8.23724576e-05  8.96357030e-01  8.96469880e-01  8.96425042e-01 -1.51505418e-05  4.98654286e-13  1.43151077e-11 
 8.24724576e-05  8.96356831e-01  8.96469841e-01  8.96425036e-01 -1.51458099e-05 -1.31978196e-12 -6.25696803e-12 
 8.25724576e-05  8.96357017e-01  8.96469867e-01  8.96425030e-01 -1.51505395e-05  4.98382585e-13  1.43121187e-11 
 8.26724576e-05  8.96356818e-01  8.96469828e-01  8.96425024e-01 -1.51458122e-05 -1.31951177e-12 -6.25399347e-12 
 8.27724576e-05  8.96357005e-01  8.96469855e-01  8.96425017e-01 -1.51505373e-05  4.98112402e-13  1.43091394e-11 
 8.28724576e-05  8.96356806e-01  8.96469816e-01  8.96425011e-01 -1.51458145e-05 -1.31924159e-12 -6.25102140e-12 
 8.29724576e-05  8.96356992e-01  8.96469842e-01  8.96425005e-01 -1.51505350e-05  4.97843086e-13  1.43061387e-11 
 8.30724576e-05  8.96356793e-01  8.96469803e-01  8.96424999e-01 -1.51458168e-05 -1.31897228e-12 -6.24801719e-12 
 8.31724576e-05  8.96356980e-01  8.96469830e-01  8.96424992e-01 -1.51505327e-05  4.97572686e-13  1.43031841e-11 
 8.32724576e-05  8.96356781e-01  8.96469791e-01  8.96424986e-01 -1.51458191e-05 -1.31870296e-12 -6.24503465e-12 
 8.33724576e-05  8.96356967e-01  8.96469817e-01  8.96424980e-01 -1.51505304e-05  4.97305322e-13  1.43002016e-11 
 8.34724576e-05  8.96356769e-01  8.96469779e-01  8.96424974e-01 -1.51458214e-05 -1.31843516e-12 -6.24205348e-12 
 8.35724576e-05  8.96356955e-01  8.96469805e-01  8.96424967e-01 -1.51505281e-05  4.97037741e-13  1.42972186e-11 
 8.36724576e-05  8.96356756e-01  8.96469766e-01  8.96424961e-01 -1.51458237e-05 -1.31816736e-12 -6.23909290e-12 
 8.37724576e-05  8.96356942e-01  8.96469792e-01  8.96424955e-01 -1.51505258e-05  4.96770160e-13  1.42942082e-11 
 8.38724576e-05  8.96356744e-01  8.96469754e-01  8.96424949e-01 -1.51458260e-05 -1.31789978e-12 -6.23613650e-12 
 8.39724576e-05  8.96356930e-01  8.96469780e-01  8.96424942e-01 -1.51505235e-05  4.96502795e-13  1.42912348e-11 
 8.40724576e-05  8.96356731e-01  8.96469741e-01  8.96424936e-01 -1.51458283e-05 -1.31763285e-12 -6.23313906e-12 
 8.41724576e-05  8.96356917e-01  8.96469767e-01  8.96424930e-01 -1.51505212e-05  4.96236515e-13  1.42882302e-11 
 8.42724576e-05  8.96356719e-01  8.96469729e-01  8.96424924e-01 -1.51458306e-05 -1.31736787e-12 -6.23018450e-12 
 8.43724576e-05  8.96356905e-01  8.96469755e-01  8.96424918e-01 -1.51505190e-05  4.95971320e-13  1.42852962e-11 
 8.44724576e-05  8.96356706e-01  8.96469716e-01  8.96424911e-01 -1.51458329e-05 -1.31710116e-12 -6.22720262e-12 
 8.45724576e-05  8.96356892e-01  8.96469742e-01  8.96424905e-01 -1.51505167e-05  4.95705907e-13  1.42822874e-11 
 8.46724576e-05  8.96356694e-01  8.96469704e-01  8.96424899e-01 -1.51458352e-05 -1.31683748e-12 -6.22422437e-12 
 8.47724576e-05  8.96356880e-01  8.96469730e-01  8.96424893e-01 -1.51505144e-05  4.95441362e-13  1.42793317e-11 
 8.48724576e-05  8.96356681e-01  8.96469691e-01  8.96424886e-01 -1.51458375e-05 -1.31657272e-12 -6.22125100e-12 
 8.49724576e-05  8.96356867e-01  8.96469717e-01  8.96424880e-01 -1.51505121e-05  4.95177250e-13  1.42763578e-11 
 8.50724576e-05  8.96356669e-01  8.96469679e-01  8.96424874e-01 -1.51458398e-05 -1.31630947e-12 -6.21828712e-12 
 8.51724576e-05  8.96356855e-01  8.96469705e-01  8.96424868e-01 -1.51505098e-05  4.94913789e-13  1.42733630e-11 
 8.52724576e-05  8.96356656e-01  8.96469666e-01  8.96424861e-01 -1.51458420e-05 -1.31604666e-12 -6.21532768e-12 
 8.53724576e-05  8.96356842e-01  8.96469692e-01  8.96424855e-01 -1.51505075e-05  4.94648376e-13  1.42704070e-11 
 8.54724576e-05  8.96356644e-01  8.96469654e-01  8.96424849e-01 -1.51458443e-05 -1.31578407e-12 -6.21232774e-12 
 8.55724576e-05  8.96356830e-01  8.96469680e-01  8.96424843e-01 -1.51505053e-05  4.94386650e-13  1.42674266e-11 
 8.56724576e-05  8.96356632e-01  8.96469641e-01  8.96424836e-01 -1.51458466e-05 -1.31552234e-12 -6.20937020e-12 
 8.57724576e-05  8.96356817e-01  8.96469667e-01  8.96424830e-01 -1.51505030e-05  4.94125140e-13  1.42644692e-11 
 8.58724576e-05  8.96356619e-01  8.96469629e-01  8.96424824e-01 -1.51458489e-05 -1.31526040e-12 -6.20637509e-12 
 8.59724576e-05  8.96356805e-01  8.96469655e-01  8.96424818e-01 -1.51505007e-05  4.93865148e-13  1.42614697e-11 
 8.60724576e-05  8.96356607e-01  8.96469616e-01  8.96424812e-01 -1.51458512e-05 -1.31499954e-12 -6.20345545e-12 
 8.61724576e-05  8.96356792e-01  8.96469643e-01  8.96424805e-01 -1.51504984e-05  4.93603639e-13  1.42585004e-11 
 8.62724576e-05  8.96356594e-01  8.96469604e-01  8.96424799e-01 -1.51458535e-05 -1.31473977e-12 -6.20046869e-12 
 8.63724576e-05  8.96356780e-01  8.96469630e-01  8.96424793e-01 -1.51504961e-05  4.93342780e-13  1.42555737e-11 
 8.64724576e-05  8.96356582e-01  8.96469592e-01  8.96424787e-01 -1.51458558e-05 -1.31448043e-12 -6.19750296e-12 
 8.65724576e-05  8.96356767e-01  8.96469618e-01  8.96424780e-01 -1.51504938e-05  4.93084740e-13  1.42525599e-11 
 8.66724576e-05  8.96356569e-01  8.96469579e-01  8.96424774e-01 -1.51458581e-05 -1.31422217e-12 -6.19454124e-12 
 8.67724576e-05  8.96356755e-01  8.96469605e-01  8.96424768e-01 -1.51504916e-05  4.92827350e-13  1.42496274e-11 
 8.68724576e-05  8.96356557e-01  8.96469567e-01  8.96424762e-01 -1.51458604e-05 -1.31396261e-12 -6.19156549e-12 
 8.69724576e-05  8.96356742e-01  8.96469593e-01  8.96424755e-01 -1.51504893e-05  4.92567358e-13  1.42466382e-11 
 8.70724576e-05  8.96356544e-01  8.96469554e-01  8.96424749e-01 -1.51458626e-05 -1.31370631e-12 -6.18862063e-12 
 8.71724576e-05  8.96356730e-01  8.96469580e-01  8.96424743e-01 -1.51504870e-05  4.92310619e-13  1.42436786e-11 
 8.72724576e-05  8.96356532e-01  8.96469542e-01  8.96424737e-01 -1.51458649e-05 -1.31344740e-12 -6.18564721e-12 
 8.73724576e-05  8.96356717e-01  8.96469568e-01  8.96424730e-01 -1.51504847e-05  4.92053447e-13  1.42407011e-11 
 8.74724576e-05  8.96356520e-01  8.96469529e-01  8.96424724e-01 -1.51458672e-05 -1.31319044e-12 -6.18268365e-12 
 8.75724576e-05  8.96356705e-01  8.96469555e-01  8.96424718e-01 -1.51504824e-05  4.91797141e-13  1.42377334e-11 
 8.76724576e-05  8.96356507e-01  8.96469517e-01  8.96424712e-01 -1.51458695e-05 -1.31293522e-12 -6.17971397e-12 
 8.77724576e-05  8.96356692e-01  8.96469543e-01  8.96424706e-01 -1.51504802e-05  4.91541920e-13  1.42347818e-11 
 8.78724576e-05  8.96356495e-01  8.96469504e-01  8.96424699e-01 -1.51458718e-05 -1.31267957e-12 -6.17677735e-12 
 8.79724576e-05  8.96356680e-01  8.96469530e-01  8.96424693e-01 -1.51504779e-05  4.91285831e-13  1.42318164e-11 
 8.80724576e-05  8.96356482e-01  8.96469492e-01  8.96424687e-01 -1.51458741e-05 -1.31242369e-12 -6.17380084e-12 
 8.81724576e-05  8.96356667e-01  8.96469518e-01  8.96424681e-01 -1.51504756e-05  4.91030827e-13  1.42288862e-11 
 8.82724576e-05  8.96356470e-01  8.96469479e-01  8.96424674e-01 -1.51458763e-05 -1.31216977e-12 -6.17083527e-12 
 8.83724576e-05  8.96356655e-01  8.96469505e-01  8.96424668e-01 -1.51504733e-05  4.90777341e-13  1.42259006e-11 
 8.84724576e-05  8.96356457e-01  8.96469467e-01  8.96424662e-01 -1.51458786e-05 -1.31191520e-12 -6.16788299e-12 
 8.85724576e-05  8.96356642e-01  8.96469493e-01  8.96424656e-01 -1.51504711e-05  4.90522770e-13  1.42229741e-11 
 8.86724576e-05  8.96356445e-01  8.96469454e-01  8.96424649e-01 -1.51458809e-05 -1.31166193e-12 -6.16491461e-12 
 8.87724576e-05  8.96356630e-01  8.96469480e-01  8.96424643e-01 -1.51504688e-05  4.90269934e-13  1.42199900e-11 
 8.88724576e-05  8.96356432e-01  8.96469442e-01  8.96424637e-01 -1.51458832e-05 -1.31141018e-12 -6.16197122e-12 
 8.89724576e-05  8.96356617e-01  8.96469468e-01  8.96424631e-01 -1.51504665e-05  4.90018399e-13  1.42170562e-11 
 8.90724576e-05  8.96356420e-01  8.96469429e-01  8.96424625e-01 -1.51458855e-05 -1.31115756e-12 -6.15902950e-12 
 8.91724576e-05  8.96356605e-01  8.96469455e-01  8.96424618e-01 -1.51504642e-05  4.89766431e-13  1.42140514e-11 
 8.92724576e-05  8.96356408e-01  8.96469417e-01  8.96424612e-01 -1.51458878e-05 -1.31090516e-12 -6.15606356e-12 
 8.93724576e-05  8.96356592e-01  8.96469443e-01  8.96424606e-01 -1.51504620e-05  4.89512727e-13  1.42110961e-11 
 8.94724576e-05  8.96356395e-01  8.96469405e-01  8.96424600e-01 -1.51458900e-05 -1.31065428e-12 -6.15312207e-12 
 8.95724576e-05  8.96356580e-01  8.96469430e-01  8.96424593e-01 -1.51504597e-05  4.89262060e-13  1.42081568e-11 
 8.96724576e-05  8.96356383e-01  8.96469392e-01  8.96424587e-01 -1.51458923e-05 -1.31040404e-12 -6.15016122e-12 
 8.97724576e-05  8.96356567e-01  8.96469418e-01  8.96424581e-01 -1.51504574e-05  4.89011392e-13  1.42052053e-11 
 8.98724576e-05  8.96356370e-01  8.96469380e-01  8.96424575e-01 -1.51458946e-05 -1.31015251e-12 -6.14719956e-12 
 8.99724576e-05  8.96356555e-01  8.96469406e-01  8.96424568e-01 -1.51504551e-05  4.88762242e-13  1.42022490e-11 
 9.00724576e-05  8.96356358e-01  8.96469367e-01  8.96424562e-01 -1.51458969e-05 -1.30990336e-12 -6.14425882e-12 
 9.01724576e-05  8.96356542e-01  8.96469393e-01  8.96424556e-01 -1.51504529e-05  4.88513527e-13  1.41993216e-11 
 9.02724576e-05  8.96356345e-01  8.96469355e-01  8.96424550e-01 -1.51458992e-05 -1.30965508e-12 -6.14131684e-12 
 9.03724576e-05  8.96356530e-01  8.96469381e-01  8.96424543e-01 -1.51504506e-05  4.88264594e-13  1.41963478e-11 
 9.04724576e-05  8.96356333e-01  8.96469342e-01  8.96424537e-01 -1.51459014e-05 -1.30940593e-12 -6.13837388e-12 
 9.05724576e-05  8.96356517e-01  8.96469368e-01  8.96424531e-01 -1.51504483e-05  4.88016528e-13  1.41934120e-11 
 9.06724576e-05  8.96356320e-01  8.96469330e-01  8.96424525e-01 -1.51459037e-05 -1.30915873e-12 -6.13541488e-12 
 9.07724576e-05  8.96356505e-01  8.96469356e-01  8.96424518e-01 -1.51504460e-05  4.87769113e-13  1.41904155e-11 
 9.08724576e-05  8.96356308e-01  8.96469317e-01  8.96424512e-01 -1.51459060e-05 -1.30891196e-12 -6.13247696e-12 
 9.09724576e-05  8.96356492e-01  8.96469343e-01  8.96424506e-01 -1.51504438e-05  4.87523216e-13  1.41874961e-11 
 9.10724576e-05  8.96356296e-01  8.96469305e-01  8.96424500e-01 -1.51459083e-05 -1.30866498e-12 -6.12951036e-12 
 9.11724576e-05  8.96356480e-01  8.96469331e-01  8.96424494e-01 -1.51504415e-05  4.87276018e-13  1.41845333e-11 
 9.12724576e-05  8.96356283e-01  8.96469292e-01  8.96424487e-01 -1.51459106e-05 -1.30841908e-12 -6.12658855e-12 
 9.13724576e-05  8.96356467e-01  8.96469318e-01  8.96424481e-01 -1.51504392e-05  4.87030555e-13  1.41816162e-11 
 9.14724576e-05  8.96356271e-01  8.96469280e-01  8.96424475e-01 -1.51459128e-05 -1.30817275e-12 -6.12365665e-12 
 9.15724576e-05  8.96356455e-01  8.96469306e-01  8.96424469e-01 -1.51504369e-05  4.86784658e-13  1.41786315e-11 
 9.16724576e-05  8.96356258e-01  8.96469267e-01  8.96424462e-01 -1.51459151e-05 -1.30792816e-12 -6.12068734e-12 
 9.17724576e-05  8.96356442e-01  8.96469293e-01  8.96424456e-01 -1.51504347e-05  4.86539411e-13  1.41757055e-11 
 9.18724576e-05  8.96356246e-01  8.96469255e-01  8.96424450e-01 -1.51459174e-05 -1.30768378e-12 -6.11774937e-12 
 9.19724576e-05  8.96356430e-01  8.96469281e-01  8.96424444e-01 -1.51504324e-05  4.86296116e-13  1.41727742e-11 
 9.20724576e-05  8.96356233e-01  8.96469242e-01  8.96424437e-01 -1.51459197e-05 -1.30743875e-12 -6.11481178e-12 
 9.21724576e-05  8.96356417e-01  8.96469268e-01  8.96424431e-01 -1.51504301e-05  4.86051954e-13  1.41697923e-11 
 9.22724576e-05  8.96356221e-01  8.96469230e-01  8.96424425e-01 -1.51459219e-05 -1.30719545e-12 -6.11187712e-12 
 9.23724576e-05  8.96356405e-01  8.96469256e-01  8.96424419e-01 -1.51504279e-05  4.85807792e-13  1.41668913e-11 
 9.24724576e-05  8.96356208e-01  8.96469218e-01  8.96424413e-01 -1.51459242e-05 -1.30695303e-12 -6.10893335e-12 
 9.25724576e-05  8.96356392e-01  8.96469243e-01  8.96424406e-01 -1.51504256e-05  4.85566014e-13  1.41639111e-11 
 9.26724576e-05  8.96356196e-01  8.96469205e-01  8.96424400e-01 -1.51459265e-05 -1.30671060e-12 -6.10599570e-12 
 9.27724576e-05  8.96356380e-01  8.96469231e-01  8.96424394e-01 -1.51504233e-05  4.85323804e-13  1.41609850e-11 
 9.28724576e-05  8.96356184e-01  8.96469193e-01  8.96424388e-01 -1.51459288e-05 -1.30646861e-12 -6.10306570e-12 
 9.29724576e-05  8.96356367e-01  8.96469218e-01  8.96424381e-01 -1.51504211e-05  4.85082460e-13  1.41580320e-11 
 9.30724576e-05  8.96356171e-01  8.96469180e-01  8.96424375e-01 -1.51459310e-05 -1.30622748e-12 -6.10013326e-12 
 9.31724576e-05  8.96356355e-01  8.96469206e-01  8.96424369e-01 -1.51504188e-05  4.84841117e-13  1.41551134e-11 
 9.32724576e-05  8.96356159e-01  8.96469168e-01  8.96424363e-01 -1.51459333e-05 -1.30598679e-12 -6.09719865e-12 
 9.33724576e-05  8.96356342e-01  8.96469193e-01  8.96424356e-01 -1.51504165e-05  4.84601075e-13  1.41521545e-11 
 9.34724576e-05  8.96356146e-01  8.96469155e-01  8.96424350e-01 -1.51459356e-05 -1.30574566e-12 -6.09423270e-12 
 9.35724576e-05  8.96356330e-01  8.96469181e-01  8.96424344e-01 -1.51504143e-05  4.84358864e-13  1.41492088e-11 
 9.36724576e-05  8.96356134e-01  8.96469143e-01  8.96424338e-01 -1.51459379e-05 -1.30550648e-12 -6.09132287e-12 
 9.37724576e-05  8.96356317e-01  8.96469168e-01  8.96424331e-01 -1.51504120e-05  4.84118821e-13  1.41463042e-11 
 9.38724576e-05  8.96356121e-01  8.96469130e-01  8.96424325e-01 -1.51459401e-05 -1.30526644e-12 -6.08838435e-12 
 9.39724576e-05  8.96356305e-01  8.96469156e-01  8.96424319e-01 -1.51504097e-05  4.83880514e-13  1.41433519e-11 
 9.40724576e-05  8.96356109e-01  8.96469118e-01  8.96424313e-01 -1.51459424e-05 -1.30502640e-12 -6.08543836e-12 
 9.41724576e-05  8.96356292e-01  8.96469144e-01  8.96424306e-01 -1.51504074e-05  4.83641772e-13  1.41404162e-11 
 9.42724576e-05  8.96356096e-01  8.96469105e-01  8.96424300e-01 -1.51459447e-05 -1.30478961e-12 -6.08251275e-12 
 9.43724576e-05  8.96356280e-01  8.96469131e-01  8.96424294e-01 -1.51504052e-05  4.83404983e-13  1.41374499e-11 
 9.44724576e-05  8.96356084e-01  8.96469093e-01  8.96424288e-01 -1.51459470e-05 -1.30455109e-12 -6.07961175e-12 
 9.45724576e-05  8.96356267e-01  8.96469119e-01  8.96424282e-01 -1.51504029e-05  4.83167326e-13  1.41345485e-11 
 9.46724576e-05  8.96356071e-01  8.96469080e-01  8.96424275e-01 -1.51459492e-05 -1.30431364e-12 -6.07665936e-12 
 9.47724576e-05  8.96356255e-01  8.96469106e-01  8.96424269e-01 -1.51504007e-05  4.82929885e-13  1.41316050e-11 
 9.48724576e-05  8.96356059e-01  8.96469068e-01  8.96424263e-01 -1.51459515e-05 -1.30407816e-12 -6.07371662e-12 
 9.49724576e-05  8.96356242e-01  8.96469094e-01  8.96424257e-01 -1.51503984e-05  4.82693746e-13  1.41286541e-11 
 9.50724576e-05  8.96356047e-01  8.96469055e-01  8.96424250e-01 -1.51459538e-05 -1.30384158e-12 -6.07079475e-12 
 9.51724576e-05  8.96356230e-01  8.96469081e-01  8.96424244e-01 -1.51503961e-05  4.82458041e-13  1.41257575e-11 
 9.52724576e-05  8.96356034e-01  8.96469043e-01  8.96424238e-01 -1.51459560e-05 -1.30360566e-12 -6.06786686e-12 
 9.53724576e-05  8.96356217e-01  8.96469069e-01  8.96424232e-01 -1.51503939e-05  4.82222986e-13  1.41228171e-11 
 9.54724576e-05  8.96356022e-01  8.96469031e-01  8.96424225e-01 -1.51459583e-05 -1.30337147e-12 -6.06492601e-12 
 9.55724576e-05  8.96356205e-01  8.96469056e-01  8.96424219e-01 -1.51503916e-05  4.81988147e-13  1.41199080e-11 
 9.56724576e-05  8.96356009e-01  8.96469018e-01  8.96424213e-01 -1.51459606e-05 -1.30313685e-12 -6.06201233e-12 
 9.57724576e-05  8.96356192e-01  8.96469044e-01  8.96424207e-01 -1.51503893e-05  4.81753960e-13  1.41169584e-11 
 9.58724576e-05  8.96355997e-01  8.96469006e-01  8.96424201e-01 -1.51459629e-05 -1.30290093e-12 -6.05908780e-12 
 9.59724576e-05  8.96356180e-01  8.96469031e-01  8.96424194e-01 -1.51503871e-05  4.81519121e-13  1.41140210e-11 
 9.60724576e-05  8.96355984e-01  8.96468993e-01  8.96424188e-01 -1.51459651e-05 -1.30266891e-12 -6.05616154e-12 
 9.61724576e-05  8.96356167e-01  8.96469019e-01  8.96424182e-01 -1.51503848e-05  4.81286018e-13  1.41111003e-11 
 9.62724576e-05  8.96355972e-01  8.96468981e-01  8.96424176e-01 -1.51459674e-05 -1.30243559e-12 -6.05322471e-12 
 9.63724576e-05  8.96356155e-01  8.96469006e-01  8.96424169e-01 -1.51503825e-05  4.81053348e-13  1.41081663e-11 
 9.64724576e-05  8.96355959e-01  8.96468968e-01  8.96424163e-01 -1.51459697e-05 -1.30220270e-12 -6.05031292e-12 
 9.65724576e-05  8.96356142e-01  8.96468994e-01  8.96424157e-01 -1.51503803e-05  4.80820895e-13  1.41052452e-11 
 9.66724576e-05  8.96355947e-01  8.96468956e-01  8.96424151e-01 -1.51459719e-05 -1.30197090e-12 -6.04739989e-12 
 9.67724576e-05  8.96356130e-01  8.96468981e-01  8.96424144e-01 -1.51503780e-05  4.80589960e-13  1.41023482e-11 
 9.68724576e-05  8.96355935e-01  8.96468943e-01  8.96424138e-01 -1.51459742e-05 -1.30173932e-12 -6.04446072e-12 
 9.69724576e-05  8.96356117e-01  8.96468969e-01  8.96424132e-01 -1.51503758e-05  4.80357941e-13  1.40994100e-11 
 9.70724576e-05  8.96355922e-01  8.96468931e-01  8.96424126e-01 -1.51459765e-05 -1.30150816e-12 -6.04155495e-12 
 9.71724576e-05  8.96356105e-01  8.96468956e-01  8.96424119e-01 -1.51503735e-05  4.80126789e-13  1.40964836e-11 
 9.72724576e-05  8.96355910e-01  8.96468918e-01  8.96424113e-01 -1.51459787e-05 -1.30127745e-12 -6.03862555e-12 
 9.73724576e-05  8.96356092e-01  8.96468944e-01  8.96424107e-01 -1.51503712e-05  4.79896071e-13  1.40935691e-11 
 9.74724576e-05  8.96355897e-01  8.96468906e-01  8.96424101e-01 -1.51459810e-05 -1.30104759e-12 -6.03569739e-12 
 9.75724576e-05  8.96356080e-01  8.96468931e-01  8.96424094e-01 -1.51503690e-05  4.79667087e-13  1.40906498e-11 
 9.76724576e-05  8.96355885e-01  8.96468893e-01  8.96424088e-01 -1.51459833e-05 -1.30081731e-12 -6.03278571e-12 
 9.77724576e-05  8.96356068e-01  8.96468919e-01  8.96424082e-01 -1.51503667e-05  4.79435068e-13  1.40877305e-11 
 9.78724576e-05  8.96355872e-01  8.96468881e-01  8.96424076e-01 -1.51459855e-05 -1.30058854e-12 -6.02985901e-12 
 9.79724576e-05  8.96356055e-01  8.96468907e-01  8.96424070e-01 -1.51503645e-05  4.79206518e-13  1.40847970e-11 
 9.80724576e-05  8.96355860e-01  8.96468868e-01  8.96424063e-01 -1.51459878e-05 -1.30036021e-12 -6.02694733e-12 
 9.81724576e-05  8.96356043e-01  8.96468894e-01  8.96424057e-01 -1.51503622e-05  4.78979053e-13  1.40818880e-11 
 9.82724576e-05  8.96355847e-01  8.96468856e-01  8.96424051e-01 -1.51459900e-05 -1.30013188e-12 -6.02403007e-12 
 9.83724576e-05  8.96356030e-01  8.96468882e-01  8.96424045e-01 -1.51503599e-05  4.78751153e-13  1.40789693e-11 
 9.84724576e-05  8.96355835e-01  8.96468844e-01  8.96424038e-01 -1.51459923e-05 -1.29990311e-12 -6.02111525e-12 
 9.85724576e-05  8.96356018e-01  8.96468869e-01  8.96424032e-01 -1.51503577e-05  4.78524121e-13  1.40760524e-11 
 9.86724576e-05  8.96355823e-01  8.96468831e-01  8.96424026e-01 -1.51459946e-05 -1.29967630e-12 -6.01821137e-12 
 9.87724576e-05  8.96356005e-01  8.96468857e-01  8.96424020e-01 -1.51503554e-05  4.78296439e-13  1.40731184e-11 
 9.88724576e-05  8.96355810e-01  8.96468819e-01  8.96424013e-01 -1.51459968e-05 -1.29944905e-12 -6.01529568e-12 
 9.89724576e-05  8.96355993e-01  8.96468844e-01  8.96424007e-01 -1.51503532e-05  4.78070491e-13  1.40702513e-11 
 9.90724576e-05  8.96355798e-01  8.96468806e-01  8.96424001e-01 -1.51459991e-05 -1.29922418e-12 -6.01237734e-12 
 9.91724576e-05  8.96355980e-01  8.96468832e-01  8.96423995e-01 -1.51503509e-05  4.77845194e-13  1.40673034e-11 
 9.92724576e-05  8.96355785e-01  8.96468794e-01  8.96423989e-01 -1.51460014e-05 -1.29899802e-12 -6.00945514e-12 
 9.93724576e-05  8.96355968e-01  8.96468819e-01  8.96423982e-01 -1.51503487e-05  4.77618813e-13  1.40643926e-11 
 9.94724576e-05  8.96355773e-01  8.96468781e-01  8.96423976e-01 -1.51460036e-05 -1.29877315e-12 -6.00657192e-12 
 9.95724576e-05  8.96355955e-01  8.96468807e-01  8.96423970e-01 -1.51503464e-05  4.77394166e-13  1.40614904e-11 
 9.96724576e-05  8.96355760e-01  8.96468769e-01  8.96423964e-01 -1.51460059e-05 -1.29854656e-12 -6.00364490e-12 
 9.97724576e-05  8.96355943e-01  8.96468794e-01  8.96423957e-01 -1.51503442e-05  4.77169302e-13  1.40585578e-11 
 9.98724576e-05  8.96355748e-01  8.96468756e-01  8.96423951e-01 -1.51460081e-05 -1.29832343e-12 -6.00073956e-12 
 9.99724576e-05  8.96355930e-01  8.96468782e-01  8.96423945e-01 -1.51503419e-05  4.76945306e-13  1.40556533e-11 
 1.00072458e-04  8.96355735e-01  8.96468744e-01  8.96423939e-01 -1.51460104e-05 -1.29810008e-12 -5.99781569e-12 
 1.00172458e-04  8.96355918e-01  8.96468769e-01  8.96423932e-01 -1.51503396e-05  4.76721961e-13  1.40527449e-11 
 1.00272458e-04  8.96355723e-01  8.96468731e-01  8.96423926e-01 -1.51460127e-05 -1.29787630e-12 -5.99493263e-12 
 1.00372458e-04  8.96355905e-01  8.96468757e-01  8.96423920e-01 -1.51503374e-05  4.76497964e-13  1.40498245e-11 
 1.00472458e-04  8.96355710e-01  8.96468719e-01  8.96423914e-01 -1.51460149e-05 -1.29765187e-12 -5.99201488e-12 
 1.00572458e-04  8.96355893e-01  8.96468744e-01  8.96423907e-01 -1.51503351e-05  4.76274185e-13  1.40469162e-11 
 1.00672458e-04  8.96355698e-01  8.96468706e-01  8.96423901e-01 -1.51460172e-05 -1.29743005e-12 -5.98912440e-12 
 1.00772458e-04  8.96355880e-01  8.96468732e-01  8.96423895e-01 -1.51503329e-05  4.76053441e-13  1.40440099e-11 
 1.00872458e-04  8.96355686e-01  8.96468694e-01  8.96423889e-01 -1.51460195e-05 -1.29720865e-12 -5.98619310e-12 
 1.00972458e-04  8.96355868e-01  8.96468719e-01  8.96423882e-01 -1.51503306e-05  4.75832047e-13  1.40411079e-11 
 1.01072458e-04  8.96355673e-01  8.96468681e-01  8.96423876e-01 -1.51460217e-05 -1.29698617e-12 -5.98332880e-12 
 1.01172458e-04  8.96355855e-01  8.96468707e-01  8.96423870e-01 -1.51503284e-05  4.75610436e-13  1.40381929e-11 
 1.01272458e-04  8.96355661e-01  8.96468669e-01  8.96423864e-01 -1.51460240e-05 -1.29676565e-12 -5.98040362e-12 
 1.01372458e-04  8.96355843e-01  8.96468694e-01  8.96423858e-01 -1.51503261e-05  4.75389910e-13  1.40353051e-11 
 1.01472458e-04  8.96355648e-01  8.96468657e-01  8.96423851e-01 -1.51460262e-05 -1.29654469e-12 -5.97748565e-12 
 1.01572458e-04  8.96355830e-01  8.96468682e-01  8.96423845e-01 -1.51503239e-05  4.75169166e-13  1.40324040e-11 
 1.01672458e-04  8.96355636e-01  8.96468644e-01  8.96423839e-01 -1.51460285e-05 -1.29632481e-12 -5.97458514e-12 
 1.01772458e-04  8.96355818e-01  8.96468669e-01  8.96423833e-01 -1.51503216e-05  4.74948856e-13  1.40294612e-11 
 1.01872458e-04  8.96355623e-01  8.96468632e-01  8.96423826e-01 -1.51460307e-05 -1.29610602e-12 -5.97169769e-12 
 1.01972458e-04  8.96355805e-01  8.96468657e-01  8.96423820e-01 -1.51503194e-05  4.74729414e-13  1.40265648e-11 
 1.02072458e-04  8.96355611e-01  8.96468619e-01  8.96423814e-01 -1.51460330e-05 -1.29588527e-12 -5.96879713e-12 
 1.02172458e-04  8.96355793e-01  8.96468645e-01  8.96423808e-01 -1.51503171e-05  4.74508670e-13  1.40236785e-11 
 1.02272458e-04  8.96355598e-01  8.96468607e-01  8.96423801e-01 -1.51460353e-05 -1.29566648e-12 -5.96588393e-12 
 1.02372458e-04  8.96355780e-01  8.96468632e-01  8.96423795e-01 -1.51503149e-05  4.74290312e-13  1.40207834e-11 
 1.02472458e-04  8.96355586e-01  8.96468594e-01  8.96423789e-01 -1.51460375e-05 -1.29544964e-12 -5.96300147e-12 
 1.02572458e-04  8.96355768e-01  8.96468620e-01  8.96423783e-01 -1.51503126e-05  4.74072821e-13  1.40178601e-11 
 1.02672458e-04  8.96355574e-01  8.96468582e-01  8.96423777e-01 -1.51460398e-05 -1.29523150e-12 -5.96011375e-12 
 1.02772458e-04  8.96355755e-01  8.96468607e-01  8.96423770e-01 -1.51503104e-05  4.73855330e-13  1.40149826e-11 
 1.02872458e-04  8.96355561e-01  8.96468569e-01  8.96423764e-01 -1.51460420e-05 -1.29501097e-12 -5.95721828e-12 
 1.02972458e-04  8.96355743e-01  8.96468595e-01  8.96423758e-01 -1.51503081e-05  4.73637188e-13  1.40120640e-11 
 1.03072458e-04  8.96355549e-01  8.96468557e-01  8.96423752e-01 -1.51460443e-05 -1.29479392e-12 -5.95431376e-12 
 1.03172458e-04  8.96355730e-01  8.96468582e-01  8.96423745e-01 -1.51503059e-05  4.73421215e-13  1.40091787e-11 
 1.03272458e-04  8.96355536e-01  8.96468544e-01  8.96423739e-01 -1.51460465e-05 -1.29457881e-12 -5.95138798e-12 
 1.03372458e-04  8.96355718e-01  8.96468570e-01  8.96423733e-01 -1.51503036e-05  4.73205026e-13  1.40062768e-11 
 1.03472458e-04  8.96355524e-01  8.96468532e-01  8.96423727e-01 -1.51460488e-05 -1.29436110e-12 -5.94853881e-12 
 1.03572458e-04  8.96355705e-01  8.96468557e-01  8.96423720e-01 -1.51503014e-05  4.72988402e-13  1.40033899e-11 
 1.03672458e-04  8.96355511e-01  8.96468519e-01  8.96423714e-01 -1.51460510e-05 -1.29414730e-12 -5.94561911e-12 
 1.03772458e-04  8.96355693e-01  8.96468545e-01  8.96423708e-01 -1.51502991e-05  4.72774380e-13  1.40004806e-11 
 1.03872458e-04  8.96355499e-01  8.96468507e-01  8.96423702e-01 -1.51460533e-05 -1.29393111e-12 -5.94271821e-12 
 1.03972458e-04  8.96355680e-01  8.96468532e-01  8.96423695e-01 -1.51502969e-05  4.72558624e-13  1.39975759e-11 
 1.04072458e-04  8.96355486e-01  8.96468494e-01  8.96423689e-01 -1.51460555e-05 -1.29371644e-12 -5.93983201e-12 
 1.04172458e-04  8.96355668e-01  8.96468520e-01  8.96423683e-01 -1.51502946e-05  4.72344820e-13  1.39947051e-11 
 1.04272458e-04  8.96355474e-01  8.96468482e-01  8.96423677e-01 -1.51460578e-05 -1.29350220e-12 -5.93695693e-12 
 1.04372458e-04  8.96355655e-01  8.96468507e-01  8.96423671e-01 -1.51502924e-05  4.72130798e-13  1.39918155e-11 
 1.04472458e-04  8.96355462e-01  8.96468470e-01  8.96423664e-01 -1.51460600e-05 -1.29328839e-12 -5.93404872e-12 
 1.04572458e-04  8.96355643e-01  8.96468495e-01  8.96423658e-01 -1.51502901e-05  4.71915909e-13  1.39889152e-11 
 1.04672458e-04  8.96355449e-01  8.96468457e-01  8.96423652e-01 -1.51460623e-05 -1.29307481e-12 -5.93116035e-12 
 1.04772458e-04  8.96355630e-01  8.96468482e-01  8.96423646e-01 -1.51502879e-05  4.71703189e-13  1.39860051e-11 
 1.04872458e-04  8.96355437e-01  8.96468445e-01  8.96423639e-01 -1.51460646e-05 -1.29286274e-12 -5.92827941e-12 
 1.04972458e-04  8.96355618e-01  8.96468470e-01  8.96423633e-01 -1.51502857e-05  4.71490035e-13  1.39831455e-11 
 1.05072458e-04  8.96355424e-01  8.96468432e-01  8.96423627e-01 -1.51460668e-05 -1.29264915e-12 -5.92538600e-12 
 1.05172458e-04  8.96355605e-01  8.96468457e-01  8.96423621e-01 -1.51502834e-05  4.71277748e-13  1.39802611e-11 
 1.05272458e-04  8.96355412e-01  8.96468420e-01  8.96423614e-01 -1.51460691e-05 -1.29243729e-12 -5.92249172e-12 
 1.05372458e-04  8.96355593e-01  8.96468445e-01  8.96423608e-01 -1.51502812e-05  4.71066111e-13  1.39773409e-11 
 1.05472458e-04  8.96355399e-01  8.96468407e-01  8.96423602e-01 -1.51460713e-05 -1.29222457e-12 -5.91960199e-12 
 1.05572458e-04  8.96355580e-01  8.96468432e-01  8.96423596e-01 -1.51502789e-05  4.70853391e-13  1.39744439e-11 
 1.05672458e-04  8.96355387e-01  8.96468395e-01  8.96423589e-01 -1.51460736e-05 -1.29201359e-12 -5.91673070e-12 
 1.05772458e-04  8.96355568e-01  8.96468420e-01  8.96423583e-01 -1.51502767e-05  4.70642622e-13  1.39715708e-11 
 1.05872458e-04  8.96355374e-01  8.96468382e-01  8.96423577e-01 -1.51460758e-05 -1.29180304e-12 -5.91383930e-12 
 1.05972458e-04  8.96355555e-01  8.96468408e-01  8.96423571e-01 -1.51502744e-05  4.70432070e-13  1.39686942e-11 
 1.06072458e-04  8.96355362e-01  8.96468370e-01  8.96423565e-01 -1.51460781e-05 -1.29159248e-12 -5.91094865e-12 
 1.06172458e-04  8.96355543e-01  8.96468395e-01  8.96423558e-01 -1.51502722e-05  4.70221952e-13  1.39657998e-11 
 1.06272458e-04  8.96355350e-01  8.96468357e-01  8.96423552e-01 -1.51460803e-05 -1.29138172e-12 -5.90807926e-12 
 1.06372458e-04  8.96355530e-01  8.96468383e-01  8.96423546e-01 -1.51502699e-05  4.70011183e-13  1.39629076e-11 
 1.06472458e-04  8.96355337e-01  8.96468345e-01  8.96423540e-01 -1.51460826e-05 -1.29117246e-12 -5.90519718e-12 
 1.06572458e-04  8.96355518e-01  8.96468370e-01  8.96423533e-01 -1.51502677e-05  4.69802799e-13  1.39600259e-11 
 1.06672458e-04  8.96355325e-01  8.96468332e-01  8.96423527e-01 -1.51460848e-05 -1.29096321e-12 -5.90231564e-12 
 1.06772458e-04  8.96355505e-01  8.96468358e-01  8.96423521e-01 -1.51502655e-05  4.69590946e-13  1.39571538e-11 
 1.06872458e-04  8.96355312e-01  8.96468320e-01  8.96423515e-01 -1.51460870e-05 -1.29075309e-12 -5.89944201e-12 
 1.06972458e-04  8.96355493e-01  8.96468345e-01  8.96423508e-01 -1.51502632e-05  4.69381912e-13  1.39542339e-11 
 1.07072458e-04  8.96355300e-01  8.96468308e-01  8.96423502e-01 -1.51460893e-05 -1.29054558e-12 -5.89654746e-12 
 1.07172458e-04  8.96355480e-01  8.96468333e-01  8.96423496e-01 -1.51502610e-05  4.69175263e-13  1.39513912e-11 
 1.07272458e-04  8.96355287e-01  8.96468295e-01  8.96423490e-01 -1.51460915e-05 -1.29033785e-12 -5.89366208e-12 
 1.07372458e-04  8.96355468e-01  8.96468320e-01  8.96423483e-01 -1.51502587e-05  4.68966662e-13  1.39485020e-11 
 1.07472458e-04  8.96355275e-01  8.96468283e-01  8.96423477e-01 -1.51460938e-05 -1.29012968e-12 -5.89075896e-12 
 1.07572458e-04  8.96355455e-01  8.96468308e-01  8.96423471e-01 -1.51502565e-05  4.68759797e-13  1.39456286e-11 
 1.07672458e-04  8.96355262e-01  8.96468270e-01  8.96423465e-01 -1.51460960e-05 -1.28992195e-12 -5.88791792e-12 
 1.07772458e-04  8.96355443e-01  8.96468295e-01  8.96423459e-01 -1.51502543e-05  4.68552497e-13  1.39427432e-11 
 1.07872458e-04  8.96355250e-01  8.96468258e-01  8.96423452e-01 -1.51460983e-05 -1.28971551e-12 -5.88503264e-12 
 1.07972458e-04  8.96355430e-01  8.96468283e-01  8.96423446e-01 -1.51502520e-05  4.68346282e-13  1.39398475e-11 
 1.08072458e-04  8.96355237e-01  8.96468245e-01  8.96423440e-01 -1.51461005e-05 -1.28950865e-12 -5.88215577e-12 
 1.08172458e-04  8.96355418e-01  8.96468270e-01  8.96423434e-01 -1.51502498e-05  4.68139199e-13  1.39369710e-11 
 1.08272458e-04  8.96355225e-01  8.96468233e-01  8.96423427e-01 -1.51461028e-05 -1.28930373e-12 -5.87929971e-12 
 1.08372458e-04  8.96355405e-01  8.96468258e-01  8.96423421e-01 -1.51502475e-05  4.67934285e-13  1.39341104e-11 
 1.08472458e-04  8.96355213e-01  8.96468220e-01  8.96423415e-01 -1.51461050e-05 -1.28909730e-12 -5.87642646e-12 
 1.08572458e-04  8.96355393e-01  8.96468245e-01  8.96423409e-01 -1.51502453e-05  4.67728503e-13  1.39312235e-11 
 1.08672458e-04  8.96355200e-01  8.96468208e-01  8.96423402e-01 -1.51461073e-05 -1.28889195e-12 -5.87352779e-12 
 1.08772458e-04  8.96355380e-01  8.96468233e-01  8.96423396e-01 -1.51502431e-05  4.67523806e-13  1.39283630e-11 
 1.08872458e-04  8.96355188e-01  8.96468195e-01  8.96423390e-01 -1.51461095e-05 -1.28868704e-12 -5.87064777e-12 
 1.08972458e-04  8.96355368e-01  8.96468220e-01  8.96423384e-01 -1.51502408e-05  4.67318892e-13  1.39254638e-11 
 1.09072458e-04  8.96355175e-01  8.96468183e-01  8.96423378e-01 -1.51461117e-05 -1.28848256e-12 -5.86778195e-12 
 1.09172458e-04  8.96355355e-01  8.96468208e-01  8.96423371e-01 -1.51502386e-05  4.67114411e-13  1.39226001e-11 
 1.09272458e-04  8.96355163e-01  8.96468170e-01  8.96423365e-01 -1.51461140e-05 -1.28827981e-12 -5.86493235e-12 
 1.09372458e-04  8.96355343e-01  8.96468195e-01  8.96423359e-01 -1.51502364e-05  4.66911449e-13  1.39197213e-11 
 1.09472458e-04  8.96355150e-01  8.96468158e-01  8.96423353e-01 -1.51461162e-05 -1.28807468e-12 -5.86205504e-12 
 1.09572458e-04  8.96355330e-01  8.96468183e-01  8.96423346e-01 -1.51502341e-05  4.66707619e-13  1.39168424e-11 
 1.09672458e-04  8.96355138e-01  8.96468145e-01  8.96423340e-01 -1.51461185e-05 -1.28787085e-12 -5.85916526e-12 
 1.09772458e-04  8.96355318e-01  8.96468171e-01  8.96423334e-01 -1.51502319e-05  4.66503355e-13  1.39139837e-11 
 1.09872458e-04  8.96355125e-01  8.96468133e-01  8.96423328e-01 -1.51461207e-05 -1.28766919e-12 -5.85630383e-12 
 1.09972458e-04  8.96355305e-01  8.96468158e-01  8.96423321e-01 -1.51502297e-05  4.66301693e-13  1.39110922e-11 
 1.10072458e-04  8.96355113e-01  8.96468121e-01  8.96423315e-01 -1.51461230e-05 -1.28746709e-12 -5.85347228e-12 
 1.10172458e-04  8.96355293e-01  8.96468146e-01  8.96423309e-01 -1.51502274e-05  4.66099381e-13  1.39082320e-11 
 1.10272458e-04  8.96355101e-01  8.96468108e-01  8.96423303e-01 -1.51461252e-05 -1.28726435e-12 -5.85056808e-12 
 1.10372458e-04  8.96355280e-01  8.96468133e-01  8.96423296e-01 -1.51502252e-05  4.65897286e-13  1.39053558e-11 
 1.10472458e-04  8.96355088e-01  8.96468096e-01  8.96423290e-01 -1.51461274e-05 -1.28706290e-12 -5.84769565e-12 
 1.10572458e-04  8.96355268e-01  8.96468121e-01  8.96423284e-01 -1.51502229e-05  4.65696058e-13  1.39025180e-11 
 1.10672458e-04  8.96355076e-01  8.96468083e-01  8.96423278e-01 -1.51461297e-05 -1.28686124e-12 -5.84485130e-12 
 1.10772458e-04  8.96355255e-01  8.96468108e-01  8.96423271e-01 -1.51502207e-05  4.65495047e-13  1.38996346e-11 
 1.10872458e-04  8.96355063e-01  8.96468071e-01  8.96423265e-01 -1.51461319e-05 -1.28666045e-12 -5.84198651e-12 
 1.10972458e-04  8.96355243e-01  8.96468096e-01  8.96423259e-01 -1.51502185e-05  4.65292735e-13  1.38967584e-11 
 1.11072458e-04  8.96355051e-01  8.96468058e-01  8.96423253e-01 -1.51461342e-05 -1.28645965e-12 -5.83911375e-12 
 1.11172458e-04  8.96355230e-01  8.96468083e-01  8.96423247e-01 -1.51502163e-05  4.65093675e-13  1.38938991e-11 
 1.11272458e-04  8.96355038e-01  8.96468046e-01  8.96423240e-01 -1.51461364e-05 -1.28625951e-12 -5.83622197e-12 
 1.11372458e-04  8.96355218e-01  8.96468071e-01  8.96423234e-01 -1.51502140e-05  4.64893532e-13  1.38910313e-11 
 1.11472458e-04  8.96355026e-01  8.96468033e-01  8.96423228e-01 -1.51461386e-05 -1.28605915e-12 -5.83338456e-12 
 1.11572458e-04  8.96355205e-01  8.96468058e-01  8.96423222e-01 -1.51502118e-05  4.64692954e-13  1.38881756e-11 
 1.11672458e-04  8.96355013e-01  8.96468021e-01  8.96423215e-01 -1.51461409e-05 -1.28586074e-12 -5.83051050e-12 
 1.11772458e-04  8.96355193e-01  8.96468046e-01  8.96423209e-01 -1.51502096e-05  4.64493895e-13  1.38852897e-11 
 1.11872458e-04  8.96355001e-01  8.96468008e-01  8.96423203e-01 -1.51461431e-05 -1.28566168e-12 -5.82765861e-12 
 1.11972458e-04  8.96355180e-01  8.96468033e-01  8.96423197e-01 -1.51502073e-05  4.64294402e-13  1.38824313e-11 
 1.12072458e-04  8.96354989e-01  8.96467996e-01  8.96423190e-01 -1.51461453e-05 -1.28546284e-12 -5.82477865e-12 
 1.12172458e-04  8.96355168e-01  8.96468021e-01  8.96423184e-01 -1.51502051e-05  4.64096860e-13  1.38795785e-11 
 1.12272458e-04  8.96354976e-01  8.96467983e-01  8.96423178e-01 -1.51461476e-05 -1.28526204e-12 -5.82195880e-12 
 1.12372458e-04  8.96355155e-01  8.96468008e-01  8.96423172e-01 -1.51502029e-05  4.63899101e-13  1.38767104e-11 
 1.12472458e-04  8.96354964e-01  8.96467971e-01  8.96423166e-01 -1.51461498e-05 -1.28506450e-12 -5.81909905e-12 
 1.12572458e-04  8.96355143e-01  8.96467996e-01  8.96423159e-01 -1.51502006e-05  4.63699825e-13  1.38738288e-11 
 1.12672458e-04  8.96354951e-01  8.96467958e-01  8.96423153e-01 -1.51461521e-05 -1.28486739e-12 -5.81622868e-12 
 1.12772458e-04  8.96355130e-01  8.96467983e-01  8.96423147e-01 -1.51501984e-05  4.63503368e-13  1.38710116e-11 
 1.12872458e-04  8.96354939e-01  8.96467946e-01  8.96423141e-01 -1.51461543e-05 -1.28466942e-12 -5.81336818e-12 
 1.12972458e-04  8.96355118e-01  8.96467971e-01  8.96423134e-01 -1.51501962e-05  4.63306910e-13  1.38681259e-11 
 1.13072458e-04  8.96354926e-01  8.96467934e-01  8.96423128e-01 -1.51461565e-05 -1.28447253e-12 -5.81051093e-12 
 1.13172458e-04  8.96355105e-01  8.96467958e-01  8.96423122e-01 -1.51501939e-05  4.63109152e-13  1.38652568e-11 
 1.13272458e-04  8.96354914e-01  8.96467921e-01  8.96423116e-01 -1.51461588e-05 -1.28427629e-12 -5.80766663e-12 
 1.13372458e-04  8.96355093e-01  8.96467946e-01  8.96423109e-01 -1.51501917e-05  4.62913128e-13  1.38624106e-11 
 1.13472458e-04  8.96354901e-01  8.96467909e-01  8.96423103e-01 -1.51461610e-05 -1.28408026e-12 -5.80480260e-12 
 1.13572458e-04  8.96355080e-01  8.96467933e-01  8.96423097e-01 -1.51501895e-05  4.62717321e-13  1.38595463e-11 
 1.13672458e-04  8.96354889e-01  8.96467896e-01  8.96423091e-01 -1.51461632e-05 -1.28388467e-12 -5.80193814e-12 
 1.13772458e-04  8.96355068e-01  8.96467921e-01  8.96423084e-01 -1.51501873e-05  4.62521731e-13  1.38566895e-11 
 1.13872458e-04  8.96354876e-01  8.96467884e-01  8.96423078e-01 -1.51461655e-05 -1.28368865e-12 -5.79909851e-12 
 1.13972458e-04  8.96355055e-01  8.96467909e-01  8.96423072e-01 -1.51501850e-05  4.62326141e-13  1.38538173e-11 
 1.14072458e-04  8.96354864e-01  8.96467871e-01  8.96423066e-01 -1.51461677e-05 -1.28349414e-12 -5.79626001e-12 
 1.14172458e-04  8.96355043e-01  8.96467896e-01  8.96423059e-01 -1.51501828e-05  4.62130985e-13  1.38509829e-11 
 1.14272458e-04  8.96354852e-01  8.96467859e-01  8.96423053e-01 -1.51461699e-05 -1.28329942e-12 -5.79339240e-12 
 1.14372458e-04  8.96355030e-01  8.96467884e-01  8.96423047e-01 -1.51501806e-05  4.61936912e-13  1.38481457e-11 
 1.14472458e-04  8.96354839e-01  8.96467846e-01  8.96423041e-01 -1.51461722e-05 -1.28310578e-12 -5.79053228e-12 
 1.14572458e-04  8.96355018e-01  8.96467871e-01  8.96423035e-01 -1.51501784e-05  4.61743274e-13  1.38452735e-11 
 1.14672458e-04  8.96354827e-01  8.96467834e-01  8.96423028e-01 -1.51461744e-05 -1.28291063e-12 -5.78767421e-12 
 1.14772458e-04  8.96355005e-01  8.96467859e-01  8.96423022e-01 -1.51501761e-05  4.61548768e-13  1.38424297e-11 
 1.14872458e-04  8.96354814e-01  8.96467821e-01  8.96423016e-01 -1.51461766e-05 -1.28271677e-12 -5.78485653e-12 
 1.14972458e-04  8.96354993e-01  8.96467846e-01  8.96423010e-01 -1.51501739e-05  4.61355346e-13  1.38395799e-11 
 1.15072458e-04  8.96354802e-01  8.96467809e-01  8.96423003e-01 -1.51461789e-05 -1.28252400e-12 -5.78199012e-12 
 1.15172458e-04  8.96354980e-01  8.96467834e-01  8.96422997e-01 -1.51501717e-05  4.61162792e-13  1.38367028e-11 
 1.15272458e-04  8.96354789e-01  8.96467796e-01  8.96422991e-01 -1.51461811e-05 -1.28233145e-12 -5.77914599e-12 
 1.15372458e-04  8.96354968e-01  8.96467821e-01  8.96422985e-01 -1.51501695e-05  4.60969587e-13  1.38338661e-11 
 1.15472458e-04  8.96354777e-01  8.96467784e-01  8.96422978e-01 -1.51461833e-05 -1.28213889e-12 -5.77629714e-12 
 1.15572458e-04  8.96354955e-01  8.96467809e-01  8.96422972e-01 -1.51501672e-05  4.60777250e-13  1.38310283e-11 
 1.15672458e-04  8.96354764e-01  8.96467771e-01  8.96422966e-01 -1.51461855e-05 -1.28194590e-12 -5.77345019e-12 
 1.15772458e-04  8.96354943e-01  8.96467796e-01  8.96422960e-01 -1.51501650e-05  4.60584695e-13  1.38281881e-11 
 1.15872458e-04  8.96354752e-01  8.96467759e-01  8.96422954e-01 -1.51461878e-05 -1.28175465e-12 -5.77058990e-12 
 1.15972458e-04  8.96354930e-01  8.96467784e-01  8.96422947e-01 -1.51501628e-05  4.60392575e-13  1.38253142e-11 
 1.16072458e-04  8.96354740e-01  8.96467747e-01  8.96422941e-01 -1.51461900e-05 -1.28156340e-12 -5.76775726e-12 
 1.16172458e-04  8.96354918e-01  8.96467771e-01  8.96422935e-01 -1.51501606e-05  4.60202189e-13  1.38224683e-11 
 1.16272458e-04  8.96354727e-01  8.96467734e-01  8.96422929e-01 -1.51461922e-05 -1.28137128e-12 -5.76490689e-12 
 1.16372458e-04  8.96354905e-01  8.96467759e-01  8.96422922e-01 -1.51501583e-05  4.60010719e-13  1.38196169e-11 
 1.16472458e-04  8.96354715e-01  8.96467722e-01  8.96422916e-01 -1.51461945e-05 -1.28118024e-12 -5.76207100e-12 
 1.16572458e-04  8.96354893e-01  8.96467746e-01  8.96422910e-01 -1.51501561e-05  4.59818598e-13  1.38168046e-11 
 1.16672458e-04  8.96354702e-01  8.96467709e-01  8.96422904e-01 -1.51461967e-05 -1.28098964e-12 -5.75922643e-12 
 1.16772458e-04  8.96354880e-01  8.96467734e-01  8.96422897e-01 -1.51501539e-05  4.59628429e-13  1.38139133e-11 
 1.16872458e-04  8.96354690e-01  8.96467697e-01  8.96422891e-01 -1.51461989e-05 -1.28079990e-12 -5.75637281e-12 
 1.16972458e-04  8.96354868e-01  8.96467721e-01  8.96422885e-01 -1.51501517e-05  4.59438694e-13  1.38111182e-11 
 1.17072458e-04  8.96354677e-01  8.96467684e-01  8.96422879e-01 -1.51462011e-05 -1.28060887e-12 -5.75354461e-12 
 1.17172458e-04  8.96354855e-01  8.96467709e-01  8.96422872e-01 -1.51501494e-05  4.59248958e-13  1.38082693e-11 
 1.17272458e-04  8.96354665e-01  8.96467672e-01  8.96422866e-01 -1.51462034e-05 -1.28041978e-12 -5.75068275e-12 
 1.17372458e-04  8.96354843e-01  8.96467696e-01  8.96422860e-01 -1.51501472e-05  4.59059440e-13  1.38053874e-11 
 1.17472458e-04  8.96354652e-01  8.96467659e-01  8.96422854e-01 -1.51462056e-05 -1.28023026e-12 -5.74785998e-12 
 1.17572458e-04  8.96354830e-01  8.96467684e-01  8.96422847e-01 -1.51501450e-05  4.58870572e-13  1.38025745e-11 
 1.17672458e-04  8.96354640e-01  8.96467647e-01  8.96422841e-01 -1.51462078e-05 -1.28004118e-12 -5.74502381e-12 
 1.17772458e-04  8.96354818e-01  8.96467672e-01  8.96422835e-01 -1.51501428e-05  4.58682137e-13  1.37997367e-11 
 1.17872458e-04  8.96354628e-01  8.96467634e-01  8.96422829e-01 -1.51462100e-05 -1.27985296e-12 -5.74218440e-12 
 1.17972458e-04  8.96354805e-01  8.96467659e-01  8.96422823e-01 -1.51501406e-05  4.58493053e-13  1.37968792e-11 
 1.18072458e-04  8.96354615e-01  8.96467622e-01  8.96422816e-01 -1.51462123e-05 -1.27966474e-12 -5.73934102e-12 
 1.18172458e-04  8.96354793e-01  8.96467647e-01  8.96422810e-01 -1.51501384e-05  4.58305269e-13  1.37940316e-11 
 1.18272458e-04  8.96354603e-01  8.96467609e-01  8.96422804e-01 -1.51462145e-05 -1.27947652e-12 -5.73651483e-12 
 1.18372458e-04  8.96354780e-01  8.96467634e-01  8.96422798e-01 -1.51501361e-05  4.58118135e-13  1.37911983e-11 
 1.18472458e-04  8.96354590e-01  8.96467597e-01  8.96422791e-01 -1.51462167e-05 -1.27928852e-12 -5.73367704e-12 
 1.18572458e-04  8.96354768e-01  8.96467622e-01  8.96422785e-01 -1.51501339e-05  4.57929484e-13  1.37883645e-11 
 1.18672458e-04  8.96354578e-01  8.96467584e-01  8.96422779e-01 -1.51462189e-05 -1.27910139e-12 -5.73085232e-12 
 1.18772458e-04  8.96354755e-01  8.96467609e-01  8.96422773e-01 -1.51501317e-05  4.57742351e-13  1.37855388e-11 
 1.18872458e-04  8.96354565e-01  8.96467572e-01  8.96422766e-01 -1.51462212e-05 -1.27891512e-12 -5.72800076e-12 
 1.18972458e-04  8.96354743e-01  8.96467597e-01  8.96422760e-01 -1.51501295e-05  4.57556085e-13  1.37826945e-11 
 1.19072458e-04  8.96354553e-01  8.96467560e-01  8.96422754e-01 -1.51462234e-05 -1.27872734e-12 -5.72517511e-12 
 1.19172458e-04  8.96354730e-01  8.96467584e-01  8.96422748e-01 -1.51501273e-05  4.57368952e-13  1.37798649e-11 
 1.19272458e-04  8.96354540e-01  8.96467547e-01  8.96422742e-01 -1.51462256e-05 -1.27854129e-12 -5.72232328e-12 
 1.19372458e-04  8.96354718e-01  8.96467572e-01  8.96422735e-01 -1.51501250e-05  4.57182903e-13  1.37770296e-11 
 1.19472458e-04  8.96354528e-01  8.96467535e-01  8.96422729e-01 -1.51462278e-05 -1.27835546e-12 -5.71952040e-12 
 1.19572458e-04  8.96354705e-01  8.96467559e-01  8.96422723e-01 -1.51501228e-05  4.56997070e-13  1.37741845e-11 
 1.19672458e-04  8.96354515e-01  8.96467522e-01  8.96422717e-01 -1.51462301e-05 -1.27816898e-12 -5.71667431e-12 
 1.19772458e-04  8.96354693e-01  8.96467547e-01  8.96422710e-01 -1.51501206e-05  4.56811672e-13  1.37713430e-11 
 1.19872458e-04  8.96354503e-01  8.96467510e-01  8.96422704e-01 -1.51462323e-05 -1.27798336e-12 -5.71382622e-12 
 1.19972458e-04  8.96354680e-01  8.96467534e-01  8.96422698e-01 -1.51501184e-05  4.56626273e-13  1.37685325e-11 
 1.20072458e-04  8.96354491e-01  8.96467497e-01  8.96422692e-01 -1.51462345e-05 -1.27779926e-12 -5.71100106e-12 
 1.20172458e-04  8.96354668e-01  8.96467522e-01  8.96422685e-01 -1.51501162e-05  4.56441092e-13  1.37656945e-11 
 1.20272458e-04  8.96354478e-01  8.96467485e-01  8.96422679e-01 -1.51462367e-05 -1.27761452e-12 -5.70818485e-12 
 1.20372458e-04  8.96354655e-01  8.96467509e-01  8.96422673e-01 -1.51501140e-05  4.56256777e-13  1.37628461e-11 
 1.20472458e-04  8.96354466e-01  8.96467472e-01  8.96422667e-01 -1.51462389e-05 -1.27743042e-12 -5.70535860e-12 
 1.20572458e-04  8.96354643e-01  8.96467497e-01  8.96422660e-01 -1.51501118e-05  4.56073330e-13  1.37600212e-11 
 1.20672458e-04  8.96354453e-01  8.96467460e-01  8.96422654e-01 -1.51462412e-05 -1.27724545e-12 -5.70253908e-12 
 1.20772458e-04  8.96354630e-01  8.96467484e-01  8.96422648e-01 -1.51501095e-05  4.55888365e-13  1.37571877e-11 
 1.20872458e-04  8.96354441e-01  8.96467447e-01  8.96422642e-01 -1.51462434e-05 -1.27706157e-12 -5.69970568e-12 
 1.20972458e-04  8.96354618e-01  8.96467472e-01  8.96422636e-01 -1.51501073e-05  4.55704701e-13  1.37543755e-11 
 1.21072458e-04  8.96354428e-01  8.96467435e-01  8.96422629e-01 -1.51462456e-05 -1.27687899e-12 -5.69688350e-12 
 1.21172458e-04  8.96354606e-01  8.96467459e-01  8.96422623e-01 -1.51501051e-05  4.55521471e-13  1.37515254e-11 
 1.21272458e-04  8.96354416e-01  8.96467422e-01  8.96422617e-01 -1.51462478e-05 -1.27669511e-12 -5.69405124e-12 
 1.21372458e-04  8.96354593e-01  8.96467447e-01  8.96422611e-01 -1.51501029e-05  4.55337807e-13  1.37487275e-11 
 1.21472458e-04  8.96354403e-01  8.96467410e-01  8.96422604e-01 -1.51462500e-05 -1.27651123e-12 -5.69121638e-12 
 1.21572458e-04  8.96354581e-01  8.96467434e-01  8.96422598e-01 -1.51501007e-05  4.55154577e-13  1.37458761e-11 
 1.21672458e-04  8.96354391e-01  8.96467397e-01  8.96422592e-01 -1.51462523e-05 -1.27632909e-12 -5.68842711e-12 
 1.21772458e-04  8.96354568e-01  8.96467422e-01  8.96422586e-01 -1.51500985e-05  4.54970480e-13  1.37430615e-11 
 1.21872458e-04  8.96354379e-01  8.96467385e-01  8.96422579e-01 -1.51462545e-05 -1.27614737e-12 -5.68556411e-12 
 1.21972458e-04  8.96354556e-01  8.96467410e-01  8.96422573e-01 -1.51500963e-05  4.54789201e-13  1.37402330e-11 
 1.22072458e-04  8.96354366e-01  8.96467373e-01  8.96422567e-01 -1.51462567e-05 -1.27596544e-12 -5.68275017e-12 
 1.22172458e-04  8.96354543e-01  8.96467397e-01  8.96422561e-01 -1.51500941e-05  4.54606621e-13  1.37373952e-11 
 1.22272458e-04  8.96354354e-01  8.96467360e-01  8.96422555e-01 -1.51462589e-05 -1.27578373e-12 -5.67992040e-12 
 1.22372458e-04  8.96354531e-01  8.96467385e-01  8.96422548e-01 -1.51500918e-05  4.54425777e-13  1.37346015e-11 
 1.22472458e-04  8.96354341e-01  8.96467348e-01  8.96422542e-01 -1.51462611e-05 -1.27560224e-12 -5.67709291e-12 
 1.22572458e-04  8.96354518e-01  8.96467372e-01  8.96422536e-01 -1.51500896e-05  4.54243847e-13  1.37317609e-11 
 1.22672458e-04  8.96354329e-01  8.96467335e-01  8.96422530e-01 -1.51462633e-05 -1.27541966e-12 -5.67431930e-12 
 1.22772458e-04  8.96354506e-01  8.96467360e-01  8.96422523e-01 -1.51500874e-05  4.54063219e-13  1.37289341e-11 
 1.22872458e-04  8.96354316e-01  8.96467323e-01  8.96422517e-01 -1.51462656e-05 -1.27523968e-12 -5.67150038e-12 
 1.22972458e-04  8.96354493e-01  8.96467347e-01  8.96422511e-01 -1.51500852e-05  4.53883675e-13  1.37260775e-11 
 1.23072458e-04  8.96354304e-01  8.96467310e-01  8.96422505e-01 -1.51462678e-05 -1.27505818e-12 -5.66865587e-12 
 1.23172458e-04  8.96354481e-01  8.96467335e-01  8.96422498e-01 -1.51500830e-05  4.53703047e-13  1.37232847e-11 
 1.23272458e-04  8.96354291e-01  8.96467298e-01  8.96422492e-01 -1.51462700e-05 -1.27487799e-12 -5.66583645e-12 
 1.23372458e-04  8.96354468e-01  8.96467322e-01  8.96422486e-01 -1.51500808e-05  4.53522853e-13  1.37204684e-11 
 1.23472458e-04  8.96354279e-01  8.96467285e-01  8.96422480e-01 -1.51462722e-05 -1.27469758e-12 -5.66303834e-12 
 1.23572458e-04  8.96354456e-01  8.96467310e-01  8.96422473e-01 -1.51500786e-05  4.53342659e-13  1.37176736e-11 
 1.23672458e-04  8.96354267e-01  8.96467273e-01  8.96422467e-01 -1.51462744e-05 -1.27451847e-12 -5.66019546e-12 
 1.23772458e-04  8.96354443e-01  8.96467297e-01  8.96422461e-01 -1.51500764e-05  4.53162464e-13  1.37148402e-11 
 1.23872458e-04  8.96354254e-01  8.96467260e-01  8.96422455e-01 -1.51462766e-05 -1.27433957e-12 -5.65739675e-12 
 1.23972458e-04  8.96354431e-01  8.96467285e-01  8.96422448e-01 -1.51500742e-05  4.52984438e-13  1.37120218e-11 
 1.24072458e-04  8.96354242e-01  8.96467248e-01  8.96422442e-01 -1.51462788e-05 -1.27416003e-12 -5.65458379e-12 
 1.24172458e-04  8.96354418e-01  8.96467272e-01  8.96422436e-01 -1.51500720e-05  4.52805978e-13  1.37091940e-11 
 1.24272458e-04  8.96354229e-01  8.96467235e-01  8.96422430e-01 -1.51462811e-05 -1.27398157e-12 -5.65176508e-12 
 1.24372458e-04  8.96354406e-01  8.96467260e-01  8.96422424e-01 -1.51500698e-05  4.52626218e-13  1.37063825e-11 
 1.24472458e-04  8.96354217e-01  8.96467223e-01  8.96422417e-01 -1.51462833e-05 -1.27380289e-12 -5.64895185e-12 
 1.24572458e-04  8.96354393e-01  8.96467247e-01  8.96422411e-01 -1.51500676e-05  4.52448625e-13  1.37035638e-11 
 1.24672458e-04  8.96354204e-01  8.96467210e-01  8.96422405e-01 -1.51462855e-05 -1.27362444e-12 -5.64612934e-12 
 1.24772458e-04  8.96354381e-01  8.96467235e-01  8.96422399e-01 -1.51500654e-05  4.52270166e-13  1.37007610e-11 
 1.24872458e-04  8.96354192e-01  8.96467198e-01  8.96422392e-01 -1.51462877e-05 -1.27344706e-12 -5.64333671e-12 
 1.24972458e-04  8.96354368e-01  8.96467222e-01  8.96422386e-01 -1.51500631e-05  4.52092573e-13  1.36979364e-11 
 1.25072458e-04  8.96354179e-01  8.96467186e-01  8.96422380e-01 -1.51462899e-05 -1.27326947e-12 -5.64051974e-12 
 1.25172458e-04  8.96354356e-01  8.96467210e-01  8.96422374e-01 -1.51500609e-05  4.51914981e-13  1.36951143e-11 
 1.25272458e-04  8.96354167e-01  8.96467173e-01  8.96422367e-01 -1.51462921e-05 -1.27309166e-12 -5.63770162e-12 
 1.25372458e-04  8.96354343e-01  8.96467197e-01  8.96422361e-01 -1.51500587e-05  4.51738039e-13  1.36922931e-11 
 1.25472458e-04  8.96354154e-01  8.96467161e-01  8.96422355e-01 -1.51462943e-05 -1.27291537e-12 -5.63488958e-12 
 1.25572458e-04  8.96354331e-01  8.96467185e-01  8.96422349e-01 -1.51500565e-05  4.51561098e-13  1.36894982e-11 
 1.25672458e-04  8.96354142e-01  8.96467148e-01  8.96422343e-01 -1.51462965e-05 -1.27273712e-12 -5.63208833e-12 
 1.25772458e-04  8.96354318e-01  8.96467173e-01  8.96422336e-01 -1.51500543e-05  4.51383288e-13  1.36866826e-11 
 1.25872458e-04  8.96354130e-01  8.96467136e-01  8.96422330e-01 -1.51462987e-05 -1.27255953e-12 -5.62927678e-12 
 1.25972458e-04  8.96354306e-01  8.96467160e-01  8.96422324e-01 -1.51500521e-05  4.51206347e-13  1.36838786e-11 
 1.26072458e-04  8.96354117e-01  8.96467123e-01  8.96422318e-01 -1.51463010e-05 -1.27238432e-12 -5.62647617e-12 
 1.26172458e-04  8.96354293e-01  8.96467148e-01  8.96422311e-01 -1.51500499e-05  4.51030706e-13  1.36810570e-11 
 1.26272458e-04  8.96354105e-01  8.96467111e-01  8.96422305e-01 -1.51463032e-05 -1.27220782e-12 -5.62367861e-12 
 1.26372458e-04  8.96354281e-01  8.96467135e-01  8.96422299e-01 -1.51500477e-05  4.50855065e-13  1.36782548e-11 
 1.26472458e-04  8.96354092e-01  8.96467098e-01  8.96422293e-01 -1.51463054e-05 -1.27203218e-12 -5.62086895e-12 
 1.26572458e-04  8.96354268e-01  8.96467123e-01  8.96422286e-01 -1.51500455e-05  4.50679207e-13  1.36754454e-11 
 1.26672458e-04  8.96354080e-01  8.96467086e-01  8.96422280e-01 -1.51463076e-05 -1.27185719e-12 -5.61805311e-12 
 1.26772458e-04  8.96354256e-01  8.96467110e-01  8.96422274e-01 -1.51500433e-05  4.50504434e-13  1.36726326e-11 
 1.26872458e-04  8.96354067e-01  8.96467073e-01  8.96422268e-01 -1.51463098e-05 -1.27168220e-12 -5.61524774e-12 
 1.26972458e-04  8.96354243e-01  8.96467098e-01  8.96422261e-01 -1.51500411e-05  4.50329010e-13  1.36698270e-11 
 1.27072458e-04  8.96354055e-01  8.96467061e-01  8.96422255e-01 -1.51463120e-05 -1.27150677e-12 -5.61243153e-12 
 1.27172458e-04  8.96354231e-01  8.96467085e-01  8.96422249e-01 -1.51500389e-05  4.50152502e-13  1.36670188e-11 
 1.27272458e-04  8.96354042e-01  8.96467048e-01  8.96422243e-01 -1.51463142e-05 -1.27133221e-12 -5.60965955e-12 
 1.27372458e-04  8.96354218e-01  8.96467073e-01  8.96422236e-01 -1.51500367e-05  4.49977946e-13  1.36642094e-11 
 1.27472458e-04  8.96354030e-01  8.96467036e-01  8.96422230e-01 -1.51463164e-05 -1.27115766e-12 -5.60685461e-12 
 1.27572458e-04  8.96354206e-01  8.96467060e-01  8.96422224e-01 -1.51500345e-05  4.49803389e-13  1.36614258e-11 
 1.27672458e-04  8.96354018e-01  8.96467024e-01  8.96422218e-01 -1.51463186e-05 -1.27098484e-12 -5.60405460e-12 
 1.27772458e-04  8.96354193e-01  8.96467048e-01  8.96422212e-01 -1.51500323e-05  4.49630784e-13  1.36586202e-11 
 1.27872458e-04  8.96354005e-01  8.96467011e-01  8.96422205e-01 -1.51463208e-05 -1.27080898e-12 -5.60124261e-12 
 1.27972458e-04  8.96354181e-01  8.96467035e-01  8.96422199e-01 -1.51500301e-05  4.49455794e-13  1.36557907e-11 
 1.28072458e-04  8.96353993e-01  8.96466999e-01  8.96422193e-01 -1.51463230e-05 -1.27063464e-12 -5.59843730e-12 
 1.28172458e-04  8.96354168e-01  8.96467023e-01  8.96422187e-01 -1.51500279e-05  4.49282972e-13  1.36530039e-11 
 1.28272458e-04  8.96353980e-01  8.96466986e-01  8.96422180e-01 -1.51463252e-05 -1.27046182e-12 -5.59564298e-12 
 1.28372458e-04  8.96354156e-01  8.96467010e-01  8.96422174e-01 -1.51500257e-05  4.49110150e-13  1.36502080e-11 
 1.28472458e-04  8.96353968e-01  8.96466974e-01  8.96422168e-01 -1.51463274e-05 -1.27028791e-12 -5.59283403e-12 
 1.28572458e-04  8.96354143e-01  8.96466998e-01  8.96422162e-01 -1.51500235e-05  4.48936461e-13  1.36474210e-11 
 1.28672458e-04  8.96353955e-01  8.96466961e-01  8.96422155e-01 -1.51463296e-05 -1.27011574e-12 -5.59004947e-12 
 1.28772458e-04  8.96354131e-01  8.96466985e-01  8.96422149e-01 -1.51500213e-05  4.48764506e-13  1.36445965e-11 
 1.28872458e-04  8.96353943e-01  8.96466949e-01  8.96422143e-01 -1.51463318e-05 -1.26994270e-12 -5.58725489e-12 
 1.28972458e-04  8.96354118e-01  8.96466973e-01  8.96422137e-01 -1.51500191e-05  4.48591685e-13  1.36417863e-11 
 1.29072458e-04  8.96353930e-01  8.96466936e-01  8.96422131e-01 -1.51463340e-05 -1.26977010e-12 -5.58446063e-12 
 1.29172458e-04  8.96354106e-01  8.96466960e-01  8.96422124e-01 -1.51500169e-05  4.48419947e-13  1.36389949e-11 
 1.29272458e-04  8.96353918e-01  8.96466924e-01  8.96422118e-01 -1.51463362e-05 -1.26959836e-12 -5.58165412e-12 
 1.29372458e-04  8.96354093e-01  8.96466948e-01  8.96422112e-01 -1.51500147e-05  4.48248209e-13  1.36361796e-11 
 1.29472458e-04  8.96353905e-01  8.96466911e-01  8.96422106e-01 -1.51463385e-05 -1.26942640e-12 -5.57886821e-12 
 1.29572458e-04  8.96354081e-01  8.96466935e-01  8.96422099e-01 -1.51500125e-05  4.48076038e-13  1.36334335e-11 
 1.29672458e-04  8.96353893e-01  8.96466899e-01  8.96422093e-01 -1.51463407e-05 -1.26925467e-12 -5.57608370e-12 
 1.29772458e-04  8.96354068e-01  8.96466923e-01  8.96422087e-01 -1.51500103e-05  4.47904084e-13  1.36306099e-11 
 1.29872458e-04  8.96353881e-01  8.96466886e-01  8.96422081e-01 -1.51463429e-05 -1.26908445e-12 -5.57324694e-12 
 1.29972458e-04  8.96354056e-01  8.96466911e-01  8.96422074e-01 -1.51500081e-05  4.47733647e-13  1.36278362e-11 
 1.30072458e-04  8.96353868e-01  8.96466874e-01  8.96422068e-01 -1.51463451e-05 -1.26891336e-12 -5.57048130e-12 
 1.30172458e-04  8.96354043e-01  8.96466898e-01  8.96422062e-01 -1.51500059e-05  4.47561693e-13  1.36250186e-11 
 1.30272458e-04  8.96353856e-01  8.96466861e-01  8.96422056e-01 -1.51463473e-05 -1.26874097e-12 -5.56770049e-12 
 1.30372458e-04  8.96354031e-01  8.96466886e-01  8.96422049e-01 -1.51500038e-05  4.47390822e-13  1.36222094e-11 
 1.30472458e-04  8.96353843e-01  8.96466849e-01  8.96422043e-01 -1.51463495e-05 -1.26857075e-12 -5.56490477e-12 
 1.30572458e-04  8.96354018e-01  8.96466873e-01  8.96422037e-01 -1.51500016e-05  4.47220819e-13  1.36194192e-11 
 1.30672458e-04  8.96353831e-01  8.96466837e-01  8.96422031e-01 -1.51463517e-05 -1.26840097e-12 -5.56211322e-12 
 1.30772458e-04  8.96354006e-01  8.96466861e-01  8.96422024e-01 -1.51499994e-05  4.47050600e-13  1.36166160e-11 
 1.30872458e-04  8.96353818e-01  8.96466824e-01  8.96422018e-01 -1.51463539e-05 -1.26823140e-12 -5.55932243e-12 
 1.30972458e-04  8.96353993e-01  8.96466848e-01  8.96422012e-01 -1.51499972e-05  4.46880814e-13  1.36138468e-11 
 1.31072458e-04  8.96353806e-01  8.96466812e-01  8.96422006e-01 -1.51463561e-05 -1.26806139e-12 -5.55656627e-12 
 1.31172458e-04  8.96353981e-01  8.96466836e-01  8.96422000e-01 -1.51499950e-05  4.46711244e-13  1.36110388e-11 
 1.31272458e-04  8.96353793e-01  8.96466799e-01  8.96421993e-01 -1.51463583e-05 -1.26789096e-12 -5.55374805e-12 
 1.31372458e-04  8.96353968e-01  8.96466823e-01  8.96421987e-01 -1.51499928e-05  4.46540808e-13  1.36082548e-11 
 1.31472458e-04  8.96353781e-01  8.96466787e-01  8.96421981e-01 -1.51463605e-05 -1.26772247e-12 -5.55097678e-12 
 1.31572458e-04  8.96353956e-01  8.96466811e-01  8.96421975e-01 -1.51499906e-05  4.46371455e-13  1.36054665e-11 
 1.31672458e-04  8.96353769e-01  8.96466774e-01  8.96421968e-01 -1.51463627e-05 -1.26755290e-12 -5.54816523e-12 
 1.31772458e-04  8.96353943e-01  8.96466798e-01  8.96421962e-01 -1.51499884e-05  4.46203187e-13  1.36026732e-11 
 1.31872458e-04  8.96353756e-01  8.96466762e-01  8.96421956e-01 -1.51463648e-05 -1.26738290e-12 -5.54537704e-12 
 1.31972458e-04  8.96353931e-01  8.96466786e-01  8.96421950e-01 -1.51499862e-05  4.46033618e-13  1.35998996e-11 
 1.32072458e-04  8.96353744e-01  8.96466749e-01  8.96421943e-01 -1.51463670e-05 -1.26721507e-12 -5.54259980e-12 
 1.32172458e-04  8.96353918e-01  8.96466773e-01  8.96421937e-01 -1.51499840e-05  4.45866000e-13  1.35970965e-11 
 1.32272458e-04  8.96353731e-01  8.96466737e-01  8.96421931e-01 -1.51463692e-05 -1.26704658e-12 -5.53982126e-12 
 1.32372458e-04  8.96353906e-01  8.96466761e-01  8.96421925e-01 -1.51499818e-05  4.45697299e-13  1.35943139e-11 
 1.32472458e-04  8.96353719e-01  8.96466724e-01  8.96421919e-01 -1.51463714e-05 -1.26687766e-12 -5.53702228e-12 
 1.32572458e-04  8.96353893e-01  8.96466748e-01  8.96421912e-01 -1.51499796e-05  4.45528813e-13  1.35915457e-11 
 1.32672458e-04  8.96353706e-01  8.96466712e-01  8.96421906e-01 -1.51463736e-05 -1.26670961e-12 -5.53424971e-12 
 1.32772458e-04  8.96353881e-01  8.96466736e-01  8.96421900e-01 -1.51499775e-05  4.45359244e-13  1.35887567e-11 
 1.32872458e-04  8.96353694e-01  8.96466699e-01  8.96421894e-01 -1.51463758e-05 -1.26654199e-12 -5.53146081e-12 
 1.32972458e-04  8.96353868e-01  8.96466723e-01  8.96421887e-01 -1.51499753e-05  4.45190976e-13  1.35859436e-11 
 1.33072458e-04  8.96353681e-01  8.96466687e-01  8.96421881e-01 -1.51463780e-05 -1.26637568e-12 -5.52867610e-12 
 1.33172458e-04  8.96353856e-01  8.96466711e-01  8.96421875e-01 -1.51499731e-05  4.45024876e-13  1.35831714e-11 
 1.33272458e-04  8.96353669e-01  8.96466674e-01  8.96421869e-01 -1.51463802e-05 -1.26620806e-12 -5.52590254e-12 
 1.33372458e-04  8.96353843e-01  8.96466698e-01  8.96421862e-01 -1.51499709e-05  4.44857476e-13  1.35803913e-11 
 1.33472458e-04  8.96353657e-01  8.96466662e-01  8.96421856e-01 -1.51463824e-05 -1.26604044e-12 -5.52313176e-12 
 1.33572458e-04  8.96353831e-01  8.96466686e-01  8.96421850e-01 -1.51499687e-05  4.44690292e-13  1.35776101e-11 
 1.33672458e-04  8.96353644e-01  8.96466650e-01  8.96421844e-01 -1.51463846e-05 -1.26587499e-12 -5.52032221e-12 
 1.33772458e-04  8.96353818e-01  8.96466674e-01  8.96421837e-01 -1.51499665e-05  4.44523975e-13  1.35748436e-11 
 1.33872458e-04  8.96353632e-01  8.96466637e-01  8.96421831e-01 -1.51463868e-05 -1.26570629e-12 -5.51754047e-12 
 1.33972458e-04  8.96353806e-01  8.96466661e-01  8.96421825e-01 -1.51499643e-05  4.44358743e-13  1.35720652e-11 
 1.34072458e-04  8.96353619e-01  8.96466625e-01  8.96421819e-01 -1.51463890e-05 -1.26554062e-12 -5.51475987e-12 
 1.34172458e-04  8.96353793e-01  8.96466649e-01  8.96421813e-01 -1.51499621e-05  4.44191559e-13  1.35693135e-11 
 1.34272458e-04  8.96353607e-01  8.96466612e-01  8.96421806e-01 -1.51463912e-05 -1.26537474e-12 -5.51199971e-12 
 1.34372458e-04  8.96353781e-01  8.96466636e-01  8.96421800e-01 -1.51499599e-05  4.44025459e-13  1.35665160e-11 
 1.34472458e-04  8.96353594e-01  8.96466600e-01  8.96421794e-01 -1.51463934e-05 -1.26520842e-12 -5.50921141e-12 
 1.34572458e-04  8.96353768e-01  8.96466624e-01  8.96421788e-01 -1.51499578e-05  4.43859576e-13  1.35637408e-11 
 1.34672458e-04  8.96353582e-01  8.96466587e-01  8.96421781e-01 -1.51463956e-05 -1.26504341e-12 -5.50641921e-12 
 1.34772458e-04  8.96353756e-01  8.96466611e-01  8.96421775e-01 -1.51499556e-05  4.43694777e-13  1.35609482e-11 
 1.34872458e-04  8.96353569e-01  8.96466575e-01  8.96421769e-01 -1.51463978e-05 -1.26487796e-12 -5.50365450e-12 
 1.34972458e-04  8.96353743e-01  8.96466599e-01  8.96421763e-01 -1.51499534e-05  4.43530195e-13  1.35581558e-11 
 1.35072458e-04  8.96353557e-01  8.96466562e-01  8.96421756e-01 -1.51464000e-05 -1.26471208e-12 -5.50088019e-12 
 1.35172458e-04  8.96353731e-01  8.96466586e-01  8.96421750e-01 -1.51499512e-05  4.43363662e-13  1.35554057e-11 
 1.35272458e-04  8.96353544e-01  8.96466550e-01  8.96421744e-01 -1.51464021e-05 -1.26454793e-12 -5.49810739e-12 
 1.35372458e-04  8.96353718e-01  8.96466574e-01  8.96421738e-01 -1.51499490e-05  4.43199297e-13  1.35526255e-11 
 1.35472458e-04  8.96353532e-01  8.96466537e-01  8.96421731e-01 -1.51464043e-05 -1.26438161e-12 -5.49532793e-12 
 1.35572458e-04  8.96353706e-01  8.96466561e-01  8.96421725e-01 -1.51499468e-05  4.43034932e-13  1.35498567e-11 
 1.35672458e-04  8.96353520e-01  8.96466525e-01  8.96421719e-01 -1.51464065e-05 -1.26421768e-12 -5.49258696e-12 
 1.35772458e-04  8.96353693e-01  8.96466549e-01  8.96421713e-01 -1.51499447e-05  4.42870350e-13  1.35470478e-11 
 1.35872458e-04  8.96353507e-01  8.96466512e-01  8.96421707e-01 -1.51464087e-05 -1.26405440e-12 -5.48980073e-12 
 1.35972458e-04  8.96353681e-01  8.96466536e-01  8.96421700e-01 -1.51499425e-05  4.42706202e-13  1.35442749e-11 
 1.36072458e-04  8.96353495e-01  8.96466500e-01  8.96421694e-01 -1.51464109e-05 -1.26388982e-12 -5.48704235e-12 
 1.36172458e-04  8.96353668e-01  8.96466524e-01  8.96421688e-01 -1.51499403e-05  4.42541620e-13  1.35415013e-11 
 1.36272458e-04  8.96353482e-01  8.96466487e-01  8.96421682e-01 -1.51464131e-05 -1.26372524e-12 -5.48424240e-12 
 1.36372458e-04  8.96353656e-01  8.96466511e-01  8.96421675e-01 -1.51499381e-05  4.42377905e-13  1.35387603e-11 
 1.36472458e-04  8.96353470e-01  8.96466475e-01  8.96421669e-01 -1.51464153e-05 -1.26356152e-12 -5.48149129e-12 
 1.36572458e-04  8.96353643e-01  8.96466499e-01  8.96421663e-01 -1.51499359e-05  4.42214624e-13  1.35359713e-11 
 1.36672458e-04  8.96353457e-01  8.96466463e-01  8.96421657e-01 -1.51464175e-05 -1.26339759e-12 -5.47871839e-12 
 1.36772458e-04  8.96353631e-01  8.96466486e-01  8.96421650e-01 -1.51499337e-05  4.42050910e-13  1.35331928e-11 
 1.36872458e-04  8.96353445e-01  8.96466450e-01  8.96421644e-01 -1.51464197e-05 -1.26323496e-12 -5.47594847e-12 
 1.36972458e-04  8.96353618e-01  8.96466474e-01  8.96421638e-01 -1.51499316e-05  4.41888496e-13  1.35304319e-11 
 1.37072458e-04  8.96353432e-01  8.96466438e-01  8.96421632e-01 -1.51464218e-05 -1.26307146e-12 -5.47316700e-12 
 1.37172458e-04  8.96353606e-01  8.96466461e-01  8.96421625e-01 -1.51499294e-05  4.41724782e-13  1.35276758e-11 
 1.37272458e-04  8.96353420e-01  8.96466425e-01  8.96421619e-01 -1.51464240e-05 -1.26290883e-12 -5.47042988e-12 
 1.37372458e-04  8.96353593e-01  8.96466449e-01  8.96421613e-01 -1.51499272e-05  4.41562585e-13  1.35248963e-11 
 1.37472458e-04  8.96353408e-01  8.96466413e-01  8.96421607e-01 -1.51464262e-05 -1.26274729e-12 -5.46764842e-12 
 1.37572458e-04  8.96353581e-01  8.96466436e-01  8.96421601e-01 -1.51499250e-05  4.41399738e-13  1.35221446e-11 
 1.37672458e-04  8.96353395e-01  8.96466400e-01  8.96421594e-01 -1.51464284e-05 -1.26258465e-12 -5.46485058e-12 
 1.37772458e-04  8.96353568e-01  8.96466424e-01  8.96421588e-01 -1.51499228e-05  4.41237108e-13  1.35193847e-11 
 1.37872458e-04  8.96353383e-01  8.96466388e-01  8.96421582e-01 -1.51464306e-05 -1.26242289e-12 -5.46209627e-12 
 1.37972458e-04  8.96353556e-01  8.96466412e-01  8.96421576e-01 -1.51499207e-05  4.41076646e-13  1.35165937e-11 
 1.38072458e-04  8.96353370e-01  8.96466375e-01  8.96421569e-01 -1.51464328e-05 -1.26226048e-12 -5.45935107e-12 
 1.38172458e-04  8.96353543e-01  8.96466399e-01  8.96421563e-01 -1.51499185e-05  4.40913365e-13  1.35138242e-11 
 1.38272458e-04  8.96353358e-01  8.96466363e-01  8.96421557e-01 -1.51464350e-05 -1.26209806e-12 -5.45658738e-12 
 1.38372458e-04  8.96353531e-01  8.96466387e-01  8.96421551e-01 -1.51499163e-05  4.40752469e-13  1.35110582e-11 
 1.38472458e-04  8.96353345e-01  8.96466350e-01  8.96421544e-01 -1.51464371e-05 -1.26193674e-12 -5.45382890e-12 
 1.38572458e-04  8.96353518e-01  8.96466374e-01  8.96421538e-01 -1.51499141e-05  4.40591357e-13  1.35082780e-11 
 1.38672458e-04  8.96353333e-01  8.96466338e-01  8.96421532e-01 -1.51464393e-05 -1.26177562e-12 -5.45106007e-12 
 1.38772458e-04  8.96353506e-01  8.96466362e-01  8.96421526e-01 -1.51499119e-05  4.40428076e-13  1.35055250e-11 
 1.38872458e-04  8.96353320e-01  8.96466325e-01  8.96421520e-01 -1.51464415e-05 -1.26161451e-12 -5.44831855e-12 
 1.38972458e-04  8.96353493e-01  8.96466349e-01  8.96421513e-01 -1.51499098e-05  4.40266964e-13  1.35027617e-11 
 1.39072458e-04  8.96353308e-01  8.96466313e-01  8.96421507e-01 -1.51464437e-05 -1.26145383e-12 -5.44556289e-12 
 1.39172458e-04  8.96353481e-01  8.96466337e-01  8.96421501e-01 -1.51499076e-05  4.40106718e-13  1.35000037e-11 
 1.39272458e-04  8.96353295e-01  8.96466300e-01  8.96421495e-01 -1.51464459e-05 -1.26129315e-12 -5.44279243e-12 
 1.39372458e-04  8.96353468e-01  8.96466324e-01  8.96421488e-01 -1.51499054e-05  4.39945389e-13  1.34972398e-11 
 1.39472458e-04  8.96353283e-01  8.96466288e-01  8.96421482e-01 -1.51464481e-05 -1.26113334e-12 -5.44003547e-12 
 1.39572458e-04  8.96353456e-01  8.96466312e-01  8.96421476e-01 -1.51499032e-05  4.39785144e-13  1.34944640e-11 
 1.39672458e-04  8.96353271e-01  8.96466276e-01  8.96421470e-01 -1.51464502e-05 -1.26097223e-12 -5.43728105e-12 
 1.39772458e-04  8.96353443e-01  8.96466299e-01  8.96421463e-01 -1.51499011e-05  4.39625550e-13  1.34917302e-11 
 1.39872458e-04  8.96353258e-01  8.96466263e-01  8.96421457e-01 -1.51464524e-05 -1.26081112e-12 -5.43450202e-12 
 1.39972458e-04  8.96353431e-01  8.96466287e-01  8.96421451e-01 -1.51498989e-05  4.39464437e-13  1.34889612e-11 
 1.40072458e-04  8.96353246e-01  8.96466251e-01  8.96421445e-01 -1.51464546e-05 -1.26065196e-12 -5.43174354e-12 
 1.40172458e-04  8.96353419e-01  8.96466274e-01  8.96421438e-01 -1.51498967e-05  4.39305276e-13  1.34862182e-11 
 1.40272458e-04  8.96353233e-01  8.96466238e-01  8.96421432e-01 -1.51464568e-05 -1.26049171e-12 -5.42900702e-12 
 1.40372458e-04  8.96353406e-01  8.96466262e-01  8.96421426e-01 -1.51498945e-05  4.39145682e-13  1.34834353e-11 
 1.40472458e-04  8.96353221e-01  8.96466226e-01  8.96421420e-01 -1.51464590e-05 -1.26033147e-12 -5.42626496e-12 
 1.40572458e-04  8.96353394e-01  8.96466249e-01  8.96421413e-01 -1.51498924e-05  4.38985220e-13  1.34806715e-11 
 1.40672458e-04  8.96353208e-01  8.96466213e-01  8.96421407e-01 -1.51464611e-05 -1.26017252e-12 -5.42350225e-12 
 1.40772458e-04  8.96353381e-01  8.96466237e-01  8.96421401e-01 -1.51498902e-05  4.38826709e-13  1.34779248e-11 
 1.40872458e-04  8.96353196e-01  8.96466201e-01  8.96421395e-01 -1.51464633e-05 -1.26001228e-12 -5.42071417e-12 
 1.40972458e-04  8.96353369e-01  8.96466224e-01  8.96421389e-01 -1.51498880e-05  4.38667765e-13  1.34751698e-11 
 1.41072458e-04  8.96353183e-01  8.96466188e-01  8.96421382e-01 -1.51464655e-05 -1.25985463e-12 -5.41798052e-12 
 1.41172458e-04  8.96353356e-01  8.96466212e-01  8.96421376e-01 -1.51498858e-05  4.38509038e-13  1.34724196e-11 
 1.41272458e-04  8.96353171e-01  8.96466176e-01  8.96421370e-01 -1.51464677e-05 -1.25969591e-12 -5.41523602e-12 
 1.41372458e-04  8.96353344e-01  8.96466199e-01  8.96421364e-01 -1.51498837e-05  4.38350961e-13  1.34696736e-11 
 1.41472458e-04  8.96353159e-01  8.96466163e-01  8.96421357e-01 -1.51464699e-05 -1.25953675e-12 -5.41247510e-12 
 1.41572458e-04  8.96353331e-01  8.96466187e-01  8.96421351e-01 -1.51498815e-05  4.38191801e-13  1.34669020e-11 
 1.41672458e-04  8.96353146e-01  8.96466151e-01  8.96421345e-01 -1.51464720e-05 -1.25937845e-12 -5.40973137e-12 
 1.41772458e-04  8.96353319e-01  8.96466175e-01  8.96421339e-01 -1.51498793e-05  4.38033290e-13  1.34641559e-11 
 1.41872458e-04  8.96353134e-01  8.96466138e-01  8.96421332e-01 -1.51464742e-05 -1.25922038e-12 -5.40695716e-12 
 1.41972458e-04  8.96353306e-01  8.96466162e-01  8.96421326e-01 -1.51498772e-05  4.37875647e-13  1.34614090e-11 
 1.42072458e-04  8.96353121e-01  8.96466126e-01  8.96421320e-01 -1.51464764e-05 -1.25906208e-12 -5.40422449e-12 
 1.42172458e-04  8.96353294e-01  8.96466150e-01  8.96421314e-01 -1.51498750e-05  4.37717137e-13  1.34586550e-11 
 1.42272458e-04  8.96353109e-01  8.96466113e-01  8.96421308e-01 -1.51464786e-05 -1.25890487e-12 -5.40147620e-12 
 1.42372458e-04  8.96353281e-01  8.96466137e-01  8.96421301e-01 -1.51498728e-05  4.37560578e-13  1.34559106e-11 
 1.42472458e-04  8.96353096e-01  8.96466101e-01  8.96421295e-01 -1.51464807e-05 -1.25874658e-12 -5.39874964e-12 
 1.42572458e-04  8.96353269e-01  8.96466125e-01  8.96421289e-01 -1.51498706e-05  4.37402501e-13  1.34531515e-11 
 1.42672458e-04  8.96353084e-01  8.96466089e-01  8.96421283e-01 -1.51464829e-05 -1.25859024e-12 -5.39597181e-12 
 1.42772458e-04  8.96353256e-01  8.96466112e-01  8.96421276e-01 -1.51498685e-05  4.37246159e-13  1.34504007e-11 
 1.42872458e-04  8.96353071e-01  8.96466076e-01  8.96421270e-01 -1.51464851e-05 -1.25843259e-12 -5.39324775e-12 
 1.42972458e-04  8.96353244e-01  8.96466100e-01  8.96421264e-01 -1.51498663e-05  4.37087866e-13  1.34476377e-11 
 1.43072458e-04  8.96353059e-01  8.96466064e-01  8.96421258e-01 -1.51464873e-05 -1.25827473e-12 -5.39049258e-12 
 1.43172458e-04  8.96353231e-01  8.96466087e-01  8.96421251e-01 -1.51498641e-05  4.36930440e-13  1.34448973e-11 
 1.43272458e-04  8.96353046e-01  8.96466051e-01  8.96421245e-01 -1.51464894e-05 -1.25811883e-12 -5.38774131e-12 
 1.43372458e-04  8.96353219e-01  8.96466075e-01  8.96421239e-01 -1.51498620e-05  4.36774531e-13  1.34421458e-11 
 1.43472458e-04  8.96353034e-01  8.96466039e-01  8.96421233e-01 -1.51464916e-05 -1.25796162e-12 -5.38498722e-12 
 1.43572458e-04  8.96353206e-01  8.96466062e-01  8.96421226e-01 -1.51498598e-05  4.36617105e-13  1.34394190e-11 
 1.43672458e-04  8.96353022e-01  8.96466026e-01  8.96421220e-01 -1.51464938e-05 -1.25780549e-12 -5.38226028e-12 
 1.43772458e-04  8.96353194e-01  8.96466050e-01  8.96421214e-01 -1.51498576e-05  4.36460980e-13  1.34366696e-11 
 1.43872458e-04  8.96353009e-01  8.96466014e-01  8.96421208e-01 -1.51464960e-05 -1.25764850e-12 -5.37951270e-12 
 1.43972458e-04  8.96353181e-01  8.96466037e-01  8.96421201e-01 -1.51498555e-05  4.36304638e-13  1.34339371e-11 
 1.44072458e-04  8.96352997e-01  8.96466001e-01  8.96421195e-01 -1.51464981e-05 -1.25749237e-12 -5.37677238e-12 
 1.44172458e-04  8.96353169e-01  8.96466025e-01  8.96421189e-01 -1.51498533e-05  4.36148296e-13  1.34311686e-11 
 1.44272458e-04  8.96352984e-01  8.96465989e-01  8.96421183e-01 -1.51465003e-05 -1.25733733e-12 -5.37401335e-12 
 1.44372458e-04  8.96353156e-01  8.96466012e-01  8.96421177e-01 -1.51498511e-05  4.35993255e-13  1.34284146e-11 
 1.44472458e-04  8.96352972e-01  8.96465976e-01  8.96421170e-01 -1.51465025e-05 -1.25718034e-12 -5.37127553e-12 
 1.44572458e-04  8.96353144e-01  8.96466000e-01  8.96421164e-01 -1.51498490e-05  4.35837130e-13  1.34256905e-11 
 1.44672458e-04  8.96352959e-01  8.96465964e-01  8.96421158e-01 -1.51465047e-05 -1.25702573e-12 -5.36855114e-12 
 1.44772458e-04  8.96353131e-01  8.96465987e-01  8.96421152e-01 -1.51498468e-05  4.35681439e-13  1.34229419e-11 
 1.44872458e-04  8.96352947e-01  8.96465951e-01  8.96421145e-01 -1.51465068e-05 -1.25687048e-12 -5.36580388e-12 
 1.44972458e-04  8.96353119e-01  8.96465975e-01  8.96421139e-01 -1.51498446e-05  4.35524230e-13  1.34201872e-11 
 1.45072458e-04  8.96352934e-01  8.96465939e-01  8.96421133e-01 -1.51465090e-05 -1.25671500e-12 -5.36306183e-12 
 1.45172458e-04  8.96353106e-01  8.96465962e-01  8.96421127e-01 -1.51498425e-05  4.35369405e-13  1.34174602e-11 
 1.45272458e-04  8.96352922e-01  8.96465926e-01  8.96421120e-01 -1.51465112e-05 -1.25656039e-12 -5.36032373e-12 
 1.45372458e-04  8.96353094e-01  8.96465950e-01  8.96421114e-01 -1.51498403e-05  4.35215015e-13  1.34147248e-11 
 1.45472458e-04  8.96352910e-01  8.96465914e-01  8.96421108e-01 -1.51465133e-05 -1.25640470e-12 -5.35758823e-12 
 1.45572458e-04  8.96353081e-01  8.96465937e-01  8.96421102e-01 -1.51498381e-05  4.35059757e-13  1.34119903e-11 
 1.45672458e-04  8.96352897e-01  8.96465902e-01  8.96421096e-01 -1.51465155e-05 -1.25624966e-12 -5.35486672e-12 
 1.45772458e-04  8.96353069e-01  8.96465925e-01  8.96421089e-01 -1.51498360e-05  4.34904933e-13  1.34092253e-11 
 1.45872458e-04  8.96352885e-01  8.96465889e-01  8.96421083e-01 -1.51465177e-05 -1.25609570e-12 -5.35212684e-12 
 1.45972458e-04  8.96353056e-01  8.96465913e-01  8.96421077e-01 -1.51498338e-05  4.34751627e-13  1.34064691e-11 
 1.46072458e-04  8.96352872e-01  8.96465877e-01  8.96421071e-01 -1.51465199e-05 -1.25594066e-12 -5.34937779e-12 
 1.46172458e-04  8.96353044e-01  8.96465900e-01  8.96421064e-01 -1.51498317e-05  4.34596152e-13  1.34037738e-11 
 1.46272458e-04  8.96352860e-01  8.96465864e-01  8.96421058e-01 -1.51465220e-05 -1.25578497e-12 -5.34665503e-12 
 1.46372458e-04  8.96353031e-01  8.96465888e-01  8.96421052e-01 -1.51498295e-05  4.34441979e-13  1.34010085e-11 
 1.46472458e-04  8.96352847e-01  8.96465852e-01  8.96421046e-01 -1.51465242e-05 -1.25563167e-12 -5.34392593e-12 
 1.46572458e-04  8.96353019e-01  8.96465875e-01  8.96421039e-01 -1.51498273e-05  4.34289106e-13  1.33982826e-11 
 1.46672458e-04  8.96352835e-01  8.96465839e-01  8.96421033e-01 -1.51465264e-05 -1.25547749e-12 -5.34118241e-12 
 1.46772458e-04  8.96353006e-01  8.96465863e-01  8.96421027e-01 -1.51498252e-05  4.34135367e-13  1.33955520e-11 
 1.46836229e-04  8.96352825e-01  8.96465829e-01  8.96421023e-01 -1.51465291e-05 -1.25529752e-12 -5.32678778e-12 
 1.46900000e-04  8.96352998e-01  8.96465855e-01  8.96421019e-01 -1.51498218e-05  4.33915490e-13  1.33863289e-11 
