 time            v(XDUT.HOLD)    v(out)          v(pad)          i(VDD)          i(VHI)          i(VLO)         
 2.50000000e-10  1.67501162e-07  1.75500273e-06  1.59544977e-07 -5.40761266e-08  6.51020750e-11  5.75663405e-11 
 5.00000000e-10  3.13087989e-07  2.67012932e-06  3.87778155e-07 -5.56344284e-08  1.23476562e-10  1.10083197e-10 
 1.00000000e-09  6.02101591e-07  3.74281705e-06  9.00262305e-07 -5.61471005e-08  2.28025646e-10  2.04685241e-10 
 2.00000000e-09  1.17856755e-06  4.74535995e-06  2.01484674e-06 -5.61220164e-08  3.82931847e-10  3.45326747e-10 
 4.00000000e-09  2.32563499e-06  7.11118315e-06  4.25099998e-06 -5.67722729e-08  5.61918892e-10  5.06880644e-10 
 8.00000000e-09  4.59566313e-06  1.17251644e-05  8.84375235e-06 -5.73928524e-08  6.81535070e-10  6.12770396e-10 
 1.60000000e-08  9.04509273e-06  2.13638102e-05  1.83207442e-05 -5.90773911e-08  6.95415543e-10  6.19173922e-10 
 2.50000000e-08  1.39140228e-05  3.23324357e-05  2.92829868e-05 -6.03984421e-08  6.82462348e-10  6.00872619e-10 
 2.66000000e-08  1.47631827e-05  3.43258476e-05  3.12503227e-05 -6.07431799e-08  6.81544220e-10  5.98900509e-10 
 2.98000000e-08  1.64530874e-05  3.82761803e-05  3.51910292e-05 -6.12394726e-08  6.79288754e-10  5.94663034e-10 
 3.62000000e-08  1.97849402e-05  4.61683180e-05  4.30835351e-05 -6.21883789e-08  6.74162521e-10  5.85836794e-10 
 4.90000000e-08  2.62689128e-05  6.18939938e-05  5.88247639e-05 -6.39302637e-08  6.64390670e-10  5.69327948e-10 
 7.40000000e-08  3.83211720e-05  9.21243692e-05  8.91259620e-05 -6.68104507e-08  6.48006524e-10  5.41745541e-10 
 9.90000000e-08  4.96726392e-05  1.21640294e-04  1.18711251e-04 -6.90929667e-08  6.34555065e-10  5.19106661e-10 
 1.24000000e-07  6.04468788e-05  1.50480829e-04  1.47615671e-04 -7.08945909e-08  6.23475302e-10  5.00484715e-10 
 1.49000000e-07  7.07449508e-05  1.78760880e-04  1.75944162e-04 -7.22947705e-08  6.14338749e-10  4.85105054e-10 
 1.74000000e-07  8.06499518e-05  2.06562673e-04  2.03791031e-04 -7.33734066e-08  6.06790695e-10  4.72416066e-10 
 1.99000000e-07  9.02305293e-05  2.33971502e-04  2.31232999e-04 -7.41836161e-08  6.00577639e-10  4.61947270e-10 
 2.24000000e-07  9.95433313e-05  2.61040489e-04  2.58334261e-04 -7.47817934e-08  5.95448519e-10  4.53304361e-10 
 2.49000000e-07  1.08635061e-04  2.87829800e-04  2.85146422e-04 -7.52017448e-08  5.91242759e-10  4.46176377e-10 
 2.74000000e-07  1.17544235e-04  3.14372821e-04  3.11713033e-04 -7.54840669e-08  5.87783668e-10  4.40286407e-10 
 2.99000000e-07  1.26302561e-04  3.40712697e-04  3.38068835e-04 -7.56492314e-08  5.84971976e-10  4.35428592e-10 
 3.24000000e-07  1.34936150e-04  3.66869637e-04  3.64243459e-04 -7.57270120e-08  5.82682294e-10  4.31407818e-10 
 3.49000000e-07  1.43466446e-04  3.92875138e-04  3.90260236e-04 -7.57287122e-08  5.80856714e-10  4.28088838e-10 
 3.74000000e-07  1.51911073e-04  4.18740582e-04  4.16139343e-04 -7.56767452e-08  5.79405771e-10  4.25333717e-10 
 3.99000000e-07  1.60284465e-04  4.44489437e-04  4.41896369e-04 -7.55761414e-08  5.78299770e-10  4.23055128e-10 
 4.24000000e-07  1.68598456e-04  4.70127198e-04  4.67545057e-04 -7.54443509e-08  5.77474695e-10  4.21155105e-10 
 4.49000000e-07  1.76862707e-04  4.95671776e-04  4.93095747e-04 -7.52821332e-08  5.76920278e-10  4.19578950e-10 
 4.74000000e-07  1.85085126e-04  5.21124780e-04  5.18557813e-04 -7.51036269e-08  5.76590811e-10  4.18256604e-10 
 4.99000000e-07  1.93272144e-04  5.46500256e-04  5.43938051e-04 -7.49066987e-08  5.76489556e-10  4.17155561e-10 
 5.24000000e-07  2.01429017e-04  5.71797299e-04  5.69242879e-04 -7.47033054e-08  5.76584248e-10  4.16225222e-10 
 5.49000000e-07  2.09560007e-04  5.97027250e-04  5.94476716e-04 -7.44893640e-08  5.76887734e-10  4.15448100e-10 
 5.74000000e-07  2.17668596e-04  6.22187617e-04  6.19643990e-04 -7.42754176e-08  5.77377892e-10  4.14787164e-10 
 5.99000000e-07  2.25757598e-04  6.47287839e-04  6.44747537e-04 -7.40560739e-08  5.78074528e-10  4.14235023e-10 
 6.24000000e-07  2.33829318e-04  6.72324461e-04  6.69790453e-04 -7.38409805e-08  5.78963439e-10  4.13764122e-10 
 6.49000000e-07  2.41885615e-04  6.97305568e-04  6.94774532e-04 -7.36238696e-08  5.80069670e-10  4.13373797e-10 
 6.74000000e-07  2.49928019e-04  7.22227164e-04  7.19701986e-04 -7.34138402e-08  5.81385465e-10  4.13043146e-10 
 6.99000000e-07  2.57957768e-04  7.47096355e-04  7.44573930e-04 -7.32040401e-08  5.82940010e-10  4.12775942e-10 
 7.24000000e-07  2.65975891e-04  7.71908882e-04  7.69391995e-04 -7.30032503e-08  5.84731049e-10  4.12556005e-10 
 7.49000000e-07  2.73983226e-04  7.96671128e-04  7.94156864e-04 -7.28042304e-08  5.86791244e-10  4.12390001e-10 
 7.74000000e-07  2.81980486e-04  8.21378759e-04  8.18869787e-04 -7.26155953e-08  5.89123253e-10  4.12265155e-10 
 7.99000000e-07  2.89968258e-04  8.46037608e-04  8.43531181e-04 -7.24298469e-08  5.91762859e-10  4.12190002e-10 
 8.24000000e-07  2.97947060e-04  8.70643382e-04  8.68142051e-04 -7.22555338e-08  5.94717306e-10  4.12154284e-10 
 8.49000000e-07  3.05917328e-04  8.95201492e-04  8.92702659e-04 -7.20849885e-08  5.98025356e-10  4.12167730e-10 
 8.74000000e-07  3.13879468e-04  9.19707762e-04  9.17213859e-04 -7.19267581e-08  6.01698708e-10  4.12222010e-10 
 8.99000000e-07  3.21833833e-04  9.44167263e-04  9.41675828e-04 -7.17730648e-08  6.05779126e-10  4.12327615e-10 
 9.24000000e-07  3.29780768e-04  9.68575983e-04  9.66089330e-04 -7.16324971e-08  6.10282777e-10  4.12477752e-10 
 9.49000000e-07  3.37720589e-04  9.92938718e-04  9.90454508e-04 -7.14972077e-08  6.15254577e-10  4.12683412e-10 
 9.74000000e-07  3.45653619e-04  1.01725165e-03  1.01477208e-03 -7.13758541e-08  6.20715298e-10  4.12939085e-10 
 9.99000000e-07  3.53580165e-04  1.04151933e-03  1.03904219e-03 -7.12605489e-08  6.26713273e-10  4.13256109e-10 
 1.02400000e-06  3.61500554e-04  1.06573817e-03  1.06326553e-03 -7.11600374e-08  6.33274130e-10  4.13630108e-10 
 1.04900000e-06  3.69415105e-04  1.08991252e-03  1.08744228e-03 -7.10664134e-08  6.40449986e-10  4.14072692e-10 
 1.07400000e-06  3.77324166e-04  1.11403900e-03  1.11157312e-03 -7.09885239e-08  6.48271678e-10  4.14580531e-10 
 1.09900000e-06  3.85228084e-04  1.13812179e-03  1.13565828e-03 -7.09184617e-08  6.56795580e-10  4.15165488e-10 
 1.12400000e-06  3.93127241e-04  1.16215775e-03  1.15969846e-03 -7.08651851e-08  6.66058199e-10  4.15825243e-10 
 1.14900000e-06  4.01022025e-04  1.18615090e-03  1.18369393e-03 -7.08208008e-08  6.76120737e-10  4.16571934e-10 
 1.17400000e-06  4.08912860e-04  1.21009833e-03  1.20764544e-03 -7.07943884e-08  6.87025942e-10  4.17404247e-10 
 1.19900000e-06  4.16800184e-04  1.23400395e-03  1.23155331e-03 -7.07780818e-08  6.98840523e-10  4.18334646e-10 
 1.22400000e-06  4.24684477e-04  1.25786505e-03  1.25541834e-03 -7.07810906e-08  7.11614138e-10  4.19362848e-10 
 1.24900000e-06  4.32566234e-04  1.28168545e-03  1.27924092e-03 -7.07955900e-08  7.25419789e-10  4.20501714e-10 
 1.27400000e-06  4.40445995e-04  1.30546268e-03  1.30302190e-03 -7.08309281e-08  7.40314826e-10  4.21752041e-10 
 1.29900000e-06  4.48324323e-04  1.32920046e-03  1.32676177e-03 -7.08793357e-08  7.56379421e-10  4.23127177e-10 
 1.32400000e-06  4.56201829e-04  1.35289655e-03  1.35046144e-03 -7.09503091e-08  7.73679501e-10  4.24629061e-10 
 1.34900000e-06  4.64079151e-04  1.37655462e-03  1.37412149e-03 -7.10361487e-08  7.92303389e-10  4.26271631e-10 
 1.37400000e-06  4.71956979e-04  1.40017264e-03  1.39774290e-03 -7.11465097e-08  8.12326564e-10  4.28058046e-10 
 1.39900000e-06  4.79836035e-04  1.42375425e-03  1.42132635e-03 -7.12737770e-08  8.33846570e-10  4.30002947e-10 
 1.42400000e-06  4.87717100e-04  1.44729767e-03  1.44487294e-03 -7.14277763e-08  8.56949502e-10  4.32110803e-10 
 1.44900000e-06  4.95600988e-04  1.47080648e-03  1.46838345e-03 -7.16009924e-08  8.81743266e-10  4.34397080e-10 
 1.47400000e-06  5.03488580e-04  1.49427917e-03  1.49185907e-03 -7.18034335e-08  9.08325708e-10  4.36867651e-10 
 1.49900000e-06  5.11380796e-04  1.51771930e-03  1.51530072e-03 -7.20277004e-08  9.36816303e-10  4.39538934e-10 
 1.52400000e-06  5.19278628e-04  1.54112562e-03  1.53870971e-03 -7.22839963e-08  9.67325832e-10  4.42418309e-10 
 1.54900000e-06  5.27183113e-04  1.56450171e-03  1.56208711e-03 -7.25650541e-08  9.99986579e-10  4.45523275e-10 
 1.57400000e-06  5.35095366e-04  1.58784657e-03  1.58543435e-03 -7.28812848e-08  1.03492347e-09  4.48862819e-10 
 1.59900000e-06  5.43016555e-04  1.61116383e-03  1.60875268e-03 -7.32255697e-08  1.07228286e-09  4.52455647e-10 
 1.62400000e-06  5.50947933e-04  1.63445275e-03  1.63204367e-03 -7.36085393e-08  1.11220501e-09  4.56312457e-10 
 1.64900000e-06  5.58890811e-04  1.65771704e-03  1.65530874e-03 -7.40232387e-08  1.15485153e-09  4.60453277e-10 
 1.67400000e-06  5.66846593e-04  1.68095623e-03  1.67854965e-03 -7.44805297e-08  1.20037920e-09  4.64890605e-10 
 1.69900000e-06  5.74816752e-04  1.70417412e-03  1.70176801e-03 -7.49736345e-08  1.24896602e-09  4.69645901e-10 
 1.72400000e-06  5.82802859e-04  1.72737055e-03  1.72496577e-03 -7.55136561e-08  1.30078626e-09  4.74733534e-10 
 1.74900000e-06  5.90806562e-04  1.75054942e-03  1.74814475e-03 -7.60940046e-08  1.35603528e-09  4.80176480e-10 
 1.77400000e-06  5.98829616e-04  1.77371089e-03  1.77130712e-03 -7.67260310e-08  1.41490568e-09  4.85991031e-10 
 1.79900000e-06  6.06873861e-04  1.79685901e-03  1.79445493e-03 -7.74033408e-08  1.47761089e-09  4.92201727e-10 
 1.82400000e-06  6.14941254e-04  1.81999426e-03  1.81759060e-03 -7.81375357e-08  1.54436235e-09  4.98826797e-10 
 1.84900000e-06  6.23033844e-04  1.84312085e-03  1.84071643e-03 -7.89224189e-08  1.61539187e-09  5.05892353e-10 
 1.87400000e-06  6.31153805e-04  1.86623963e-03  1.86383510e-03 -7.97698384e-08  1.69092981e-09  5.13418522e-10 
 1.89900000e-06  6.39303415e-04  1.88935499e-03  1.88694918e-03 -8.06737907e-08  1.77122621e-09  5.21432939e-10 
 1.92400000e-06  6.47485081e-04  1.91246814e-03  1.91006162e-03 -8.16463578e-08  1.85652979e-09  5.29957519e-10 
 1.94900000e-06  6.55701323e-04  1.93558369e-03  1.93317531e-03 -8.26817152e-08  1.94710795e-09  5.39021291e-10 
 1.97400000e-06  6.63954800e-04  1.95870322e-03  1.95629349e-03 -8.37921571e-08  2.04322649e-09  5.48647769e-10 
 1.99900000e-06  6.72248288e-04  1.98183159e-03  1.97941936e-03 -8.49720111e-08  2.14516836e-09  5.58867146e-10 
 2.02400000e-06  6.80584710e-04  2.00497077e-03  2.00255648e-03 -8.62337472e-08  2.25321408e-09  5.69704231e-10 
 2.04900000e-06  6.88967112e-04  2.02812587e-03  2.02570837e-03 -8.75718028e-08  2.36765927e-09  5.81190030e-10 
 2.07400000e-06  6.97398691e-04  2.05129925e-03  2.04887891e-03 -8.89987719e-08  2.48879554e-09  5.93350213e-10 
 2.09900000e-06  7.05882772e-04  2.07449629e-03  2.07207198e-03 -9.05091413e-08  2.61692686e-09  6.06216097e-10 
 2.12400000e-06  7.14422831e-04  2.09771978e-03  2.09529177e-03 -9.21155543e-08  2.75235075e-09  6.19813613e-10 
 2.14900000e-06  7.23022474e-04  2.12097532e-03  2.11854249e-03 -9.38124655e-08  2.89537345e-09  6.34173713e-10 
 2.17400000e-06  7.31685457e-04  2.14426610e-03  2.14182867e-03 -9.56124715e-08  3.04629140e-09  6.49321799e-10 
 2.19900000e-06  7.40415663e-04  2.16759801e-03  2.16515485e-03 -9.75098852e-08  3.20540508e-09  6.65287577e-10 
 2.22400000e-06  7.49217119e-04  2.19097460e-03  2.18852587e-03 -9.95171322e-08  3.37300068e-09  6.82094911e-10 
 2.24900000e-06  7.58093971e-04  2.21440198e-03  2.21194655e-03 -1.01628247e-07  3.54936256e-09  6.99771147e-10 
 2.27400000e-06  7.67050500e-04  2.23788405e-03  2.23542202e-03 -1.03855331e-07  3.73475508e-09  7.18337360e-10 
 2.29900000e-06  7.76091089e-04  2.26142713e-03  2.25895737e-03 -1.06191971e-07  3.92943369e-09  7.37817166e-10 
 2.32400000e-06  7.85220240e-04  2.28503540e-03  2.28255796e-03 -1.08649756e-07  4.13362672e-09  7.58227331e-10 
 2.34900000e-06  7.94442537e-04  2.30871531e-03  2.30622908e-03 -1.11221626e-07  4.34754517e-09  7.79586091e-10 
 2.37400000e-06  8.03762655e-04  2.33247127e-03  2.32997625e-03 -1.13918440e-07  4.57136441e-09  8.01904100e-10 
 2.39900000e-06  8.13185322e-04  2.35630979e-03  2.35380489e-03 -1.16732252e-07  4.80523266e-09  8.25192272e-10 
 2.42400000e-06  8.22715321e-04  2.38023537e-03  2.37772056e-03 -1.19672937e-07  5.04925261e-09  8.49453039e-10 
 2.44900000e-06  8.32357449e-04  2.40425449e-03  2.40172870e-03 -1.22731397e-07  5.30348855e-09  8.74687726e-10 
 2.47400000e-06  8.42116513e-04  2.42837164e-03  2.42583483e-03 -1.25916230e-07  5.56794786e-09  9.00888090e-10 
 2.49900000e-06  8.51997279e-04  2.45259310e-03  2.45004424e-03 -1.29216875e-07  5.84258677e-09  9.28043219e-10 
 2.52400000e-06  8.62004466e-04  2.47692319e-03  2.47436223e-03 -1.32640318e-07  6.12729140e-09  9.56131278e-10 
 2.54900000e-06  8.72142689e-04  2.50136782e-03  2.49879381e-03 -1.36174166e-07  6.42188201e-09  9.85125880e-10 
 2.57400000e-06  8.82416438e-04  2.52593093e-03  2.52334384e-03 -1.39823377e-07  6.72609285e-09  1.01498789e-09 
 2.59900000e-06  8.92830016e-04  2.55061786e-03  2.54801680e-03 -1.43573240e-07  7.03957367e-09  1.04567101e-09 
 2.62400000e-06  9.03387510e-04  2.57543190e-03  2.57281690e-03 -1.47426084e-07  7.36186668e-09  1.07711321e-09 
 2.64900000e-06  9.14092707e-04  2.60037753e-03  2.59774782e-03 -1.51364090e-07  7.69240156e-09  1.10924076e-09 
 2.67400000e-06  9.24949048e-04  2.62545706e-03  2.62281276e-03 -1.55385831e-07  8.03046300e-09  1.14195780e-09 
 2.69900000e-06  9.35959510e-04  2.65067367e-03  2.64801416e-03 -1.59468657e-07  8.37516764e-09  1.17514605e-09 
 2.72400000e-06  9.47126513e-04  2.67602816e-03  2.67335370e-03 -1.63604544e-07  8.72539943e-09  1.20864705e-09 
 2.74900000e-06  9.58451707e-04  2.70152168e-03  2.69883189e-03 -1.67760976e-07  9.07972344e-09  1.24224612e-09 
 2.77400000e-06  9.69935706e-04  2.72715230e-03  2.72444775e-03 -1.71913731e-07  9.43619401e-09  1.27562173e-09 
 2.79900000e-06  9.81577532e-04  2.75291719e-03  2.75019797e-03 -1.76000741e-07  9.79199150e-09  1.30825364e-09 
 2.82400000e-06  9.93373573e-04  2.77880802e-03  2.77607544e-03 -1.79937954e-07  1.01425868e-08  1.33918641e-09 
 2.84900000e-06  1.00531519e-03  2.80481013e-03  2.80206574e-03 -1.83529160e-07  1.04797714e-08  1.36644937e-09 
 2.87400000e-06  1.01738305e-03  2.83089083e-03  2.82813905e-03 -1.86365836e-07  1.07867012e-08  1.38552385e-09 
 2.89900000e-06  1.02953366e-03  2.85698093e-03  2.85423034e-03 -1.87478904e-07  1.10267081e-08  1.38590241e-09 
 2.92400000e-06  1.04167533e-03  2.88293368e-03  2.88020302e-03 -1.85046828e-07  1.11292102e-08  1.34779824e-09 
 2.94900000e-06  1.05365302e-03  2.90850154e-03  2.90581959e-03 -1.77106270e-07  1.10032378e-08  1.25235379e-09 
 2.97400000e-06  1.06528100e-03  2.93338547e-03  2.93078293e-03 -1.63724523e-07  1.05833307e-08  1.10778377e-09 
 2.99900000e-06  1.07640768e-03  2.95735651e-03  2.95485114e-03 -1.47453385e-07  9.82427428e-09  9.51053757e-10 
 3.02400000e-06  1.08694777e-03  2.98033143e-03  2.97792533e-03 -1.31274874e-07  8.69318436e-09  8.16362234e-10 
 3.04900000e-06  1.09688283e-03  3.00236697e-03  3.00004937e-03 -1.17219257e-07  7.29308886e-09  7.17741539e-10 
 3.07400000e-06  1.10626665e-03  3.02361119e-03  3.02136467e-03 -1.06459527e-07  5.90134273e-09  6.54863287e-10 
 3.09900000e-06  1.11521493e-03  3.04425306e-03  3.04205779e-03 -9.92053620e-08  4.77320799e-09  6.20570039e-10 
 3.12400000e-06  1.12386426e-03  3.06447012e-03  3.06230977e-03 -9.48501947e-08  3.99421688e-09  6.05176278e-10 
 3.14900000e-06  1.13233127e-03  3.08439871e-03  3.08226148e-03 -9.24473442e-08  3.51552112e-09  6.00003234e-10 
 3.17400000e-06  1.14069629e-03  3.10412548e-03  3.10200483e-03 -9.11906124e-08  3.24393012e-09  5.99175412e-10 
 3.19900000e-06  1.14900689e-03  3.12369970e-03  3.12159178e-03 -9.05290114e-08  3.09748015e-09  5.99583712e-10 
 3.22400000e-06  1.15728837e-03  3.14314541e-03  3.14104879e-03 -9.01677994e-08  3.02040763e-09  5.99962241e-10 
 3.24900000e-06  1.16555306e-03  3.16247463e-03  3.16038828e-03 -8.99410263e-08  2.97918882e-09  5.99975155e-10 
 3.27400000e-06  1.17380657e-03  3.18169251e-03  3.17961626e-03 -8.97892815e-08  2.95601591e-09  5.99674191e-10 
 3.29900000e-06  1.18205138e-03  3.20080285e-03  3.19873619e-03 -8.96693095e-08  2.94172467e-09  5.99185585e-10 
 3.32400000e-06  1.19028847e-03  3.21980808e-03  3.21775096e-03 -8.95756558e-08  2.93151571e-09  5.98601125e-10 
 3.34900000e-06  1.19851824e-03  3.23871180e-03  3.23666366e-03 -8.94926343e-08  2.92343682e-09  5.97992439e-10 
 3.37400000e-06  1.20674087e-03  3.25751751e-03  3.25547814e-03 -8.94266067e-08  2.91644250e-09  5.97388212e-10 
 3.39900000e-06  1.21495651e-03  3.27623048e-03  3.27419915e-03 -8.93670507e-08  2.91018980e-09  5.96807696e-10 
 3.42400000e-06  1.22316532e-03  3.29485627e-03  3.29283256e-03 -8.93226670e-08  2.90444922e-09  5.96254300e-10 
 3.44900000e-06  1.23136746e-03  3.31340252e-03  3.31138544e-03 -8.92840377e-08  2.89916213e-09  5.95732255e-10 
 3.47400000e-06  1.23956316e-03  3.33187749e-03  3.32986633e-03 -8.92604464e-08  2.89425544e-09  5.95240318e-10 
 3.49900000e-06  1.24775265e-03  3.35029181e-03  3.34828527e-03 -8.92428292e-08  2.88970648e-09  5.94779815e-10 
 3.52400000e-06  1.25593620e-03  3.36865710e-03  3.36665411e-03 -8.92407425e-08  2.88547558e-09  5.94349411e-10 
 3.54900000e-06  1.26411410e-03  3.38698775e-03  3.38498664e-03 -8.92453528e-08  2.88154417e-09  5.93950046e-10 
 3.57400000e-06  1.27228665e-03  3.40529964e-03  3.40329888e-03 -8.92664456e-08  2.87788482e-09  5.93580828e-10 
 3.59900000e-06  1.28045418e-03  3.42361185e-03  3.42160928e-03 -8.92954056e-08  2.87448152e-09  5.93242815e-10 
 3.62400000e-06  1.28861704e-03  3.44194553e-03  3.43993907e-03 -8.93422460e-08  2.87131385e-09  5.92935589e-10 
 3.64900000e-06  1.29677560e-03  3.46032563e-03  3.45831250e-03 -8.93985814e-08  2.86836866e-09  5.92660489e-10 
 3.67400000e-06  1.30493025e-03  3.47877982e-03  3.47675725e-03 -8.94746666e-08  2.86563025e-09  5.92417568e-10 
 3.69900000e-06  1.31308140e-03  3.49734026e-03  3.49530473e-03 -8.95623614e-08  2.86308825e-09  5.92208515e-10 
 3.72400000e-06  1.32122949e-03  3.51604260e-03  3.51399051e-03 -8.96721863e-08  2.86073045e-09  5.92033899e-10 
 3.74900000e-06  1.32937499e-03  3.53492782e-03  3.53285473e-03 -8.97962718e-08  2.85854898e-09  5.91895829e-10 
 3.77400000e-06  1.33751839e-03  3.55404129e-03  3.55194258e-03 -8.99454260e-08  2.85653435e-09  5.91795357e-10 
 3.79900000e-06  1.34566022e-03  3.57343462e-03  3.57130474e-03 -9.01120788e-08  2.85468089e-09  5.91735053e-10 
 3.82400000e-06  1.35380104e-03  3.59316486e-03  3.59099798e-03 -9.03073553e-08  2.85298139e-09  5.91716489e-10 
 3.84900000e-06  1.36194144e-03  3.61329636e-03  3.61108561e-03 -9.05240134e-08  2.85143213e-09  5.91742728e-10 
 3.87400000e-06  1.37008207e-03  3.63390006e-03  3.63163816e-03 -9.07735269e-08  2.85002784e-09  5.91815888e-10 
 3.89900000e-06  1.37822359e-03  3.65505541e-03  3.65273393e-03 -9.10490145e-08  2.84876653e-09  5.91939550e-10 
 3.92400000e-06  1.38636673e-03  3.67684974e-03  3.67445970e-03 -9.13623283e-08  2.84764469e-09  5.92116412e-10 
 3.94900000e-06  1.39451226e-03  3.69938019e-03  3.69691133e-03 -9.17069810e-08  2.84666190e-09  5.92350605e-10 
 3.97400000e-06  1.40266099e-03  3.72275324e-03  3.72019459e-03 -9.20952368e-08  2.84581621e-09  5.92645436e-10 
 3.99900000e-06  1.41081380e-03  3.74708662e-03  3.74442580e-03 -9.25210351e-08  2.84510869e-09  5.93005625e-10 
 4.02400000e-06  1.41897162e-03  3.77250894e-03  3.76973268e-03 -9.29970856e-08  2.84453886e-09  5.93435121e-10 
 4.04900000e-06  1.42713543e-03  3.79916166e-03  3.79625513e-03 -9.35177892e-08  2.84410918e-09  5.93939277e-10 
 4.07400000e-06  1.43530628e-03  3.82719880e-03  3.82414611e-03 -9.40963357e-08  2.84382057e-09  5.94522732e-10 
 4.09900000e-06  1.44348530e-03  3.85678895e-03  3.85357248e-03 -9.47276259e-08  2.84367682e-09  5.95191516e-10 
 4.12400000e-06  1.45167369e-03  3.88811507e-03  3.88471593e-03 -9.54253690e-08  2.84368024e-09  5.95951012e-10 
 4.14900000e-06  1.45987268e-03  3.92137654e-03  3.91777395e-03 -9.61850048e-08  2.84383595e-09  5.96807993e-10 
 4.17400000e-06  1.46808366e-03  3.95678912e-03  3.95296080e-03 -9.70208059e-08  2.84414760e-09  5.97768648e-10 
 4.19900000e-06  1.47630802e-03  3.99458695e-03  3.99050854e-03 -9.79287999e-08  2.84462165e-09  5.98840565e-10 
 4.22400000e-06  1.48454731e-03  4.03502270e-03  4.03066813e-03 -9.89238722e-08  2.84526315e-09  6.00030821e-10 
 4.24900000e-06  1.49280313e-03  4.07836963e-03  4.07371051e-03 -1.00002693e-07  2.84607992e-09  6.01347908e-10 
 4.27400000e-06  1.50107720e-03  4.12492183e-03  4.11992781e-03 -1.01180820e-07  2.84707845e-09  6.02799887e-10 
 4.29900000e-06  1.50937134e-03  4.17499636e-03  4.16963455e-03 -1.02455634e-07  2.84826800e-09  6.04396257e-10 
 4.32400000e-06  1.51768749e-03  4.22893369e-03  4.22316898e-03 -1.03843436e-07  2.84965658e-09  6.06146177e-10 
 4.34900000e-06  1.52602770e-03  4.28709992e-03  4.28089436e-03 -1.05342392e-07  2.85125498e-09  6.08060281e-10 
 4.37400000e-06  1.53439418e-03  4.34988733e-03  4.34320047e-03 -1.06969634e-07  2.85307283e-09  6.10148955e-10 
 4.39900000e-06  1.54278923e-03  4.41771681e-03  4.41050507e-03 -1.08724205e-07  2.85512259e-09  6.12424108e-10 
 4.42400000e-06  1.55121533e-03  4.49103853e-03  4.48325550e-03 -1.10624162e-07  2.85741562e-09  6.14897505e-10 
 4.44900000e-06  1.55967510e-03  4.57033458e-03  4.56193038e-03 -1.12669532e-07  2.85996620e-09  6.17582488e-10 
 4.47400000e-06  1.56817134e-03  4.65611982e-03  4.64704137e-03 -1.14879410e-07  2.86278760e-09  6.20492364e-10 
 4.49900000e-06  1.57670700e-03  4.74894467e-03  4.73913507e-03 -1.17254922e-07  2.86589607e-09  6.23642084e-10 
 4.52400000e-06  1.58528525e-03  4.84939627e-03  4.83879499e-03 -1.19816325e-07  2.86930698e-09  6.27046674e-10 
 4.54900000e-06  1.59390944e-03  4.95810138e-03  4.94664365e-03 -1.22565976e-07  2.87303874e-09  6.30722875e-10 
 4.57400000e-06  1.60258313e-03  5.07572782e-03  5.06334482e-03 -1.25525424e-07  2.87710900e-09  6.34687621e-10 
 4.59900000e-06  1.61131012e-03  5.20298762e-03  5.18960578e-03 -1.28698392e-07  2.88153852e-09  6.38959628e-10 
 4.62400000e-06  1.62009443e-03  5.34063864e-03  5.32617987e-03 -1.32107861e-07  2.88634742e-09  6.43557920e-10 
 4.64900000e-06  1.62894036e-03  5.48948798e-03  5.47386894e-03 -1.35759059e-07  2.89155905e-09  6.48503374e-10 
 4.67400000e-06  1.63785246e-03  5.65039387e-03  5.63352611e-03 -1.39676537e-07  2.89719618e-09  6.53817274e-10 
 4.69900000e-06  1.64683558e-03  5.82426924e-03  5.80605854e-03 -1.43867159e-07  2.90328490e-09  6.59522820e-10 
 4.72400000e-06  1.65589488e-03  6.01208385e-03  5.99243028e-03 -1.48357174e-07  2.90985082e-09  6.65643708e-10 
 4.74900000e-06  1.66503582e-03  6.21486807e-03  6.19366532e-03 -1.53155204e-07  2.91692292e-09  6.72205588e-10 
 4.77400000e-06  1.67426423e-03  6.43371519e-03  6.41085065e-03 -1.58289300e-07  2.92452978e-09  6.79234667e-10 
 4.79900000e-06  1.68358629e-03  6.66978535e-03  6.64513936e-03 -1.63769938e-07  2.93270337e-09  6.86759116e-10 
 4.82400000e-06  1.69300856e-03  6.92430796e-03  6.89775390e-03 -1.69627046e-07  2.94147528e-09  6.94807685e-10 
 4.84900000e-06  1.70253802e-03  7.19858570e-03  7.16998930e-03 -1.75873001e-07  2.95088048e-09  7.03411050e-10 
 4.87400000e-06  1.71218206e-03  7.49399703e-03  7.46321636e-03 -1.82539632e-07  2.96095355e-09  7.12600429e-10 
 4.89900000e-06  1.72194855e-03  7.81200011e-03  7.77888495e-03 -1.89641211e-07  2.97173230e-09  7.22408863e-10 
 4.92400000e-06  1.73184583e-03  8.15413525e-03  8.11852710e-03 -1.97211420e-07  2.98325409e-09  7.32869819e-10 
 4.94900000e-06  1.74188272e-03  8.52202872e-03  8.48376014e-03 -2.05266335e-07  2.99555933e-09  7.44018389e-10 
 4.97400000e-06  1.75206864e-03  8.91739496e-03  8.87628964e-03 -2.13841356e-07  3.00868770e-09  7.55889863e-10 
 4.99900000e-06  1.76241353e-03  9.34204009e-03  9.29791219e-03 -2.22954172e-07  3.02268165e-09  7.68520833e-10 
 5.02400000e-06  1.77292798e-03  9.79786377e-03  9.75051807e-03 -2.32641654e-07  3.03758248e-09  7.81947705e-10 
 5.04900000e-06  1.78362321e-03  1.02868623e-02  1.02360936e-02 -2.42922798e-07  3.05343372e-09  7.96207672e-10 
 5.07400000e-06  1.79451117e-03  1.08111302e-02  1.07567233e-02 -2.53835577e-07  3.07027712e-09  8.11337122e-10 
 5.09900000e-06  1.80560455e-03  1.13728625e-02  1.13145921e-02 -2.65399871e-07  3.08815576e-09  8.27372411e-10 
 5.12400000e-06  1.81691691e-03  1.19743563e-02  1.19119865e-02 -2.77654282e-07  3.10710979e-09  8.44348051e-10 
 5.14900000e-06  1.82846269e-03  1.26180130e-02  1.25512975e-02 -2.90619068e-07  3.12717916e-09  8.62297121e-10 
 5.17400000e-06  1.84025735e-03  1.33063403e-02  1.32350217e-02 -3.04332953e-07  3.14839870e-09  8.81248954e-10 
 5.19900000e-06  1.85231744e-03  1.40419555e-02  1.39657653e-02 -3.18816129e-07  3.17079989e-09  9.01228727e-10 
 5.22400000e-06  1.86466068e-03  1.48275907e-02  1.47462486e-02 -3.34107150e-07  3.19440442e-09  9.22253881e-10 
 5.24900000e-06  1.87730601e-03  1.56661023e-02  1.55793149e-02 -3.50226164e-07  3.21922339e-09  9.44331632e-10 
 5.27400000e-06  1.89027351e-03  1.65604862e-02  1.64679452e-02 -3.67212164e-07  3.24524683e-09  9.67452083e-10 
 5.29900000e-06  1.90358402e-03  1.75139062e-02  1.74152851e-02 -3.85086854e-07  3.27243646e-09  9.91580453e-10 
 5.32400000e-06  1.91725827e-03  1.85297406e-02  1.84246890e-02 -4.03892866e-07  3.30070573e-09  1.01664225e-09 
 5.34900000e-06  1.93131487e-03  1.96116586e-02  1.94997932e-02 -4.23658974e-07  3.32990004e-09  1.04250455e-09 
 5.37400000e-06  1.94576642e-03  2.07637380e-02  2.06446290e-02 -4.44439711e-07  3.35976473e-09  1.06894908e-09 
 5.39900000e-06  1.96061270e-03  2.19906268e-02  2.18637801e-02 -4.66280963e-07  3.38992530e-09  1.09564784e-09 
 5.42400000e-06  1.97583014e-03  2.32977292e-02  2.31625672e-02 -4.89256252e-07  3.41989305e-09  1.12215521e-09 
 5.44900000e-06  1.99135890e-03  2.46913393e-02  2.45471910e-02 -5.13421591e-07  3.44915611e-09  1.14795712e-09 
 5.47400000e-06  2.00709387e-03  2.61785805e-02  2.60246986e-02 -5.38832432e-07  3.47737674e-09  1.17261206e-09 
 5.49900000e-06  2.02289100e-03  2.77670024e-02  2.76026189e-02 -5.65480484e-07  3.50465875e-09  1.19598232e-09 
 5.52400000e-06  2.03859930e-03  2.94638514e-02  2.92882618e-02 -5.93320488e-07  3.53165028e-09  1.21841988e-09 
 5.54900000e-06  2.05410691e-03  3.12752003e-02  3.10878528e-02 -6.22236490e-07  3.55951135e-09  1.24082167e-09 
 5.57400000e-06  2.06937794e-03  3.32054456e-02  3.30059657e-02 -6.52140714e-07  3.58936610e-09  1.26435800e-09 
 5.59900000e-06  2.08445486e-03  3.52574871e-02  3.50456312e-02 -6.82963323e-07  3.62187252e-09  1.28995139e-09 
 5.62400000e-06  2.09942770e-03  3.74333475e-02  3.72089307e-02 -7.14695297e-07  3.65720868e-09  1.31804597e-09 
 5.64900000e-06  2.11439760e-03  3.97349158e-02  3.94977362e-02 -7.47347279e-07  3.69507147e-09  1.34858549e-09 
 5.67400000e-06  2.12945211e-03  4.21644146e-02  4.19142257e-02 -7.80943986e-07  3.73508065e-09  1.38120231e-09 
 5.69900000e-06  2.14465623e-03  4.47245384e-02  4.44610447e-02 -8.15494432e-07  3.77687407e-09  1.41551913e-09 
 5.72400000e-06  2.16005318e-03  4.74184436e-02  4.71413051e-02 -8.51017268e-07  3.82011289e-09  1.45116852e-09 
 5.74900000e-06  2.17566938e-03  5.02496492e-02  4.99584948e-02 -8.87504121e-07  3.86458000e-09  1.48785864e-09 
 5.77400000e-06  2.19152008e-03  5.32219045e-02  5.29163451e-02 -9.24957963e-07  3.91011599e-09  1.52539815e-09 
 5.79900000e-06  2.20761363e-03  5.63390812e-02  5.60187191e-02 -9.63358519e-07  3.95662663e-09  1.56365586e-09 
 5.82400000e-06  2.22395438e-03  5.96050958e-02  5.92695311e-02 -1.00270045e-06  4.00404183e-09  1.60255054e-09 
 5.84900000e-06  2.24054441e-03  6.30238579e-02  6.26726931e-02 -1.04295785e-06  4.05231744e-09  1.64202550e-09 
 5.87400000e-06  2.25738454e-03  6.65992368e-02  6.62320792e-02 -1.08412155e-06  4.10141587e-09  1.68204253e-09 
 5.89900000e-06  2.27447487e-03  7.03350395e-02  6.99515031e-02 -1.12616299e-06  4.15131004e-09  1.72257205e-09 
 5.92400000e-06  2.29181506e-03  7.42349942e-02  7.38347015e-02 -1.16907105e-06  4.20197414e-09  1.76359128e-09 
 5.94900000e-06  2.30940446e-03  7.83027394e-02  7.78853220e-02 -1.21281576e-06  4.25338803e-09  1.80508139e-09 
 5.97400000e-06  2.32724223e-03  8.25418132e-02  8.21069128e-02 -1.25738493e-06  4.30553180e-09  1.84702681e-09 
 5.99900000e-06  2.34532734e-03  8.69556446e-02  8.65029141e-02 -1.30274777e-06  4.35838975e-09  1.88941483e-09 
 6.02400000e-06  2.36365868e-03  9.15475456e-02  9.10766499e-02 -1.34889146e-06  4.41194604e-09  1.93223479e-09 
 6.04900000e-06  2.38223501e-03  9.63207043e-02  9.58313205e-02 -1.39578482e-06  4.46618822e-09  1.97547837e-09 
 6.07400000e-06  2.40105509e-03  1.01278177e-01  1.00769996e-01 -1.44341478e-06  4.52110324e-09  2.01913853e-09 
 6.09900000e-06  2.42011762e-03  1.06422885e-01  1.05895611e-01 -1.49175006e-06  4.57668057e-09  2.06320984e-09 
 6.12400000e-06  2.43942134e-03  1.11757605e-01  1.11210956e-01 -1.54077768e-06  4.63290828e-09  2.10768729e-09 
 6.14900000e-06  2.45896504e-03  1.17284968e-01  1.16718677e-01 -1.59046661e-06  4.68977593e-09  2.15256652e-09 
 6.17400000e-06  2.47874756e-03  1.23007452e-01  1.22421268e-01 -1.64080427e-06  4.74727057e-09  2.19784247e-09 
 6.19900000e-06  2.49876784e-03  1.28927379e-01  1.28321066e-01 -1.69176020e-06  4.80537936e-09  2.24350952e-09 
 6.22400000e-06  2.51902496e-03  1.35046908e-01  1.34420248e-01 -1.74332255e-06  4.86408531e-09  2.28955982e-09 
 6.24900000e-06  2.53951811e-03  1.41368031e-01  1.40720820e-01 -1.79546179e-06  4.92336944e-09  2.33598324e-09 
 6.27400000e-06  2.56024667e-03  1.47892558e-01  1.47224613e-01 -1.84816713e-06  4.98320599e-09  2.38276528e-09 
 6.29900000e-06  2.58121014e-03  1.54622109e-01  1.53933266e-01 -1.90141028e-06  5.04356370e-09  2.42988636e-09 
 6.32400000e-06  2.60240827e-03  1.61558089e-01  1.60848206e-01 -1.95518184e-06  5.10439964e-09  2.47731890e-09 
 6.34900000e-06  2.62384094e-03  1.68701655e-01  1.67970616e-01 -2.00945511e-06  5.16565848e-09  2.52502528e-09 
 6.37400000e-06  2.64550829e-03  1.76053668e-01  1.75301389e-01 -2.06422242e-06  5.22726343e-09  2.57295277e-09 
 6.39900000e-06  2.66741061e-03  1.83614616e-01  1.82841055e-01 -2.11945898e-06  5.28911084e-09  2.62102842e-09 
 6.42400000e-06  2.68954847e-03  1.91384502e-01  1.90589669e-01 -2.17515923e-06  5.35105433e-09  2.66914914e-09 
 6.44900000e-06  2.71192261e-03  1.99362671e-01  1.98546651e-01 -2.23130076e-06  5.41288899e-09  2.71716934e-09 
 6.47400000e-06  2.73453402e-03  2.07547553e-01  2.06710534e-01 -2.28788074e-06  5.47431989e-09  2.76487998e-09 
 6.49900000e-06  2.75738385e-03  2.15936276e-01  2.15078594e-01 -2.34487996e-06  5.53492296e-09  2.81197970e-09 
 6.52400000e-06  2.78047344e-03  2.24524089e-01  2.23646295e-01 -2.40229954e-06  5.59407875e-09  2.85802924e-09 
 6.54900000e-06  2.80380419e-03  2.33303498e-01  2.32406457e-01 -2.46012536e-06  5.65088234e-09  2.90238643e-09 
 6.57400000e-06  2.82737743e-03  2.42262992e-01  2.41348030e-01 -2.51836529e-06  5.70400325e-09  2.94410812e-09 
 6.59900000e-06  2.85119413e-03  2.51385157e-01  2.50454279e-01 -2.57701448e-06  5.75149100e-09  2.98181096e-09 
 6.62400000e-06  2.87525441e-03  2.60643946e-01  2.59700144e-01 -2.63609379e-06  5.79049241e-09  3.01347199e-09 
 6.64900000e-06  2.89955672e-03  2.70000754e-01  2.69048457e-01 -2.69561676e-06  5.81687284e-09  3.03615800e-09 
 6.67400000e-06  2.92409640e-03  2.79398947e-01  2.78444635e-01 -2.75563008e-06  5.82471720e-09  3.04567168e-09 
 6.69900000e-06  2.94886321e-03  2.88756488e-01  2.87809512e-01 -2.81618302e-06  5.80574494e-09  3.03613246e-09 
 6.72400000e-06  2.97383732e-03  2.97956566e-01  2.97030169e-01 -2.87737007e-06  5.74872443e-09  2.99955685e-09 
 6.74900000e-06  2.99898243e-03  3.06836802e-01  3.05949237e-01 -2.93930084e-06  5.63915382e-09  2.92561986e-09 
 6.77400000e-06  3.02423495e-03  3.15179043e-01  3.14354533e-01 -3.00213864e-06  5.45970983e-09  2.80195480e-09 
 6.79900000e-06  3.04948768e-03  3.22704201e-01  3.21973167e-01 -3.06605704e-06  5.19230207e-09  2.61557772e-09 
 6.82400000e-06  3.07456962e-03  3.29079063e-01  3.28476839e-01 -3.13125151e-06  4.82238662e-09  2.35590906e-09 
 6.84900000e-06  3.09922545e-03  3.33945132e-01  3.33508020e-01 -3.19785002e-06  4.34665588e-09  2.02020242e-09 
 6.87400000e-06  3.12311536e-03  3.36972167e-01  3.36731142e-01 -3.26588379e-06  3.77991252e-09  1.61848357e-09 
 6.89900000e-06  3.14584930e-03  3.37927784e-01  3.37901088e-01 -3.33518603e-06  3.15854660e-09  1.17615459e-09 
 6.92400000e-06  3.16706749e-03  3.36738525e-01  3.36926414e-01 -3.40542038e-06  2.53460673e-09  7.30074418e-10 
 6.94900000e-06  3.18653970e-03  3.33511853e-01  3.33896421e-01 -3.47610651e-06  1.96127326e-09  3.18423819e-10 
 6.97400000e-06  3.20423302e-03  3.28505790e-01  3.29056132e-01 -3.54677700e-06  1.47720942e-09 -3.04538643e-11 
 6.99900000e-06  3.22030928e-03  3.22060629e-01  3.22740770e-01 -3.61705363e-06  1.09817141e-09 -3.04335599e-10 
 7.02400000e-06  3.23505877e-03  3.14524434e-01  3.15300454e-01 -3.68674658e-06  8.18937503e-10 -5.06122571e-10 
 7.04900000e-06  3.24881155e-03  3.06199137e-01  3.07043409e-01 -3.75581144e-06  6.21577827e-10 -6.48173096e-10 
 7.07400000e-06  3.26186718e-03  2.97316644e-01  2.98208993e-01 -3.82433956e-06  4.84410914e-10 -7.45912806e-10 
 7.09900000e-06  3.27445957e-03  2.88039106e-01  2.88965997e-01 -3.89246049e-06  3.87950482e-10 -8.13450888e-10 
 7.12400000e-06  3.28675168e-03  2.78472218e-01  2.79425089e-01 -3.96033087e-06  3.17509318e-10 -8.61563150e-10 
 7.14900000e-06  3.29884762e-03  2.68681479e-01  2.69655143e-01 -4.02806811e-06  2.63104627e-10 -8.97646781e-10 
 7.17400000e-06  3.31080778e-03  2.58707179e-01  2.59698396e-01 -4.09577235e-06  2.18988808e-10 -9.26022201e-10 
 7.19900000e-06  3.32266481e-03  2.48575496e-01  2.49582078e-01 -4.16348979e-06  1.82116085e-10 -9.49002375e-10 
 7.22400000e-06  3.33443460e-03  2.38305788e-01  2.39325980e-01 -4.23125314e-06  1.51307086e-10 -9.67516596e-10 
 7.24900000e-06  3.34612376e-03  2.27915372e-01  2.28947469e-01 -4.29905176e-06  1.26553225e-10 -9.81617700e-10 
 7.27400000e-06  3.35773432e-03  2.17422465e-01  2.18464576e-01 -4.36687406e-06  1.08566841e-10 -9.90824249e-10 
 7.29900000e-06  3.36926663e-03  2.06848024e-01  2.07897925e-01 -4.43467714e-06  9.85084021e-11 -9.94326059e-10 
 7.32400000e-06  3.38072100e-03  1.96216961e-01  1.97271989e-01 -4.50242795e-06  9.78241446e-11 -9.91116658e-10 
 7.34900000e-06  3.39209879e-03  1.85559047e-01  1.86616019e-01 -4.57007289e-06  1.08145313e-10 -9.80081163e-10 
 7.37400000e-06  3.40340299e-03  1.74909739e-01  1.75964869e-01 -4.63758053e-06  1.31217861e-10 -9.60072870e-10 
 7.39900000e-06  3.41463845e-03  1.64311112e-01  1.65359908e-01 -4.70491537e-06  1.68856237e-10 -9.29988683e-10 
 7.42400000e-06  3.42581110e-03  1.53813232e-01  1.54850338e-01 -4.77209033e-06  2.22906681e-10 -8.88889052e-10 
 7.44900000e-06  3.43692689e-03  1.43476438e-01  1.44495360e-01 -4.83914426e-06  2.95477791e-10 -8.35880026e-10 
 7.47400000e-06  3.44798805e-03  1.33375164e-01  1.34367810e-01 -4.90621646e-06  3.88901223e-10 -7.70412617e-10 
 7.49900000e-06  3.45898698e-03  1.23604325e-01  1.24560246e-01 -4.97354742e-06  5.06234026e-10 -6.92115652e-10 
 7.52400000e-06  3.46990430e-03  1.14287453e-01  1.15192995e-01 -5.04154942e-06  6.51442532e-10 -6.00599272e-10 
 7.54900000e-06  3.48072119e-03  1.05580335e-01  1.06418593e-01 -5.11074508e-06  8.28128110e-10 -4.95527743e-10 
 7.57400000e-06  3.49146267e-03  9.76557909e-02  9.84091750e-02 -5.18162476e-06  1.03587143e-09 -3.76803892e-10 
 7.59900000e-06  3.50227273e-03  9.06540109e-02  9.13108132e-02 -5.25425635e-06  1.26387828e-09 -2.46178909e-10 
 7.62400000e-06  3.51342598e-03  8.46117207e-02  8.51735473e-02 -5.32810775e-06  1.48792433e-09 -1.11381309e-10 
 7.64900000e-06  3.52519312e-03  7.94275930e-02  7.99101847e-02 -5.40226783e-06  1.67951536e-09  1.26667697e-11 
 7.67400000e-06  3.53766738e-03  7.49060676e-02  7.53314590e-02 -5.47605169e-06  1.82258666e-09  1.11687057e-10 
 7.69900000e-06  3.55073178e-03  7.08475962e-02  7.12343069e-02 -5.54923372e-06  1.92209816e-09  1.82847459e-10 
 7.72400000e-06  3.56418512e-03  6.71157194e-02  6.74741122e-02 -5.62193982e-06  1.99620364e-09  2.35076780e-10 
 7.74900000e-06  3.57787125e-03  6.36484074e-02  6.39818869e-02 -5.69436139e-06  2.06213255e-09  2.79850600e-10 
 7.77400000e-06  3.59171967e-03  6.04320926e-02  6.07406286e-02 -5.76667153e-06  2.12877239e-09  3.24129420e-10 
 7.79900000e-06  3.60572125e-03  5.74705392e-02  5.77535035e-02 -5.83896069e-06  2.19778063e-09  3.69968452e-10 
 7.82400000e-06  3.61989118e-03  5.47649794e-02  5.50225642e-02 -5.91130368e-06  2.26681773e-09  4.16152126e-10 
 7.84900000e-06  3.63424130e-03  5.23075750e-02  5.25409374e-02 -5.98373844e-06  2.33300307e-09  4.60688401e-10 
 7.87400000e-06  3.64877265e-03  5.00827605e-02  5.02937032e-02 -6.05630885e-06  2.39443388e-09  5.02202061e-10 
 7.89900000e-06  3.66347646e-03  4.80707389e-02  4.82613409e-02 -6.12902925e-06  2.45019205e-09  5.39916221e-10 
 7.92400000e-06  3.67833812e-03  4.62506054e-02  4.64229478e-02 -6.20192329e-06  2.50021085e-09  5.73717651e-10 
 7.94900000e-06  3.69334087e-03  4.46022381e-02  4.47582719e-02 -6.27498869e-06  2.54479769e-09  6.03763365e-10 
 7.97400000e-06  3.70846810e-03  4.31071789e-02  4.32486660e-02 -6.34823649e-06  2.58446770e-09  6.30399559e-10 
 7.99900000e-06  3.72370440e-03  4.17488671e-02  4.18773808e-02 -6.42165602e-06  2.61973605e-09  6.53974513e-10 
 8.02400000e-06  3.73903591e-03  4.05126079e-02  4.06295375e-02 -6.49525327e-06  2.65111821e-09  6.74850967e-10 
 8.04900000e-06  3.75445039e-03  3.93854079e-02  3.94919831e-02 -6.56901504e-06  2.67906113e-09  6.93340916e-10 
 8.07400000e-06  3.76993703e-03  3.83558103e-02  3.84531121e-02 -6.64294618e-06  2.70398368e-09  7.09740923e-10 
 8.09900000e-06  3.78548642e-03  3.74137094e-02  3.75026935e-02 -6.71703322e-06  2.72623918e-09  7.24299531e-10 
 8.12400000e-06  3.80109030e-03  3.65502005e-02  3.66317069e-02 -6.79128116e-06  2.74615499e-09  7.37248510e-10 
 8.14900000e-06  3.81674152e-03  3.57574219e-02  3.58321947e-02 -6.86567692e-06  2.76400271e-09  7.48779338e-10 
 8.17400000e-06  3.83243382e-03  3.50284339e-02  3.50971280e-02 -6.94022593e-06  2.78003406e-09  7.59069948e-10 
 8.19900000e-06  3.84816179e-03  3.43570912e-02  3.44202890e-02 -7.01491564e-06  2.79445468e-09  7.68265222e-10 
 8.22400000e-06  3.86392071e-03  3.37379501e-02  3.37961660e-02 -7.08975192e-06  2.80745697e-09  7.76500744e-10 
 8.24900000e-06  3.87970650e-03  3.31661702e-02  3.32198639e-02 -7.16472272e-06  2.81919580e-09  7.83885311e-10 
 8.27400000e-06  3.89551560e-03  3.26374455e-02  3.26870244e-02 -7.23983428e-06  2.82981855e-09  7.90522343e-10 
 8.29900000e-06  3.91134491e-03  3.21479290e-02  3.21937591e-02 -7.31507497e-06  2.83944203e-09  7.96493498e-10 
 8.32400000e-06  3.92719175e-03  3.16941835e-02  3.17365905e-02 -7.39045137e-06  2.84817994e-09  8.01878148e-10 
 8.34900000e-06  3.94305379e-03  3.12731233e-02  3.13124016e-02 -7.46595217e-06  2.85612080e-09  8.06737769e-10 
 8.37400000e-06  3.95892898e-03  3.08819800e-02  3.09183921e-02 -7.54158419e-06  2.86335315e-09  8.11133805e-10 
 8.39900000e-06  3.97481556e-03  3.05182566e-02  3.05520411e-02 -7.61733640e-06  2.86994447e-09  8.15112747e-10 
 8.42400000e-06  3.99071199e-03  3.01797037e-02  3.02110743e-02 -7.69321582e-06  2.87596444e-09  8.18722620e-10 
 8.44900000e-06  4.00661691e-03  2.98642840e-02  2.98934358e-02 -7.76921164e-06  2.88146482e-09  8.21998754e-10 
 8.47400000e-06  4.02252917e-03  2.95701553e-02  2.95972635e-02 -7.84533104e-06  2.88650103e-09  8.24979064e-10 
 8.49900000e-06  4.03844774e-03  2.92956425e-02  2.93208676e-02 -7.92156339e-06  2.89111303e-09  8.27690516e-10 
 8.52400000e-06  4.05437175e-03  2.90392256e-02  2.90627123e-02 -7.99791598e-06  2.89534536e-09  8.30163343e-10 
 8.54900000e-06  4.07030041e-03  2.87995177e-02  2.88213993e-02 -8.07437833e-06  2.89922902e-09  8.32418202e-10 
 8.57400000e-06  4.08623306e-03  2.85752565e-02  2.85956532e-02 -8.15095783e-06  2.90280018e-09  8.34479440e-10 
 8.59900000e-06  4.10216911e-03  2.83652862e-02  2.83843093e-02 -8.22764413e-06  2.90608300e-09  8.36362923e-10 
 8.62400000e-06  4.11810807e-03  2.81685523e-02  2.81863021e-02 -8.30444471e-06  2.90910714e-09  8.38088441e-10 
 8.64900000e-06  4.13404948e-03  2.79840863e-02  2.80006563e-02 -8.38134932e-06  2.91189151e-09  8.39668202e-10 
 8.67400000e-06  4.14999297e-03  2.78110023e-02  2.78264768e-02 -8.45836548e-06  2.91446062e-09  8.41118438e-10 
 8.69900000e-06  4.16593821e-03  2.76484845e-02  2.76629424e-02 -8.53548307e-06  2.91682935e-09  8.42448543e-10 
 8.72400000e-06  4.18188490e-03  2.74957855e-02  2.75092979e-02 -8.61270965e-06  2.91901813e-09  8.43671946e-10 
 8.74900000e-06  4.19783281e-03  2.73522148e-02  2.73648485e-02 -8.69003517e-06  2.92103866e-09  8.44795869e-10 
 8.77400000e-06  4.21378172e-03  2.72171389e-02  2.72289543e-02 -8.76746726e-06  2.92290811e-09  8.45831513e-10 
 8.79900000e-06  4.22973144e-03  2.70899713e-02  2.71010252e-02 -8.84499593e-06  2.92463571e-09  8.46784412e-10 
 8.82400000e-06  4.24568181e-03  2.69701730e-02  2.69805167e-02 -8.92262883e-06  2.92623601e-09  8.47663982e-10 
 8.84900000e-06  4.26163270e-03  2.68572439e-02  2.68669260e-02 -9.00035606e-06  2.92771625e-09  8.48474442e-10 
 8.87400000e-06  4.27758400e-03  2.67507240e-02  2.67597882e-02 -9.07818531e-06  2.92908885e-09  8.49223766e-10 
 8.89900000e-06  4.29353559e-03  2.66501854e-02  2.66586733e-02 -9.15610673e-06  2.93035949e-09  8.49915146e-10 
 8.92400000e-06  4.30948739e-03  2.65552343e-02  2.65631834e-02 -9.23412802e-06  2.93153883e-09  8.50555381e-10 
 8.94900000e-06  4.32543933e-03  2.64655038e-02  2.64729497e-02 -9.31223940e-06  2.93263133e-09  8.51146854e-10 
 8.97400000e-06  4.34139134e-03  2.63806558e-02  2.63876307e-02 -9.39044861e-06  2.93364618e-09  8.51695403e-10 
 8.99900000e-06  4.35734338e-03  2.63003747e-02  2.63069093e-02 -9.46874591e-06  2.93458685e-09  8.52202780e-10 
 9.02400000e-06  4.37329538e-03  2.62243695e-02  2.62304916e-02 -9.54713905e-06  2.93546130e-09  8.52674025e-10 
 9.04900000e-06  4.38924733e-03  2.61523685e-02  2.61581045e-02 -9.62561836e-06  2.93627224e-09  8.53110390e-10 
 9.07400000e-06  4.40519917e-03  2.60841207e-02  2.60894944e-02 -9.70419160e-06  2.93702659e-09  8.53516256e-10 
 9.09900000e-06  4.42115089e-03  2.60193914e-02  2.60244258e-02 -9.78284913e-06  2.93772643e-09  8.53892483e-10 
 9.12400000e-06  4.43710246e-03  2.59579639e-02  2.59626794e-02 -9.86159875e-06  2.93837781e-09  8.54242895e-10 
 9.14900000e-06  4.45305385e-03  2.58996350e-02  2.59040516e-02 -9.94043087e-06  2.93898230e-09  8.54568048e-10 
 9.17400000e-06  4.46900506e-03  2.58442172e-02  2.58483527e-02 -1.00193533e-05  2.93954523e-09  8.54871295e-10 
 9.19900000e-06  4.48495605e-03  2.57915346e-02  2.57954062e-02 -1.00983564e-05  2.94006775e-09  8.55152954e-10 
 9.22400000e-06  4.50090683e-03  2.57414247e-02  2.57450478e-02 -1.01774482e-05  2.94055455e-09  8.55415980e-10 
 9.24900000e-06  4.51685737e-03  2.56937348e-02  2.56971243e-02 -1.02566189e-05  2.94100646e-09  8.55660503e-10 
 9.27400000e-06  4.53280768e-03  2.56483239e-02  2.56514931e-02 -1.03358766e-05  2.94142764e-09  8.55889140e-10 
 9.29900000e-06  4.54875773e-03  2.56050592e-02  2.56080213e-02 -1.04152117e-05  2.94181865e-09  8.56101874e-10 
 9.32400000e-06  4.56470751e-03  2.55638183e-02  2.55665848e-02 -1.04946320e-05  2.94218317e-09  8.56301031e-10 
 9.34900000e-06  4.58065703e-03  2.55244857e-02  2.55270680e-02 -1.05741281e-05  2.94252155e-09  8.56486487e-10 
 9.37400000e-06  4.59660627e-03  2.54869549e-02  2.54893629e-02 -1.06537079e-05  2.94283708e-09  8.56660310e-10 
 9.39900000e-06  4.61255523e-03  2.54511253e-02  2.54533690e-02 -1.07333620e-05  2.94312993e-09  8.56822296e-10 
 9.42400000e-06  4.62850389e-03  2.54169040e-02  2.54189921e-02 -1.08130983e-05  2.94340303e-09  8.56974293e-10 
 9.44900000e-06  4.64445226e-03  2.53842033e-02  2.53861445e-02 -1.08929073e-05  2.94365643e-09  8.57116037e-10 
 9.47400000e-06  4.66040031e-03  2.53529424e-02  2.53547442e-02 -1.09727969e-05  2.94389274e-09  8.57249181e-10 
 9.49900000e-06  4.67634805e-03  2.53230445e-02  2.53247147e-02 -1.10527578e-05  2.94411192e-09  8.57373419e-10 
 9.52400000e-06  4.69229547e-03  2.52944392e-02  2.52959841e-02 -1.11327979e-05  2.94431629e-09  8.57490237e-10 
 9.54900000e-06  4.70824256e-03  2.52670593e-02  2.52684858e-02 -1.12129080e-05  2.94450573e-09  8.57599297e-10 
 9.57400000e-06  4.72418931e-03  2.52408432e-02  2.52421570e-02 -1.12930957e-05  2.94468233e-09  8.57701937e-10 
 9.59900000e-06  4.74013572e-03  2.52157323e-02  2.52169392e-02 -1.13733520e-05  2.94484590e-09  8.57797802e-10 
 9.62400000e-06  4.75608177e-03  2.51916726e-02  2.51927776e-02 -1.14536847e-05  2.94499832e-09  8.57888097e-10 
 9.64900000e-06  4.77202745e-03  2.51686126e-02  2.51696208e-02 -1.15340846e-05  2.94513936e-09  8.57972457e-10 
 9.67400000e-06  4.78797277e-03  2.51465051e-02  2.51474210e-02 -1.16145595e-05  2.94527068e-09  8.58051971e-10 
 9.69900000e-06  4.80391770e-03  2.51253050e-02  2.51261331e-02 -1.16951003e-05  2.94539206e-09  8.58126272e-10 
 9.72400000e-06  4.81986225e-03  2.51049709e-02  2.51057149e-02 -1.17757148e-05  2.94550498e-09  8.58196342e-10 
 9.74900000e-06  4.83580639e-03  2.50854630e-02  2.50861270e-02 -1.18563940e-05  2.94560919e-09  8.58261820e-10 
 9.77400000e-06  4.85175012e-03  2.50667451e-02  2.50673323e-02 -1.19371456e-05  2.94570600e-09  8.58323592e-10 
 9.79900000e-06  4.86769343e-03  2.50487821e-02  2.50492962e-02 -1.20179605e-05  2.94579518e-09  8.58381308e-10 
 9.82400000e-06  4.88363631e-03  2.50315421e-02  2.50319860e-02 -1.20988468e-05  2.94587790e-09  8.58435765e-10 
 9.84900000e-06  4.89957875e-03  2.50149944e-02  2.50153711e-02 -1.21797951e-05  2.94595390e-09  8.58486628e-10 
 9.87400000e-06  4.91552073e-03  2.49991107e-02  2.49994229e-02 -1.22608135e-05  2.94602425e-09  8.58534617e-10 
 9.89900000e-06  4.93146226e-03  2.49838639e-02  2.49841143e-02 -1.23418929e-05  2.94608869e-09  8.58579409e-10 
 9.92400000e-06  4.94740330e-03  2.49692291e-02  2.49694199e-02 -1.24230411e-05  2.94614817e-09  8.58621655e-10 
 9.94900000e-06  4.96334387e-03  2.49551824e-02  2.49553161e-02 -1.25042492e-05  2.94620243e-09  8.58661050e-10 
 9.97400000e-06  4.97928393e-03  2.49417016e-02  2.49417802e-02 -1.25855250e-05  2.94625234e-09  8.58698182e-10 
 9.98700000e-06  4.98757256e-03  2.49349087e-02  2.49349596e-02 -1.26278101e-05  2.94627630e-09  8.58716338e-10 
 1.00000000e-05  4.99586106e-03  2.49282603e-02  2.49282839e-02 -1.26701164e-05  2.94629938e-09  8.58734096e-10 
 1.00000196e-05  4.99585113e-03  2.49281163e-02  2.49282729e-02 -1.26234052e-05 -4.05294613e-09 -6.98943521e-10 
 1.00000587e-05  4.99584729e-03  2.49278875e-02  2.49282493e-02 -1.26095626e-05 -1.79497346e-08 -3.79149458e-09 
 1.00001370e-05  4.99586026e-03  2.49277227e-02  2.49281972e-02 -1.26031414e-05 -4.51335037e-08 -9.83774798e-09 
 1.00002936e-05  4.99587375e-03  2.49275605e-02  2.49280877e-02 -1.25925321e-05 -9.71168834e-08 -2.13893739e-08 
 1.00006068e-05  4.99590890e-03  2.49268714e-02  2.49278380e-02 -1.25917176e-05 -1.92134880e-07 -4.24757688e-08 
 1.00012331e-05  4.99597207e-03  2.49250845e-02  2.49271464e-02 -1.25866248e-05 -3.51100740e-07 -7.76755903e-08 
 1.00020889e-05  4.99606368e-03  2.49222767e-02  2.49257691e-02 -1.25852971e-05 -5.14389210e-07 -1.13708553e-07 
 1.00029162e-05  4.99614737e-03  2.49191844e-02  2.49239847e-02 -1.25796822e-05 -6.27542076e-07 -1.38574837e-07 
 1.00038661e-05  4.99624614e-03  2.49152263e-02  2.49214221e-02 -1.25785078e-05 -7.19406748e-07 -1.58677339e-07 
 1.00048533e-05  4.99634245e-03  2.49107102e-02  2.49182233e-02 -1.25727941e-05 -7.84581414e-07 -1.72871885e-07 
 1.00060380e-05  4.99645859e-03  2.49048130e-02  2.49137380e-02 -1.25712786e-05 -8.35834574e-07 -1.83977013e-07 
 1.00073224e-05  4.99657631e-03  2.48979314e-02  2.49081744e-02 -1.25651872e-05 -8.69966327e-07 -1.91327895e-07 
 1.00088818e-05  4.99671724e-03  2.48890041e-02  2.49005896e-02 -1.25631398e-05 -8.93756945e-07 -1.96417422e-07 
 1.00106494e-05  4.99686628e-03  2.48783040e-02  2.48910927e-02 -1.25564738e-05 -9.07692357e-07 -1.99374922e-07 
 1.00128782e-05  4.99704882e-03  2.48641594e-02  2.48780782e-02 -1.25536278e-05 -9.15706157e-07 -2.01060785e-07 
 1.00155855e-05  4.99725578e-03  2.48463660e-02  2.48611761e-02 -1.25460265e-05 -9.19301477e-07 -2.01809598e-07 
 1.00195732e-05  4.99754802e-03  2.48196118e-02  2.48350614e-02 -1.25414657e-05 -9.20705685e-07 -2.02100441e-07 
 1.00256326e-05  4.99796292e-03  2.47791878e-02  2.47946240e-02 -1.25312978e-05 -9.20926528e-07 -2.02148168e-07 
 1.00369663e-05  4.99870129e-03  2.47081434e-02  2.47221876e-02 -1.25236019e-05 -9.20902728e-07 -2.02147881e-07 
 1.00596336e-05  5.00011954e-03  2.45888800e-02  2.45994445e-02 -1.25124261e-05 -9.20904521e-07 -2.02149234e-07 
 1.00846336e-05  5.00167618e-03  2.44857904e-02  2.44938834e-02 -1.25119470e-05 -9.20891469e-07 -2.02145240e-07 
 1.01096336e-05  5.00323684e-03  2.43996305e-02  2.44065577e-02 -1.25091800e-05 -9.20892483e-07 -2.02146108e-07 
 1.01346336e-05  5.00480030e-03  2.43222809e-02  2.43285238e-02 -1.25112231e-05 -9.20887910e-07 -2.02144143e-07 
 1.01596336e-05  5.00635579e-03  2.42511437e-02  2.42568136e-02 -1.25090578e-05 -9.20888277e-07 -2.02144715e-07 
 1.01846336e-05  5.00790884e-03  2.41854490e-02  2.41905996e-02 -1.25112420e-05 -9.20885805e-07 -2.02143821e-07 
 1.02096336e-05  5.00945352e-03  2.41247766e-02  2.41294416e-02 -1.25091118e-05 -9.20885372e-07 -2.02143910e-07 
 1.02346336e-05  5.01099643e-03  2.40687103e-02  2.40729362e-02 -1.25112978e-05 -9.20883799e-07 -2.02143437e-07 
 1.02596336e-05  5.01253162e-03  2.40168990e-02  2.40207130e-02 -1.25091682e-05 -9.20883090e-07 -2.02143341e-07 
 1.02846336e-05  5.01406559e-03  2.39689952e-02  2.39724368e-02 -1.25113482e-05 -9.20881976e-07 -2.02143074e-07 
 1.03096336e-05  5.01559238e-03  2.39247113e-02  2.39278018e-02 -1.25092179e-05 -9.20881206e-07 -2.02142913e-07 
 1.03346336e-05  5.01711848e-03  2.38837540e-02  2.38865277e-02 -1.25113918e-05 -9.20880349e-07 -2.02142753e-07 
 1.03596336e-05  5.01863791e-03  2.38458832e-02  2.38483569e-02 -1.25092611e-05 -9.20879604e-07 -2.02142578e-07 
 1.03846336e-05  5.02015710e-03  2.38108485e-02  2.38130526e-02 -1.25114294e-05 -9.20878905e-07 -2.02142477e-07 
 1.04096336e-05  5.02167008e-03  2.37784494e-02  2.37803968e-02 -1.25092987e-05 -9.20878215e-07 -2.02142307e-07 
 1.04346336e-05  5.02318323e-03  2.37484712e-02  2.37501888e-02 -1.25114618e-05 -9.20877626e-07 -2.02142242e-07 
 1.04596336e-05  5.02469058e-03  2.37207461e-02  2.37222439e-02 -1.25093313e-05 -9.20876996e-07 -2.02142084e-07 
 1.04846336e-05  5.02619846e-03  2.36950898e-02  2.36963916e-02 -1.25114895e-05 -9.20876490e-07 -2.02142043e-07 
 1.05096336e-05  5.02770090e-03  2.36713619e-02  2.36724750e-02 -1.25093597e-05 -9.20875917e-07 -2.02141898e-07 
 1.05346336e-05  5.02920420e-03  2.36494032e-02  2.36503491e-02 -1.25115132e-05 -9.20875476e-07 -2.02141874e-07 
 1.05596336e-05  5.03070237e-03  2.36290966e-02  2.36298804e-02 -1.25093843e-05 -9.20874955e-07 -2.02141741e-07 
 1.05846336e-05  5.03220168e-03  2.36103042e-02  2.36109454e-02 -1.25115335e-05 -9.20874567e-07 -2.02141730e-07 
 1.06096336e-05  5.03369616e-03  2.35929285e-02  2.35934301e-02 -1.25094058e-05 -9.20874093e-07 -2.02141607e-07 
 1.06346336e-05  5.03519201e-03  2.35768493e-02  2.35772293e-02 -1.25115508e-05 -9.20873749e-07 -2.02141606e-07 
 1.06596336e-05  5.03668327e-03  2.35619859e-02  2.35622457e-02 -1.25094244e-05 -9.20873315e-07 -2.02141491e-07 
 1.06846336e-05  5.03817612e-03  2.35482333e-02  2.35483893e-02 -1.25115655e-05 -9.20873010e-07 -2.02141499e-07 
 1.07096336e-05  5.03966460e-03  2.35355248e-02  2.35355771e-02 -1.25094406e-05 -9.20872610e-07 -2.02141391e-07 
 1.07346336e-05  5.04115485e-03  2.35237683e-02  2.35237320e-02 -1.25115779e-05 -9.20872338e-07 -2.02141405e-07 
 1.07596336e-05  5.04264092e-03  2.35129089e-02  2.35127831e-02 -1.25094547e-05 -9.20871968e-07 -2.02141304e-07 
 1.07846336e-05  5.04412893e-03  2.35028657e-02  2.35026645e-02 -1.25115884e-05 -9.20871725e-07 -2.02141324e-07 
 1.08096336e-05  5.04561292e-03  2.34935940e-02  2.34933153e-02 -1.25094671e-05 -9.20871381e-07 -2.02141227e-07 
 1.08346336e-05  5.04709898e-03  2.34850220e-02  2.34846791e-02 -1.25115972e-05 -9.20871163e-07 -2.02141252e-07 
 1.08596336e-05  5.04858117e-03  2.34771138e-02  2.34767037e-02 -1.25094778e-05 -9.20870843e-07 -2.02141159e-07 
 1.08846336e-05  5.05006555e-03  2.34698056e-02  2.34693409e-02 -1.25116046e-05 -9.20870647e-07 -2.02141188e-07 
 1.09096336e-05  5.05154619e-03  2.34630689e-02  2.34625459e-02 -1.25094872e-05 -9.20870346e-07 -2.02141099e-07 
 1.09346336e-05  5.05302912e-03  2.34568466e-02  2.34562773e-02 -1.25116107e-05 -9.20870170e-07 -2.02141130e-07 
 1.09596336e-05  5.05450842e-03  2.34511166e-02  2.34504966e-02 -1.25094955e-05 -9.20869887e-07 -2.02141045e-07 
 1.09846336e-05  5.05599010e-03  2.34458276e-02  2.34451684e-02 -1.25116158e-05 -9.20869728e-07 -2.02141079e-07 
 1.10096336e-05  5.05746824e-03  2.34409630e-02  2.34402597e-02 -1.25095027e-05 -9.20869461e-07 -2.02140996e-07 
 1.10346336e-05  5.05894884e-03  2.34364764e-02  2.34357399e-02 -1.25116199e-05 -9.20869316e-07 -2.02141032e-07 
 1.10596336e-05  5.06042599e-03  2.34323558e-02  2.34315808e-02 -1.25095091e-05 -9.20869063e-07 -2.02140951e-07 
 1.10846336e-05  5.06190565e-03  2.34285591e-02  2.34277561e-02 -1.25116232e-05 -9.20868933e-07 -2.02140990e-07 
 1.11096336e-05  5.06338194e-03  2.34250783e-02  2.34242416e-02 -1.25095147e-05 -9.20868692e-07 -2.02140911e-07 
 1.11346336e-05  5.06486079e-03  2.34218750e-02  2.34210148e-02 -1.25116258e-05 -9.20868574e-07 -2.02140951e-07 
 1.11596336e-05  5.06633635e-03  2.34189444e-02  2.34180547e-02 -1.25095197e-05 -9.20868345e-07 -2.02140873e-07 
 1.11846336e-05  5.06781450e-03  2.34162515e-02  2.34153421e-02 -1.25116279e-05 -9.20868238e-07 -2.02140915e-07 
 1.12096336e-05  5.06928942e-03  2.34137943e-02  2.34128589e-02 -1.25095242e-05 -9.20868019e-07 -2.02140839e-07 
 1.12346336e-05  5.07076698e-03  2.34115403e-02  2.34105886e-02 -1.25116294e-05 -9.20867921e-07 -2.02140882e-07 
 1.12596336e-05  5.07224135e-03  2.34094903e-02  2.34085157e-02 -1.25095281e-05 -9.20867711e-07 -2.02140807e-07 
 1.12846336e-05  5.07371839e-03  2.34076140e-02  2.34066259e-02 -1.25116304e-05 -9.20867623e-07 -2.02140851e-07 
 1.13096336e-05  5.07519229e-03  2.34059144e-02  2.34049060e-02 -1.25095317e-05 -9.20867421e-07 -2.02140777e-07 
 1.13346336e-05  5.07666888e-03  2.34043631e-02  2.34033436e-02 -1.25116311e-05 -9.20867341e-07 -2.02140822e-07 
 1.13596336e-05  5.07814237e-03  2.34029649e-02  2.34019274e-02 -1.25095349e-05 -9.20867147e-07 -2.02140749e-07 
 1.13846336e-05  5.07961858e-03  2.34016932e-02  2.34006468e-02 -1.25116315e-05 -9.20867075e-07 -2.02140794e-07 
 1.14096336e-05  5.08109173e-03  2.34005545e-02  2.33994919e-02 -1.25095377e-05 -9.20866888e-07 -2.02140722e-07 
 1.14346336e-05  5.08256760e-03  2.33995235e-02  2.33984538e-02 -1.25116316e-05 -9.20866823e-07 -2.02140768e-07 
 1.14596336e-05  5.08404045e-03  2.33986079e-02  2.33975238e-02 -1.25095404e-05 -9.20866642e-07 -2.02140697e-07 
 1.14846336e-05  5.08551604e-03  2.33977840e-02  2.33966943e-02 -1.25116314e-05 -9.20866583e-07 -2.02140744e-07 
 1.15096336e-05  5.08698862e-03  2.33970606e-02  2.33959580e-02 -1.25095428e-05 -9.20866409e-07 -2.02140673e-07 
 1.15346336e-05  5.08846396e-03  2.33964149e-02  2.33953080e-02 -1.25116310e-05 -9.20866356e-07 -2.02140720e-07 
 1.15596336e-05  5.08993633e-03  2.33958569e-02  2.33947383e-02 -1.25095449e-05 -9.20866187e-07 -2.02140650e-07 
 1.15846336e-05  5.09141146e-03  2.33953647e-02  2.33942429e-02 -1.25116305e-05 -9.20866140e-07 -2.02140697e-07 
 1.16096336e-05  5.09288364e-03  2.33949490e-02  2.33938166e-02 -1.25095470e-05 -9.20865976e-07 -2.02140628e-07 
 1.16346336e-05  5.09435858e-03  2.33945888e-02  2.33934543e-02 -1.25116298e-05 -9.20865934e-07 -2.02140676e-07 
 1.16596336e-05  5.09583059e-03  2.33942956e-02  2.33931514e-02 -1.25095488e-05 -9.20865776e-07 -2.02140606e-07 
 1.16846336e-05  5.09730537e-03  2.33940490e-02  2.33929036e-02 -1.25116289e-05 -9.20865739e-07 -2.02140655e-07 
 1.17096336e-05  5.09877725e-03  2.33938614e-02  2.33927069e-02 -1.25095506e-05 -9.20865585e-07 -2.02140586e-07 
 1.17346336e-05  5.10025189e-03  2.33937126e-02  2.33925577e-02 -1.25116280e-05 -9.20865553e-07 -2.02140634e-07 
 1.17596336e-05  5.10172365e-03  2.33936157e-02  2.33924525e-02 -1.25095522e-05 -9.20865403e-07 -2.02140566e-07 
 1.17846336e-05  5.10319817e-03  2.33935513e-02  2.33923881e-02 -1.25116269e-05 -9.20865376e-07 -2.02140615e-07 
 1.18096336e-05  5.10466983e-03  2.33935325e-02  2.33923617e-02 -1.25095538e-05 -9.20865230e-07 -2.02140546e-07 
 1.18346336e-05  5.10614425e-03  2.33935405e-02  2.33923704e-02 -1.25116258e-05 -9.20865207e-07 -2.02140596e-07 
 1.18596336e-05  5.10761581e-03  2.33935891e-02  2.33924117e-02 -1.25095552e-05 -9.20865066e-07 -2.02140528e-07 
 1.18846336e-05  5.10909014e-03  2.33936595e-02  2.33924833e-02 -1.25116246e-05 -9.20865046e-07 -2.02140577e-07 
 1.19096336e-05  5.11056164e-03  2.33937660e-02  2.33925830e-02 -1.25095566e-05 -9.20864909e-07 -2.02140509e-07 
 1.19346336e-05  5.11203589e-03  2.33938902e-02  2.33927088e-02 -1.25116233e-05 -9.20864894e-07 -2.02140559e-07 
 1.19596336e-05  5.11350732e-03  2.33940466e-02  2.33928587e-02 -1.25095580e-05 -9.20864760e-07 -2.02140491e-07 
 1.19846336e-05  5.11498150e-03  2.33942171e-02  2.33930311e-02 -1.25116220e-05 -9.20864749e-07 -2.02140541e-07 
 1.20096336e-05  5.11645288e-03  2.33944164e-02  2.33932243e-02 -1.25095592e-05 -9.20864619e-07 -2.02140474e-07 
 1.20346336e-05  5.11792700e-03  2.33946267e-02  2.33934369e-02 -1.25116206e-05 -9.20864611e-07 -2.02140523e-07 
 1.20596336e-05  5.11939833e-03  2.33948630e-02  2.33936673e-02 -1.25095605e-05 -9.20864485e-07 -2.02140456e-07 
 1.20846336e-05  5.12087241e-03  2.33951076e-02  2.33939144e-02 -1.25116192e-05 -9.20864481e-07 -2.02140506e-07 
 1.21096336e-05  5.12234370e-03  2.33953757e-02  2.33941770e-02 -1.25095616e-05 -9.20864357e-07 -2.02140439e-07 
 1.21346336e-05  5.12381772e-03  2.33956499e-02  2.33944538e-02 -1.25116177e-05 -9.20864357e-07 -2.02140489e-07 
 1.21596336e-05  5.12528898e-03  2.33959454e-02  2.33947440e-02 -1.25095628e-05 -9.20864237e-07 -2.02140423e-07 
 1.21846336e-05  5.12676297e-03  2.33962450e-02  2.33950465e-02 -1.25116162e-05 -9.20864240e-07 -2.02140473e-07 
 1.22096336e-05  5.12823420e-03  2.33965642e-02  2.33953604e-02 -1.25095639e-05 -9.20864123e-07 -2.02140406e-07 
 1.22346336e-05  5.12970816e-03  2.33968857e-02  2.33956850e-02 -1.25116147e-05 -9.20864129e-07 -2.02140456e-07 
 1.22596336e-05  5.13117937e-03  2.33972252e-02  2.33960194e-02 -1.25095650e-05 -9.20864016e-07 -2.02140390e-07 
 1.22846336e-05  5.13265329e-03  2.33975656e-02  2.33963630e-02 -1.25116132e-05 -9.20864025e-07 -2.02140440e-07 
 1.23096336e-05  5.13412448e-03  2.33979226e-02  2.33967151e-02 -1.25095661e-05 -9.20863914e-07 -2.02140374e-07 
 1.23346336e-05  5.13559838e-03  2.33982792e-02  2.33970750e-02 -1.25116116e-05 -9.20863927e-07 -2.02140424e-07 
 1.23596336e-05  5.13706955e-03  2.33986513e-02  2.33974423e-02 -1.25095671e-05 -9.20863819e-07 -2.02140358e-07 
 1.23846336e-05  5.13854342e-03  2.33990219e-02  2.33978164e-02 -1.25116101e-05 -9.20863835e-07 -2.02140409e-07 
 1.24096336e-05  5.14001458e-03  2.33994070e-02  2.33981967e-02 -1.25095682e-05 -9.20863730e-07 -2.02140343e-07 
 1.24346336e-05  5.14148844e-03  2.33997897e-02  2.33985829e-02 -1.25116085e-05 -9.20863749e-07 -2.02140393e-07 
 1.24596336e-05  5.14295959e-03  2.34001860e-02  2.33989746e-02 -1.25095692e-05 -9.20863647e-07 -2.02140328e-07 
 1.24846336e-05  5.14443342e-03  2.34005791e-02  2.33993713e-02 -1.25116069e-05 -9.20863669e-07 -2.02140378e-07 
 1.25096336e-05  5.14590456e-03  2.34009850e-02  2.33997726e-02 -1.25095702e-05 -9.20863570e-07 -2.02140312e-07 
 1.25346336e-05  5.14737838e-03  2.34013871e-02  2.34001783e-02 -1.25116053e-05 -9.20863594e-07 -2.02140363e-07 
 1.25596336e-05  5.14884951e-03  2.34018013e-02  2.34005881e-02 -1.25095712e-05 -9.20863499e-07 -2.02140297e-07 
 1.25846336e-05  5.15032332e-03  2.34022111e-02  2.34010016e-02 -1.25116037e-05 -9.20863526e-07 -2.02140348e-07 
 1.26096336e-05  5.15179444e-03  2.34026325e-02  2.34014185e-02 -1.25095721e-05 -9.20863433e-07 -2.02140283e-07 
 1.26346336e-05  5.15326824e-03  2.34030489e-02  2.34018387e-02 -1.25116020e-05 -9.20863463e-07 -2.02140333e-07 
 1.26596336e-05  5.15473936e-03  2.34034765e-02  2.34022619e-02 -1.25095731e-05 -9.20863372e-07 -2.02140268e-07 
 1.26846336e-05  5.15621314e-03  2.34038986e-02  2.34026878e-02 -1.25116004e-05 -9.20863405e-07 -2.02140319e-07 
 1.27096336e-05  5.15768426e-03  2.34043316e-02  2.34031164e-02 -1.25095741e-05 -9.20863317e-07 -2.02140253e-07 
 1.27346336e-05  5.15915803e-03  2.34047586e-02  2.34035473e-02 -1.25115988e-05 -9.20863353e-07 -2.02140304e-07 
 1.27596336e-05  5.16062915e-03  2.34051962e-02  2.34039805e-02 -1.25095750e-05 -9.20863268e-07 -2.02140239e-07 
 1.27846336e-05  5.16210290e-03  2.34056275e-02  2.34044157e-02 -1.25115971e-05 -9.20863306e-07 -2.02140290e-07 
 1.28096336e-05  5.16357402e-03  2.34060690e-02  2.34048529e-02 -1.25095760e-05 -9.20863224e-07 -2.02140225e-07 
 1.28346336e-05  5.16504777e-03  2.34065040e-02  2.34052918e-02 -1.25115955e-05 -9.20863265e-07 -2.02140276e-07 
 1.28596336e-05  5.16651889e-03  2.34069489e-02  2.34057324e-02 -1.25095769e-05 -9.20863185e-07 -2.02140211e-07 
 1.28846336e-05  5.16799263e-03  2.34073871e-02  2.34061746e-02 -1.25115939e-05 -9.20863229e-07 -2.02140261e-07 
 1.29096336e-05  5.16946375e-03  2.34078350e-02  2.34066181e-02 -1.25095778e-05 -9.20863152e-07 -2.02140197e-07 
 1.29346336e-05  5.17093748e-03  2.34082759e-02  2.34070630e-02 -1.25115922e-05 -9.20863198e-07 -2.02140248e-07 
 1.29596336e-05  5.17240860e-03  2.34087263e-02  2.34075092e-02 -1.25095787e-05 -9.20863123e-07 -2.02140183e-07 
 1.29846336e-05  5.17388232e-03  2.34091696e-02  2.34079565e-02 -1.25115906e-05 -9.20863172e-07 -2.02140234e-07 
 1.30096336e-05  5.17535345e-03  2.34096222e-02  2.34084048e-02 -1.25095796e-05 -9.20863100e-07 -2.02140169e-07 
 1.30346336e-05  5.17682716e-03  2.34100676e-02  2.34088542e-02 -1.25115889e-05 -9.20863151e-07 -2.02140220e-07 
 1.30596336e-05  5.17829829e-03  2.34105221e-02  2.34093045e-02 -1.25095806e-05 -9.20863082e-07 -2.02140156e-07 
 1.30846336e-05  5.17977200e-03  2.34109692e-02  2.34097556e-02 -1.25115872e-05 -9.20863135e-07 -2.02140207e-07 
 1.31096336e-05  5.18124312e-03  2.34114253e-02  2.34102075e-02 -1.25095815e-05 -9.20863069e-07 -2.02140142e-07 
 1.31346336e-05  5.18271683e-03  2.34118740e-02  2.34106602e-02 -1.25115856e-05 -9.20863125e-07 -2.02140193e-07 
 1.31596336e-05  5.18418796e-03  2.34123316e-02  2.34111136e-02 -1.25095824e-05 -9.20863060e-07 -2.02140129e-07 
 1.31846336e-05  5.18566165e-03  2.34127816e-02  2.34115676e-02 -1.25115839e-05 -9.20863119e-07 -2.02140180e-07 
 1.32096336e-05  5.18713279e-03  2.34132404e-02  2.34120222e-02 -1.25095832e-05 -9.20863057e-07 -2.02140116e-07 
 1.32346336e-05  5.18860648e-03  2.34136915e-02  2.34124774e-02 -1.25115823e-05 -9.20863118e-07 -2.02140167e-07 
 1.32596336e-05  5.19007761e-03  2.34141514e-02  2.34129331e-02 -1.25095841e-05 -9.20863059e-07 -2.02140103e-07 
 1.32846336e-05  5.19155130e-03  2.34146035e-02  2.34133893e-02 -1.25115806e-05 -9.20863123e-07 -2.02140154e-07 
 1.33096336e-05  5.19302244e-03  2.34150643e-02  2.34138459e-02 -1.25095850e-05 -9.20863065e-07 -2.02140090e-07 
 1.33346336e-05  5.19449612e-03  2.34155173e-02  2.34143030e-02 -1.25115789e-05 -9.20863132e-07 -2.02140141e-07 
 1.33596336e-05  5.19596726e-03  2.34159790e-02  2.34147604e-02 -1.25095859e-05 -9.20863077e-07 -2.02140077e-07 
 1.33846336e-05  5.19744094e-03  2.34164327e-02  2.34152182e-02 -1.25115773e-05 -9.20863145e-07 -2.02140128e-07 
 1.34096336e-05  5.19891208e-03  2.34168950e-02  2.34156764e-02 -1.25095868e-05 -9.20863093e-07 -2.02140064e-07 
 1.34346336e-05  5.20038575e-03  2.34173495e-02  2.34161348e-02 -1.25115756e-05 -9.20863164e-07 -2.02140115e-07 
 1.34596336e-05  5.20185690e-03  2.34178124e-02  2.34165936e-02 -1.25095876e-05 -9.20863114e-07 -2.02140052e-07 
 1.34846336e-05  5.20333057e-03  2.34182674e-02  2.34170527e-02 -1.25115739e-05 -9.20863187e-07 -2.02140102e-07 
 1.35096336e-05  5.20480172e-03  2.34187309e-02  2.34175120e-02 -1.25095885e-05 -9.20863140e-07 -2.02140039e-07 
 1.35346336e-05  5.20627538e-03  2.34191864e-02  2.34179715e-02 -1.25115723e-05 -9.20863216e-07 -2.02140090e-07 
 1.35596336e-05  5.20774653e-03  2.34196503e-02  2.34184313e-02 -1.25095894e-05 -9.20863170e-07 -2.02140027e-07 
 1.35846336e-05  5.20922019e-03  2.34201062e-02  2.34188913e-02 -1.25115706e-05 -9.20863248e-07 -2.02140077e-07 
 1.36096336e-05  5.21069135e-03  2.34205706e-02  2.34193515e-02 -1.25095902e-05 -9.20863206e-07 -2.02140014e-07 
 1.36346336e-05  5.21216500e-03  2.34210269e-02  2.34198119e-02 -1.25115689e-05 -9.20863286e-07 -2.02140065e-07 
 1.36596336e-05  5.21363617e-03  2.34214916e-02  2.34202725e-02 -1.25095911e-05 -9.20863246e-07 -2.02140002e-07 
 1.36846336e-05  5.21510981e-03  2.34219483e-02  2.34207332e-02 -1.25115673e-05 -9.20863328e-07 -2.02140053e-07 
 1.37096336e-05  5.21658098e-03  2.34224133e-02  2.34211941e-02 -1.25095919e-05 -9.20863290e-07 -2.02139990e-07 
 1.37346336e-05  5.21805462e-03  2.34228703e-02  2.34216551e-02 -1.25115656e-05 -9.20863375e-07 -2.02140041e-07 
 1.37596336e-05  5.21952580e-03  2.34233356e-02  2.34221163e-02 -1.25095928e-05 -9.20863339e-07 -2.02139978e-07 
 1.37846336e-05  5.22099943e-03  2.34237928e-02  2.34225776e-02 -1.25115639e-05 -9.20863426e-07 -2.02140029e-07 
 1.38096336e-05  5.22247061e-03  2.34242584e-02  2.34230390e-02 -1.25095936e-05 -9.20863393e-07 -2.02139966e-07 
 1.38346336e-05  5.22394424e-03  2.34247159e-02  2.34235006e-02 -1.25115623e-05 -9.20863482e-07 -2.02140017e-07 
 1.38596336e-05  5.22541542e-03  2.34251817e-02  2.34239622e-02 -1.25095944e-05 -9.20863451e-07 -2.02139955e-07 
 1.38846336e-05  5.22688905e-03  2.34256393e-02  2.34244240e-02 -1.25115606e-05 -9.20863543e-07 -2.02140005e-07 
 1.39096336e-05  5.22836024e-03  2.34261053e-02  2.34248858e-02 -1.25095953e-05 -9.20863514e-07 -2.02139943e-07 
 1.39346336e-05  5.22983386e-03  2.34265632e-02  2.34253478e-02 -1.25115589e-05 -9.20863608e-07 -2.02139994e-07 
 1.39596336e-05  5.23130505e-03  2.34270294e-02  2.34258098e-02 -1.25095961e-05 -9.20863582e-07 -2.02139931e-07 
 1.39846336e-05  5.23277867e-03  2.34274874e-02  2.34262720e-02 -1.25115572e-05 -9.20863678e-07 -2.02139982e-07 
 1.40096336e-05  5.23424986e-03  2.34279538e-02  2.34267342e-02 -1.25095969e-05 -9.20863654e-07 -2.02139920e-07 
 1.40346336e-05  5.23572348e-03  2.34284120e-02  2.34271964e-02 -1.25115556e-05 -9.20863752e-07 -2.02139971e-07 
 1.40596336e-05  5.23719467e-03  2.34288785e-02  2.34276588e-02 -1.25095978e-05 -9.20863731e-07 -2.02139908e-07 
 1.40846336e-05  5.23866829e-03  2.34293368e-02  2.34281212e-02 -1.25115539e-05 -9.20863831e-07 -2.02139959e-07 
 1.41096336e-05  5.24013949e-03  2.34298034e-02  2.34285837e-02 -1.25095986e-05 -9.20863812e-07 -2.02139897e-07 
 1.41346336e-05  5.24161310e-03  2.34302619e-02  2.34290462e-02 -1.25115522e-05 -9.20863915e-07 -2.02139948e-07 
 1.41596336e-05  5.24308430e-03  2.34307286e-02  2.34295089e-02 -1.25095994e-05 -9.20863897e-07 -2.02139886e-07 
 1.41846336e-05  5.24455790e-03  2.34311873e-02  2.34299715e-02 -1.25115506e-05 -9.20864003e-07 -2.02139937e-07 
 1.42096336e-05  5.24602911e-03  2.34316541e-02  2.34304343e-02 -1.25096002e-05 -9.20863987e-07 -2.02139875e-07 
 1.42346336e-05  5.24750271e-03  2.34321128e-02  2.34308970e-02 -1.25115489e-05 -9.20864095e-07 -2.02139926e-07 
 1.42596336e-05  5.24897392e-03  2.34325798e-02  2.34313599e-02 -1.25096010e-05 -9.20864082e-07 -2.02139864e-07 
 1.42846336e-05  5.25044752e-03  2.34330386e-02  2.34318228e-02 -1.25115472e-05 -9.20864192e-07 -2.02139915e-07 
 1.43096336e-05  5.25191874e-03  2.34335057e-02  2.34322857e-02 -1.25096018e-05 -9.20864181e-07 -2.02139853e-07 
 1.43346336e-05  5.25339233e-03  2.34339646e-02  2.34327487e-02 -1.25115455e-05 -9.20864293e-07 -2.02139904e-07 
 1.43596336e-05  5.25486355e-03  2.34344317e-02  2.34332117e-02 -1.25096026e-05 -9.20864285e-07 -2.02139842e-07 
 1.43846336e-05  5.25633714e-03  2.34348907e-02  2.34336748e-02 -1.25115439e-05 -9.20864399e-07 -2.02139893e-07 
 1.44096336e-05  5.25780836e-03  2.34353580e-02  2.34341379e-02 -1.25096034e-05 -9.20864393e-07 -2.02139832e-07 
 1.44346336e-05  5.25928195e-03  2.34358171e-02  2.34346011e-02 -1.25115422e-05 -9.20864509e-07 -2.02139882e-07 
 1.44596336e-05  5.26075317e-03  2.34362844e-02  2.34350643e-02 -1.25096042e-05 -9.20864505e-07 -2.02139821e-07 
 1.44846336e-05  5.26222675e-03  2.34367436e-02  2.34355275e-02 -1.25115405e-05 -9.20864624e-07 -2.02139872e-07 
 1.45096336e-05  5.26369799e-03  2.34372110e-02  2.34359908e-02 -1.25096050e-05 -9.20864622e-07 -2.02139811e-07 
 1.45346336e-05  5.26517156e-03  2.34376702e-02  2.34364541e-02 -1.25115388e-05 -9.20864743e-07 -2.02139861e-07 
 1.45596336e-05  5.26664280e-03  2.34381377e-02  2.34369175e-02 -1.25096057e-05 -9.20864744e-07 -2.02139800e-07 
 1.45846336e-05  5.26811637e-03  2.34385971e-02  2.34373809e-02 -1.25115371e-05 -9.20864867e-07 -2.02139851e-07 
 1.46096336e-05  5.26958761e-03  2.34390646e-02  2.34378443e-02 -1.25096065e-05 -9.20864870e-07 -2.02139790e-07 
 1.46346336e-05  5.27106118e-03  2.34395240e-02  2.34383078e-02 -1.25115355e-05 -9.20864995e-07 -2.02139841e-07 
 1.46596336e-05  5.27253243e-03  2.34399916e-02  2.34387713e-02 -1.25096073e-05 -9.20865000e-07 -2.02139780e-07 
 1.46846336e-05  5.27400599e-03  2.34404511e-02  2.34392348e-02 -1.25115338e-05 -9.20865128e-07 -2.02139830e-07 
 1.47096336e-05  5.27547724e-03  2.34409188e-02  2.34396984e-02 -1.25096080e-05 -9.20865135e-07 -2.02139770e-07 
 1.47346336e-05  5.27695080e-03  2.34413784e-02  2.34401620e-02 -1.25115321e-05 -9.20865265e-07 -2.02139820e-07 
 1.47596336e-05  5.27842205e-03  2.34418461e-02  2.34406257e-02 -1.25096088e-05 -9.20865275e-07 -2.02139760e-07 
 1.47846336e-05  5.27989561e-03  2.34423058e-02  2.34410894e-02 -1.25115304e-05 -9.20865406e-07 -2.02139810e-07 
 1.48096336e-05  5.28136687e-03  2.34427736e-02  2.34415531e-02 -1.25096096e-05 -9.20865418e-07 -2.02139750e-07 
 1.48346336e-05  5.28284042e-03  2.34432333e-02  2.34420168e-02 -1.25115287e-05 -9.20865552e-07 -2.02139800e-07 
 1.48596336e-05  5.28431168e-03  2.34437011e-02  2.34424806e-02 -1.25096103e-05 -9.20865567e-07 -2.02139740e-07 
 1.48846336e-05  5.28578523e-03  2.34441609e-02  2.34429444e-02 -1.25115271e-05 -9.20865703e-07 -2.02139791e-07 
 1.49096336e-05  5.28725649e-03  2.34446288e-02  2.34434082e-02 -1.25096111e-05 -9.20865719e-07 -2.02139730e-07 
 1.49346336e-05  5.28873004e-03  2.34450887e-02  2.34438721e-02 -1.25115254e-05 -9.20865858e-07 -2.02139781e-07 
 1.49596336e-05  5.29020131e-03  2.34455566e-02  2.34443360e-02 -1.25096118e-05 -9.20865877e-07 -2.02139721e-07 
 1.49798168e-05  5.29139115e-03  2.34459272e-02  2.34447106e-02 -1.25115236e-05 -9.20866002e-07 -2.02139772e-07 
 1.50000000e-05  5.29257874e-03  2.34463058e-02  2.34450851e-02 -1.25096129e-05 -9.20866007e-07 -2.02139713e-07 
 1.50025000e-05  5.29264741e-03  2.34459053e-02  2.34449091e-02 -1.25120958e-05 -4.65717724e-07 -1.01605083e-07 
 1.50075000e-05  5.29271341e-03  2.34452803e-02  2.34444206e-02 -1.25138845e-05 -5.34741798e-09 -5.34627993e-10 
 1.50175000e-05  5.29270870e-03  2.34449454e-02  2.34437807e-02 -1.25143492e-05  1.72592350e-09  1.79451583e-10 
 1.50375000e-05  5.29271021e-03  2.34455244e-02  2.34442320e-02 -1.25147659e-05 -1.02264540e-09 -1.05874944e-10 
 1.50582845e-05  5.29271557e-03  2.34463092e-02  2.34450584e-02 -1.25149210e-05  6.18715501e-10  6.72051056e-11 
 1.50832845e-05  5.29272215e-03  2.34469520e-02  2.34457249e-02 -1.25149631e-05 -4.08346376e-10 -4.24564943e-11 
 1.51082845e-05  5.29272878e-03  2.34473857e-02  2.34461776e-02 -1.25149833e-05  2.69557750e-10  3.06724536e-11 
 1.51332845e-05  5.29273526e-03  2.34477417e-02  2.34465339e-02 -1.25149787e-05 -1.77960628e-10 -1.81265200e-11 
 1.51582845e-05  5.29274178e-03  2.34480597e-02  2.34468580e-02 -1.25149860e-05  1.17421669e-10  1.44165164e-11 
 1.51832845e-05  5.29274831e-03  2.34483597e-02  2.34471569e-02 -1.25149797e-05 -7.75450643e-11 -7.28684859e-12 
 1.52082845e-05  5.29275488e-03  2.34486331e-02  2.34474355e-02 -1.25149856e-05  5.11191410e-11  7.18352905e-12 
 1.52332845e-05  5.29276148e-03  2.34488918e-02  2.34476931e-02 -1.25149798e-05 -3.37874659e-11 -2.46451096e-12 
 1.52582845e-05  5.29276809e-03  2.34491271e-02  2.34479330e-02 -1.25149850e-05  2.22218591e-11  3.96545611e-12 
 1.52832845e-05  5.29277474e-03  2.34493503e-02  2.34481551e-02 -1.25149797e-05 -1.47216271e-11 -3.20299885e-13 
 1.53082845e-05  5.29278140e-03  2.34495529e-02  2.34483619e-02 -1.25149846e-05  9.62672498e-12  2.53409392e-12 
 1.53332845e-05  5.29278809e-03  2.34497457e-02  2.34485536e-02 -1.25149797e-05 -6.41638587e-12  6.32496009e-13 
 1.53582845e-05  5.29279478e-03  2.34499203e-02  2.34487319e-02 -1.25149842e-05  4.13662052e-12  1.89751584e-12 
 1.53832845e-05  5.29280151e-03  2.34500868e-02  2.34488972e-02 -1.25149797e-05 -2.80037777e-12  1.05551077e-12 
 1.54082845e-05  5.29280824e-03  2.34502372e-02  2.34490511e-02 -1.25149839e-05  1.74327024e-12  1.61437449e-12 
 1.54332845e-05  5.29281499e-03  2.34503811e-02  2.34491938e-02 -1.25149797e-05 -1.22765448e-12  1.24306853e-12 
 1.54582845e-05  5.29282175e-03  2.34505107e-02  2.34493266e-02 -1.25149836e-05  6.99764465e-13  1.48836759e-12 
 1.54832845e-05  5.29282853e-03  2.34506351e-02  2.34494497e-02 -1.25149797e-05 -5.45114518e-13  1.32603894e-12 
 1.55082845e-05  5.29283531e-03  2.34507469e-02  2.34495644e-02 -1.25149833e-05  2.44725464e-13  1.43221492e-12 
 1.55332845e-05  5.29284212e-03  2.34508545e-02  2.34496707e-02 -1.25149797e-05 -2.50248823e-13  1.36258859e-12 
 1.55582845e-05  5.29284892e-03  2.34509508e-02  2.34497698e-02 -1.25149831e-05  4.63017211e-14  1.40712111e-12 
 1.55832845e-05  5.29285574e-03  2.34510439e-02  2.34498616e-02 -1.25149797e-05 -1.24087589e-13  1.37855835e-12 
 1.56082845e-05  5.29286256e-03  2.34511270e-02  2.34499472e-02 -1.25149828e-05 -4.01597158e-14  1.39584573e-12 
 1.56332845e-05  5.29286940e-03  2.34512077e-02  2.34500266e-02 -1.25149797e-05 -7.12316491e-14  1.38542357e-12 
 1.56582845e-05  5.29287623e-03  2.34512794e-02  2.34501006e-02 -1.25149826e-05 -7.77290558e-14  1.39072770e-12 
 1.56832845e-05  5.29288309e-03  2.34513493e-02  2.34501693e-02 -1.25149798e-05 -5.01257022e-14  1.38827193e-12 
 1.57082845e-05  5.29288994e-03  2.34514111e-02  2.34502333e-02 -1.25149824e-05 -9.39107733e-14  1.38836344e-12 
 1.57332845e-05  5.29289681e-03  2.34514718e-02  2.34502927e-02 -1.25149798e-05 -4.26817869e-14  1.38936188e-12 
 1.57582845e-05  5.29290366e-03  2.34515252e-02  2.34503482e-02 -1.25149823e-05 -1.00701348e-13  1.38723787e-12 
 1.57832845e-05  5.29291054e-03  2.34515779e-02  2.34503996e-02 -1.25149799e-05 -4.10383533e-14  1.38969213e-12 
 1.58082845e-05  5.29291741e-03  2.34516241e-02  2.34504477e-02 -1.25149821e-05 -1.03352873e-13  1.38667739e-12 
 1.58332845e-05  5.29292430e-03  2.34516699e-02  2.34504923e-02 -1.25149799e-05 -4.17847180e-14  1.38970145e-12 
 1.58582845e-05  5.29293118e-03  2.34517098e-02  2.34505340e-02 -1.25149820e-05 -1.04158652e-13  1.38637897e-12 
 1.58832845e-05  5.29293807e-03  2.34517497e-02  2.34505727e-02 -1.25149800e-05 -4.34511368e-14  1.38958392e-12 
 1.59082845e-05  5.29294496e-03  2.34517843e-02  2.34506089e-02 -1.25149818e-05 -1.04130897e-13  1.38620842e-12 
 1.59332845e-05  5.29295186e-03  2.34518190e-02  2.34506426e-02 -1.25149801e-05 -4.54074712e-14  1.38942362e-12 
 1.59582845e-05  5.29295875e-03  2.34518490e-02  2.34506741e-02 -1.25149817e-05 -1.03717382e-13  1.38610374e-12 
 1.59832845e-05  5.29296566e-03  2.34518793e-02  2.34507033e-02 -1.25149801e-05 -4.73924285e-14  1.38925422e-12 
 1.60082845e-05  5.29297256e-03  2.34519053e-02  2.34507307e-02 -1.25149816e-05 -1.03120420e-13  1.38603587e-12 
 1.60332845e-05  5.29297947e-03  2.34519318e-02  2.34507562e-02 -1.25149802e-05 -4.93012749e-14  1.38909186e-12 
 1.60582845e-05  5.29298637e-03  2.34519544e-02  2.34507802e-02 -1.25149815e-05 -1.02434337e-13  1.38599082e-12 
 1.60832845e-05  5.29299329e-03  2.34519777e-02  2.34508024e-02 -1.25149802e-05 -5.11006168e-14  1.38894121e-12 
 1.61082845e-05  5.29300019e-03  2.34519973e-02  2.34508233e-02 -1.25149814e-05 -1.01704018e-13  1.38596117e-12 
 1.61332845e-05  5.29300711e-03  2.34520177e-02  2.34508427e-02 -1.25149803e-05 -5.27763597e-14  1.38880313e-12 
 1.61582845e-05  5.29301402e-03  2.34520348e-02  2.34508611e-02 -1.25149813e-05 -1.00954618e-13  1.38594393e-12 
 1.61832845e-05  5.29302095e-03  2.34520528e-02  2.34508781e-02 -1.25149804e-05 -5.43369603e-14  1.38867720e-12 
 1.62082845e-05  5.29302786e-03  2.34520678e-02  2.34508942e-02 -1.25149812e-05 -1.00195460e-13  1.38593499e-12 
 1.62332845e-05  5.29303479e-03  2.34520837e-02  2.34509092e-02 -1.25149804e-05 -5.57887070e-14  1.38856282e-12 
 1.62582845e-05  5.29304170e-03  2.34520967e-02  2.34509233e-02 -1.25149811e-05 -9.94389033e-14  1.38593336e-12 
 1.62832845e-05  5.29304863e-03  2.34521108e-02  2.34509365e-02 -1.25149805e-05 -5.71391892e-14  1.38845814e-12 
 1.63082845e-05  5.29305555e-03  2.34521223e-02  2.34509490e-02 -1.25149810e-05 -9.86884185e-14  1.38593699e-12 
 1.63332845e-05  5.29306248e-03  2.34521348e-02  2.34509607e-02 -1.25149805e-05 -5.83981648e-14  1.38836306e-12 
 1.63582845e-05  5.29306940e-03  2.34521449e-02  2.34509718e-02 -1.25149809e-05 -9.79524621e-14  1.38594615e-12 
 1.63832845e-05  5.29307633e-03  2.34521561e-02  2.34509821e-02 -1.25149806e-05 -5.95723557e-14  1.38827567e-12 
 1.64082845e-05  5.29308325e-03  2.34521650e-02  2.34509919e-02 -1.25149809e-05 -9.72269140e-14  1.38595889e-12 
 1.64332845e-05  5.29309019e-03  2.34521750e-02  2.34510011e-02 -1.25149806e-05 -6.06680504e-14  1.38819636e-12 
 1.64582845e-05  5.29309711e-03  2.34521829e-02  2.34510099e-02 -1.25149808e-05 -9.65184963e-14  1.38597451e-12 
 1.64832845e-05  5.29310404e-03  2.34521919e-02  2.34510181e-02 -1.25149807e-05 -6.16954404e-14  1.38812236e-12 
 1.65082845e-05  5.29311097e-03  2.34521989e-02  2.34510260e-02 -1.25149807e-05 -9.58295943e-14  1.38599283e-12 
 1.65332845e-05  5.29311790e-03  2.34522071e-02  2.34510334e-02 -1.25149807e-05 -6.26556099e-14  1.38805444e-12 
 1.65582845e-05  5.29312483e-03  2.34522134e-02  2.34510405e-02 -1.25149807e-05 -9.51593405e-14  1.38601305e-12 
 1.65832845e-05  5.29313177e-03  2.34522207e-02  2.34510471e-02 -1.25149808e-05 -6.35591840e-14  1.38799172e-12 
 1.66082845e-05  5.29313869e-03  2.34522264e-02  2.34510536e-02 -1.25149806e-05 -9.45118549e-14  1.38603479e-12 
 1.66332845e-05  5.29314563e-03  2.34522331e-02  2.34510596e-02 -1.25149808e-05 -6.44059459e-14  1.38793328e-12 
 1.66582845e-05  5.29315256e-03  2.34522382e-02  2.34510654e-02 -1.25149805e-05 -9.38849692e-14  1.38605766e-12 
 1.66832845e-05  5.29315950e-03  2.34522443e-02  2.34510709e-02 -1.25149809e-05 -6.52026176e-14  1.38787934e-12 
 1.67082845e-05  5.29316642e-03  2.34522490e-02  2.34510762e-02 -1.25149805e-05 -9.32773823e-14  1.38608076e-12 
 1.67332845e-05  5.29317336e-03  2.34522546e-02  2.34510813e-02 -1.25149809e-05 -6.59528855e-14  1.38782887e-12 
 1.67582845e-05  5.29318029e-03  2.34522589e-02  2.34510862e-02 -1.25149804e-05 -9.26955995e-14  1.38610504e-12 
 1.67832845e-05  5.29318723e-03  2.34522641e-02  2.34510908e-02 -1.25149810e-05 -6.66595685e-14  1.38778100e-12 
 1.68082845e-05  5.29319416e-03  2.34522680e-02  2.34510953e-02 -1.25149804e-05 -9.21320312e-14  1.38612960e-12 
 1.68332845e-05  5.29320110e-03  2.34522729e-02  2.34510996e-02 -1.25149810e-05 -6.73250518e-14  1.38773704e-12 
 1.68582845e-05  5.29320803e-03  2.34522765e-02  2.34511038e-02 -1.25149804e-05 -9.15901469e-14  1.38615394e-12 
 1.68832845e-05  5.29321497e-03  2.34522810e-02  2.34511078e-02 -1.25149810e-05 -6.79532385e-14  1.38769579e-12 
 1.69082845e-05  5.29322190e-03  2.34522844e-02  2.34511117e-02 -1.25149803e-05 -9.10708141e-14  1.38617844e-12 
 1.69332845e-05  5.29322884e-03  2.34522886e-02  2.34511154e-02 -1.25149811e-05 -6.85471645e-14  1.38765654e-12 
 1.69582845e-05  5.29323577e-03  2.34522918e-02  2.34511191e-02 -1.25149803e-05 -9.05720811e-14  1.38620257e-12 
 1.69832845e-05  5.29324271e-03  2.34522958e-02  2.34511227e-02 -1.25149811e-05 -6.91109496e-14  1.38761946e-12 
 1.70082845e-05  5.29324964e-03  2.34522988e-02  2.34511261e-02 -1.25149802e-05 -9.00969837e-14  1.38622675e-12 
 1.70332845e-05  5.29325658e-03  2.34523026e-02  2.34511295e-02 -1.25149811e-05 -6.96419918e-14  1.38758509e-12 
 1.70582845e-05  5.29326351e-03  2.34523054e-02  2.34511328e-02 -1.25149802e-05 -8.96374988e-14  1.38625033e-12 
 1.70832845e-05  5.29327045e-03  2.34523090e-02  2.34511359e-02 -1.25149812e-05 -7.01437606e-14  1.38755218e-12 
 1.71082845e-05  5.29327739e-03  2.34523117e-02  2.34511391e-02 -1.25149802e-05 -8.91970959e-14  1.38627347e-12 
 1.71332845e-05  5.29328433e-03  2.34523152e-02  2.34511421e-02 -1.25149812e-05 -7.06208095e-14  1.38752085e-12 
 1.71582845e-05  5.29329126e-03  2.34523178e-02  2.34511452e-02 -1.25149801e-05 -8.87770760e-14  1.38629641e-12 
 1.71832845e-05  5.29329820e-03  2.34523211e-02  2.34511481e-02 -1.25149812e-05 -7.10707534e-14  1.38749168e-12 
 1.72082845e-05  5.29330513e-03  2.34523236e-02  2.34511510e-02 -1.25149801e-05 -8.83739696e-14  1.38631869e-12 
 1.72332845e-05  5.29331207e-03  2.34523268e-02  2.34511538e-02 -1.25149813e-05 -7.15005312e-14  1.38746431e-12 
 1.72582845e-05  5.29331900e-03  2.34523292e-02  2.34511566e-02 -1.25149801e-05 -8.79934146e-14  1.38633994e-12 
 1.72832845e-05  5.29332595e-03  2.34523323e-02  2.34511593e-02 -1.25149813e-05 -7.19047218e-14  1.38743682e-12 
 1.73082845e-05  5.29333288e-03  2.34523347e-02  2.34511620e-02 -1.25149800e-05 -8.76241354e-14  1.38636146e-12 
 1.73332845e-05  5.29333982e-03  2.34523377e-02  2.34511647e-02 -1.25149813e-05 -7.22900472e-14  1.38741227e-12 
 1.73582845e-05  5.29334675e-03  2.34523400e-02  2.34511673e-02 -1.25149800e-05 -8.72726370e-14  1.38638227e-12 
 1.73832845e-05  5.29335369e-03  2.34523429e-02  2.34511699e-02 -1.25149813e-05 -7.26562907e-14  1.38738841e-12 
 1.74082845e-05  5.29336063e-03  2.34523452e-02  2.34511725e-02 -1.25149800e-05 -8.69365344e-14  1.38640152e-12 
 1.74332845e-05  5.29336757e-03  2.34523480e-02  2.34511750e-02 -1.25149814e-05 -7.30019344e-14  1.38736532e-12 
 1.74582845e-05  5.29337450e-03  2.34523502e-02  2.34511776e-02 -1.25149800e-05 -8.66145263e-14  1.38642120e-12 
 1.74832845e-05  5.29338144e-03  2.34523530e-02  2.34511800e-02 -1.25149814e-05 -7.33310981e-14  1.38734364e-12 
 1.75082845e-05  5.29338837e-03  2.34523552e-02  2.34511825e-02 -1.25149799e-05 -8.63098655e-14  1.38643985e-12 
 1.75332845e-05  5.29339532e-03  2.34523579e-02  2.34511850e-02 -1.25149814e-05 -7.36479020e-14  1.38732304e-12 
 1.75582845e-05  5.29340225e-03  2.34523601e-02  2.34511874e-02 -1.25149799e-05 -8.60177814e-14  1.38645768e-12 
 1.75832845e-05  5.29340919e-03  2.34523627e-02  2.34511898e-02 -1.25149814e-05 -7.39447566e-14  1.38730254e-12 
 1.76082845e-05  5.29341612e-03  2.34523649e-02  2.34511922e-02 -1.25149799e-05 -8.57387078e-14  1.38647546e-12 
 1.76332845e-05  5.29342306e-03  2.34523675e-02  2.34511946e-02 -1.25149815e-05 -7.42266491e-14  1.38728417e-12 
 1.76582845e-05  5.29343000e-03  2.34523696e-02  2.34511970e-02 -1.25149799e-05 -8.54724277e-14  1.38649221e-12 
 1.76832845e-05  5.29343694e-03  2.34523722e-02  2.34511993e-02 -1.25149815e-05 -7.44948808e-14  1.38726622e-12 
 1.77082845e-05  5.29344387e-03  2.34523743e-02  2.34512017e-02 -1.25149798e-05 -8.52174234e-14  1.38650875e-12 
 1.77332845e-05  5.29345081e-03  2.34523769e-02  2.34512040e-02 -1.25149815e-05 -7.47498851e-14  1.38724861e-12 
 1.77582845e-05  5.29345775e-03  2.34523790e-02  2.34512063e-02 -1.25149798e-05 -8.49749958e-14  1.38652447e-12 
 1.77832845e-05  5.29346469e-03  2.34523815e-02  2.34512086e-02 -1.25149815e-05 -7.49933969e-14  1.38723245e-12 
 1.78082845e-05  5.29347162e-03  2.34523836e-02  2.34512109e-02 -1.25149798e-05 -8.47434102e-14  1.38653910e-12 
 1.78332845e-05  5.29347856e-03  2.34523861e-02  2.34512132e-02 -1.25149815e-05 -7.52245488e-14  1.38721651e-12 
 1.78582845e-05  5.29348550e-03  2.34523882e-02  2.34512155e-02 -1.25149798e-05 -8.45217993e-14  1.38655396e-12 
 1.78832845e-05  5.29349244e-03  2.34523907e-02  2.34512178e-02 -1.25149815e-05 -7.54461597e-14  1.38720096e-12 
 1.79082845e-05  5.29349937e-03  2.34523928e-02  2.34512201e-02 -1.25149798e-05 -8.43138493e-14  1.38656821e-12 
 1.79332845e-05  5.29350631e-03  2.34523952e-02  2.34512223e-02 -1.25149816e-05 -7.56556276e-14  1.38718686e-12 
 1.79582845e-05  5.29351324e-03  2.34523973e-02  2.34512246e-02 -1.25149797e-05 -8.41119709e-14  1.38658139e-12 
 1.79832845e-05  5.29352019e-03  2.34523997e-02  2.34512269e-02 -1.25149816e-05 -7.58540366e-14  1.38717277e-12 
 1.80082845e-05  5.29352712e-03  2.34524018e-02  2.34512291e-02 -1.25149797e-05 -8.39200671e-14  1.38659456e-12 
 1.80332845e-05  5.29353406e-03  2.34524042e-02  2.34512314e-02 -1.25149816e-05 -7.60444225e-14  1.38715981e-12 
 1.80582845e-05  5.29354099e-03  2.34524063e-02  2.34512336e-02 -1.25149797e-05 -8.37377043e-14  1.38660719e-12 
 1.80832845e-05  5.29354794e-03  2.34524087e-02  2.34512358e-02 -1.25149816e-05 -7.62248337e-14  1.38714729e-12 
 1.81082845e-05  5.29355487e-03  2.34524108e-02  2.34512381e-02 -1.25149797e-05 -8.35631477e-14  1.38661923e-12 
 1.81332845e-05  5.29356181e-03  2.34524132e-02  2.34512403e-02 -1.25149816e-05 -7.63967882e-14  1.38713504e-12 
 1.81582845e-05  5.29356874e-03  2.34524153e-02  2.34512425e-02 -1.25149797e-05 -8.33981322e-14  1.38663077e-12 
 1.81832845e-05  5.29357569e-03  2.34524176e-02  2.34512448e-02 -1.25149816e-05 -7.65633217e-14  1.38712311e-12 
 1.82082845e-05  5.29358262e-03  2.34524197e-02  2.34512470e-02 -1.25149797e-05 -8.32394050e-14  1.38664205e-12 
 1.82332845e-05  5.29358956e-03  2.34524221e-02  2.34512492e-02 -1.25149816e-05 -7.67194468e-14  1.38711210e-12 
 1.82582845e-05  5.29359649e-03  2.34524242e-02  2.34512514e-02 -1.25149797e-05 -8.30884840e-14  1.38665295e-12 
 1.82832845e-05  5.29360343e-03  2.34524265e-02  2.34512536e-02 -1.25149817e-05 -7.68684161e-14  1.38710110e-12 
 1.83082845e-05  5.29361037e-03  2.34524286e-02  2.34512559e-02 -1.25149797e-05 -8.29447188e-14  1.38666314e-12 
 1.83332845e-05  5.29361731e-03  2.34524309e-02  2.34512581e-02 -1.25149817e-05 -7.70089287e-14  1.38709102e-12 
 1.83582845e-05  5.29362424e-03  2.34524330e-02  2.34512603e-02 -1.25149796e-05 -8.28065914e-14  1.38667311e-12 
 1.83832845e-05  5.29363118e-03  2.34524353e-02  2.34512625e-02 -1.25149817e-05 -7.71438035e-14  1.38708131e-12 
 1.84082845e-05  5.29363812e-03  2.34524374e-02  2.34512647e-02 -1.25149796e-05 -8.26760535e-14  1.38668233e-12 
 1.84332845e-05  5.29364506e-03  2.34524398e-02  2.34512669e-02 -1.25149817e-05 -7.72745583e-14  1.38707177e-12 
 1.84582845e-05  5.29365199e-03  2.34524418e-02  2.34512691e-02 -1.25149796e-05 -8.25509366e-14  1.38669176e-12 
 1.84832845e-05  5.29365893e-03  2.34524442e-02  2.34512713e-02 -1.25149817e-05 -7.73966394e-14  1.38706261e-12 
 1.85082845e-05  5.29366587e-03  2.34524463e-02  2.34512735e-02 -1.25149796e-05 -8.24305901e-14  1.38670065e-12 
 1.85332845e-05  5.29367281e-03  2.34524486e-02  2.34512757e-02 -1.25149817e-05 -7.75128659e-14  1.38705415e-12 
 1.85582845e-05  5.29367974e-03  2.34524507e-02  2.34512779e-02 -1.25149796e-05 -8.23187005e-14  1.38670900e-12 
 1.85832845e-05  5.29368668e-03  2.34524530e-02  2.34512801e-02 -1.25149817e-05 -7.76247556e-14  1.38704581e-12 
 1.86082845e-05  5.29369362e-03  2.34524551e-02  2.34512823e-02 -1.25149796e-05 -8.22083287e-14  1.38671697e-12 
 1.86332845e-05  5.29370056e-03  2.34524574e-02  2.34512845e-02 -1.25149817e-05 -7.77310074e-14  1.38703746e-12 
 1.86582845e-05  5.29370749e-03  2.34524595e-02  2.34512867e-02 -1.25149796e-05 -8.21044621e-14  1.38672499e-12 
 1.86832845e-05  5.29371443e-03  2.34524617e-02  2.34512889e-02 -1.25149817e-05 -7.78322719e-14  1.38703036e-12 
 1.87082845e-05  5.29372137e-03  2.34524639e-02  2.34512911e-02 -1.25149796e-05 -8.20062334e-14  1.38673198e-12 
 1.87332845e-05  5.29372831e-03  2.34524661e-02  2.34512933e-02 -1.25149817e-05 -7.79283322e-14  1.38702239e-12 
 1.87582845e-05  5.29373524e-03  2.34524682e-02  2.34512955e-02 -1.25149796e-05 -8.19114741e-14  1.38673925e-12 
 1.87832845e-05  5.29374218e-03  2.34524705e-02  2.34512977e-02 -1.25149817e-05 -7.80200557e-14  1.38701550e-12 
 1.88082845e-05  5.29374912e-03  2.34524726e-02  2.34512999e-02 -1.25149796e-05 -8.18219190e-14  1.38674673e-12 
 1.88332845e-05  5.29375606e-03  2.34524749e-02  2.34513021e-02 -1.25149818e-05 -7.81087434e-14  1.38700878e-12 
 1.88582845e-05  5.29376299e-03  2.34524770e-02  2.34513043e-02 -1.25149796e-05 -8.17356165e-14  1.38675329e-12 
 1.88832845e-05  5.29376993e-03  2.34524793e-02  2.34513065e-02 -1.25149818e-05 -7.81926607e-14  1.38700228e-12 
 1.89082845e-05  5.29377687e-03  2.34524814e-02  2.34513087e-02 -1.25149795e-05 -8.16540845e-14  1.38675990e-12 
 1.89332845e-05  5.29378381e-03  2.34524837e-02  2.34513109e-02 -1.25149818e-05 -7.82731085e-14  1.38699631e-12 
 1.89582845e-05  5.29379074e-03  2.34524858e-02  2.34513131e-02 -1.25149795e-05 -8.15764557e-14  1.38676549e-12 
 1.89832845e-05  5.29379768e-03  2.34524881e-02  2.34513152e-02 -1.25149818e-05 -7.83492195e-14  1.38699051e-12 
 1.90082845e-05  5.29380462e-03  2.34524902e-02  2.34513174e-02 -1.25149795e-05 -8.15016457e-14  1.38677156e-12 
 1.90332845e-05  5.29381156e-03  2.34524924e-02  2.34513196e-02 -1.25149818e-05 -7.84209937e-14  1.38698433e-12 
 1.90582845e-05  5.29381849e-03  2.34524946e-02  2.34513218e-02 -1.25149795e-05 -8.14313894e-14  1.38677714e-12 
 1.90832845e-05  5.29382543e-03  2.34524968e-02  2.34513240e-02 -1.25149818e-05 -7.84912500e-14  1.38697880e-12 
 1.91082845e-05  5.29383237e-03  2.34524990e-02  2.34513262e-02 -1.25149795e-05 -8.13628678e-14  1.38678229e-12 
 1.91332845e-05  5.29383931e-03  2.34525012e-02  2.34513284e-02 -1.25149818e-05 -7.85567358e-14  1.38697381e-12 
 1.91582845e-05  5.29384624e-03  2.34525033e-02  2.34513306e-02 -1.25149795e-05 -8.12980325e-14  1.38678749e-12 
 1.91832845e-05  5.29385318e-03  2.34525056e-02  2.34513328e-02 -1.25149818e-05 -7.86194027e-14  1.38696861e-12 
 1.92082845e-05  5.29386012e-03  2.34525077e-02  2.34513350e-02 -1.25149795e-05 -8.12366667e-14  1.38679259e-12 
 1.92332845e-05  5.29386706e-03  2.34525100e-02  2.34513372e-02 -1.25149818e-05 -7.86805517e-14  1.38696373e-12 
 1.92582845e-05  5.29387399e-03  2.34525121e-02  2.34513393e-02 -1.25149795e-05 -8.11772524e-14  1.38679747e-12 
 1.92832845e-05  5.29388093e-03  2.34525143e-02  2.34513415e-02 -1.25149818e-05 -7.87375807e-14  1.38695961e-12 
 1.93082845e-05  5.29388787e-03  2.34525165e-02  2.34513437e-02 -1.25149795e-05 -8.11204402e-14  1.38680186e-12 
 1.93332845e-05  5.29389481e-03  2.34525187e-02  2.34513459e-02 -1.25149818e-05 -7.87937424e-14  1.38695457e-12 
 1.93582845e-05  5.29390174e-03  2.34525209e-02  2.34513481e-02 -1.25149795e-05 -8.10681817e-14  1.38680679e-12 
 1.93832845e-05  5.29390868e-03  2.34525231e-02  2.34513503e-02 -1.25149818e-05 -7.88449167e-14  1.38695045e-12 
 1.94082845e-05  5.29391561e-03  2.34525252e-02  2.34513525e-02 -1.25149795e-05 -8.10167905e-14  1.38681091e-12 
 1.94332845e-05  5.29392256e-03  2.34525275e-02  2.34513547e-02 -1.25149818e-05 -7.88950068e-14  1.38694676e-12 
 1.94582845e-05  5.29392949e-03  2.34525296e-02  2.34513569e-02 -1.25149795e-05 -8.09680014e-14  1.38681471e-12 
 1.94832845e-05  5.29393643e-03  2.34525319e-02  2.34513590e-02 -1.25149818e-05 -7.89437959e-14  1.38694254e-12 
 1.95082845e-05  5.29394336e-03  2.34525340e-02  2.34513612e-02 -1.25149795e-05 -8.09205133e-14  1.38681867e-12 
 1.95332845e-05  5.29395031e-03  2.34525362e-02  2.34513634e-02 -1.25149818e-05 -7.89880314e-14  1.38693874e-12 
 1.95582845e-05  5.29395724e-03  2.34525384e-02  2.34513656e-02 -1.25149795e-05 -8.08762779e-14  1.38682246e-12 
 1.95832845e-05  5.29396418e-03  2.34525406e-02  2.34513678e-02 -1.25149818e-05 -7.90320500e-14  1.38693538e-12 
 1.96082845e-05  5.29397111e-03  2.34525428e-02  2.34513700e-02 -1.25149795e-05 -8.08335603e-14  1.38682593e-12 
 1.96332845e-05  5.29397806e-03  2.34525450e-02  2.34513722e-02 -1.25149818e-05 -7.90728160e-14  1.38693175e-12 
 1.96582845e-05  5.29398499e-03  2.34525471e-02  2.34513744e-02 -1.25149795e-05 -8.07921438e-14  1.38682956e-12 
 1.96832845e-05  5.29399193e-03  2.34525494e-02  2.34513766e-02 -1.25149818e-05 -7.91118473e-14  1.38692833e-12 
 1.97082845e-05  5.29399886e-03  2.34525515e-02  2.34513788e-02 -1.25149795e-05 -8.07541967e-14  1.38683303e-12 
 1.97332845e-05  5.29400581e-03  2.34525537e-02  2.34513809e-02 -1.25149818e-05 -7.91510954e-14  1.38692551e-12 
 1.97582845e-05  5.29401274e-03  2.34525559e-02  2.34513831e-02 -1.25149795e-05 -8.07166833e-14  1.38683623e-12 
 1.97832845e-05  5.29401968e-03  2.34525581e-02  2.34513853e-02 -1.25149818e-05 -7.91855730e-14  1.38692226e-12 
 1.98082845e-05  5.29402661e-03  2.34525603e-02  2.34513875e-02 -1.25149795e-05 -8.06806878e-14  1.38683921e-12 
 1.98332845e-05  5.29403356e-03  2.34525625e-02  2.34513897e-02 -1.25149818e-05 -7.92198338e-14  1.38691923e-12 
 1.98582845e-05  5.29404049e-03  2.34525647e-02  2.34513919e-02 -1.25149795e-05 -8.06468607e-14  1.38684203e-12 
 1.98832845e-05  5.29404743e-03  2.34525669e-02  2.34513941e-02 -1.25149818e-05 -7.92547451e-14  1.38691668e-12 
 1.99082845e-05  5.29405436e-03  2.34525690e-02  2.34513963e-02 -1.25149795e-05 -8.06149852e-14  1.38684490e-12 
 1.99332845e-05  5.29406131e-03  2.34525712e-02  2.34513984e-02 -1.25149818e-05 -7.92848859e-14  1.38691386e-12 
 1.99582845e-05  5.29406824e-03  2.34525734e-02  2.34514006e-02 -1.25149795e-05 -8.05839770e-14  1.38684756e-12 
 1.99791422e-05  5.29407403e-03  2.34525753e-02  2.34514025e-02 -1.25149818e-05 -7.93167615e-14  1.38690968e-12 
 2.00000000e-05  5.29407981e-03  2.34525771e-02  2.34514043e-02 -1.25149795e-05 -8.05490657e-14  1.38684978e-12 
 2.00025000e-05  5.29408051e-03  2.34525773e-02  2.34514045e-02 -1.25149806e-05 -7.99755227e-14  1.38687618e-12 
 2.00075000e-05  5.29408190e-03  2.34525777e-02  2.34514049e-02 -1.25149806e-05 -7.99080854e-14  1.38688215e-12 
 2.00175000e-05  5.29408467e-03  2.34525786e-02  2.34514058e-02 -1.25149806e-05 -7.99685838e-14  1.38687841e-12 
 2.00375000e-05  5.29409022e-03  2.34525804e-02  2.34514076e-02 -1.25149806e-05 -7.99152411e-14  1.38688263e-12 
 2.00625000e-05  5.29409716e-03  2.34525825e-02  2.34514098e-02 -1.25149806e-05 -7.99644639e-14  1.38687732e-12 
 2.00812500e-05  5.29410236e-03  2.34525842e-02  2.34514114e-02 -1.25149806e-05 -7.99178432e-14  1.38688399e-12 
 2.01000000e-05  5.29410757e-03  2.34525858e-02  2.34514130e-02 -1.25149806e-05 -7.99653312e-14  1.38687846e-12 
 2.01000093e-05  5.30501313e-03  2.34696446e-02  2.34514765e-02 -9.89442142e-06  2.07966523e-09  2.68812701e-09 
 2.01000280e-05  5.31491921e-03  2.34983355e-02  2.34517096e-02 -8.52002237e-06  6.11827317e-09  8.07581731e-09 
 2.01000653e-05  5.31756992e-03  2.35385376e-02  2.34526814e-02 -7.46426387e-06  1.30972269e-08  1.85639257e-08 
 2.01000998e-05  5.32319903e-03  2.35679969e-02  2.34540434e-02 -6.36119115e-06  1.84680958e-08  2.79469861e-08 
 2.01001688e-05  5.33104850e-03  2.36119824e-02  2.34577114e-02 -5.34649641e-06  2.72754400e-08  4.61245205e-08 
 2.01003068e-05  5.34873981e-03  2.36565465e-02  2.34671293e-02 -4.19412957e-06  4.04062494e-08  8.04970183e-08 
 2.01005542e-05  5.37883677e-03  2.36732603e-02  2.34856716e-02 -3.95949351e-06  5.80314016e-08  1.37256043e-07 
 2.01008511e-05  5.41616535e-03  2.36638137e-02  2.35060397e-02 -3.85819275e-06  7.57624850e-08  1.98583274e-07 
 2.01013357e-05  5.47735507e-03  2.36411458e-02  2.35317112e-02 -4.07201704e-06  1.01456184e-07  2.85625284e-07 
 2.01015345e-05  5.50544608e-03  2.36304843e-02  2.35395830e-02 -4.16911610e-06  1.10248769e-07  3.16131543e-07 
 2.01017894e-05  5.55100833e-03  2.36174954e-02  2.35476568e-02 -5.66290869e-06  1.11808860e-07  3.36243227e-07 
 2.01019068e-05  5.58345641e-03  2.36123924e-02  2.35506899e-02 -7.15111003e-06  1.02705857e-07  3.27070867e-07 
 2.01020310e-05  5.63198977e-03  2.36084143e-02  2.35535270e-02 -1.03495912e-05  7.50629018e-08  2.80052390e-07 
 2.01021456e-05  5.69530122e-03  2.36055329e-02  2.35558688e-02 -1.46204256e-05  2.22584885e-08  1.71798610e-07 
 2.01022561e-05  5.77560476e-03  2.36031908e-02  2.35579159e-02 -2.01831900e-05 -6.64114865e-08 -3.56096147e-08 
 2.01023634e-05  5.87169286e-03  2.35990885e-02  2.35596827e-02 -2.58497105e-05 -2.01857851e-07 -3.85514144e-07 
 2.01024646e-05  5.97586713e-03  2.35908623e-02  2.35610357e-02 -3.04547595e-05 -3.88850880e-07 -8.98876358e-07 
 2.01025598e-05  6.08206434e-03  2.35752055e-02  2.35618137e-02 -3.25236291e-05 -6.32761110e-07 -1.58426135e-06 
 2.01026664e-05  6.20598512e-03  2.35472036e-02  2.35617391e-02 -3.33852886e-05 -9.97817506e-07 -2.61981639e-06 
 2.01027753e-05  6.33426448e-03  2.35114173e-02  2.35603062e-02 -3.46800290e-05 -1.47231346e-06 -3.99060776e-06 
 2.01029592e-05  6.54898498e-03  2.34508343e-02  2.35546069e-02 -3.82995314e-05 -2.48170029e-06 -7.01695139e-06 
 2.01031080e-05  6.71776207e-03  2.34071653e-02  2.35472786e-02 -4.15927149e-05 -3.46493942e-06 -1.00752523e-05 
 2.01032312e-05  6.85420430e-03  2.33769531e-02  2.35397539e-02 -4.43811618e-05 -4.36794119e-06 -1.29618916e-05 
 2.01033279e-05  6.95699823e-03  2.33573665e-02  2.35331572e-02 -4.61769161e-05 -5.11735244e-06 -1.54167027e-05 
 2.01033800e-05  7.00719039e-03  2.33481096e-02  2.35294129e-02 -4.69933137e-05 -5.52934769e-06 -1.67974858e-05 
 2.01034146e-05  7.03441608e-03  2.33420907e-02  2.35268688e-02 -4.72615344e-05 -5.80225111e-06 -1.77327841e-05 
 2.01034437e-05  7.04840107e-03  2.33365896e-02  2.35246828e-02 -4.72728799e-05 -6.02918343e-06 -1.85330549e-05 
 2.01034670e-05  7.04690940e-03  2.33311048e-02  2.35228968e-02 -4.69171262e-05 -6.20578736e-06 -1.91816204e-05 
 2.01034890e-05  7.02760196e-03  2.33242090e-02  2.35211784e-02 -4.61262746e-05 -6.36321224e-06 -1.97962674e-05 
 2.01035131e-05  6.98207454e-03  2.33145869e-02  2.35192337e-02 -4.46285086e-05 -6.52005615e-06 -2.04743487e-05 
 2.01035424e-05  6.90097517e-03  2.33032896e-02  2.35167671e-02 -4.19656385e-05 -6.68096891e-06 -2.13060894e-05 
 2.01035718e-05  6.80946542e-03  2.32981557e-02  2.35142312e-02 -3.87201722e-05 -6.80390663e-06 -2.21436507e-05 
 2.01036124e-05  6.69443719e-03  2.33085798e-02  2.35108154e-02 -3.37805340e-05 -6.91112424e-06 -2.33091510e-05 
 2.01036422e-05  6.62975871e-03  2.33299411e-02  2.35085266e-02 -3.01970458e-05 -6.94781516e-06 -2.41715170e-05 
 2.01036716e-05  6.58720222e-03  2.33601827e-02  2.35066042e-02 -2.68546262e-05 -6.95539174e-06 -2.50232033e-05 
 2.01037056e-05  6.56219449e-03  2.34022676e-02  2.35048954e-02 -2.34126423e-05 -6.93655488e-06 -2.60135714e-05 
 2.01037426e-05  6.56130180e-03  2.34517672e-02  2.35037335e-02 -2.01529102e-05 -6.89104441e-06 -2.70976516e-05 
 2.01037813e-05  6.58373411e-03  2.35028406e-02  2.35033099e-02 -1.73691555e-05 -6.82434750e-06 -2.82354164e-05 
 2.01038235e-05  6.62890843e-03  2.35540062e-02  2.35037111e-02 -1.49029724e-05 -6.73723732e-06 -2.94845648e-05 
 2.01038700e-05  6.69650841e-03  2.36022663e-02  2.35050590e-02 -1.28540845e-05 -6.63160715e-06 -3.08624068e-05 
 2.01039236e-05  6.79142403e-03  2.36470110e-02  2.35075735e-02 -1.10890133e-05 -6.50318364e-06 -3.24600288e-05 
 2.01039861e-05  6.91829028e-03  2.36857681e-02  2.35114629e-02 -9.71707428e-06 -6.35090851e-06 -3.43230420e-05 
 2.01040625e-05  7.09210472e-03  2.37180113e-02  2.35171639e-02 -8.60700762e-06 -6.16537639e-06 -3.66038627e-05 
 2.01041584e-05  7.33421900e-03  2.37424864e-02  2.35251365e-02 -7.86235114e-06 -5.93809389e-06 -3.94531060e-05 
 2.01042879e-05  7.70094989e-03  2.37597207e-02  2.35364840e-02 -7.35224625e-06 -5.64313663e-06 -4.32623273e-05 
 2.01044749e-05  8.31062072e-03  2.37704022e-02  2.35528881e-02 -7.11497735e-06 -5.24170853e-06 -4.86378634e-05 
 2.01047375e-05  9.32626053e-03  2.37756681e-02  2.35747351e-02 -6.99232274e-06 -4.72455411e-06 -5.58151395e-05 
 2.01050000e-05  1.05276385e-02  2.37770465e-02  2.35947337e-02 -6.96222897e-06 -4.25649379e-06 -6.24599771e-05 
 2.01050044e-05  1.05406191e-02  2.37682799e-02  2.35950334e-02 -8.99391914e-06 -4.25005399e-06 -6.25664800e-05 
 2.01050131e-05  1.05717551e-02  2.37523853e-02  2.35956042e-02 -9.80468683e-06 -4.23713653e-06 -6.27790735e-05 
 2.01050305e-05  1.06491717e-02  2.37274466e-02  2.35965981e-02 -9.96418893e-06 -4.21097706e-06 -6.32004055e-05 
 2.01050602e-05  1.07869991e-02  2.36941792e-02  2.35979348e-02 -1.05118545e-05 -4.16572025e-06 -6.39062279e-05 
 2.01050946e-05  1.09494917e-02  2.36625015e-02  2.35990174e-02 -1.08590905e-05 -4.11304694e-06 -6.47021612e-05 
 2.01051634e-05  1.12839006e-02  2.36158308e-02  2.36000752e-02 -1.14745338e-05 -4.00822615e-06 -6.62302328e-05 
 2.01052727e-05  1.18316458e-02  2.35736133e-02  2.35997958e-02 -1.19251412e-05 -3.84562582e-06 -6.84907407e-05 
 2.01054221e-05  1.26091346e-02  2.35502151e-02  2.35975292e-02 -1.22214116e-05 -3.63281226e-06 -7.12745019e-05 
 2.01056776e-05  1.40018731e-02  2.35413082e-02  2.35923804e-02 -1.22994475e-05 -3.29429033e-06 -7.53056573e-05 
 2.01060440e-05  1.61143072e-02  2.35439826e-02  2.35854278e-02 -1.23226775e-05 -2.86071912e-06 -7.97260348e-05 
 2.01065893e-05  1.94377202e-02  2.35504623e-02  2.35776818e-02 -1.22802577e-05 -2.31439345e-06 -8.40163993e-05 
 2.01071056e-05  2.27158561e-02  2.35579505e-02  2.35730672e-02 -1.22914616e-05 -1.89057846e-06 -8.62010325e-05 
 2.01077612e-05  2.69705629e-02  2.35698389e-02  2.35706673e-02 -1.22513503e-05 -1.45796825e-06 -8.72338762e-05 
 2.01084276e-05  3.13317896e-02  2.35850814e-02  2.35719880e-02 -1.22593319e-05 -1.11600164e-06 -8.69604568e-05 
 2.01092923e-05  3.69573848e-02  2.36099202e-02  2.35791636e-02 -1.22195866e-05 -7.83669510e-07 -8.54529792e-05 
 2.01102275e-05  4.29326687e-02  2.36439145e-02  2.35938403e-02 -1.22248685e-05 -5.29694485e-07 -8.30204744e-05 
 2.01114561e-05  5.05355515e-02  2.37005635e-02  2.36243024e-02 -1.21854697e-05 -3.09110675e-07 -7.93045148e-05 
 2.01128733e-05  5.89088032e-02  2.37843842e-02  2.36759769e-02 -1.21896327e-05 -1.57759763e-07 -7.48408002e-05 
 2.01148064e-05  6.96153467e-02  2.39334231e-02  2.37773224e-02 -1.21525816e-05 -5.04468385e-08 -6.89543858e-05 
 2.01171945e-05  8.17406951e-02  2.41786465e-02  2.39567310e-02 -1.21607043e-05  3.92381526e-09 -6.22632348e-05 
 2.01205027e-05  9.66920011e-02  2.46419301e-02  2.43169666e-02 -1.21352855e-05  2.53562803e-08 -5.40866208e-05 
 2.01244572e-05  1.12082993e-01  2.54015375e-02  2.49383607e-02 -1.21618194e-05  2.68438187e-08 -4.57690669e-05 
 2.01289143e-05  1.26671058e-01  2.65420606e-02  2.59112743e-02 -1.21603372e-05  2.33557411e-08 -3.79706312e-05 
 2.01335700e-05  1.39304330e-01  2.80586534e-02  2.72495523e-02 -1.22064207e-05  1.98521513e-08 -3.12811979e-05 
 2.01387547e-05  1.50811711e-01  3.01220230e-02  2.91222873e-02 -1.22196539e-05  1.67746128e-08 -2.52396402e-05 
 2.01443240e-05  1.60741050e-01  3.27400959e-02  3.15538206e-02 -1.22747583e-05  1.42804697e-08 -2.00671387e-05 
 2.01505572e-05  1.69491135e-01  3.61000255e-02  3.47328726e-02 -1.22921450e-05  1.21940966e-08 -1.55405684e-05 
 2.01573035e-05  1.76774631e-01  4.01654853e-02  3.86360978e-02 -1.23461200e-05  1.05586829e-08 -1.17957852e-05 
 2.01648579e-05  1.82889532e-01  4.51422311e-02  4.34688802e-02 -1.23582451e-05  9.23771282e-09 -8.66818539e-06 
 2.01731242e-05  1.87755361e-01  5.09821969e-02  4.91902456e-02 -1.24037863e-05  8.23764415e-09 -6.19032638e-06 
 2.01824566e-05  1.91614066e-01  5.79291218e-02  5.60438606e-02 -1.24057006e-05  7.45255586e-09 -4.23218052e-06 
 2.01928417e-05  1.94503962e-01  6.59395112e-02  6.39920525e-02 -1.24403773e-05  6.86906084e-09 -2.76975854e-06 
 2.02047583e-05  1.96624615e-01  7.52957480e-02  7.33217438e-02 -1.24319477e-05  6.38948862e-09 -1.69877609e-06 
 2.02183595e-05  1.98074507e-01  8.59432714e-02  8.39882656e-02 -1.24576383e-05  5.97795246e-09 -9.67740971e-07 
 2.02332650e-05  1.98965783e-01  9.72805996e-02  9.53989411e-02 -1.24423348e-05  5.55020580e-09 -5.18785761e-07 
 2.02494067e-05  1.99478619e-01  1.08833019e-01  1.07084797e-01 -1.24640509e-05  5.06106113e-09 -2.60800585e-07 
 2.02668651e-05  1.99756704e-01  1.20123130e-01  1.18570594e-01 -1.24482621e-05  4.43820045e-09 -1.20977731e-07 
 2.02854108e-05  1.99896670e-01  1.30449337e-01  1.29139941e-01 -1.24718910e-05  3.71796718e-09 -5.08700574e-08 
 2.03050803e-05  1.99962225e-01  1.39419663e-01  1.38369522e-01 -1.24591805e-05  2.94849164e-09 -1.80523803e-08 
 2.03266577e-05  1.99991310e-01  1.47153350e-01  1.46341867e-01 -1.24853431e-05  2.25100906e-09 -3.72468695e-09 
 2.03516577e-05  2.00001858e-01  1.54083013e-01  1.53456567e-01 -1.24736010e-05  1.69857268e-09  1.51280517e-09 
 2.03750734e-05  2.00004121e-01  1.59335641e-01  1.58804518e-01 -1.24970285e-05  1.42516056e-09  2.47922052e-09 
 2.03996186e-05  2.00003978e-01  1.64127451e-01  1.63654485e-01 -1.24808365e-05  1.25534002e-09  2.45171702e-09 
 2.04246186e-05  2.00003858e-01  1.68489854e-01  1.68064276e-01 -1.25010124e-05  1.13272624e-09  2.25364936e-09 
 2.04496186e-05  2.00003336e-01  1.72372816e-01  1.71995205e-01 -1.24829802e-05  9.97334903e-10  2.04509614e-09 
 2.04746186e-05  2.00003197e-01  1.75779324e-01  1.75448836e-01 -1.25024526e-05  8.74381813e-10  1.83655434e-09 
 2.04996186e-05  2.00002632e-01  1.78743098e-01  1.78454714e-01 -1.24843321e-05  7.52923984e-10  1.61368959e-09 
 2.05246186e-05  2.00002473e-01  1.81324897e-01  1.81071872e-01 -1.25036866e-05  6.61602768e-10  1.40518818e-09 
 2.05496186e-05  2.00001957e-01  1.83586033e-01  1.83362676e-01 -1.24854411e-05  5.74791314e-10  1.21892488e-09 
 2.05746186e-05  2.00001892e-01  1.85574287e-01  1.85376452e-01 -1.25045583e-05  5.11134014e-10  1.06516026e-09 
 2.05996186e-05  2.00001471e-01  1.87324198e-01  1.87148914e-01 -1.24861834e-05  4.44165335e-10  9.32943413e-10 
 2.06246186e-05  2.00001479e-01  1.88863529e-01  1.88708169e-01 -1.25051421e-05  3.95852116e-10  8.20733829e-10 
 2.06496186e-05  2.00001112e-01  1.90216972e-01  1.90079189e-01 -1.24867204e-05  3.42411902e-10  7.20436099e-10 
 2.06746186e-05  2.00001164e-01  1.91407405e-01  1.91284965e-01 -1.25055711e-05  3.06565649e-10  6.33867641e-10 
 2.06996186e-05  2.00000836e-01  1.92455040e-01  1.92346076e-01 -1.24871268e-05  2.64315340e-10  5.56694787e-10 
 2.07246186e-05  2.00000922e-01  1.93377551e-01  1.93280374e-01 -1.25058847e-05  2.38171877e-10  4.90612351e-10 
 2.07496186e-05  2.00000625e-01  1.94189984e-01  1.94103222e-01 -1.24874330e-05  2.04256199e-10  4.31673568e-10 
 2.07746186e-05  2.00000738e-01  1.94905617e-01  1.94827981e-01 -1.25061135e-05  1.85338110e-10  3.81106534e-10 
 2.07996186e-05  2.00000464e-01  1.95535949e-01  1.95466389e-01 -1.24876680e-05  1.57766122e-10  3.35681859e-10 
 2.08246186e-05  2.00000596e-01  1.96091303e-01  1.96028805e-01 -1.25062819e-05  1.44437486e-10  2.96736340e-10 
 2.08496186e-05  2.00000339e-01  1.96580575e-01  1.96524339e-01 -1.24878510e-05  1.21784471e-10  2.61599692e-10 
 2.08746186e-05  2.00000487e-01  1.97011764e-01  1.96960995e-01 -1.25064054e-05  1.12770954e-10  2.31601665e-10 
 2.08996186e-05  2.00000243e-01  1.97391705e-01  1.97345798e-01 -1.24879950e-05  9.39056569e-11  2.04378835e-10 
 2.09246186e-05  2.00000402e-01  1.97726597e-01  1.97684927e-01 -1.25064950e-05  8.82183651e-11  1.81255171e-10 
 2.09496186e-05  2.00000169e-01  1.98021708e-01  1.97983817e-01 -1.24881098e-05  7.22809022e-11  1.60105786e-10 
 2.09746186e-05  2.00000337e-01  1.98281865e-01  1.98247257e-01 -1.25065594e-05  6.91690941e-11  1.42273220e-10 
 2.09996186e-05  2.00000111e-01  1.98511130e-01  1.98479461e-01 -1.24882024e-05  5.55002166e-11  1.25807214e-10 
 2.10246186e-05  2.00000286e-01  1.98713266e-01  1.98684141e-01 -1.25066044e-05  5.43835962e-11  1.12062830e-10 
 2.10496186e-05  2.00000067e-01  1.98891402e-01  1.98864565e-01 -1.24882781e-05  4.24728501e-11  9.92166750e-11 
 2.10746186e-05  2.00000247e-01  1.99048479e-01  1.99023612e-01 -1.25066347e-05  4.29027731e-11  8.86338040e-11 
 2.10996186e-05  2.00000032e-01  1.99186901e-01  1.99163818e-01 -1.24883410e-05  3.23559105e-11  7.85885991e-11 
 2.11246186e-05  2.00000216e-01  1.99308977e-01  1.99287418e-01 -1.25066537e-05  3.39855952e-11  7.04532189e-11 
 2.11496186e-05  2.00000005e-01  1.99416547e-01  1.99396379e-01 -1.24883939e-05  2.44974579e-11  6.25783959e-11 
 2.11746186e-05  2.00000193e-01  1.99511428e-01  1.99492439e-01 -1.25066641e-05  2.70581903e-11  5.63393959e-11 
 2.11996186e-05  1.99999984e-01  1.99595027e-01  1.99577125e-01 -1.24884393e-05  1.83922354e-11  5.01480136e-11 
 2.12246186e-05  2.00000174e-01  1.99668777e-01  1.99651785e-01 -1.25066678e-05  2.16756773e-11  4.53790540e-11 
 2.12496186e-05  1.99999968e-01  1.99733748e-01  1.99717607e-01 -1.24884787e-05  1.36484717e-11  4.04944368e-11 
 2.12746186e-05  2.00000160e-01  1.99791077e-01  1.99775637e-01 -1.25066663e-05  1.74929964e-11  3.68653716e-11 
 2.12996186e-05  1.99999956e-01  1.99841571e-01  1.99826799e-01 -1.24885136e-05  9.96221747e-12  3.29958756e-11 
 2.13246186e-05  2.00000149e-01  1.99886139e-01  1.99871905e-01 -1.25066609e-05  1.42423712e-11  3.02508202e-11 
 2.13496186e-05  1.99999946e-01  1.99925382e-01  1.99911673e-01 -1.24885450e-05  7.09752136e-12  2.71704399e-11 
 2.13746186e-05  2.00000140e-01  1.99960030e-01  1.99946734e-01 -1.25066523e-05  1.17158900e-11  2.51111641e-11 
 2.13996186e-05  1.99999938e-01  1.99990528e-01  1.99977646e-01 -1.24885737e-05  4.87118353e-12  2.26446612e-11 
 2.14246186e-05  2.00000133e-01  2.00017468e-01  2.00004900e-01 -1.25066414e-05  9.75210277e-12  2.11166514e-11 
 2.14496186e-05  1.99999932e-01  2.00041169e-01  2.00028929e-01 -1.24886002e-05  3.14089683e-12  1.91278288e-11 
 2.14746186e-05  2.00000128e-01  2.00062115e-01  2.00050114e-01 -1.25066287e-05  8.22558948e-12  1.80117868e-11 
 2.14996186e-05  1.99999928e-01  2.00080533e-01  2.00068792e-01 -1.24886251e-05  1.79612727e-12  1.63951394e-11 
 2.15246186e-05  2.00000124e-01  2.00096822e-01  2.00085261e-01 -1.25066145e-05  7.03890852e-12  1.55982333e-11 
 2.15496186e-05  1.99999924e-01  2.00111133e-01  2.00099780e-01 -1.24886487e-05  7.50973285e-13  1.42717207e-11 
 2.15746186e-05  2.00000121e-01  2.00123801e-01  2.00112582e-01 -1.25065992e-05  6.11636067e-12  1.37218284e-11 
 2.15996186e-05  1.99999922e-01  2.00134919e-01  2.00123869e-01 -1.24886713e-05 -6.12955867e-14  1.26217907e-11 
 2.16246186e-05  2.00000119e-01  2.00144773e-01  2.00133820e-01 -1.25065831e-05  5.39909979e-12  1.22628515e-11 
 2.16496186e-05  1.99999920e-01  2.00153410e-01  2.00142594e-01 -1.24886931e-05 -6.92551702e-13  1.13398374e-11 
 2.16746186e-05  2.00000117e-01  2.00161076e-01  2.00150330e-01 -1.25065663e-05  4.84140484e-12  1.11283699e-11 
 2.16996186e-05  1.99999918e-01  2.00167784e-01  2.00157150e-01 -1.24887143e-05 -1.18310787e-12  1.03438706e-11 
 2.17246186e-05  2.00000115e-01  2.00173749e-01  2.00163164e-01 -1.25065490e-05  4.40773741e-12  1.02460008e-11 
 2.17496186e-05  1.99999917e-01  2.00178958e-01  2.00168466e-01 -1.24887351e-05 -1.56429362e-12  9.57021745e-12 
 2.17746186e-05  2.00000114e-01  2.00183601e-01  2.00173141e-01 -1.25065313e-05  4.07048158e-12  9.55964165e-12 
 2.17996186e-05  1.99999916e-01  2.00187644e-01  2.00177262e-01 -1.24887554e-05 -1.86045688e-12  8.96928809e-12 
 2.18246186e-05  2.00000113e-01  2.00191260e-01  2.00180896e-01 -1.25065132e-05  3.80816147e-12  9.02559863e-12 
 2.18496186e-05  1.99999915e-01  2.00194396e-01  2.00184100e-01 -1.24887755e-05 -2.09053478e-12  8.50268315e-12 
 2.18746186e-05  2.00000112e-01  2.00197213e-01  2.00186925e-01 -1.25064950e-05  3.60409185e-12  8.60996078e-12 
 2.18996186e-05  1.99999914e-01  2.00199645e-01  2.00189416e-01 -1.24887954e-05 -2.26923450e-12  8.14044925e-12 
 2.19246186e-05  2.00000112e-01  2.00201841e-01  2.00191612e-01 -1.25064766e-05  3.44530372e-12  8.28638102e-12 
 2.19496186e-05  1.99999914e-01  2.00203725e-01  2.00193548e-01 -1.24888151e-05 -2.40799177e-12  7.85939743e-12 
 2.19746186e-05  2.00000111e-01  2.00205439e-01  2.00195255e-01 -1.25064580e-05  3.32171356e-12  8.03436012e-12 
 2.19996186e-05  1.99999913e-01  2.00206897e-01  2.00196760e-01 -1.24888346e-05 -2.51570271e-12  7.64141219e-12 
 2.20246186e-05  2.00000111e-01  2.00208236e-01  2.00198087e-01 -1.25064393e-05  3.22547783e-12  7.83795067e-12 
 2.20496186e-05  1.99999913e-01  2.00209363e-01  2.00199257e-01 -1.24888540e-05 -2.59927561e-12  7.47243164e-12 
 2.20746186e-05  2.00000111e-01  2.00210410e-01  2.00200289e-01 -1.25064206e-05  3.15050980e-12  7.68475051e-12 
 2.20996186e-05  1.99999913e-01  2.00211280e-01  2.00201199e-01 -1.24888734e-05 -2.66408098e-12  7.34157781e-12 
 2.21246186e-05  2.00000110e-01  2.00212100e-01  2.00202001e-01 -1.25064018e-05  3.09207044e-12  7.56520091e-12 
 2.21496186e-05  1.99999913e-01  2.00212770e-01  2.00202708e-01 -1.24888926e-05 -2.71429710e-12  7.24038749e-12 
 2.21746186e-05  2.00000110e-01  2.00213414e-01  2.00203331e-01 -1.25063829e-05  3.04647908e-12  7.47173954e-12 
 2.21996186e-05  1.99999913e-01  2.00213928e-01  2.00203881e-01 -1.24889118e-05 -2.75317269e-12  7.16219678e-12 
 2.22246186e-05  2.00000110e-01  2.00214435e-01  2.00204365e-01 -1.25063641e-05  3.01087345e-12  7.39860712e-12 
 2.22496186e-05  1.99999913e-01  2.00214829e-01  2.00204793e-01 -1.24889310e-05 -2.78322786e-12  7.10191389e-12 
 2.22746186e-05  2.00000110e-01  2.00215229e-01  2.00205169e-01 -1.25063452e-05  2.98303136e-12  7.34124827e-12 
 2.22996186e-05  1.99999913e-01  2.00215529e-01  2.00205501e-01 -1.24889501e-05 -2.80642393e-12  7.05553958e-12 
 2.23246186e-05  2.00000110e-01  2.00215846e-01  2.00205794e-01 -1.25063262e-05  2.96121959e-12  7.29616964e-12 
 2.23496186e-05  1.99999913e-01  2.00216073e-01  2.00206053e-01 -1.24889691e-05 -2.82429071e-12  7.02000177e-12 
 2.23746186e-05  2.00000110e-01  2.00216326e-01  2.00206280e-01 -1.25063073e-05  2.94409571e-12  7.26062748e-12 
 2.23996186e-05  1.99999913e-01  2.00216496e-01  2.00206481e-01 -1.24889882e-05 -2.83801043e-12  6.99286825e-12 
 2.24246186e-05  2.00000110e-01  2.00216699e-01  2.00206658e-01 -1.25062884e-05  2.93061408e-12  7.23251548e-12 
 2.24496186e-05  1.99999913e-01  2.00216825e-01  2.00206814e-01 -1.24890072e-05 -2.84850702e-12  6.97228066e-12 
 2.24746186e-05  2.00000110e-01  2.00216989e-01  2.00206952e-01 -1.25062695e-05  2.91996418e-12  7.21015402e-12 
 2.24996186e-05  1.99999913e-01  2.00217080e-01  2.00207073e-01 -1.24890262e-05 -2.85649282e-12  6.95675201e-12 
 2.25246186e-05  2.00000110e-01  2.00217214e-01  2.00207180e-01 -1.25062506e-05  2.91151196e-12  7.19227152e-12 
 2.25496186e-05  1.99999913e-01  2.00217279e-01  2.00207274e-01 -1.24890452e-05 -2.86253009e-12  6.94519686e-12 
 2.25746186e-05  2.00000110e-01  2.00217390e-01  2.00207357e-01 -1.25062316e-05  2.90476822e-12  7.17789202e-12 
 2.25996186e-05  1.99999913e-01  2.00217434e-01  2.00207431e-01 -1.24890641e-05 -2.86704883e-12  6.93671027e-12 
 2.26246186e-05  2.00000110e-01  2.00217526e-01  2.00207495e-01 -1.25062127e-05  2.89935307e-12  7.16619255e-12 
 2.26496186e-05  1.99999913e-01  2.00217554e-01  2.00207552e-01 -1.24890831e-05 -2.87038579e-12  6.93059363e-12 
 2.26746186e-05  2.00000109e-01  2.00217632e-01  2.00207602e-01 -1.25061938e-05  2.89496465e-12  7.15663921e-12 
 2.26996186e-05  1.99999913e-01  2.00217647e-01  2.00207647e-01 -1.24891020e-05 -2.87280377e-12  6.92635006e-12 
 2.27246186e-05  2.00000109e-01  2.00217714e-01  2.00207686e-01 -1.25061749e-05  2.89137833e-12  7.14870546e-12 
 2.27496186e-05  1.99999913e-01  2.00217720e-01  2.00207720e-01 -1.24891209e-05 -2.87450684e-12  6.92354052e-12 
 2.27746186e-05  2.00000109e-01  2.00217778e-01  2.00207751e-01 -1.25061561e-05  2.88841195e-12  7.14201246e-12 
 2.27996186e-05  1.99999913e-01  2.00217776e-01  2.00207777e-01 -1.24891398e-05 -2.87565306e-12  6.92185339e-12 
 2.28246186e-05  2.00000109e-01  2.00217828e-01  2.00207801e-01 -1.25061372e-05  2.88592739e-12  7.13634902e-12 
 2.28496186e-05  1.99999913e-01  2.00217820e-01  2.00207822e-01 -1.24891587e-05 -2.87636299e-12  6.92103509e-12 
 2.28746186e-05  2.00000109e-01  2.00217867e-01  2.00207840e-01 -1.25061183e-05  2.88381667e-12  7.13143422e-12 
 2.28996186e-05  1.99999913e-01  2.00217854e-01  2.00207856e-01 -1.24891775e-05 -2.87673314e-12  6.92089230e-12 
 2.29246186e-05  2.00000109e-01  2.00217897e-01  2.00207871e-01 -1.25060995e-05  2.88199304e-12  7.12712447e-12 
 2.29496186e-05  1.99999913e-01  2.00217880e-01  2.00207883e-01 -1.24891964e-05 -2.87684308e-12  6.92126976e-12 
 2.29746186e-05  2.00000109e-01  2.00217920e-01  2.00207894e-01 -1.25060806e-05  2.88039557e-12  7.12329414e-12 
 2.29996186e-05  1.99999913e-01  2.00217901e-01  2.00207904e-01 -1.24892152e-05 -2.87674507e-12  6.92208595e-12 
 2.30246186e-05  2.00000109e-01  2.00217938e-01  2.00207913e-01 -1.25060618e-05  2.87896985e-12  7.11981407e-12 
 2.30496186e-05  1.99999913e-01  2.00217917e-01  2.00207920e-01 -1.24892341e-05 -2.87648507e-12  6.92319449e-12 
 2.30746186e-05  2.00000109e-01  2.00217952e-01  2.00207927e-01 -1.25060430e-05  2.87767661e-12  7.11664191e-12 
 2.30996186e-05  1.99999913e-01  2.00217929e-01  2.00207933e-01 -1.24892529e-05 -2.87609693e-12  6.92458585e-12 
 2.31246186e-05  2.00000109e-01  2.00217963e-01  2.00207938e-01 -1.25060242e-05  2.87648811e-12  7.11366225e-12 
 2.31496186e-05  1.99999913e-01  2.00217939e-01  2.00207943e-01 -1.24892717e-05 -2.87561251e-12  6.92609999e-12 
 2.31746186e-05  2.00000109e-01  2.00217972e-01  2.00207947e-01 -1.25060054e-05  2.87537962e-12  7.11083254e-12 
 2.31996186e-05  1.99999913e-01  2.00217947e-01  2.00207950e-01 -1.24892905e-05 -2.87505002e-12  6.92780794e-12 
 2.32246186e-05  2.00000109e-01  2.00217978e-01  2.00207953e-01 -1.25059866e-05  2.87433011e-12  7.10817093e-12 
 2.32496186e-05  1.99999913e-01  2.00217952e-01  2.00207956e-01 -1.24893092e-05 -2.87442509e-12  6.92960798e-12 
 2.32746186e-05  2.00000109e-01  2.00217984e-01  2.00207959e-01 -1.25059678e-05  2.87332809e-12  7.10558793e-12 
 2.32996186e-05  1.99999913e-01  2.00217957e-01  2.00207961e-01 -1.24893280e-05 -2.87375093e-12  6.93151439e-12 
 2.33246186e-05  2.00000109e-01  2.00217988e-01  2.00207963e-01 -1.25059491e-05  2.87235990e-12  7.10311611e-12 
 2.33496186e-05  1.99999913e-01  2.00217960e-01  2.00207964e-01 -1.24893468e-05 -2.87304121e-12  6.93350276e-12 
 2.33746186e-05  2.00000109e-01  2.00217991e-01  2.00207966e-01 -1.25059303e-05  2.87141925e-12  7.10070956e-12 
 2.33996186e-05  1.99999913e-01  2.00217963e-01  2.00207967e-01 -1.24893655e-05 -2.87229854e-12  6.93552832e-12 
 2.34246186e-05  2.00000109e-01  2.00217993e-01  2.00207968e-01 -1.25059116e-05  2.87049811e-12  7.09831309e-12 
 2.34496186e-05  1.99999913e-01  2.00217965e-01  2.00207969e-01 -1.24893842e-05 -2.87153027e-12  6.93758554e-12 
 2.34746186e-05  2.00000109e-01  2.00217995e-01  2.00207970e-01 -1.25058929e-05  2.86959389e-12  7.09599203e-12 
 2.34996186e-05  1.99999913e-01  2.00217967e-01  2.00207971e-01 -1.24894029e-05 -2.87074531e-12  6.93968407e-12 
 2.35246186e-05  2.00000109e-01  2.00217997e-01  2.00207972e-01 -1.25058742e-05  2.86869768e-12  7.09367141e-12 
 2.35496186e-05  1.99999913e-01  2.00217968e-01  2.00207972e-01 -1.24894216e-05 -2.86994213e-12  6.94178455e-12 
 2.35746186e-05  2.00000109e-01  2.00217998e-01  2.00207973e-01 -1.25058555e-05  2.86780799e-12  7.09139014e-12 
 2.35996186e-05  1.99999913e-01  2.00217969e-01  2.00207973e-01 -1.24894403e-05 -2.86912703e-12  6.94393577e-12 
 2.36246186e-05  2.00000109e-01  2.00217999e-01  2.00207974e-01 -1.25058368e-05  2.86692675e-12  7.08916389e-12 
 2.36496186e-05  1.99999913e-01  2.00217970e-01  2.00207974e-01 -1.24894590e-05 -2.86829978e-12  6.94609989e-12 
 2.36746186e-05  2.00000109e-01  2.00217999e-01  2.00207974e-01 -1.25058181e-05  2.86604941e-12  7.08689417e-12 
 2.36996186e-05  1.99999913e-01  2.00217971e-01  2.00207975e-01 -1.24894777e-05 -2.86746126e-12  6.94825534e-12 
 2.37246186e-05  2.00000109e-01  2.00218000e-01  2.00207975e-01 -1.25057995e-05  2.86517273e-12  7.08465713e-12 
 2.37496186e-05  1.99999913e-01  2.00217971e-01  2.00207975e-01 -1.24894963e-05 -2.86661840e-12  6.95043188e-12 
 2.37746186e-05  2.00000109e-01  2.00218000e-01  2.00207975e-01 -1.25057808e-05  2.86429561e-12  7.08245306e-12 
 2.37996186e-05  1.99999913e-01  2.00217971e-01  2.00207976e-01 -1.24895150e-05 -2.86576839e-12  6.95260467e-12 
 2.38246186e-05  2.00000109e-01  2.00218001e-01  2.00207976e-01 -1.25057622e-05  2.86342152e-12  7.08023928e-12 
 2.38496186e-05  1.99999913e-01  2.00217972e-01  2.00207976e-01 -1.24895336e-05 -2.86491252e-12  6.95479964e-12 
 2.38746186e-05  2.00000109e-01  2.00218001e-01  2.00207976e-01 -1.25057436e-05  2.86254635e-12  7.07802214e-12 
 2.38996186e-05  1.99999913e-01  2.00217972e-01  2.00207976e-01 -1.24895522e-05 -2.86405188e-12  6.95695715e-12 
 2.39246186e-05  2.00000109e-01  2.00218001e-01  2.00207976e-01 -1.25057250e-05  2.86166750e-12  7.07582696e-12 
 2.39496186e-05  1.99999913e-01  2.00217972e-01  2.00207976e-01 -1.24895708e-05 -2.86318538e-12  6.95917103e-12 
 2.39746186e-05  2.00000109e-01  2.00218001e-01  2.00207976e-01 -1.25057064e-05  2.86079125e-12  7.07364885e-12 
 2.39996186e-05  1.99999913e-01  2.00217972e-01  2.00207976e-01 -1.24895894e-05 -2.86231434e-12  6.96135272e-12 
 2.40246186e-05  2.00000109e-01  2.00218001e-01  2.00207976e-01 -1.25056878e-05  2.85991196e-12  7.07145020e-12 
 2.40496186e-05  1.99999913e-01  2.00217972e-01  2.00207976e-01 -1.24896080e-05 -2.86144285e-12  6.96353489e-12 
 2.40746186e-05  2.00000109e-01  2.00218001e-01  2.00207977e-01 -1.25056692e-05  2.85902855e-12  7.06926130e-12 
 2.40996186e-05  1.99999913e-01  2.00217972e-01  2.00207977e-01 -1.24896265e-05 -2.86056573e-12  6.96571398e-12 
 2.41246186e-05  2.00000109e-01  2.00218001e-01  2.00207977e-01 -1.25056507e-05  2.85814601e-12  7.06707815e-12 
 2.41496186e-05  1.99999913e-01  2.00217973e-01  2.00207977e-01 -1.24896451e-05 -2.85968645e-12  6.96790672e-12 
 2.41746186e-05  2.00000109e-01  2.00218002e-01  2.00207977e-01 -1.25056321e-05  2.85726239e-12  7.06490037e-12 
 2.41996186e-05  1.99999913e-01  2.00217973e-01  2.00207977e-01 -1.24896636e-05 -2.85880347e-12  6.97010321e-12 
 2.42246186e-05  2.00000109e-01  2.00218002e-01  2.00207977e-01 -1.25056136e-05  2.85637312e-12  7.06273608e-12 
 2.42496186e-05  1.99999913e-01  2.00217973e-01  2.00207977e-01 -1.24896821e-05 -2.85791920e-12  6.97228814e-12 
 2.42746186e-05  2.00000109e-01  2.00218002e-01  2.00207977e-01 -1.25055951e-05  2.85548408e-12  7.06056242e-12 
 2.42996186e-05  1.99999913e-01  2.00217973e-01  2.00207977e-01 -1.24897007e-05 -2.85702950e-12  6.97445774e-12 
 2.43246186e-05  2.00000109e-01  2.00218002e-01  2.00207977e-01 -1.25055765e-05  2.85459286e-12  7.05835677e-12 
 2.43496186e-05  1.99999913e-01  2.00217973e-01  2.00207977e-01 -1.24897192e-05 -2.85613785e-12  6.97660609e-12 
 2.43746186e-05  2.00000109e-01  2.00218002e-01  2.00207977e-01 -1.25055581e-05  2.85370143e-12  7.05618300e-12 
 2.43996186e-05  1.99999913e-01  2.00217973e-01  2.00207977e-01 -1.24897377e-05 -2.85524642e-12  6.97879379e-12 
 2.44246186e-05  2.00000109e-01  2.00218002e-01  2.00207977e-01 -1.25055396e-05  2.85280545e-12  7.05402658e-12 
 2.44496186e-05  1.99999913e-01  2.00217973e-01  2.00207977e-01 -1.24897561e-05 -2.85435217e-12  6.98097103e-12 
 2.44746186e-05  2.00000109e-01  2.00218002e-01  2.00207977e-01 -1.25055211e-05  2.85190838e-12  7.05185964e-12 
 2.44996186e-05  1.99999913e-01  2.00217973e-01  2.00207977e-01 -1.24897746e-05 -2.85345185e-12  6.98315320e-12 
 2.45246186e-05  2.00000108e-01  2.00218002e-01  2.00207977e-01 -1.25055026e-05  2.85101066e-12  7.04970853e-12 
 2.45496186e-05  1.99999914e-01  2.00217973e-01  2.00207977e-01 -1.24897931e-05 -2.85255348e-12  6.98533001e-12 
 2.45746186e-05  2.00000108e-01  2.00218002e-01  2.00207977e-01 -1.25054842e-05  2.85010752e-12  7.04754912e-12 
 2.45996186e-05  1.99999914e-01  2.00217973e-01  2.00207977e-01 -1.24898115e-05 -2.85165142e-12  6.98749739e-12 
 2.46246186e-05  2.00000108e-01  2.00218002e-01  2.00207977e-01 -1.25054658e-05  2.84920503e-12  7.04538749e-12 
 2.46496186e-05  1.99999914e-01  2.00217973e-01  2.00207977e-01 -1.24898299e-05 -2.85074677e-12  6.98967371e-12 
 2.46746186e-05  2.00000108e-01  2.00218002e-01  2.00207977e-01 -1.25054473e-05  2.84830167e-12  7.04323481e-12 
 2.46996186e-05  1.99999914e-01  2.00217973e-01  2.00207977e-01 -1.24898483e-05 -2.84984232e-12  6.99184677e-12 
 2.47246186e-05  2.00000108e-01  2.00218002e-01  2.00207977e-01 -1.25054289e-05  2.84739463e-12  7.04108890e-12 
 2.47496186e-05  1.99999914e-01  2.00217973e-01  2.00207977e-01 -1.24898667e-05 -2.84893485e-12  6.99398916e-12 
 2.47746186e-05  2.00000108e-01  2.00218002e-01  2.00207977e-01 -1.25054105e-05  2.84648412e-12  7.03892370e-12 
 2.47996186e-05  1.99999914e-01  2.00217973e-01  2.00207977e-01 -1.24898851e-05 -2.84802607e-12  6.99615886e-12 
 2.48246186e-05  2.00000108e-01  2.00218002e-01  2.00207977e-01 -1.25053921e-05  2.84557490e-12  7.03677909e-12 
 2.48496186e-05  1.99999914e-01  2.00217973e-01  2.00207977e-01 -1.24899035e-05 -2.84711512e-12  6.99830585e-12 
 2.48746186e-05  2.00000108e-01  2.00218002e-01  2.00207977e-01 -1.25053738e-05  2.84466287e-12  7.03461876e-12 
 2.48996186e-05  1.99999914e-01  2.00217973e-01  2.00207977e-01 -1.24899219e-05 -2.84620244e-12  7.00048244e-12 
 2.49246186e-05  2.00000108e-01  2.00218002e-01  2.00207977e-01 -1.25053554e-05  2.84374932e-12  7.03250576e-12 
 2.49496186e-05  1.99999914e-01  2.00217973e-01  2.00207977e-01 -1.24899402e-05 -2.84528846e-12  7.00264629e-12 
 2.49746186e-05  2.00000108e-01  2.00218002e-01  2.00207977e-01 -1.25053371e-05  2.84283447e-12  7.03035883e-12 
 2.49996186e-05  1.99999914e-01  2.00217973e-01  2.00207977e-01 -1.24899586e-05 -2.84437122e-12  7.00478922e-12 
 2.50246186e-05  2.00000108e-01  2.00218002e-01  2.00207977e-01 -1.25053187e-05  2.84191854e-12  7.02820289e-12 
 2.50496186e-05  1.99999914e-01  2.00217973e-01  2.00207977e-01 -1.24899769e-05 -2.84345420e-12  7.00692461e-12 
 2.50746186e-05  2.00000108e-01  2.00218002e-01  2.00207977e-01 -1.25053004e-05  2.84099827e-12  7.02605010e-12 
 2.50996186e-05  1.99999914e-01  2.00217973e-01  2.00207977e-01 -1.24899952e-05 -2.84253632e-12  7.00906314e-12 
 2.51246186e-05  2.00000108e-01  2.00218002e-01  2.00207977e-01 -1.25052821e-05  2.84007952e-12  7.02392165e-12 
 2.51496186e-05  1.99999914e-01  2.00217973e-01  2.00207977e-01 -1.24900135e-05 -2.84161475e-12  7.01122759e-12 
 2.51746186e-05  2.00000108e-01  2.00218002e-01  2.00207977e-01 -1.25052638e-05  2.83915881e-12  7.02180127e-12 
 2.51996186e-05  1.99999914e-01  2.00217973e-01  2.00207977e-01 -1.24900318e-05 -2.84069209e-12  7.01337577e-12 
 2.52246186e-05  2.00000108e-01  2.00218002e-01  2.00207977e-01 -1.25052455e-05  2.83823334e-12  7.01966637e-12 
 2.52496186e-05  1.99999914e-01  2.00217973e-01  2.00207977e-01 -1.24900501e-05 -2.83977030e-12  7.01551523e-12 
 2.52746186e-05  2.00000108e-01  2.00218002e-01  2.00207977e-01 -1.25052272e-05  2.83731046e-12  7.01753580e-12 
 2.52996186e-05  1.99999914e-01  2.00217973e-01  2.00207977e-01 -1.24900684e-05 -2.83884396e-12  7.01764861e-12 
 2.53246186e-05  2.00000108e-01  2.00218002e-01  2.00207977e-01 -1.25052090e-05  2.83638499e-12  7.01541532e-12 
 2.53496186e-05  1.99999914e-01  2.00217973e-01  2.00207977e-01 -1.24900866e-05 -2.83791914e-12  7.01979962e-12 
 2.53746186e-05  2.00000108e-01  2.00218002e-01  2.00207977e-01 -1.25051907e-05  2.83545908e-12  7.01329300e-12 
 2.53996186e-05  1.99999914e-01  2.00217973e-01  2.00207977e-01 -1.24901049e-05 -2.83698932e-12  7.02191029e-12 
 2.54246186e-05  2.00000108e-01  2.00218002e-01  2.00207977e-01 -1.25051725e-05  2.83452884e-12  7.01114400e-12 
 2.54496186e-05  1.99999914e-01  2.00217973e-01  2.00207977e-01 -1.24901231e-05 -2.83606233e-12  7.02404888e-12 
 2.54746186e-05  2.00000108e-01  2.00218002e-01  2.00207977e-01 -1.25051542e-05  2.83360032e-12  7.00903317e-12 
 2.54996186e-05  1.99999914e-01  2.00217973e-01  2.00207977e-01 -1.24901413e-05 -2.83513013e-12  7.02617820e-12 
 2.55246186e-05  2.00000108e-01  2.00218002e-01  2.00207977e-01 -1.25051360e-05  2.83267073e-12  7.00690596e-12 
 2.55496186e-05  1.99999914e-01  2.00217973e-01  2.00207977e-01 -1.24901595e-05 -2.83420076e-12  7.02828724e-12 
 2.55746186e-05  2.00000108e-01  2.00218002e-01  2.00207977e-01 -1.25051178e-05  2.83173658e-12  7.00478082e-12 
 2.55996186e-05  1.99999914e-01  2.00217973e-01  2.00207977e-01 -1.24901777e-05 -2.83326856e-12  7.03040610e-12 
 2.56246186e-05  2.00000108e-01  2.00218002e-01  2.00207977e-01 -1.25050996e-05  2.83080525e-12  7.00265616e-12 
 2.56496186e-05  1.99999914e-01  2.00217973e-01  2.00207977e-01 -1.24901959e-05 -2.83233311e-12  7.03252365e-12 
 2.56746186e-05  2.00000108e-01  2.00218002e-01  2.00207977e-01 -1.25050815e-05  2.82987089e-12  7.00055161e-12 
 2.56996186e-05  1.99999914e-01  2.00217973e-01  2.00207977e-01 -1.24902141e-05 -2.83139961e-12  7.03463758e-12 
 2.57246186e-05  2.00000108e-01  2.00218002e-01  2.00207977e-01 -1.25050633e-05  2.82893500e-12  6.99844273e-12 
 2.57496186e-05  1.99999914e-01  2.00217973e-01  2.00207977e-01 -1.24902322e-05 -2.83046329e-12  7.03678126e-12 
 2.57746186e-05  2.00000108e-01  2.00218002e-01  2.00207977e-01 -1.25050452e-05  2.82799977e-12  6.99635234e-12 
 2.57996186e-05  1.99999914e-01  2.00217973e-01  2.00207977e-01 -1.24902504e-05 -2.82952546e-12  7.03888835e-12 
 2.58246186e-05  2.00000108e-01  2.00218002e-01  2.00207977e-01 -1.25050270e-05  2.82706107e-12  6.99423256e-12 
 2.58496186e-05  1.99999914e-01  2.00217973e-01  2.00207977e-01 -1.24902685e-05 -2.82858719e-12  7.04100537e-12 
 2.58746186e-05  2.00000108e-01  2.00218002e-01  2.00207977e-01 -1.25050089e-05  2.82612193e-12  6.99212194e-12 
 2.58996186e-05  1.99999914e-01  2.00217973e-01  2.00207977e-01 -1.24902866e-05 -2.82764957e-12  7.04309647e-12 
 2.59246186e-05  2.00000108e-01  2.00218002e-01  2.00207977e-01 -1.25049908e-05  2.82518366e-12  6.99002103e-12 
 2.59496186e-05  1.99999914e-01  2.00217973e-01  2.00207977e-01 -1.24903047e-05 -2.82670827e-12  7.04522562e-12 
 2.59746186e-05  2.00000108e-01  2.00218002e-01  2.00207977e-01 -1.25049727e-05  2.82424344e-12  6.98794017e-12 
 2.59996186e-05  1.99999914e-01  2.00217973e-01  2.00207977e-01 -1.24903228e-05 -2.82576761e-12  7.04730642e-12 
 2.60246186e-05  2.00000108e-01  2.00218002e-01  2.00207977e-01 -1.25049546e-05  2.82330062e-12  6.98582316e-12 
 2.60496186e-05  1.99999914e-01  2.00217973e-01  2.00207977e-01 -1.24903409e-05 -2.82482544e-12  7.04942474e-12 
 2.60746186e-05  2.00000108e-01  2.00218002e-01  2.00207977e-01 -1.25049365e-05  2.82235715e-12  6.98374469e-12 
 2.60996186e-05  1.99999914e-01  2.00217973e-01  2.00207977e-01 -1.24903590e-05 -2.82388522e-12  7.05153503e-12 
 2.61246186e-05  2.00000108e-01  2.00218002e-01  2.00207977e-01 -1.25049184e-05  2.82141519e-12  6.98165663e-12 
 2.61496186e-05  1.99999914e-01  2.00217973e-01  2.00207977e-01 -1.24903771e-05 -2.82293806e-12  7.05364196e-12 
 2.61746186e-05  2.00000108e-01  2.00218002e-01  2.00207977e-01 -1.25049004e-05  2.82047107e-12  6.97957534e-12 
 2.61996186e-05  1.99999914e-01  2.00217973e-01  2.00207977e-01 -1.24903951e-05 -2.82199416e-12  7.05573935e-12 
 2.62246186e-05  2.00000108e-01  2.00218002e-01  2.00207977e-01 -1.25048823e-05  2.81952413e-12  6.97749009e-12 
 2.62496186e-05  1.99999914e-01  2.00217973e-01  2.00207977e-01 -1.24904131e-05 -2.82104787e-12  7.05782210e-12 
 2.62746186e-05  2.00000108e-01  2.00218002e-01  2.00207977e-01 -1.25048643e-05  2.81858022e-12  6.97540035e-12 
 2.62996186e-05  1.99999914e-01  2.00217973e-01  2.00207977e-01 -1.24904312e-05 -2.82010179e-12  7.05992692e-12 
 2.63246186e-05  2.00000108e-01  2.00218002e-01  2.00207977e-01 -1.25048463e-05  2.81763285e-12  6.97333153e-12 
 2.63496186e-05  1.99999914e-01  2.00217973e-01  2.00207977e-01 -1.24904492e-05 -2.81915528e-12  7.06202322e-12 
 2.63746186e-05  2.00000108e-01  2.00218002e-01  2.00207977e-01 -1.25048283e-05  2.81668439e-12  6.97123658e-12 
 2.63996186e-05  1.99999914e-01  2.00217973e-01  2.00207977e-01 -1.24904672e-05 -2.81820704e-12  7.06410641e-12 
 2.64246186e-05  2.00000108e-01  2.00218002e-01  2.00207977e-01 -1.25048103e-05  2.81573614e-12  6.96917394e-12 
 2.64496186e-05  1.99999915e-01  2.00217973e-01  2.00207977e-01 -1.24904852e-05 -2.81725836e-12  7.06618211e-12 
 2.64746186e-05  2.00000107e-01  2.00218002e-01  2.00207977e-01 -1.25047923e-05  2.81478812e-12  6.96710137e-12 
 2.64996186e-05  1.99999915e-01  2.00217973e-01  2.00207977e-01 -1.24905031e-05 -2.81630925e-12  7.06827804e-12 
 2.65246186e-05  2.00000107e-01  2.00218002e-01  2.00207977e-01 -1.25047743e-05  2.81383619e-12  6.96501938e-12 
 2.65496186e-05  1.99999915e-01  2.00217973e-01  2.00207977e-01 -1.24905211e-05 -2.81535797e-12  7.07034908e-12 
 2.65746186e-05  2.00000107e-01  2.00218002e-01  2.00207977e-01 -1.25047564e-05  2.81288447e-12  6.96295170e-12 
 2.65996186e-05  1.99999915e-01  2.00217973e-01  2.00207977e-01 -1.24905391e-05 -2.81440648e-12  7.07241877e-12 
 2.66246186e-05  2.00000107e-01  2.00218002e-01  2.00207977e-01 -1.25047384e-05  2.81193515e-12  6.96086976e-12 
 2.66496186e-05  1.99999915e-01  2.00217973e-01  2.00207977e-01 -1.24905570e-05 -2.81345563e-12  7.07450374e-12 
 2.66746186e-05  2.00000107e-01  2.00218002e-01  2.00207977e-01 -1.25047205e-05  2.81098322e-12  6.95882262e-12 
 2.66996186e-05  1.99999915e-01  2.00217973e-01  2.00207977e-01 -1.24905749e-05 -2.81250370e-12  7.07658698e-12 
 2.67246186e-05  2.00000107e-01  2.00218002e-01  2.00207977e-01 -1.25047026e-05  2.81003064e-12  6.95674643e-12 
 2.67496186e-05  1.99999915e-01  2.00217973e-01  2.00207977e-01 -1.24905928e-05 -2.81154852e-12  7.07864599e-12 
 2.67746186e-05  2.00000107e-01  2.00218002e-01  2.00207977e-01 -1.25046847e-05  2.80907762e-12  6.95469127e-12 
 2.67996186e-05  1.99999915e-01  2.00217973e-01  2.00207977e-01 -1.24906107e-05 -2.81059702e-12  7.08070847e-12 
 2.68246186e-05  2.00000107e-01  2.00218002e-01  2.00207977e-01 -1.25046668e-05  2.80812201e-12  6.95261551e-12 
 2.68496186e-05  1.99999915e-01  2.00217973e-01  2.00207977e-01 -1.24906286e-05 -2.80964119e-12  7.08277729e-12 
 2.68746186e-05  2.00000107e-01  2.00218002e-01  2.00207977e-01 -1.25046489e-05  2.80716834e-12  6.95058887e-12 
 2.68996186e-05  1.99999915e-01  2.00217973e-01  2.00207977e-01 -1.24906465e-05 -2.80868644e-12  7.08484839e-12 
 2.69246186e-05  2.00000107e-01  2.00218002e-01  2.00207977e-01 -1.25046310e-05  2.80621316e-12  6.94851295e-12 
 2.69496186e-05  1.99999915e-01  2.00217973e-01  2.00207977e-01 -1.24906644e-05 -2.80773169e-12  7.08690306e-12 
 2.69746186e-05  2.00000107e-01  2.00218002e-01  2.00207977e-01 -1.25046132e-05  2.80525820e-12  6.94646229e-12 
 2.69996186e-05  1.99999915e-01  2.00217973e-01  2.00207977e-01 -1.24906822e-05 -2.80677565e-12  7.08897470e-12 
 2.70246186e-05  2.00000107e-01  2.00218002e-01  2.00207977e-01 -1.25045953e-05  2.80429976e-12  6.94442464e-12 
 2.70496186e-05  1.99999915e-01  2.00217973e-01  2.00207977e-01 -1.24907001e-05 -2.80581938e-12  7.09101435e-12 
 2.70746186e-05  2.00000107e-01  2.00218002e-01  2.00207977e-01 -1.25045775e-05  2.80334284e-12  6.94235023e-12 
 2.70996186e-05  1.99999915e-01  2.00217973e-01  2.00207977e-01 -1.24907179e-05 -2.80486181e-12  7.09305954e-12 
 2.71246186e-05  2.00000107e-01  2.00218002e-01  2.00207977e-01 -1.25045597e-05  2.80238723e-12  6.94032326e-12 
 2.71496186e-05  1.99999915e-01  2.00217973e-01  2.00207977e-01 -1.24907357e-05 -2.80390446e-12  7.09514121e-12 
 2.71746186e-05  2.00000107e-01  2.00218002e-01  2.00207977e-01 -1.25045419e-05  2.80142771e-12  6.93830253e-12 
 2.71996186e-05  1.99999915e-01  2.00217973e-01  2.00207977e-01 -1.24907535e-05 -2.80294646e-12  7.09720255e-12 
 2.72246186e-05  2.00000107e-01  2.00218002e-01  2.00207977e-01 -1.25045241e-05  2.80046993e-12  6.93626970e-12 
 2.72496186e-05  1.99999915e-01  2.00217973e-01  2.00207977e-01 -1.24907713e-05 -2.80198737e-12  7.09924334e-12 
 2.72746186e-05  2.00000107e-01  2.00218002e-01  2.00207977e-01 -1.25045063e-05  2.79951149e-12  6.93420983e-12 
 2.72996186e-05  1.99999915e-01  2.00217973e-01  2.00207977e-01 -1.24907891e-05 -2.80102590e-12  7.10127156e-12 
 2.73246186e-05  2.00000107e-01  2.00218002e-01  2.00207977e-01 -1.25044885e-05  2.79855067e-12  6.93217971e-12 
 2.73496186e-05  1.99999915e-01  2.00217973e-01  2.00207977e-01 -1.24908068e-05 -2.80006834e-12  7.10332747e-12 
 2.73746186e-05  2.00000107e-01  2.00218002e-01  2.00207977e-01 -1.25044707e-05  2.79759050e-12  6.93013274e-12 
 2.73996186e-05  1.99999915e-01  2.00217973e-01  2.00207977e-01 -1.24908246e-05 -2.79910817e-12  7.10537195e-12 
 2.74246186e-05  2.00000107e-01  2.00218002e-01  2.00207977e-01 -1.25044530e-05  2.79663011e-12  6.92812089e-12 
 2.74496186e-05  1.99999915e-01  2.00217973e-01  2.00207977e-01 -1.24908423e-05 -2.79814821e-12  7.10740071e-12 
 2.74746186e-05  2.00000107e-01  2.00218002e-01  2.00207977e-01 -1.25044352e-05  2.79566843e-12  6.92608915e-12 
 2.74996186e-05  1.99999915e-01  2.00217973e-01  2.00207977e-01 -1.24908601e-05 -2.79718696e-12  7.10943386e-12 
 2.75246186e-05  2.00000107e-01  2.00218002e-01  2.00207977e-01 -1.25044175e-05  2.79470934e-12  6.92404776e-12 
 2.75496186e-05  1.99999915e-01  2.00217973e-01  2.00207977e-01 -1.24908778e-05 -2.79622376e-12  7.11145861e-12 
 2.75746186e-05  2.00000107e-01  2.00218002e-01  2.00207977e-01 -1.25043998e-05  2.79374722e-12  6.92202648e-12 
 2.75996186e-05  1.99999915e-01  2.00217973e-01  2.00207977e-01 -1.24908955e-05 -2.79526380e-12  7.11350374e-12 
 2.76246186e-05  2.00000107e-01  2.00218002e-01  2.00207977e-01 -1.25043821e-05  2.79278532e-12  6.92000211e-12 
 2.76496186e-05  1.99999915e-01  2.00217973e-01  2.00207977e-01 -1.24909132e-05 -2.79430168e-12  7.11551196e-12 
 2.76746186e-05  2.00000107e-01  2.00218002e-01  2.00207977e-01 -1.25043644e-05  2.79182211e-12  6.91797943e-12 
 2.76996186e-05  1.99999915e-01  2.00217973e-01  2.00207977e-01 -1.24909309e-05 -2.79333696e-12  7.11754207e-12 
 2.77246186e-05  2.00000107e-01  2.00218002e-01  2.00207977e-01 -1.25043467e-05  2.79086021e-12  6.91595658e-12 
 2.77496186e-05  1.99999915e-01  2.00217973e-01  2.00207977e-01 -1.24909486e-05 -2.79237310e-12  7.11957473e-12 
 2.77746186e-05  2.00000107e-01  2.00218002e-01  2.00207977e-01 -1.25043291e-05  2.78989614e-12  6.91394359e-12 
 2.77996186e-05  1.99999915e-01  2.00217973e-01  2.00207977e-01 -1.24909662e-05 -2.79141207e-12  7.12158457e-12 
 2.78246186e-05  2.00000107e-01  2.00218002e-01  2.00207977e-01 -1.25043114e-05  2.78893315e-12  6.91194649e-12 
 2.78496186e-05  1.99999915e-01  2.00217973e-01  2.00207977e-01 -1.24909839e-05 -2.79044713e-12  7.12361626e-12 
 2.78746186e-05  2.00000107e-01  2.00218002e-01  2.00207977e-01 -1.25042938e-05  2.78797038e-12  6.90993622e-12 
 2.78996186e-05  1.99999915e-01  2.00217973e-01  2.00207977e-01 -1.24910015e-05 -2.78948370e-12  7.12563521e-12 
 2.79246186e-05  2.00000107e-01  2.00218002e-01  2.00207977e-01 -1.25042761e-05  2.78700413e-12  6.90791055e-12 
 2.79496186e-05  1.99999915e-01  2.00217973e-01  2.00207977e-01 -1.24910191e-05 -2.78851876e-12  7.12763968e-12 
 2.79746186e-05  2.00000107e-01  2.00218002e-01  2.00207977e-01 -1.25042585e-05  2.78604071e-12  6.90591600e-12 
 2.79873093e-05  1.99999915e-01  2.00217973e-01  2.00207977e-01 -1.24910453e-05 -2.78718997e-12  7.11441897e-12 
 2.80000000e-05  2.00000107e-01  2.00218002e-01  2.00207977e-01 -1.25042239e-05  2.78436367e-12  6.91803976e-12 
 2.80000127e-05  1.99984649e-01  2.00196234e-01  2.00207867e-01 -1.49927680e-05 -2.51524233e-09 -4.23914341e-09 
 2.80000381e-05  1.99969612e-01  2.00160355e-01  2.00207467e-01 -1.58447829e-05 -6.99493887e-09 -1.30690287e-08 
 2.80000889e-05  1.99960683e-01  2.00109733e-01  2.00205808e-01 -1.62536267e-05 -1.36181262e-08 -3.05404696e-08 
 2.80001435e-05  1.99948855e-01  2.00069761e-01  2.00203085e-01 -1.69649333e-05 -1.89553544e-08 -4.86878681e-08 
 2.80002280e-05  1.99937050e-01  2.00033619e-01  2.00197719e-01 -1.72568189e-05 -2.58970082e-08 -7.61947779e-08 
 2.80003552e-05  1.99916260e-01  2.00013915e-01  2.00188594e-01 -1.77731750e-05 -3.51807123e-08 -1.16047953e-07 
 2.80005818e-05  1.99881756e-01  2.00023922e-01  2.00173014e-01 -1.78374647e-05 -5.01808575e-08 -1.83445356e-07 
 2.80009094e-05  1.99828562e-01  2.00069092e-01  2.00156224e-01 -1.81194145e-05 -6.94613801e-08 -2.72771402e-07 
 2.80014150e-05  1.99751965e-01  2.00154465e-01  2.00146223e-01 -1.91529300e-05 -9.29030704e-08 -3.91778189e-07 
 2.80016047e-05  1.99726341e-01  2.00190568e-01  2.00147414e-01 -2.12969266e-05 -9.69842748e-08 -4.29866874e-07 
 2.80017841e-05  1.99711267e-01  2.00229275e-01  2.00151050e-01 -2.54389600e-05 -9.26235671e-08 -4.61688303e-07 
 2.80019346e-05  1.99705346e-01  2.00266289e-01  2.00156118e-01 -3.17887373e-05 -7.79228855e-08 -4.84492559e-07 
 2.80020743e-05  1.99708458e-01  2.00305648e-01  2.00162633e-01 -4.00063024e-05 -4.96421051e-08 -5.02003537e-07 
 2.80022033e-05  1.99715437e-01  2.00347187e-01  2.00170366e-01 -4.99348381e-05 -5.04814462e-09 -5.14439435e-07 
 2.80023131e-05  1.99723458e-01  2.00387537e-01  2.00178401e-01 -5.97014259e-05  5.32658574e-08 -5.21827778e-07 
 2.80024052e-05  1.99727545e-01  2.00426280e-01  2.00186309e-01 -6.88824720e-05  1.23056835e-07 -5.25188383e-07 
 2.80024853e-05  1.99727091e-01  2.00464788e-01  2.00194166e-01 -7.71658949e-05  2.05578347e-07 -5.25567016e-07 
 2.80025586e-05  1.99719907e-01  2.00505579e-01  2.00202293e-01 -8.50113664e-05  3.05658563e-07 -5.23222497e-07 
 2.80026328e-05  1.99705560e-01  2.00553448e-01  2.00211559e-01 -9.28054477e-05  4.37828344e-07 -5.17684647e-07 
 2.80027168e-05  1.99685854e-01  2.00616336e-01  2.00223564e-01 -1.01610038e-04  6.31585604e-07 -5.06950352e-07 
 2.80028092e-05  1.99669480e-01  2.00692341e-01  2.00238836e-01 -1.11229278e-04  8.98438794e-07 -4.89768113e-07 
 2.80029056e-05  1.99660735e-01  2.00773385e-01  2.00257151e-01 -1.21362888e-04  1.23080051e-06 -4.66413897e-07 
 2.80030147e-05  1.99659878e-01  2.00861804e-01  2.00280658e-01 -1.32782921e-04  1.66399546e-06 -4.34287552e-07 
 2.80031378e-05  1.99667812e-01  2.00954529e-01  2.00310329e-01 -1.45472281e-04  2.21436243e-06 -3.91884066e-07 
 2.80032808e-05  1.99685797e-01  2.01051076e-01  2.00348276e-01 -1.59378967e-04  2.92062232e-06 -3.35999685e-07 
 2.80034408e-05  1.99713799e-01  2.01143466e-01  2.00394108e-01 -1.72945091e-04  3.77474613e-06 -2.67150598e-07 
 2.80035766e-05  1.99741567e-01  2.01205958e-01  2.00434854e-01 -1.81162902e-04  4.53086889e-06 -2.05597228e-07 
 2.80036668e-05  1.99760681e-01  2.01235871e-01  2.00462380e-01 -1.82814163e-04  5.03413994e-06 -1.64518297e-07 
 2.80037231e-05  1.99771818e-01  2.01246140e-01  2.00479479e-01 -1.79442240e-04  5.33735275e-06 -1.39849879e-07 
 2.80037694e-05  1.99779690e-01  2.01245608e-01  2.00493382e-01 -1.71977472e-04  5.57125738e-06 -1.20970065e-07 
 2.80038199e-05  1.99786183e-01  2.01231027e-01  2.00508062e-01 -1.59052651e-04  5.79751275e-06 -1.02990455e-07 
 2.80038842e-05  1.99791321e-01  2.01188802e-01  2.00525634e-01 -1.37885355e-04  6.02977174e-06 -8.51088608e-08 
 2.80039490e-05  1.99793142e-01  2.01123126e-01  2.00541495e-01 -1.14699368e-04  6.19288701e-06 -7.33892790e-08 
 2.80040435e-05  1.99791028e-01  2.01004089e-01  2.00560497e-01 -8.33907724e-05  6.30781855e-06 -6.70554943e-08 
 2.80041255e-05  1.99785776e-01  2.00896205e-01  2.00572756e-01 -6.21507031e-05  6.30615933e-06 -7.02971838e-08 
 2.80041987e-05  1.99779461e-01  2.00809447e-01  2.00580544e-01 -4.83668110e-05  6.24533689e-06 -7.81813056e-08 
 2.80042778e-05  1.99771451e-01  2.00732247e-01  2.00586156e-01 -3.80776402e-05  6.13653536e-06 -9.02292438e-08 
 2.80043618e-05  1.99762212e-01  2.00670448e-01  2.00589634e-01 -3.10614625e-05  5.98940038e-06 -1.05525659e-07 
 2.80044521e-05  1.99751716e-01  2.00625288e-01  2.00591343e-01 -2.66034098e-05  5.81113753e-06 -1.23458573e-07 
 2.80045520e-05  1.99739811e-01  2.00595656e-01  2.00591700e-01 -2.38679038e-05  5.60269336e-06 -1.44024909e-07 
 2.80046657e-05  1.99726006e-01  2.00580479e-01  2.00591092e-01 -2.23859994e-05  5.36280950e-06 -1.67407738e-07 
 2.80048010e-05  1.99709508e-01  2.00578582e-01  2.00589954e-01 -2.16222940e-05  5.08240018e-06 -1.94528062e-07 
 2.80049005e-05  1.99697304e-01  2.00584068e-01  2.00589226e-01 -2.14389055e-05  4.88285974e-06 -2.13741669e-07 
 2.80050000e-05  1.99685157e-01  2.00592794e-01  2.00588804e-01 -2.13244469e-05  4.69001142e-06 -2.32267874e-07 
 2.80050015e-05  1.99688295e-01  2.00596177e-01  2.00588802e-01 -1.96599214e-05  4.68747408e-06 -2.32122544e-07 
 2.80050045e-05  1.99693539e-01  2.00602648e-01  2.00588803e-01 -1.89367470e-05  4.68242303e-06 -2.31813620e-07 
 2.80050105e-05  1.99698800e-01  2.00614267e-01  2.00588826e-01 -1.82301616e-05  4.67238271e-06 -2.31145364e-07 
 2.80050194e-05  1.99700606e-01  2.00628711e-01  2.00588906e-01 -1.78715175e-05  4.65751839e-06 -2.30176445e-07 
 2.80050334e-05  1.99701073e-01  2.00648234e-01  2.00589127e-01 -1.71959192e-05  4.63403752e-06 -2.28715033e-07 
 2.80050614e-05  1.99701253e-01  2.00682674e-01  2.00589864e-01 -1.62466103e-05  4.58688890e-06 -2.25902618e-07 
 2.80051173e-05  1.99701533e-01  2.00738041e-01  2.00592307e-01 -1.47609093e-05  4.49237019e-06 -2.20622341e-07 
 2.80052291e-05  1.99701699e-01  2.00806856e-01  2.00599748e-01 -1.33505736e-05  4.30522016e-06 -2.10970697e-07 
 2.80054527e-05  1.99702115e-01  2.00857540e-01  2.00618791e-01 -1.25157395e-05  3.94779661e-06 -1.93706348e-07 
 2.80056910e-05  1.99702479e-01  2.00866528e-01  2.00640009e-01 -1.25467586e-05  3.59701419e-06 -1.77141917e-07 
 2.80060923e-05  1.99703163e-01  2.00869004e-01  2.00672362e-01 -1.24906767e-05  3.07429667e-06 -1.52338868e-07 
 2.80067155e-05  1.99704031e-01  2.00863614e-01  2.00713131e-01 -1.25416309e-05  2.40717323e-06 -1.20405057e-07 
 2.80079621e-05  1.99705606e-01  2.00829279e-01  2.00762333e-01 -1.24880604e-05  1.46471980e-06 -7.46378419e-08 
 2.80104551e-05  1.99707711e-01  2.00686479e-01  2.00752690e-01 -1.25373250e-05  5.05493310e-07 -2.68458869e-08 
 2.80154413e-05  1.99709600e-01  2.00242148e-01  2.00454698e-01 -1.24821288e-05  6.39950164e-09 -8.42422303e-10 
 2.80209069e-05  1.99709475e-01  1.99696273e-01  1.99937157e-01 -1.25310916e-05 -8.08056925e-10 -2.97608941e-10 
 2.80274790e-05  1.99708398e-01  1.99157621e-01  1.99346293e-01 -1.24774666e-05 -5.38270412e-10 -4.30978137e-10 
 2.80340018e-05  1.99707082e-01  1.98822326e-01  1.98931611e-01 -1.25280687e-05 -3.77989556e-10 -3.32552810e-10 
 2.80429561e-05  1.99705780e-01  1.98669590e-01  1.98680591e-01 -1.24754105e-05 -1.00648761e-10 -1.42983094e-10 
 2.80542635e-05  1.99704905e-01  1.98833159e-01  1.98764973e-01 -1.25256144e-05  1.39814279e-10  5.04894193e-11 
 2.80737622e-05  1.99705080e-01  1.99450053e-01  1.99348659e-01 -1.24716043e-05  2.58319537e-10  1.75297948e-10 
 2.80920373e-05  1.99705923e-01  1.99950977e-01  1.99885525e-01 -1.25218736e-05  1.67645234e-10  1.31797790e-10 
 2.81166522e-05  1.99706833e-01  2.00175338e-01  2.00164184e-01 -1.24702160e-05  1.02417332e-11  2.18397219e-11 
 2.81394191e-05  1.99706947e-01  2.00078332e-01  2.00086528e-01 -1.25224932e-05 -4.94414644e-11 -2.95788584e-11 
 2.81644191e-05  1.99706789e-01  1.99936545e-01  1.99938045e-01 -1.24714122e-05 -3.53279339e-11 -2.59576673e-11 
 2.81822095e-05  1.99706607e-01  1.99894886e-01  1.99887579e-01 -1.25230344e-05 -8.62788595e-12 -7.64958095e-12 
 2.82000000e-05  1.99706594e-01  1.99898637e-01  1.99886311e-01 -1.24713802e-05  5.03149128e-12  3.42494923e-12 
 2.82000081e-05  1.99710247e-01  1.99912590e-01  1.99886364e-01 -7.57643223e-06  1.90668032e-09  4.26544299e-10 
 2.82000244e-05  1.99713549e-01  1.99935281e-01  1.99886543e-01 -7.08608573e-06  5.79861695e-09  1.22879561e-09 
 2.82000522e-05  1.99713498e-01  1.99962121e-01  1.99887121e-01 -6.90307658e-06  1.23948902e-08  2.50182271e-09 
 2.82000813e-05  1.99714437e-01  1.99985296e-01  1.99888005e-01 -6.58413447e-06  1.90339974e-08  3.78735725e-09 
 2.82001394e-05  1.99715516e-01  2.00021847e-01  1.99890429e-01 -6.29759961e-06  3.19089139e-08  6.24546372e-09 
 2.82002549e-05  1.99718037e-01  2.00066007e-01  1.99896911e-01 -5.93171059e-06  5.61211167e-08  1.08227405e-08 
 2.82004344e-05  1.99721717e-01  2.00094530e-01  1.99908930e-01 -5.82902063e-06  9.11397396e-08  1.73741956e-08 
 2.82007935e-05  1.99729307e-01  2.00108155e-01  1.99933376e-01 -5.77311999e-06  1.53906767e-07  2.90612379e-08 
 2.82012043e-05  1.99737848e-01  2.00109356e-01  1.99958487e-01 -5.83199965e-06  2.15827799e-07  4.05315726e-08 
 2.82015311e-05  1.99745535e-01  2.00108867e-01  1.99975744e-01 -5.93949917e-06  2.58689387e-07  4.83891241e-08 
 2.82016843e-05  1.99750706e-01  2.00107811e-01  1.99983034e-01 -6.21900499e-06  2.76988929e-07  5.16888252e-08 
 2.82018752e-05  1.99762979e-01  2.00104695e-01  1.99991359e-01 -7.19608259e-06  2.97500412e-07  5.53012070e-08 
 2.82020023e-05  1.99778266e-01  2.00100770e-01  1.99996387e-01 -8.67250311e-06  3.08896304e-07  5.72408784e-08 
 2.82021106e-05  1.99798293e-01  2.00095184e-01  2.00000271e-01 -1.06286749e-05  3.15794423e-07  5.84034734e-08 
 2.82022198e-05  1.99826024e-01  2.00086773e-01  2.00003719e-01 -1.33805719e-05  3.17956567e-07  5.89242885e-08 
 2.82023309e-05  1.99862291e-01  2.00074461e-01  2.00006628e-01 -1.66897095e-05  3.10872439e-07  5.85584387e-08 
 2.82024387e-05  1.99904522e-01  2.00058046e-01  2.00008723e-01 -1.99015932e-05  2.87006028e-07  5.70876117e-08 
 2.82025402e-05  1.99949525e-01  2.00037342e-01  2.00009875e-01 -2.21633770e-05  2.36395578e-07  5.44236623e-08 
 2.82026541e-05  2.00005306e-01  2.00007532e-01  2.00009989e-01 -2.37567759e-05  1.20890422e-07  4.96752816e-08 
 2.82027601e-05  2.00061980e-01  1.99975721e-01  2.00008812e-01 -2.54485354e-05 -7.66229760e-08  4.35985106e-08 
 2.82029209e-05  2.00157678e-01  1.99928056e-01  2.00004639e-01 -2.86561772e-05 -6.60678721e-07  3.18065727e-08 
 2.82030636e-05  2.00252037e-01  1.99890354e-01  1.99998789e-01 -3.17445940e-05 -1.59633550e-06  1.91962315e-08 
 2.82032064e-05  2.00353240e-01  1.99859236e-01  1.99991350e-01 -3.47906944e-05 -3.07735146e-06  5.03709512e-09 
 2.82033262e-05  2.00439213e-01  1.99839357e-01  1.99984231e-01 -3.70800949e-05 -4.82776909e-06 -7.68796057e-09 
 2.82033970e-05  2.00487843e-01  1.99831118e-01  1.99979793e-01 -3.81615801e-05 -6.10621515e-06 -1.53782008e-08 
 2.82034351e-05  2.00512310e-01  1.99828275e-01  1.99977373e-01 -3.85516278e-05 -6.87893044e-06 -1.94900177e-08 
 2.82034744e-05  2.00535450e-01  1.99827217e-01  1.99974881e-01 -3.87070860e-05 -7.75240836e-06 -2.36179800e-08 
 2.82035018e-05  2.00547669e-01  1.99828073e-01  1.99973169e-01 -3.85737035e-05 -8.41324939e-06 -2.63503898e-08 
 2.82035239e-05  2.00552142e-01  1.99830151e-01  1.99971812e-01 -3.82179747e-05 -8.98447430e-06 -2.84067654e-08 
 2.82035455e-05  2.00548687e-01  1.99833938e-01  1.99970521e-01 -3.75933260e-05 -9.57843245e-06 -3.02108910e-08 
 2.82035703e-05  2.00534679e-01  1.99841401e-01  1.99969111e-01 -3.64585275e-05 -1.03030590e-05 -3.19059569e-08 
 2.82035982e-05  2.00510257e-01  1.99854929e-01  1.99967659e-01 -3.47527951e-05 -1.11742453e-05 -3.32097787e-08 
 2.82036302e-05  2.00478154e-01  1.99877519e-01  1.99966241e-01 -3.23347936e-05 -1.22454444e-05 -3.38454512e-08 
 2.82036771e-05  2.00435025e-01  1.99921358e-01  1.99964814e-01 -2.83915722e-05 -1.39422027e-05 -3.32440056e-08 
 2.82037078e-05  2.00413630e-01  1.99954600e-01  1.99964364e-01 -2.57432629e-05 -1.51292343e-05 -3.20158166e-08 
 2.82037370e-05  2.00399719e-01  1.99987139e-01  1.99964324e-01 -2.33390729e-05 -1.63050468e-05 -3.04129161e-08 
 2.82037708e-05  2.00390796e-01  2.00023958e-01  1.99964742e-01 -2.07642579e-05 -1.77187227e-05 -2.81978827e-08 
 2.82038069e-05  2.00388995e-01  2.00060814e-01  1.99965713e-01 -1.83339771e-05 -1.92897425e-05 -2.55617629e-08 
 2.82038447e-05  2.00393960e-01  2.00095331e-01  1.99967247e-01 -1.61547304e-05 -2.09902007e-05 -2.26645288e-08 
 2.82038853e-05  2.00405316e-01  2.00127317e-01  1.99969409e-01 -1.42319119e-05 -2.28809663e-05 -1.95077294e-08 
 2.82039298e-05  2.00422800e-01  2.00156316e-01  1.99972277e-01 -1.25509397e-05 -2.50213945e-05 -1.60899046e-08 
 2.82039804e-05  2.00447004e-01  2.00182352e-01  1.99976024e-01 -1.11189497e-05 -2.75330619e-05 -1.23178158e-08 
 2.82040383e-05  2.00478193e-01  2.00204732e-01  1.99980773e-01 -9.94333825e-06 -3.05070383e-05 -8.16015940e-09 
 2.82041073e-05  2.00518235e-01  2.00223660e-01  1.99986853e-01 -9.02941831e-06 -3.41858812e-05 -3.39102239e-09 
 2.82041906e-05  2.00568743e-01  2.00238913e-01  1.99994538e-01 -8.36458897e-06 -3.88170923e-05  2.19143086e-09 
 2.82042973e-05  2.00635066e-01  2.00251278e-01  2.00004595e-01 -7.93549691e-06 -4.50369419e-05  9.22716483e-09 
 2.82044382e-05  2.00723536e-01  2.00261497e-01  2.00017846e-01 -7.69383585e-06 -5.37129464e-05  1.85740767e-08 
 2.82046416e-05  2.00851285e-01  2.00271644e-01  2.00036506e-01 -7.59415231e-06 -6.71076076e-05  3.25978594e-08 
 2.82048208e-05  2.00962700e-01  2.00279108e-01  2.00052345e-01 -7.56261799e-06 -7.96882584e-05  4.56935401e-08 
 2.82050000e-05  2.01072165e-01  2.00286251e-01  2.00067594e-01 -7.54822146e-06 -9.29072207e-05  5.96095441e-08 
 2.82050019e-05  2.01071505e-01  2.00282331e-01  2.00067752e-01 -1.21377706e-05 -9.30534865e-05  5.96567922e-08 
 2.82050058e-05  2.01070149e-01  2.00275097e-01  2.00068062e-01 -1.24284221e-05 -9.33460257e-05  5.97515023e-08 
 2.82050135e-05  2.01068021e-01  2.00263269e-01  2.00068653e-01 -1.25634596e-05 -9.39302048e-05  5.99539094e-08 
 2.82050290e-05  2.01065366e-01  2.00245247e-01  2.00069736e-01 -1.25509194e-05 -9.50915169e-05  6.04067950e-08 
 2.82050549e-05  2.01061550e-01  2.00221604e-01  2.00071322e-01 -1.26268223e-05 -9.70164580e-05  6.12378616e-08 
 2.82051068e-05  2.01054966e-01  2.00184988e-01  2.00073827e-01 -1.26138380e-05 -1.00782261e-04  6.30981584e-08 
 2.82052106e-05  2.01043611e-01  2.00140249e-01  2.00077030e-01 -1.26544719e-05 -1.07986737e-04  6.74217947e-08 
 2.82053283e-05  2.01031921e-01  2.00118636e-01  2.00078982e-01 -1.25882460e-05 -1.15655341e-04  7.30990202e-08 
 2.82055192e-05  2.01013920e-01  2.00111154e-01  2.00080888e-01 -1.25815480e-05 -1.27015268e-04  8.36382939e-08 
 2.82058153e-05  2.00988102e-01  2.00120139e-01  2.00083655e-01 -1.24772996e-05 -1.42242263e-04  1.02425275e-07 
 2.82064073e-05  2.00942771e-01  2.00145743e-01  2.00091973e-01 -1.24106678e-05 -1.65397077e-04  1.44901125e-07 
 2.82073549e-05  2.00884199e-01  2.00180685e-01  2.00111485e-01 -1.22572026e-05 -1.87088996e-04  2.14950474e-07 
 2.82082280e-05  2.00841814e-01  2.00206974e-01  2.00132994e-01 -1.22319643e-05 -1.95225283e-04  2.72492706e-07 
 2.82093156e-05  2.00799998e-01  2.00233374e-01  2.00160568e-01 -1.21495079e-05 -1.95809222e-04  3.27250079e-07 
 2.82104032e-05  2.00767026e-01  2.00253999e-01  2.00186691e-01 -1.21689148e-05 -1.90071922e-04  3.62396073e-07 
 2.82118315e-05  2.00733020e-01  2.00274237e-01  2.00216650e-01 -1.21266503e-05 -1.77940072e-04  3.83322718e-07 
 2.82133739e-05  2.00704557e-01  2.00289382e-01  2.00242653e-01 -1.21746433e-05 -1.62605328e-04  3.82377785e-07 
 2.82154617e-05  2.00675159e-01  2.00301916e-01  2.00267976e-01 -1.21584453e-05 -1.41997433e-04  3.58834591e-07 
 2.82179629e-05  2.00649270e-01  2.00308702e-01  2.00286194e-01 -1.22259726e-05 -1.19934624e-04  3.16329690e-07 
 2.82210155e-05  2.00626991e-01  2.00309314e-01  2.00295898e-01 -1.22212196e-05 -9.77883706e-05  2.62562788e-07 
 2.82242713e-05  2.00611036e-01  2.00304408e-01  2.00296646e-01 -1.22900954e-05 -7.93175538e-05  2.12821787e-07 
 2.82280613e-05  2.00599424e-01  2.00294547e-01  2.00290452e-01 -1.22820422e-05 -6.29765922e-05  1.67335807e-07 
 2.82321663e-05  2.00592530e-01  2.00281068e-01  2.00279038e-01 -1.23472108e-05 -4.98553052e-05  1.30715430e-07 
 2.82368632e-05  2.00589194e-01  2.00263889e-01  2.00262983e-01 -1.23349507e-05 -3.89012530e-05  1.00483655e-07 
 2.82420044e-05  2.00588854e-01  2.00244747e-01  2.00244046e-01 -1.23963611e-05 -3.02939680e-05  7.71172906e-08 
 2.82479508e-05  2.00590674e-01  2.00224298e-01  2.00222822e-01 -1.23803287e-05 -2.32263441e-05  5.82956073e-08 
 2.82546205e-05  2.00593985e-01  2.00206188e-01  2.00202715e-01 -1.24380224e-05 -1.76742099e-05  4.38096657e-08 
 2.82624320e-05  2.00598220e-01  2.00194297e-01  2.00187493e-01 -1.24178539e-05 -1.31608104e-05  3.22744928e-08 
 2.82713641e-05  2.00602819e-01  2.00195001e-01  2.00183835e-01 -1.24711423e-05 -9.62647028e-06  2.34099296e-08 
 2.82819157e-05  2.00607384e-01  2.00214394e-01  2.00198563e-01 -1.24461131e-05 -6.80446702e-06  1.64464660e-08 
 2.82941399e-05  2.00611580e-01  2.00255566e-01  2.00236045e-01 -1.24943704e-05 -4.64584923e-06  1.11843025e-08 
 2.83086455e-05  2.00615163e-01  2.00316633e-01  2.00295599e-01 -1.24642566e-05 -3.00364192e-06  7.21671664e-09 
 2.83256243e-05  2.00618053e-01  2.00386624e-01  2.00366690e-01 -1.25078148e-05 -1.82751332e-06  4.38744831e-09 
 2.83459437e-05  2.00620150e-01  2.00452597e-01  2.00435547e-01 -1.24736241e-05 -1.01634635e-06  2.44085883e-09 
 2.83702102e-05  2.00621587e-01  2.00504909e-01  2.00490574e-01 -1.25139437e-05 -5.05767771e-07  1.21513790e-09 
 2.83952102e-05  2.00622288e-01  2.00541489e-01  2.00528240e-01 -1.24771608e-05 -2.47362439e-07  5.96801027e-10 
 2.84202102e-05  2.00622685e-01  2.00573270e-01  2.00560094e-01 -1.25156857e-05 -1.21536452e-07  2.96172000e-10 
 2.84452102e-05  2.00622850e-01  2.00604371e-01  2.00591257e-01 -1.24779975e-05 -5.96871064e-08  1.49162489e-10 
 2.84702102e-05  2.00622992e-01  2.00633453e-01  2.00620632e-01 -1.25160758e-05 -2.94107852e-08  7.64316889e-11 
 2.84952102e-05  2.00623031e-01  2.00658800e-01  2.00646404e-01 -1.24781934e-05 -1.44488009e-08  4.01341162e-11 
 2.85202102e-05  2.00623106e-01  2.00680423e-01  2.00668362e-01 -1.25161710e-05 -7.12240365e-09  2.20402362e-11 
 2.85452102e-05  2.00623108e-01  2.00699126e-01  2.00687326e-01 -1.24782517e-05 -3.50210425e-09  1.28503337e-11 
 2.85702102e-05  2.00623161e-01  2.00715705e-01  2.00704083e-01 -1.25161965e-05 -1.71710704e-09  8.40471269e-12 
 2.85952102e-05  2.00623152e-01  2.00730441e-01  2.00719006e-01 -1.24782710e-05 -8.52854584e-10  5.83997174e-12 
 2.86202102e-05  2.00623200e-01  2.00743514e-01  2.00732231e-01 -1.25162014e-05 -4.05152700e-10  4.71641595e-12 
 2.86452102e-05  2.00623186e-01  2.00754995e-01  2.00743875e-01 -1.24782817e-05 -2.12979007e-10  3.72734179e-12 
 2.86702102e-05  2.00623230e-01  2.00765114e-01  2.00754111e-01 -1.25162017e-05 -8.63277483e-11  3.46975118e-12 
 2.86952102e-05  2.00623214e-01  2.00774001e-01  2.00763125e-01 -1.24782891e-05 -5.93346904e-11  2.90471526e-12 
 2.87202102e-05  2.00623255e-01  2.00781869e-01  2.00771078e-01 -1.25162008e-05 -9.08924845e-12  2.91546014e-12 
 2.87452102e-05  2.00623238e-01  2.00788787e-01  2.00778097e-01 -1.24782951e-05 -2.29739546e-11  2.47479782e-12 
 2.87702102e-05  2.00623277e-01  2.00794915e-01  2.00784289e-01 -1.25161991e-05  9.47380672e-12  2.58077598e-12 
 2.87952102e-05  2.00623258e-01  2.00800291e-01  2.00789747e-01 -1.24783005e-05 -1.47291897e-11  2.18773654e-12 
 2.88202102e-05  2.00623297e-01  2.00805057e-01  2.00794560e-01 -1.25161970e-05  1.37563294e-11  2.34161909e-12 
 2.88452102e-05  2.00623277e-01  2.00809234e-01  2.00798803e-01 -1.24783054e-05 -1.31151531e-11  1.97733111e-12 
 2.88702102e-05  2.00623314e-01  2.00812944e-01  2.00802546e-01 -1.25161946e-05  1.45829585e-11  2.16130260e-12 
 2.88952102e-05  2.00623294e-01  2.00816190e-01  2.00805847e-01 -1.24783100e-05 -1.29933542e-11  1.81741352e-12 
 2.89202102e-05  2.00623330e-01  2.00819078e-01  2.00808758e-01 -1.25161919e-05  1.45979531e-11  2.02205646e-12 
 2.89452102e-05  2.00623309e-01  2.00821600e-01  2.00811325e-01 -1.24783144e-05 -1.31584578e-11  1.69397287e-12 
 2.89702102e-05  2.00623345e-01  2.00823850e-01  2.00813590e-01 -1.25161890e-05  1.44466526e-11  1.91385037e-12 
 2.89952102e-05  2.00623324e-01  2.00825808e-01  2.00815587e-01 -1.24783186e-05 -1.33418420e-11  1.59836944e-12 
 2.90202102e-05  2.00623359e-01  2.00827562e-01  2.00817349e-01 -1.25161860e-05  1.42833497e-11  1.82968912e-12 
 2.90452102e-05  2.00623338e-01  2.00829082e-01  2.00818903e-01 -1.24783226e-05 -1.34929576e-11  1.52420752e-12 
 2.90702102e-05  2.00623373e-01  2.00830450e-01  2.00820274e-01 -1.25161828e-05  1.41415376e-11  1.76417827e-12 
 2.90952102e-05  2.00623351e-01  2.00831630e-01  2.00821483e-01 -1.24783266e-05 -1.36092014e-11  1.46663671e-12 
 2.91202102e-05  2.00623385e-01  2.00832698e-01  2.00822550e-01 -1.25161796e-05  1.40249633e-11  1.71317946e-12 
 2.91452102e-05  2.00623363e-01  2.00833614e-01  2.00823491e-01 -1.24783304e-05 -1.36966868e-11  1.42194340e-12 
 2.91702102e-05  2.00623397e-01  2.00834449e-01  2.00824322e-01 -1.25161763e-05  1.39304588e-11  1.67347635e-12 
 2.91952102e-05  2.00623375e-01  2.00835158e-01  2.00825055e-01 -1.24783342e-05 -1.37617923e-11  1.38725256e-12 
 2.92202102e-05  2.00623409e-01  2.00835812e-01  2.00825702e-01 -1.25161729e-05  1.38540165e-11  1.64255691e-12 
 2.92452102e-05  2.00623387e-01  2.00836361e-01  2.00826273e-01 -1.24783379e-05 -1.38096739e-11  1.36032938e-12 
 2.92702102e-05  2.00623421e-01  2.00836874e-01  2.00826778e-01 -1.25161695e-05  1.37918823e-11  1.61846946e-12 
 2.92952102e-05  2.00623399e-01  2.00837299e-01  2.00827223e-01 -1.24783416e-05 -1.38441528e-11  1.33944722e-12 
 2.93202102e-05  2.00623433e-01  2.00837702e-01  2.00827616e-01 -1.25161661e-05  1.37410007e-11  1.59969629e-12 
 2.93452102e-05  2.00623410e-01  2.00838030e-01  2.00827964e-01 -1.24783452e-05 -1.38683776e-11  1.32325948e-12 
 2.93702102e-05  2.00623444e-01  2.00838348e-01  2.00828271e-01 -1.25161627e-05  1.36989283e-11  1.58505321e-12 
 2.93952102e-05  2.00623422e-01  2.00838601e-01  2.00828542e-01 -1.24783488e-05 -1.38845135e-11  1.31072242e-12 
 2.94202102e-05  2.00623455e-01  2.00838853e-01  2.00828782e-01 -1.25161592e-05  1.36637611e-11  1.57362079e-12 
 2.94452102e-05  2.00623433e-01  2.00839048e-01  2.00828994e-01 -1.24783524e-05 -1.38945281e-11  1.30102109e-12 
 2.94702102e-05  2.00623466e-01  2.00839248e-01  2.00829181e-01 -1.25161558e-05  1.36338256e-11  1.56468675e-12 
 2.94952102e-05  2.00623444e-01  2.00839397e-01  2.00829347e-01 -1.24783560e-05 -1.38997011e-11  1.29352746e-12 
 2.95202102e-05  2.00623477e-01  2.00839557e-01  2.00829495e-01 -1.25161523e-05  1.36080947e-11  1.55769110e-12 
 2.95452102e-05  2.00623455e-01  2.00839671e-01  2.00829625e-01 -1.24783595e-05 -1.39010845e-11  1.28774964e-12 
 2.95702102e-05  2.00623488e-01  2.00839800e-01  2.00829740e-01 -1.25161488e-05  1.35854667e-11  1.55220438e-12 
 2.95952102e-05  2.00623466e-01  2.00839887e-01  2.00829843e-01 -1.24783631e-05 -1.38996226e-11  1.28330766e-12 
 2.96202102e-05  2.00623499e-01  2.00839992e-01  2.00829934e-01 -1.25161453e-05  1.35654324e-11  1.54788969e-12 
 2.96452102e-05  2.00623477e-01  2.00840057e-01  2.00830015e-01 -1.24783666e-05 -1.38957671e-11  1.27990159e-12 
 2.96702102e-05  2.00623510e-01  2.00840143e-01  2.00830087e-01 -1.25161418e-05  1.35473167e-11  1.54448622e-12 
 2.96952102e-05  2.00623488e-01  2.00840191e-01  2.00830151e-01 -1.24783701e-05 -1.38901664e-11  1.27730465e-12 
 2.97202102e-05  2.00623521e-01  2.00840263e-01  2.00830208e-01 -1.25161384e-05  1.35306013e-11  1.54178965e-12 
 2.97452102e-05  2.00623499e-01  2.00840298e-01  2.00830259e-01 -1.24783736e-05 -1.38832561e-11  1.27533438e-12 
 2.97702102e-05  2.00623532e-01  2.00840358e-01  2.00830305e-01 -1.25161349e-05  1.35151532e-11  1.53964379e-12 
 2.97952102e-05  2.00623510e-01  2.00840384e-01  2.00830346e-01 -1.24783771e-05 -1.38751092e-11  1.27385239e-12 
 2.98202102e-05  2.00623543e-01  2.00840435e-01  2.00830383e-01 -1.25161314e-05  1.35005358e-11  1.53792463e-12 
 2.98452102e-05  2.00623521e-01  2.00840453e-01  2.00830415e-01 -1.24783806e-05 -1.38661463e-11  1.27275279e-12 
 2.98702102e-05  2.00623553e-01  2.00840497e-01  2.00830445e-01 -1.25161279e-05  1.34865975e-11  1.53653641e-12 
 2.98952102e-05  2.00623532e-01  2.00840509e-01  2.00830472e-01 -1.24783841e-05 -1.38565771e-11  1.27194793e-12 
 2.99202102e-05  2.00623564e-01  2.00840548e-01  2.00830496e-01 -1.25161244e-05  1.34732115e-11  1.53540700e-12 
 2.99452102e-05  2.00623543e-01  2.00840554e-01  2.00830518e-01 -1.24783876e-05 -1.38464208e-11  1.27137358e-12 
 2.99702102e-05  2.00623575e-01  2.00840590e-01  2.00830539e-01 -1.25161209e-05  1.34602609e-11  1.53447751e-12 
 2.99952102e-05  2.00623554e-01  2.00840593e-01  2.00830557e-01 -1.24783911e-05 -1.38358353e-11  1.27097904e-12 
 3.00202102e-05  2.00623586e-01  2.00840625e-01  2.00830574e-01 -1.25161175e-05  1.34475957e-11  1.53370231e-12 
 3.00452102e-05  2.00623565e-01  2.00840625e-01  2.00830589e-01 -1.24783946e-05 -1.38249293e-11  1.27072403e-12 
 3.00702102e-05  2.00623597e-01  2.00840654e-01  2.00830604e-01 -1.25161140e-05  1.34351254e-11  1.53304675e-12 
 3.00952102e-05  2.00623576e-01  2.00840652e-01  2.00830617e-01 -1.24783980e-05 -1.38138114e-11  1.27057891e-12 
 3.01202102e-05  2.00623607e-01  2.00840680e-01  2.00830629e-01 -1.25161105e-05  1.34228720e-11  1.53248573e-12 
 3.01452102e-05  2.00623586e-01  2.00840676e-01  2.00830641e-01 -1.24784015e-05 -1.38024312e-11  1.27051803e-12 
 3.01702102e-05  2.00623618e-01  2.00840702e-01  2.00830651e-01 -1.25161071e-05  1.34107673e-11  1.53199643e-12 
 3.01851051e-05  2.00623595e-01  2.00840692e-01  2.00830657e-01 -1.24784060e-05 -1.39011487e-11  1.27058449e-12 
 3.02000000e-05  2.00623624e-01  2.00840714e-01  2.00830663e-01 -1.25161011e-05  1.32842485e-11  1.53140467e-12 
 3.02000099e-05  2.00618911e-01  2.00824405e-01  2.00830599e-01 -1.73349171e-05 -2.72439138e-09 -5.08311144e-10 
 3.02000298e-05  2.00614317e-01  2.00798404e-01  2.00830368e-01 -1.75910306e-05 -8.57243938e-09 -1.46945436e-09 
 3.02000694e-05  2.00612760e-01  2.00763495e-01  2.00829431e-01 -1.75121037e-05 -2.01658437e-08 -3.23688269e-09 
 3.02001251e-05  2.00609894e-01  2.00725931e-01  2.00827344e-01 -1.76397024e-05 -3.52521749e-08 -5.59905573e-09 
 3.02002292e-05  2.00607558e-01  2.00681318e-01  2.00821891e-01 -1.75710256e-05 -6.17399972e-08 -9.74630184e-09 
 3.02003524e-05  2.00604574e-01  2.00655091e-01  2.00814016e-01 -1.76492759e-05 -9.05807016e-08 -1.43649798e-08 
 3.02005637e-05  2.00600487e-01  2.00637476e-01  2.00799601e-01 -1.75901557e-05 -1.35143960e-07 -2.17150533e-08 
 3.02008985e-05  2.00593334e-01  2.00630969e-01  2.00777584e-01 -1.77087750e-05 -1.94424835e-07 -3.21233003e-08 
 3.02013998e-05  2.00584671e-01  2.00630566e-01  2.00748997e-01 -1.81840787e-05 -2.64359402e-07 -4.52651618e-08 
 3.02015772e-05  2.00582814e-01  2.00631843e-01  2.00740233e-01 -1.90738094e-05 -2.84575227e-07 -4.92451548e-08 
 3.02017478e-05  2.00584280e-01  2.00634651e-01  2.00732514e-01 -2.07688496e-05 -3.01158966e-07 -5.26759494e-08 
 3.02018902e-05  2.00588146e-01  2.00638588e-01  2.00726645e-01 -2.33815288e-05 -3.11935670e-07 -5.51928883e-08 
 3.02020238e-05  2.00595059e-01  2.00644017e-01  2.00721681e-01 -2.68442716e-05 -3.18569146e-07 -5.71889526e-08 
 3.02021518e-05  2.00603748e-01  2.00651145e-01  2.00717480e-01 -3.12764750e-05 -3.20514340e-07 -5.86972185e-08 
 3.02022651e-05  2.00612570e-01  2.00659310e-01  2.00714278e-01 -3.59201721e-05 -3.17486670e-07 -5.96141914e-08 
 3.02023617e-05  2.00619373e-01  2.00668112e-01  2.00711981e-01 -4.04301192e-05 -3.10038423e-07 -5.99947118e-08 
 3.02024454e-05  2.00623648e-01  2.00677482e-01  2.00710359e-01 -4.45639535e-05 -2.98801568e-07 -5.99307730e-08 
 3.02025205e-05  2.00624780e-01  2.00687785e-01  2.00709242e-01 -4.84269752e-05 -2.83707431e-07 -5.94652171e-08 
 3.02025914e-05  2.00622527e-01  2.00699574e-01  2.00708527e-01 -5.20486187e-05 -2.63998751e-07 -5.85703860e-08 
 3.02026651e-05  2.00616744e-01  2.00714463e-01  2.00708191e-01 -5.57671542e-05 -2.36825649e-07 -5.70610388e-08 
 3.02027443e-05  2.00609305e-01  2.00733173e-01  2.00708366e-01 -5.96435541e-05 -2.00265824e-07 -5.47299022e-08 
 3.02028408e-05  2.00602041e-01  2.00758139e-01  2.00709398e-01 -6.43176877e-05 -1.48654755e-07 -5.09708543e-08 
 3.02029320e-05  2.00597238e-01  2.00782053e-01  2.00711214e-01 -6.86467625e-05 -9.90404452e-08 -4.66347560e-08 
 3.02030327e-05  2.00593910e-01  2.00807484e-01  2.00714115e-01 -7.33175282e-05 -5.24342137e-08 -4.11240418e-08 
 3.02031439e-05  2.00592647e-01  2.00833374e-01  2.00718304e-01 -7.83471116e-05 -1.62045285e-08 -3.43069273e-08 
 3.02032691e-05  2.00594822e-01  2.00858483e-01  2.00724049e-01 -8.39547216e-05  1.20450253e-08 -2.59124719e-08 
 3.02033956e-05  2.00599310e-01  2.00878736e-01  2.00730691e-01 -8.92942683e-05  3.74621058e-08 -1.68444244e-08 
 3.02035297e-05  2.00605456e-01  2.00894243e-01  2.00738303e-01 -9.41310593e-05  6.56059129e-08 -6.80742391e-09 
 3.02036461e-05  2.00611252e-01  2.00901893e-01  2.00745117e-01 -9.69630491e-05  9.14047862e-08  2.03099218e-09 
 3.02037240e-05  2.00615110e-01  2.00902828e-01  2.00749631e-01 -9.72523608e-05  1.08756354e-07  7.80589388e-09 
 3.02037787e-05  2.00617487e-01  2.00900060e-01  2.00752699e-01 -9.54589246e-05  1.20348462e-07  1.16108624e-08 
 3.02038290e-05  2.00619216e-01  2.00893058e-01  2.00755369e-01 -9.13876089e-05  1.29807605e-07  1.47101669e-08 
 3.02038848e-05  2.00620372e-01  2.00878056e-01  2.00758021e-01 -8.43405589e-05  1.38026400e-07  1.74210805e-08 
 3.02039528e-05  2.00620898e-01  2.00848728e-01  2.00760578e-01 -7.36052574e-05  1.43992821e-07  1.94638532e-08 
 3.02040230e-05  2.00620582e-01  2.00808136e-01  2.00762179e-01 -6.18792018e-05  1.45291750e-07  2.00912117e-08 
 3.02041213e-05  2.00619246e-01  2.00743006e-01  2.00762308e-01 -4.71380084e-05  1.39662644e-07  1.88160512e-08 
 3.02042077e-05  2.00617557e-01  2.00686124e-01  2.00760345e-01 -3.73141208e-05  1.29023461e-07  1.61679158e-08 
 3.02042832e-05  2.00615965e-01  2.00642008e-01  2.00757182e-01 -3.11913086e-05  1.16717669e-07  1.31649171e-08 
 3.02043650e-05  2.00614155e-01  2.00602426e-01  2.00752519e-01 -2.66651201e-05  1.01371885e-07  9.56713186e-09 
 3.02044538e-05  2.00612211e-01  2.00569005e-01  2.00746343e-01 -2.35445246e-05  8.32228135e-08  5.52394666e-09 
 3.02045483e-05  2.00610124e-01  2.00543007e-01  2.00738913e-01 -2.16056617e-05  6.30419669e-08  1.27076110e-09 
 3.02046534e-05  2.00607850e-01  2.00522898e-01  2.00730013e-01 -2.04249065e-05  4.01669666e-08 -3.28853166e-09 
 3.02047724e-05  2.00605266e-01  2.00507883e-01  2.00719575e-01 -1.97807189e-05  1.43725833e-08 -8.16907168e-09 
 3.02048862e-05  2.00602833e-01  2.00498404e-01  2.00709494e-01 -1.94951633e-05 -9.88979948e-09 -1.25707368e-08 
 3.02050000e-05  2.00600380e-01  2.00491767e-01  2.00699503e-01 -1.93728774e-05 -3.35043677e-08 -1.67324594e-08 
 3.02050016e-05  2.00601636e-01  2.00495079e-01  2.00699364e-01 -1.47892098e-05 -3.34774534e-08 -1.67011797e-08 
 3.02050049e-05  2.00603729e-01  2.00501241e-01  2.00699090e-01 -1.44691963e-05 -3.33986516e-08 -1.66408102e-08 
 3.02050114e-05  2.00605741e-01  2.00511507e-01  2.00698564e-01 -1.41749951e-05 -3.31575471e-08 -1.65369201e-08 
 3.02050203e-05  2.00606268e-01  2.00522667e-01  2.00697882e-01 -1.40814700e-05 -3.28077594e-08 -1.64217689e-08 
 3.02050342e-05  2.00606400e-01  2.00536865e-01  2.00696896e-01 -1.38696968e-05 -3.23110237e-08 -1.62616956e-08 
 3.02050619e-05  2.00606421e-01  2.00560620e-01  2.00695149e-01 -1.35988475e-05 -3.14230362e-08 -1.59717812e-08 
 3.02051174e-05  2.00606460e-01  2.00597567e-01  2.00692379e-01 -1.31542929e-05 -2.99697707e-08 -1.54723771e-08 
 3.02052285e-05  2.00606434e-01  2.00642730e-01  2.00688804e-01 -1.27471635e-05 -2.78371422e-08 -1.46627118e-08 
 3.02054506e-05  2.00606451e-01  2.00674724e-01  2.00685392e-01 -1.24914149e-05 -2.49323485e-08 -1.33708520e-08 
 3.02057203e-05  2.00606462e-01  2.00678135e-01  2.00683448e-01 -1.25040753e-05 -2.22925536e-08 -1.20280478e-08 
 3.02061058e-05  2.00606510e-01  2.00675265e-01  2.00681045e-01 -1.24802445e-05 -1.91233280e-08 -1.03295306e-08 
 3.02066668e-05  2.00606537e-01  2.00670321e-01  2.00677356e-01 -1.25030211e-05 -1.53419440e-08 -8.27018192e-09 
 3.02077888e-05  2.00606613e-01  2.00660403e-01  2.00669282e-01 -1.24815845e-05 -9.82571090e-09 -5.27273625e-09 
 3.02100328e-05  2.00606662e-01  2.00640816e-01  2.00651497e-01 -1.25050206e-05 -3.84688174e-09 -2.04175620e-09 
 3.02145209e-05  2.00606668e-01  2.00607448e-01  2.00616118e-01 -1.24843127e-05 -2.84103587e-10 -1.43100032e-10 
 3.02234969e-05  2.00606473e-01  2.00578091e-01  2.00573244e-01 -1.25077057e-05  4.97759171e-11  1.23298931e-11 
 3.02379726e-05  2.00606285e-01  2.00624864e-01  2.00600305e-01 -1.24858688e-05  2.53961435e-12 -1.19362576e-12 
 3.02567526e-05  2.00606326e-01  2.00758404e-01  2.00728710e-01 -1.25078720e-05  7.52938833e-11  4.96938902e-11 
 3.02817526e-05  2.00606600e-01  2.00884786e-01  2.00866785e-01 -1.24855455e-05  1.21066228e-11  1.58511102e-11 
 3.03067526e-05  2.00606735e-01  2.00900633e-01  2.00893252e-01 -1.25078315e-05  2.42623543e-12  3.77290592e-12 
 3.03317526e-05  2.00606744e-01  2.00863642e-01  2.00857988e-01 -1.24858413e-05 -1.84688269e-11 -1.03002853e-11 
 3.03567526e-05  2.00606678e-01  2.00836015e-01  2.00827652e-01 -1.25080751e-05 -1.14395819e-12 -1.04121778e-12 
 3.03783763e-05  2.00606671e-01  2.00831637e-01  2.00821370e-01 -1.24858970e-05 -2.29732379e-12 -8.86167225e-15 
 3.04000000e-05  2.00606659e-01  2.00835833e-01  2.00825144e-01 -1.25080255e-05  3.73833603e-12  3.46035104e-12 
 3.04000117e-05  2.00614106e-01  2.00847779e-01  2.00825203e-01 -1.09262802e-05  1.77210635e-09  6.43177662e-10 
 3.04000350e-05  2.00620609e-01  2.00867777e-01  2.00825412e-01 -9.97437849e-06  5.16616415e-09  1.82706233e-09 
 3.04000816e-05  2.00623707e-01  2.00896616e-01  2.00826276e-01 -9.06017577e-06  1.07761798e-08  3.94834804e-09 
 3.04001278e-05  2.00629432e-01  2.00918177e-01  2.00827577e-01 -8.24097089e-06  1.51034879e-08  5.90866176e-09 
 3.04002201e-05  2.00637890e-01  2.00942990e-01  2.00830949e-01 -7.52955621e-06  2.16158742e-08  9.50631493e-09 
 3.04004048e-05  2.00656891e-01  2.00952967e-01  2.00838572e-01 -6.89213883e-06  3.02784473e-08  1.60209138e-08 
 3.04006588e-05  2.00681572e-01  2.00933307e-01  2.00847710e-01 -6.88886089e-06  3.86528618e-08  2.40708858e-08 
 3.04009817e-05  2.00714187e-01  2.00895984e-01  2.00854611e-01 -6.81698849e-06  4.76917136e-08  3.32186118e-08 
 3.04014418e-05  2.00759989e-01  2.00835032e-01  2.00854755e-01 -6.98333583e-06  5.90841889e-08  4.43966037e-08 
 3.04015814e-05  2.00775357e-01  2.00814994e-01  2.00852595e-01 -7.01729582e-06  6.15635399e-08  4.73818064e-08 
 3.04018605e-05  2.00811914e-01  2.00771378e-01  2.00845250e-01 -8.18389569e-06  5.21449380e-08  5.25593497e-08 
 3.04020035e-05  2.00840380e-01  2.00746007e-01  2.00839878e-01 -9.57957434e-06  2.90307567e-08  5.45887792e-08 
 3.04021102e-05  2.00868260e-01  2.00724310e-01  2.00835085e-01 -1.14483851e-05 -7.83852391e-09  5.55661467e-08 
 3.04022173e-05  2.00904236e-01  2.00699201e-01  2.00829488e-01 -1.38912853e-05 -7.18448978e-08  5.58762469e-08 
 3.04023305e-05  2.00951216e-01  2.00668355e-01  2.00822592e-01 -1.70975121e-05 -1.80380367e-07  5.52184448e-08 
 3.04024425e-05  2.01008975e-01  2.00632201e-01  2.00814601e-01 -2.01697327e-05 -3.42867619e-07  5.32713654e-08 
 3.04025486e-05  2.01076889e-01  2.00591561e-01  2.00805764e-01 -2.23899874e-05 -5.62191588e-07  4.98944456e-08 
 3.04026668e-05  2.01177446e-01  2.00538040e-01  2.00794165e-01 -2.37689444e-05 -8.98684458e-07  4.39835357e-08 
 3.04027768e-05  2.01309256e-01  2.00483317e-01  2.00781530e-01 -2.53224929e-05 -1.30274731e-06  3.63717687e-08 
 3.04029434e-05  2.01636492e-01  2.00400417e-01  2.00758984e-01 -2.82667527e-05 -2.06884245e-06  2.11895817e-08 
 3.04030779e-05  2.02066469e-01  2.00337516e-01  2.00738014e-01 -3.09445990e-05 -2.80882112e-06  5.85827603e-09 
 3.04032086e-05  2.02683813e-01  2.00281898e-01  2.00715696e-01 -3.34990931e-05 -3.61343337e-06 -1.15052711e-08 
 3.04033342e-05  2.03505507e-01  2.00234623e-01  2.00692773e-01 -3.58132523e-05 -4.45175341e-06 -3.03513219e-08 
 3.04034277e-05  2.04278225e-01  2.00204282e-01  2.00675036e-01 -3.72261589e-05 -5.10370631e-06 -4.55513551e-08 
 3.04034762e-05  2.04735449e-01  2.00190887e-01  2.00665671e-01 -3.77442579e-05 -5.44594059e-06 -5.37493433e-08 
 3.04035155e-05  2.05135487e-01  2.00181864e-01  2.00658033e-01 -3.79379598e-05 -5.72069727e-06 -6.04801612e-08 
 3.04035444e-05  2.05445665e-01  2.00176861e-01  2.00652420e-01 -3.78765662e-05 -5.91738315e-06 -6.54164019e-08 
 3.04035714e-05  2.05747754e-01  2.00174018e-01  2.00647181e-01 -3.75598809e-05 -6.09317303e-06 -6.99542169e-08 
 3.04035979e-05  2.06053554e-01  2.00173922e-01  2.00642087e-01 -3.68836933e-05 -6.25210042e-06 -7.42088848e-08 
 3.04036272e-05  2.06405950e-01  2.00178654e-01  2.00636540e-01 -3.56504450e-05 -6.40536104e-06 -7.85118779e-08 
 3.04036603e-05  2.06831536e-01  2.00192102e-01  2.00630481e-01 -3.37076591e-05 -6.54333840e-06 -8.26503612e-08 
 3.04036983e-05  2.07371033e-01  2.00218354e-01  2.00623907e-01 -3.09816353e-05 -6.65388160e-06 -8.63848635e-08 
 3.04037489e-05  2.08182142e-01  2.00266059e-01  2.00616058e-01 -2.69938103e-05 -6.72728338e-06 -8.98397803e-08 
 3.04037866e-05  2.08855803e-01  2.00306511e-01  2.00610980e-01 -2.40583575e-05 -6.73563034e-06 -9.15415737e-08 
 3.04038231e-05  2.09562356e-01  2.00345672e-01  2.00606706e-01 -2.14083225e-05 -6.71512104e-06 -9.27574027e-08 
 3.04038668e-05  2.10472289e-01  2.00389150e-01  2.00602378e-01 -1.86141756e-05 -6.66335988e-06 -9.39391074e-08 
 3.04039087e-05  2.11399780e-01  2.00425279e-01  2.00598971e-01 -1.63593313e-05 -6.59427427e-06 -9.49949588e-08 
 3.04039573e-05  2.12540260e-01  2.00459487e-01  2.00595760e-01 -1.42536618e-05 -6.49873918e-06 -9.63375936e-08 
 3.04040074e-05  2.13778204e-01  2.00486143e-01  2.00593123e-01 -1.25825537e-05 -6.39009715e-06 -9.79752764e-08 
 3.04040682e-05  2.15358806e-01  2.00508336e-01  2.00590581e-01 -1.11177868e-05 -6.25141833e-06 -1.00400008e-07 
 3.04041352e-05  2.17200740e-01  2.00522594e-01  2.00588327e-01 -1.00213101e-05 -6.09498166e-06 -1.03658718e-07 
 3.04042199e-05  2.19664524e-01  2.00529805e-01  2.00585922e-01 -9.17354628e-06 -5.89803230e-06 -1.08593778e-07 
 3.04043212e-05  2.22806823e-01  2.00528480e-01  2.00583269e-01 -8.61718123e-06 -5.66760813e-06 -1.15556899e-07 
 3.04044592e-05  2.27423454e-01  2.00517716e-01  2.00579501e-01 -8.26690034e-06 -5.36603566e-06 -1.26621081e-07 
 3.04046457e-05  2.34278615e-01  2.00496484e-01  2.00573572e-01 -8.07172181e-06 -4.98190748e-06 -1.44033230e-07 
 3.04048228e-05  2.41429765e-01  2.00474234e-01  2.00566848e-01 -7.98676002e-06 -4.64168782e-06 -1.62820528e-07 
 3.04050000e-05  2.49189751e-01  2.00452010e-01  2.00559063e-01 -7.91362038e-06 -4.32406276e-06 -1.83505812e-07 
 3.04050031e-05  2.49327097e-01  2.00447887e-01  2.00558912e-01 -8.96930440e-06 -4.31913595e-06 -1.84069949e-07 
 3.04050093e-05  2.49603820e-01  2.00440232e-01  2.00558602e-01 -9.45631965e-06 -4.30928139e-06 -1.85179838e-07 
 3.04050217e-05  2.50164071e-01  2.00427446e-01  2.00557934e-01 -9.70412916e-06 -4.28947868e-06 -1.87317414e-07 
 3.04050456e-05  2.51242886e-01  2.00407053e-01  2.00556501e-01 -1.01589431e-05 -4.25117776e-06 -1.91300435e-07 
 3.04050806e-05  2.52818695e-01  2.00381346e-01  2.00554105e-01 -1.06532894e-05 -4.19488543e-06 -1.96966491e-07 
 3.04051506e-05  2.55951491e-01  2.00342096e-01  2.00548515e-01 -1.12843508e-05 -4.08302204e-06 -2.07783720e-07 
 3.04052907e-05  2.62135444e-01  2.00297626e-01  2.00535510e-01 -1.18153173e-05 -3.86598732e-06 -2.27851215e-07 
 3.04054504e-05  2.69055316e-01  2.00277390e-01  2.00519538e-01 -1.19304064e-05 -3.63161827e-06 -2.48631699e-07 
 3.04057404e-05  2.81269976e-01  2.00268221e-01  2.00491384e-01 -1.19306627e-05 -3.24120225e-06 -2.81538835e-07 
 3.04060520e-05  2.93902586e-01  2.00275432e-01  2.00464448e-01 -1.18827421e-05 -2.86812919e-06 -3.10659932e-07 
 3.04066527e-05  3.16906057e-01  2.00317843e-01  2.00426299e-01 -1.18305969e-05 -2.26360660e-06 -3.51768013e-07 
 3.04075956e-05  3.49678874e-01  2.00451852e-01  2.00409966e-01 -1.17514044e-05 -1.55646041e-06 -3.85601628e-07 
 3.04094094e-05  4.02439472e-01  2.00913964e-01  2.00549937e-01 -1.16713764e-05 -7.37427754e-07 -3.86043073e-07 
 3.04110446e-05  4.39464765e-01  2.01541538e-01  2.00879077e-01 -1.16323194e-05 -3.76492780e-07 -3.45125060e-07 
 3.04128009e-05  4.69743688e-01  2.02418439e-01  2.01446210e-01 -1.16356205e-05 -1.80460536e-07 -2.86239003e-07 
 3.04146084e-05  4.92683685e-01  2.03518808e-01  2.02249315e-01 -1.16486024e-05 -8.28228886e-08 -2.25163356e-07 
 3.04165480e-05  5.10324092e-01  2.04892260e-01  2.03337164e-01 -1.16917035e-05 -3.38809445e-08 -1.67953802e-07 
 3.04185075e-05  5.22794013e-01  2.06451237e-01  2.04646068e-01 -1.17317201e-05 -1.17630909e-08 -1.21639976e-07 
 3.04207284e-05  5.32402553e-01  2.08387867e-01  2.06345787e-01 -1.17964987e-05 -9.77394246e-10 -8.23453811e-08 
 3.04231327e-05  5.39135398e-01  2.10647873e-01  2.08399130e-01 -1.18544605e-05  3.60637805e-09 -5.26245471e-08 
 3.04259403e-05  5.43943464e-01  2.13453565e-01  2.11017780e-01 -1.19342014e-05  5.59765214e-09 -3.00777664e-08 
 3.04290978e-05  5.46996976e-01  2.16771970e-01  2.14179595e-01 -1.20030680e-05  6.45326396e-09 -1.49756694e-08 
 3.04329119e-05  5.48889211e-01  2.20948246e-01  2.18221020e-01 -1.20893515e-05  6.96029411e-09 -5.13136596e-09 
 3.04374478e-05  5.49888336e-01  2.26083058e-01  2.23247451e-01 -1.21600864e-05  7.36420729e-09  4.11982436e-10 
 3.04432747e-05  5.50356045e-01  2.32856200e-01  2.29932680e-01 -1.22424869e-05  7.73104149e-09  3.30369282e-09 
 3.04499821e-05  5.50503109e-01  2.40807275e-01  2.37824466e-01 -1.22962118e-05  8.02173861e-09  4.47653822e-09 
 3.04571658e-05  5.50538858e-01  2.49430836e-01  2.46412210e-01 -1.23452720e-05  8.21610481e-09  4.96306827e-09 
 3.04653742e-05  5.50549518e-01  2.59358267e-01  2.56317914e-01 -1.23676821e-05  8.35889073e-09  5.24423462e-09 
 3.04745478e-05  5.50555111e-01  2.70498676e-01  2.67446982e-01 -1.23923950e-05  8.44640883e-09  5.42424557e-09 
 3.04851616e-05  5.50561350e-01  2.83409721e-01  2.80353835e-01 -1.23950264e-05  8.50480871e-09  5.55025508e-09 
 3.04972245e-05  5.50568447e-01  2.98081710e-01  2.95026927e-01 -1.24053128e-05  8.52785909e-09  5.62834548e-09 
 3.05116548e-05  5.50577569e-01  3.15604196e-01  3.12555161e-01 -1.23978859e-05  8.53591853e-09  5.67927975e-09 
 3.05292040e-05  5.50588801e-01  3.36842950e-01  3.33805257e-01 -1.24017984e-05  8.51741642e-09  5.70764944e-09 
 3.05530772e-05  5.50605144e-01  3.65541513e-01  3.62528566e-01 -1.23897588e-05  8.47308869e-09  5.72945429e-09 
 3.05780772e-05  5.50623087e-01  3.95198757e-01  3.92233066e-01 -1.23911801e-05  8.36705393e-09  5.72841266e-09 
 3.06030772e-05  5.50642570e-01  4.24082654e-01  4.21211905e-01 -1.23791531e-05  8.14350647e-09  5.66593423e-09 
 3.06280772e-05  5.50663029e-01  4.51399390e-01  4.48724186e-01 -1.23829774e-05  7.63215513e-09  5.41706910e-09 
 3.06530772e-05  5.50684327e-01  4.75654192e-01  4.73356774e-01 -1.23781214e-05  6.59687153e-09  4.78442671e-09 
 3.06707565e-05  5.50698693e-01  4.89857398e-01  4.87973042e-01 -1.23917488e-05  5.42323028e-09  3.99844066e-09 
 3.06850090e-05  5.50709361e-01  4.98917577e-01  4.97433697e-01 -1.23937586e-05  4.27097308e-09  3.18822550e-09 
 3.07006040e-05  5.50718679e-01  5.06209777e-01  5.05164811e-01 -1.24132707e-05  2.98095268e-09  2.25112912e-09 
 3.07173747e-05  5.50725918e-01  5.11391238e-01  5.10727085e-01 -1.24204602e-05  1.84753638e-09  1.39376963e-09 
 3.07389773e-05  5.50730690e-01  5.15479393e-01  5.15083862e-01 -1.24425830e-05  1.01801410e-09  7.30179211e-10 
 3.07597323e-05  5.50732656e-01  5.18239066e-01  5.17903644e-01 -1.24444533e-05  8.18332970e-10  5.37305687e-10 
 3.07780270e-05  5.50733407e-01  5.20587186e-01  5.20233849e-01 -1.24549627e-05  8.61478581e-10  5.54274840e-10 
 3.07975289e-05  5.50734637e-01  5.23226771e-01  5.22855741e-01 -1.24489048e-05  9.23939013e-10  6.02958613e-10 
 3.08195380e-05  5.50736134e-01  5.26207684e-01  5.25846778e-01 -1.24557587e-05  9.04237844e-10  6.04185481e-10 
 3.08445380e-05  5.50738281e-01  5.29309191e-01  5.28988925e-01 -1.24485554e-05  8.01639964e-10  5.42538545e-10 
 3.08695380e-05  5.50739987e-01  5.31968419e-01  5.31694529e-01 -1.24559432e-05  6.70152299e-10  4.55226564e-10 
 3.08945380e-05  5.50741619e-01  5.34220293e-01  5.33983171e-01 -1.24494937e-05  5.70829752e-10  3.84757325e-10 
 3.09195380e-05  5.50742720e-01  5.36169774e-01  5.35958362e-01 -1.24570713e-05  4.96063630e-10  3.33677042e-10 
 3.09445380e-05  5.50743909e-01  5.37893737e-01  5.37702616e-01 -1.24503717e-05  4.44527554e-10  2.97904733e-10 
 3.09695380e-05  5.50744728e-01  5.39426389e-01  5.39253488e-01 -1.24576767e-05  3.91862121e-10  2.63971113e-10 
 3.09945380e-05  5.50745705e-01  5.40781110e-01  5.40625596e-01 -1.24508124e-05  3.48406241e-10  2.34169398e-10 
 3.10195380e-05  5.50746327e-01  5.41972297e-01  5.41832340e-01 -1.24580729e-05  3.02552688e-10  2.04421078e-10 
 3.10445380e-05  5.50747111e-01  5.43018291e-01  5.42892066e-01 -1.24511714e-05  2.68790299e-10  1.80719387e-10 
 3.10695380e-05  5.50747557e-01  5.43938947e-01  5.43824374e-01 -1.24584037e-05  2.33564974e-10  1.58035883e-10 
 3.10945380e-05  5.50748191e-01  5.44750518e-01  5.44646286e-01 -1.24514459e-05  2.09154597e-10  1.40700490e-10 
 3.11195380e-05  5.50748509e-01  5.45466626e-01  5.45371345e-01 -1.24586453e-05  1.81317872e-10  1.23074108e-10 
 3.11445380e-05  5.50749031e-01  5.46097949e-01  5.46010774e-01 -1.24516442e-05  1.62996233e-10  1.09835381e-10 
 3.11695380e-05  5.50749250e-01  5.46654629e-01  5.46574441e-01 -1.24588274e-05  1.40466472e-10  9.57597945e-11 
 3.11945380e-05  5.50749686e-01  5.47145208e-01  5.47071335e-01 -1.24517949e-05  1.27005140e-10  8.57544718e-11 
 3.12195380e-05  5.50749828e-01  5.47577938e-01  5.47509458e-01 -1.24589685e-05  1.08786308e-10  7.45731977e-11 
 3.12445380e-05  5.50750196e-01  5.47959441e-01  5.47895869e-01 -1.24519088e-05  9.91531468e-11  6.71273802e-11 
 3.12695380e-05  5.50750279e-01  5.48296086e-01  5.48236687e-01 -1.24590772e-05  8.42272816e-11  5.81623892e-11 
 3.12945380e-05  5.50750594e-01  5.48592879e-01  5.48537314e-01 -1.24519946e-05  7.75182152e-11  5.26657048e-11 
 3.13195380e-05  5.50750632e-01  5.48854807e-01  5.48802473e-01 -1.24591618e-05  6.51277467e-11  4.54043378e-11 
 3.13445380e-05  5.50750907e-01  5.49085715e-01  5.49036376e-01 -1.24520595e-05  6.06987139e-11  4.14239266e-11 
 3.13695380e-05  5.50750908e-01  5.49289541e-01  5.49242701e-01 -1.24592281e-05  5.02800176e-11  3.54890294e-11 
 3.13945380e-05  5.50751152e-01  5.49469222e-01  5.49424724e-01 -1.24521084e-05  4.76267305e-11  3.26880449e-11 
 3.14195380e-05  5.50751126e-01  5.49627865e-01  5.49585298e-01 -1.24592804e-05  3.87331801e-11  2.77805634e-11 
 3.14445380e-05  5.50751345e-01  5.49767699e-01  5.49726967e-01 -1.24521450e-05  3.74613435e-11  2.58950634e-11 
 3.14695380e-05  5.50751298e-01  5.49891188e-01  5.49851946e-01 -1.24593220e-05  2.97487022e-11  2.17843119e-11 
 3.14945380e-05  5.50751498e-01  5.50000019e-01  5.49962217e-01 -1.24521723e-05  2.95547068e-11  2.06113375e-11 
 3.15195380e-05  5.50751434e-01  5.50096154e-01  5.50059499e-01 -1.24593553e-05  2.27567433e-11  1.71191427e-11 
 3.15445380e-05  5.50751619e-01  5.50180859e-01  5.50145336e-01 -1.24521922e-05  2.34044604e-11  1.65010037e-11 
 3.15695380e-05  5.50751542e-01  5.50255705e-01  5.50221064e-01 -1.24593823e-05  1.73141527e-11  1.34888207e-11 
 3.15945380e-05  5.50751715e-01  5.50321635e-01  5.50287887e-01 -1.24522065e-05  1.86199574e-11  1.33029334e-11 
 3.16195380e-05  5.50751628e-01  5.50379912e-01  5.50346839e-01 -1.24594044e-05  1.30766765e-11  1.06632564e-11 
 3.16445380e-05  5.50751793e-01  5.50431229e-01  5.50398861e-01 -1.24522165e-05  1.48978419e-11  1.08144086e-11 
 3.16695380e-05  5.50751698e-01  5.50476608e-01  5.50444755e-01 -1.24594227e-05  9.77686703e-12  8.46376143e-12 
 3.16945380e-05  5.50751856e-01  5.50516550e-01  5.50485256e-01 -1.24522232e-05  1.20023008e-11  8.87789495e-12 
 3.17195380e-05  5.50751755e-01  5.50551889e-01  5.50520987e-01 -1.24594380e-05  7.20673456e-12  6.75140640e-12 
 3.17445380e-05  5.50751907e-01  5.50582977e-01  5.50552520e-01 -1.24522272e-05  9.74992851e-12  7.37088483e-12 
 3.17695380e-05  5.50751801e-01  5.50610500e-01  5.50580337e-01 -1.24594511e-05  5.20450827e-12  5.41814732e-12 
 3.17945380e-05  5.50751949e-01  5.50634696e-01  5.50604889e-01 -1.24522292e-05  7.99806965e-12  6.19810979e-12 
 3.18195380e-05  5.50751840e-01  5.50656133e-01  5.50626547e-01 -1.24594624e-05  3.64434958e-12  4.37994915e-12 
 3.18445380e-05  5.50751985e-01  5.50674964e-01  5.50645663e-01 -1.24522296e-05  6.63573992e-12  5.28545393e-12 
 3.18695380e-05  5.50751873e-01  5.50691663e-01  5.50662526e-01 -1.24594723e-05  2.42833054e-12  3.57142842e-12 
 3.18945380e-05  5.50752015e-01  5.50706317e-01  5.50677411e-01 -1.24522288e-05  5.57656525e-12  4.57525196e-12 
 3.19195380e-05  5.50751900e-01  5.50719328e-01  5.50690540e-01 -1.24594811e-05  1.48024431e-12  2.94170233e-12 
 3.19445380e-05  5.50752040e-01  5.50730730e-01  5.50702130e-01 -1.24522271e-05  4.75333987e-12  4.02262403e-12 
 3.19695380e-05  5.50751924e-01  5.50740869e-01  5.50712353e-01 -1.24594891e-05  7.40783086e-13  2.45117587e-12 
 3.19945380e-05  5.50752063e-01  5.50749740e-01  5.50721379e-01 -1.24522246e-05  4.11375274e-12  3.59264902e-12 
 3.20195380e-05  5.50751945e-01  5.50757642e-01  5.50729339e-01 -1.24594965e-05  1.63772858e-13  2.06902778e-12 
 3.20445380e-05  5.50752083e-01  5.50764544e-01  5.50736368e-01 -1.24522215e-05  3.61708103e-12  3.25813953e-12 
 3.20695380e-05  5.50751964e-01  5.50770704e-01  5.50742566e-01 -1.24595034e-05 -2.86721818e-13  1.77126640e-12 
 3.20945380e-05  5.50752100e-01  5.50776072e-01  5.50748040e-01 -1.24522179e-05  3.23163284e-12  2.99793751e-12 
 3.21195380e-05  5.50751981e-01  5.50780876e-01  5.50752867e-01 -1.24595099e-05 -6.38681165e-13  1.53921580e-12 
 3.21445380e-05  5.50752117e-01  5.50785050e-01  5.50757130e-01 -1.24522140e-05  2.93273674e-12  2.79557264e-12 
 3.21695380e-05  5.50751997e-01  5.50788797e-01  5.50760889e-01 -1.24595160e-05 -9.13887022e-13  1.35833770e-12 
 3.21945380e-05  5.50752132e-01  5.50792043e-01  5.50764210e-01 -1.24522099e-05  2.70118780e-12  2.63822362e-12 
 3.22195380e-05  5.50752011e-01  5.50794967e-01  5.50767138e-01 -1.24595220e-05 -1.12929913e-12  1.21731287e-12 
 3.22445380e-05  5.50752146e-01  5.50797490e-01  5.50769725e-01 -1.24522055e-05  2.52203141e-12  2.51590768e-12 
 3.22695380e-05  5.50752025e-01  5.50799774e-01  5.50772005e-01 -1.24595277e-05 -1.29812177e-12  1.10732680e-12 
 3.22945380e-05  5.50752159e-01  5.50801733e-01  5.50774021e-01 -1.24522010e-05  2.38363604e-12  2.42085686e-12 
 3.23195380e-05  5.50752038e-01  5.50803518e-01  5.50775797e-01 -1.24595334e-05 -1.43063534e-12  1.02151924e-12 
 3.23445380e-05  5.50752172e-01  5.50805039e-01  5.50777368e-01 -1.24521963e-05  2.27693797e-12  2.34702091e-12 
 3.23695380e-05  5.50752051e-01  5.50806435e-01  5.50778752e-01 -1.24595389e-05 -1.53484495e-12  9.54547043e-13 
 3.23847690e-05  5.50752182e-01  5.50807162e-01  5.50779516e-01 -1.24521898e-05  2.21187001e-12  2.30024474e-12 
 3.24000000e-05  5.50752058e-01  5.50807886e-01  5.50780222e-01 -1.24595475e-05 -1.59225476e-12  9.20314497e-13 
 3.24000151e-05  5.50741873e-01  5.50793168e-01  5.50780134e-01 -1.39954790e-05 -1.96798906e-09 -8.11430095e-10 
 3.24000453e-05  5.50732183e-01  5.50769029e-01  5.50779815e-01 -1.47681033e-05 -5.38563021e-09 -2.29955668e-09 
 3.24001058e-05  5.50724748e-01  5.50735867e-01  5.50778503e-01 -1.54246869e-05 -1.00431601e-08 -4.92990240e-09 
 3.24001817e-05  5.50712927e-01  5.50709611e-01  5.50776012e-01 -1.60829682e-05 -1.38989641e-08 -7.95760394e-09 
 3.24003073e-05  5.50698084e-01  5.50693473e-01  5.50771013e-01 -1.63735669e-05 -1.87520985e-08 -1.25438864e-08 
 3.24004854e-05  5.50674580e-01  5.50696995e-01  5.50763906e-01 -1.66181012e-05 -2.46585827e-08 -1.85642332e-08 
 3.24007826e-05  5.50638458e-01  5.50724930e-01  5.50754873e-01 -1.65816363e-05 -3.35012084e-08 -2.76597520e-08 
 3.24011310e-05  5.50595526e-01  5.50766564e-01  5.50750097e-01 -1.67979805e-05 -4.24521905e-08 -3.70474062e-08 
 3.24014956e-05  5.50556616e-01  5.50815222e-01  5.50751899e-01 -1.75023087e-05 -4.79516409e-08 -4.54778194e-08 
 3.24016481e-05  5.50541913e-01  5.50837354e-01  5.50754673e-01 -1.86289827e-05 -4.67118981e-08 -4.85684605e-08 
 3.24018338e-05  5.50530334e-01  5.50867332e-01  5.50759696e-01 -2.11381752e-05 -3.64510478e-08 -5.18541336e-08 
 3.24019991e-05  5.50524151e-01  5.50897135e-01  5.50765778e-01 -2.51272011e-05 -1.34996941e-08 -5.42482999e-08 
 3.24021440e-05  5.50523946e-01  5.50926676e-01  5.50772455e-01 -2.98963864e-05  2.39508131e-08 -5.57912067e-08 
 3.24022707e-05  5.50524955e-01  5.50955598e-01  5.50779431e-01 -3.51687454e-05  7.66270198e-08 -5.65981510e-08 
 3.24023777e-05  5.50526500e-01  5.50983084e-01  5.50786237e-01 -4.01359340e-05  1.42238043e-07 -5.67399510e-08 
 3.24024693e-05  5.50525478e-01  5.51009550e-01  5.50792808e-01 -4.47765587e-05  2.20396870e-07 -5.63363146e-08 
 3.24025518e-05  5.50522075e-01  5.51036510e-01  5.50799386e-01 -4.89882067e-05  3.14842171e-07 -5.54075936e-08 
 3.24026324e-05  5.50514594e-01  5.51066527e-01  5.50806506e-01 -5.31380890e-05  4.36396506e-07 -5.38309953e-08 
 3.24027268e-05  5.50503739e-01  5.51106568e-01  5.50815868e-01 -5.78394693e-05  6.23350776e-07 -5.09780760e-08 
 3.24028208e-05  5.50494976e-01  5.51149984e-01  5.50826380e-01 -6.25489937e-05  8.58002984e-07 -4.70820534e-08 
 3.24029417e-05  5.50489800e-01  5.51206608e-01  5.50841694e-01 -6.86674126e-05  1.22362989e-06 -4.07928455e-08 
 3.24030666e-05  5.50490166e-01  5.51263214e-01  5.50859517e-01 -7.51509685e-05  1.66649865e-06 -3.30881885e-08 
 3.24032083e-05  5.50496374e-01  5.51323648e-01  5.50881914e-01 -8.24488613e-05  2.23622869e-06 -2.31647322e-08 
 3.24033672e-05  5.50508457e-01  5.51386247e-01  5.50909359e-01 -9.02787742e-05  2.94508751e-06 -1.08511342e-08 
 3.24035529e-05  5.50527766e-01  5.51451374e-01  5.50943883e-01 -9.81085356e-05  3.84267381e-06  4.63641177e-09 
 3.24036957e-05  5.50544783e-01  5.51493467e-01  5.50971707e-01 -1.02095938e-04  4.56083683e-06  1.68695656e-08 
 3.24037807e-05  5.50555150e-01  5.51512967e-01  5.50988555e-01 -1.02262820e-04  4.98524835e-06  2.39553315e-08 
 3.24038364e-05  5.50561353e-01  5.51521398e-01  5.50999594e-01 -1.00018782e-04  5.25175756e-06  2.82714155e-08 
 3.24038868e-05  5.50566110e-01  5.51523618e-01  5.51009478e-01 -9.55446590e-05  5.47480566e-06  3.17018218e-08 
 3.24039457e-05  5.50570208e-01  5.51517339e-01  5.51020735e-01 -8.78101312e-05  5.70176465e-06  3.48561160e-08 
 3.24040144e-05  5.50572916e-01  5.51497626e-01  5.51033190e-01 -7.67350859e-05  5.90945266e-06  3.71521940e-08 
 3.24040919e-05  5.50573449e-01  5.51463030e-01  5.51045997e-01 -6.36609834e-05  6.06380152e-06  3.79290359e-08 
 3.24041960e-05  5.50570621e-01  5.51407152e-01  5.51060734e-01 -4.80085906e-05  6.14658712e-06  3.63970185e-08 
 3.24042768e-05  5.50566321e-01  5.51364198e-01  5.51070197e-01 -3.86579958e-05  6.12784900e-06  3.36683528e-08 
 3.24043548e-05  5.50560954e-01  5.51328696e-01  5.51077835e-01 -3.19884799e-05  6.05909579e-06  3.02568349e-08 
 3.24044506e-05  5.50553306e-01  5.51295805e-01  5.51085617e-01 -2.63907799e-05  5.92811834e-06  2.55136887e-08 
 3.24045393e-05  5.50545518e-01  5.51275971e-01  5.51091638e-01 -2.31430417e-05  5.77741499e-06  2.09018774e-08 
 3.24046435e-05  5.50535906e-01  5.51263896e-01  5.51097791e-01 -2.08574768e-05  5.58129636e-06  1.54952172e-08 
 3.24047488e-05  5.50525846e-01  5.51261174e-01  5.51103451e-01 -1.95885723e-05  5.37383291e-06  1.01889206e-08 
 3.24048793e-05  5.50513188e-01  5.51266743e-01  5.51110217e-01 -1.87980168e-05  5.11540503e-06  3.93061729e-09 
 3.24050000e-05  5.50501351e-01  5.51277551e-01  5.51116549e-01 -1.84695692e-05  4.88130452e-06 -1.52123269e-09 
 3.24050026e-05  5.50504245e-01  5.51280977e-01  5.51116690e-01 -1.74240508e-05  4.87674790e-06 -1.47939089e-09 
 3.24050078e-05  5.50508331e-01  5.51287396e-01  5.51116980e-01 -1.68752753e-05  4.86767248e-06 -1.40723978e-09 
 3.24050181e-05  5.50510629e-01  5.51298319e-01  5.51117593e-01 -1.64615307e-05  4.84956526e-06 -1.31508692e-09 
 3.24050315e-05  5.50510743e-01  5.51310295e-01  5.51118444e-01 -1.60637331e-05  4.82603095e-06 -1.24042525e-09 
 3.24050583e-05  5.50510980e-01  5.51331638e-01  5.51120311e-01 -1.53249185e-05  4.77886242e-06 -1.13434760e-09 
 3.24051120e-05  5.50511111e-01  5.51366507e-01  5.51124582e-01 -1.43149878e-05  4.68449588e-06 -1.05631342e-09 
 3.24052095e-05  5.50511307e-01  5.51408566e-01  5.51133585e-01 -1.32524391e-05  4.51461528e-06 -1.16575021e-09 
 3.24054044e-05  5.50511481e-01  5.51448169e-01  5.51153643e-01 -1.25846512e-05  4.18752979e-06 -1.69743201e-09 
 3.24056324e-05  5.50511764e-01  5.51466163e-01  5.51177716e-01 -1.24665475e-05  3.83149901e-06 -2.33175313e-09 
 3.24059455e-05  5.50512022e-01  5.51482749e-01  5.51209438e-01 -1.24772479e-05  3.39022269e-06 -2.98141815e-09 
 3.24063535e-05  5.50512434e-01  5.51500981e-01  5.51247894e-01 -1.24509590e-05  2.88983999e-06 -3.53556497e-09 
 3.24071440e-05  5.50513046e-01  5.51529380e-01  5.51313344e-01 -1.24734124e-05  2.11692059e-06 -3.99329043e-09 
 3.24087249e-05  5.50514183e-01  5.51561616e-01  5.51411639e-01 -1.24470107e-05  1.11815013e-06 -3.62934213e-09 
 3.24118868e-05  5.50515640e-01  5.51551121e-01  5.51502411e-01 -1.24688273e-05  2.64478245e-07 -1.78717709e-09 
 3.24176458e-05  5.50516885e-01  5.51382244e-01  5.51434643e-01 -1.24432449e-05 -1.56065296e-08 -7.79576698e-11 
 3.24244785e-05  5.50516946e-01  5.51087921e-01  5.51172339e-01 -1.24669255e-05  1.94910711e-09 -1.08218394e-10 
 3.24326345e-05  5.50516495e-01  5.50761573e-01  5.50831193e-01 -1.24431713e-05 -7.88669876e-10 -2.15966275e-10 
 3.24418734e-05  5.50515775e-01  5.50505586e-01  5.50539019e-01 -1.24679180e-05 -4.15813547e-11 -1.48770286e-10 
 3.24550314e-05  5.50515109e-01  5.50355204e-01  5.50341705e-01 -1.24442972e-05 -1.16663671e-10 -5.95314211e-11 
 3.24737130e-05  5.50514695e-01  5.50416634e-01  5.50368047e-01 -1.24681152e-05  9.10570779e-11  3.03259291e-11 
 3.24987130e-05  5.50514925e-01  5.50630645e-01  5.50581495e-01 -1.24433558e-05  3.98567789e-11  4.76020589e-11 
 3.25237130e-05  5.50515202e-01  5.50739801e-01  5.50708488e-01 -1.24672612e-05  2.93661044e-11  1.62586419e-11 
 3.25487130e-05  5.50515351e-01  5.50717273e-01  5.50696011e-01 -1.24433929e-05 -2.68676576e-11 -8.42268524e-12 
 3.25737130e-05  5.50515251e-01  5.50659186e-01  5.50637152e-01 -1.24676648e-05 -9.43765920e-12 -1.03140491e-11 
 3.25868565e-05  5.50515250e-01  5.50638632e-01  5.50614297e-01 -1.24436192e-05 -1.22425113e-11 -6.06934468e-12 
 3.26000000e-05  5.50515177e-01  5.50628858e-01  5.50602587e-01 -1.24676912e-05 -3.01828571e-12 -2.38312798e-12 
 3.26000061e-05  5.50518380e-01  5.50639797e-01  5.50602611e-01 -7.60773467e-06  1.40357558e-09  3.17656301e-10 
 3.26000182e-05  5.50521700e-01  5.50658140e-01  5.50602702e-01 -7.13343654e-06  4.30301505e-09  9.28074626e-10 
 3.26000400e-05  5.50521994e-01  5.50681492e-01  5.50603045e-01 -6.97108824e-06  9.51900587e-09  1.94214636e-09 
 3.26000624e-05  5.50522556e-01  5.50701175e-01  5.50603588e-01 -6.70278431e-06  1.47263324e-08  2.95294981e-09 
 3.26001073e-05  5.50523525e-01  5.50733988e-01  5.50605128e-01 -6.40780319e-06  2.48748783e-08  4.90235905e-09 
 3.26001923e-05  5.50525298e-01  5.50776497e-01  5.50609223e-01 -6.03458427e-06  4.31784544e-08  8.38109311e-09 
 3.26003260e-05  5.50528122e-01  5.50811099e-01  5.50617403e-01 -5.83512072e-06  7.02965102e-08  1.34794174e-08 
 3.26005934e-05  5.50533714e-01  5.50833333e-01  5.50635403e-01 -5.73734302e-06  1.19949348e-07  2.27509986e-08 
 3.26009606e-05  5.50541416e-01  5.50837170e-01  5.50658979e-01 -5.76364244e-06  1.80045039e-07  3.39396095e-08 
 3.26015163e-05  5.50553715e-01  5.50836349e-01  5.50689036e-01 -5.90841482e-06  2.56143149e-07  4.80657603e-08 
 3.26016094e-05  5.50556527e-01  5.50835714e-01  5.50693403e-01 -6.01452307e-06  2.67263643e-07  5.01221104e-08 
 3.26017956e-05  5.50565279e-01  5.50833113e-01  5.50701551e-01 -6.61047963e-06  2.87809742e-07  5.38839749e-08 
 3.26019120e-05  5.50575183e-01  5.50830270e-01  5.50706223e-01 -7.47974852e-06  2.99214259e-07  5.59255465e-08 
 3.26020365e-05  5.50592276e-01  5.50825143e-01  5.50710786e-01 -9.15504344e-06  3.09468427e-07  5.76627920e-08 
 3.26021541e-05  5.50616581e-01  5.50817530e-01  5.50714600e-01 -1.15964621e-05  3.16575584e-07  5.86863513e-08 
 3.26022675e-05  5.50648216e-01  5.50806650e-01  5.50717704e-01 -1.47207686e-05  3.20162260e-07  5.88661015e-08 
 3.26023779e-05  5.50686197e-01  5.50791946e-01  5.50720040e-01 -1.80912711e-05  3.19657374e-07  5.80295542e-08 
 3.26024827e-05  5.50727110e-01  5.50773178e-01  5.50721476e-01 -2.09752069e-05  3.14552425e-07  5.60401808e-08 
 3.26025834e-05  5.50769099e-01  5.50749714e-01  5.50721967e-01 -2.27710629e-05  3.04409181e-07  5.27538171e-08 
 3.26026940e-05  5.50816038e-01  5.50718315e-01  5.50721297e-01 -2.43083771e-05  2.86717506e-07  4.74231464e-08 
 3.26028117e-05  5.50865350e-01  5.50682330e-01  5.50719065e-01 -2.63702505e-05  2.60670951e-07  3.99036988e-08 
 3.26030228e-05  5.50947163e-01  5.50623304e-01  5.50711467e-01 -3.08262191e-05  1.97880652e-07  2.25741511e-08 
 3.26031911e-05  5.51002735e-01  5.50586007e-01  5.50702718e-01 -3.44090287e-05  1.34803364e-07  5.93193807e-09 
 3.26033164e-05  5.51035648e-01  5.50565907e-01  5.50695174e-01 -3.68733770e-05  7.99368917e-08 -7.58745751e-09 
 3.26033905e-05  5.51049593e-01  5.50558036e-01  5.50690480e-01 -3.79998669e-05  3.98133515e-08 -1.58341376e-08 
 3.26034303e-05  5.51054211e-01  5.50555579e-01  5.50687932e-01 -3.84447668e-05  1.02680987e-08 -2.02639206e-08 
 3.26034705e-05  5.51055914e-01  5.50555139e-01  5.50685381e-01 -3.86028938e-05 -3.58440942e-08 -2.46312156e-08 
 3.26034984e-05  5.51053007e-01  5.50556584e-01  5.50683634e-01 -3.85001494e-05 -8.50319630e-08 -2.75448153e-08 
 3.26035209e-05  5.51045328e-01  5.50559286e-01  5.50682261e-01 -3.81627226e-05 -1.39758728e-07 -2.97478174e-08 
 3.26035425e-05  5.51030277e-01  5.50563761e-01  5.50680989e-01 -3.75844105e-05 -2.07258991e-07 -3.16640701e-08 
 3.26035668e-05  5.51003217e-01  5.50571959e-01  5.50679630e-01 -3.65286448e-05 -3.02496423e-07 -3.34870412e-08 
 3.26035948e-05  5.50962268e-01  5.50586727e-01  5.50678201e-01 -3.48653318e-05 -4.38016987e-07 -3.50169899e-08 
 3.26036256e-05  5.50912548e-01  5.50609627e-01  5.50676886e-01 -3.25924946e-05 -6.15514137e-07 -3.58930572e-08 
 3.26036696e-05  5.50843905e-01  5.50651998e-01  5.50675603e-01 -2.89322661e-05 -9.14737988e-07 -3.57720888e-08 
 3.26036965e-05  5.50807111e-01  5.50681720e-01  5.50675214e-01 -2.66018641e-05 -1.12053063e-06 -3.50033682e-08 
 3.26037239e-05  5.50775347e-01  5.50713001e-01  5.50675156e-01 -2.42932474e-05 -1.34399344e-06 -3.38153956e-08 
 3.26037566e-05  5.50744701e-01  5.50749911e-01  5.50675530e-01 -2.17005629e-05 -1.62612145e-06 -3.20123127e-08 
 3.26037932e-05  5.50719447e-01  5.50788768e-01  5.50676491e-01 -1.91080453e-05 -1.95669418e-06 -2.96844161e-08 
 3.26038297e-05  5.50702124e-01  5.50823885e-01  5.50677974e-01 -1.68617132e-05 -2.30109682e-06 -2.71845186e-08 
 3.26038695e-05  5.50690471e-01  5.50857197e-01  5.50680109e-01 -1.48154061e-05 -2.69052625e-06 -2.44025219e-08 
 3.26039118e-05  5.50684336e-01  5.50886765e-01  5.50682863e-01 -1.30619874e-05 -3.11849540e-06 -2.14905143e-08 
 3.26039604e-05  5.50683169e-01  5.50914049e-01  5.50686523e-01 -1.15084132e-05 -3.63055425e-06 -1.82638551e-08 
 3.26040145e-05  5.50687205e-01  5.50937240e-01  5.50691055e-01 -1.02436105e-05 -4.22807723e-06 -1.48642875e-08 
 3.26040794e-05  5.50697485e-01  5.50957343e-01  5.50696914e-01 -9.21219150e-06 -4.99024760e-06 -1.10471570e-08 
 3.26041556e-05  5.50715215e-01  5.50973358e-01  5.50704148e-01 -8.45725453e-06 -5.96398882e-06 -6.86543572e-09 
 3.26042529e-05  5.50744789e-01  5.50986323e-01  5.50713619e-01 -7.93087443e-06 -7.35996235e-06 -1.87751685e-09 
 3.26043770e-05  5.50791334e-01  5.50996163e-01  5.50725738e-01 -7.62546702e-06 -9.44725139e-06  4.11521153e-09 
 3.26045531e-05  5.50869580e-01  5.51004261e-01  5.50742534e-01 -7.48208911e-06 -1.31035032e-05  1.22054409e-08 
 3.26047765e-05  5.50981189e-01  5.51010614e-01  5.50762844e-01 -7.44561873e-06 -1.90471178e-05  2.21659690e-08 
 3.26050000e-05  5.51097721e-01  5.51015320e-01  5.50781889e-01 -7.44104081e-06 -2.64663073e-05  3.20937190e-08 
 3.26050021e-05  5.51096874e-01  5.51010979e-01  5.50782062e-01 -1.20476595e-05 -2.65448278e-05  3.20707006e-08 
 3.26050064e-05  5.51095297e-01  5.51003020e-01  5.50782399e-01 -1.23487988e-05 -2.67020074e-05  3.20260128e-08 
 3.26050150e-05  5.51093371e-01  5.50990196e-01  5.50783037e-01 -1.24626815e-05 -2.70162343e-05  3.19550459e-08 
 3.26050321e-05  5.51091617e-01  5.50970711e-01  5.50784196e-01 -1.24582153e-05 -2.76408586e-05  3.18643504e-08 
 3.26050609e-05  5.51089275e-01  5.50944819e-01  5.50785869e-01 -1.25321050e-05 -2.86797558e-05  3.17772597e-08 
 3.26051185e-05  5.51085787e-01  5.50905144e-01  5.50788411e-01 -1.25256711e-05 -3.07101627e-05  3.17774023e-08 
 3.26052338e-05  5.51080553e-01  5.50858430e-01  5.50791378e-01 -1.25696746e-05 -3.45869455e-05  3.22645020e-08 
 3.26053538e-05  5.51075981e-01  5.50838132e-01  5.50792754e-01 -1.25193915e-05 -3.83727257e-05  3.32914961e-08 
 3.26055636e-05  5.51068378e-01  5.50828720e-01  5.50793812e-01 -1.25319816e-05 -4.44222196e-05  3.60378453e-08 
 3.26058913e-05  5.51057632e-01  5.50833008e-01  5.50794982e-01 -1.24622149e-05 -5.25589595e-05  4.21864229e-08 
 3.26065467e-05  5.51039315e-01  5.50847473e-01  5.50799089e-01 -1.24456199e-05 -6.48690649e-05  5.85673553e-08 
 3.26076757e-05  5.51015669e-01  5.50868834e-01  5.50810703e-01 -1.23498233e-05 -7.70294568e-05  9.06915276e-08 
 3.26088940e-05  5.50998006e-01  5.50888201e-01  5.50826485e-01 -1.23511410e-05 -8.17615366e-05  1.21704032e-07 
 3.26103387e-05  5.50983725e-01  5.50906899e-01  5.50845997e-01 -1.22961324e-05 -8.13682017e-05  1.47063585e-07 
 3.26119250e-05  5.50973046e-01  5.50923243e-01  5.50866002e-01 -1.23259472e-05 -7.73548308e-05  1.60846826e-07 
 3.26140028e-05  5.50963686e-01  5.50939183e-01  5.50888118e-01 -1.22919567e-05 -7.01881474e-05  1.63017523e-07 
 3.26165584e-05  5.50956283e-01  5.50952072e-01  5.50908389e-01 -1.23360901e-05 -6.11689611e-05  1.52268646e-07 
 3.26202529e-05  5.50950187e-01  5.50960410e-01  5.50925646e-01 -1.23138351e-05 -4.99076151e-05  1.28763435e-07 
 3.26251327e-05  5.50946903e-01  5.50957354e-01  5.50931267e-01 -1.23665147e-05 -3.86002133e-05  9.96042583e-08 
 3.26303069e-05  5.50946755e-01  5.50941203e-01  5.50921569e-01 -1.23458619e-05 -3.00314987e-05  7.64400162e-08 
 3.26363636e-05  5.50948793e-01  5.50911260e-01  5.50896499e-01 -1.23968225e-05 -2.29328639e-05  5.75306852e-08 
 3.26429735e-05  5.50952147e-01  5.50871329e-01  5.50859210e-01 -1.23746213e-05 -1.75108767e-05  4.33864168e-08 
 3.26509065e-05  5.50956516e-01  5.50822255e-01  5.50810188e-01 -1.24237328e-05 -1.29905247e-05  3.18280710e-08 
 3.26598049e-05  5.50961038e-01  5.50774985e-01  5.50760111e-01 -1.23995197e-05 -9.52122724e-06  2.31276623e-08 
 3.26705195e-05  5.50965634e-01  5.50737889e-01  5.50717550e-01 -1.24458301e-05 -6.69910422e-06  1.61635085e-08 
 3.26827161e-05  5.50969662e-01  5.50724760e-01  5.50698030e-01 -1.24184755e-05 -4.58089623e-06  1.10068742e-08 
 3.26974277e-05  5.50973211e-01  5.50741744e-01  5.50709504e-01 -1.24611057e-05 -2.94501425e-06  7.06094060e-09 
 3.27143934e-05  5.50975943e-01  5.50784016e-01  5.50749419e-01 -1.24301769e-05 -1.79312889e-06  4.29913400e-09 
 3.27349917e-05  5.50978042e-01  5.50836651e-01  5.50803131e-01 -1.24694071e-05 -9.89516629e-07  2.37409864e-09 
 3.27592861e-05  5.50979393e-01  5.50878037e-01  5.50847369e-01 -1.24357525e-05 -4.91859721e-07  1.18088610e-09 
 3.27842861e-05  5.50980119e-01  5.50898856e-01  5.50869927e-01 -1.24726660e-05 -2.40848271e-07  5.77864326e-10 
 3.28092861e-05  5.50980444e-01  5.50911228e-01  5.50882546e-01 -1.24374233e-05 -1.18165110e-07  2.84913454e-10 
 3.28342861e-05  5.50980633e-01  5.50924343e-01  5.50895371e-01 -1.24734794e-05 -5.81634584e-08  1.42180553e-10 
 3.28592861e-05  5.50980707e-01  5.50938953e-01  5.50909924e-01 -1.24378111e-05 -2.85817520e-08  7.22268723e-11 
 3.28842861e-05  5.50980780e-01  5.50952714e-01  5.50923863e-01 -1.24736556e-05 -1.40891266e-08  3.72896601e-11 
 3.29092861e-05  5.50980796e-01  5.50964191e-01  5.50935601e-01 -1.24379030e-05 -6.92670628e-09  1.98598385e-11 
 3.29342861e-05  5.50980835e-01  5.50973678e-01  5.50945245e-01 -1.24737008e-05 -3.40865207e-09  1.10993270e-11 
 3.29592861e-05  5.50980831e-01  5.50981866e-01  5.50953544e-01 -1.24379313e-05 -1.68443818e-09  6.78739942e-12 
 3.29842861e-05  5.50980861e-01  5.50989256e-01  5.50960992e-01 -1.24737119e-05 -8.16963700e-10  4.64312752e-12 
 3.30092861e-05  5.50980852e-01  5.50995878e-01  5.50967703e-01 -1.24379426e-05 -4.16290918e-10  3.48619966e-12 
 3.30342861e-05  5.50980879e-01  5.51001770e-01  5.50973657e-01 -1.24737128e-05 -1.87058824e-10  2.90361794e-12 
 3.30592861e-05  5.50980868e-01  5.51006910e-01  5.50978881e-01 -1.24379486e-05 -1.10205372e-10  2.47924728e-12 
 3.30842861e-05  5.50980893e-01  5.51011446e-01  5.50983461e-01 -1.24737121e-05 -3.35111448e-11  2.31773671e-12 
 3.31092861e-05  5.50980881e-01  5.51015420e-01  5.50987498e-01 -1.24379527e-05 -3.66439025e-11  2.09595676e-12 
 3.31342861e-05  5.50980905e-01  5.51018960e-01  5.50991068e-01 -1.24737108e-05  3.85179302e-12  2.06776024e-12 
 3.31592861e-05  5.50980892e-01  5.51022062e-01  5.50994223e-01 -1.24379562e-05 -1.92872860e-11  1.90076026e-12 
 3.31842861e-05  5.50980915e-01  5.51024827e-01  5.50997009e-01 -1.24737092e-05  1.28919989e-11  1.91731033e-12 
 3.32092861e-05  5.50980902e-01  5.51027239e-01  5.50999466e-01 -1.24379593e-05 -1.53711074e-11  1.77035914e-12 
 3.32342861e-05  5.50980925e-01  5.51029393e-01  5.51001632e-01 -1.24737074e-05  1.50074772e-11  1.80975731e-12 
 3.32592861e-05  5.50980911e-01  5.51031267e-01  5.51003545e-01 -1.24379623e-05 -1.46083176e-11  1.67557401e-12 
 3.32842861e-05  5.50980933e-01  5.51032948e-01  5.51005233e-01 -1.24737054e-05  1.54322729e-11  1.72884444e-12 
 3.33092861e-05  5.50980920e-01  5.51034406e-01  5.51006723e-01 -1.24379652e-05 -1.45477087e-11  1.60372003e-12 
 3.33342861e-05  5.50980941e-01  5.51035719e-01  5.51008038e-01 -1.24737034e-05  1.54518564e-11  1.66609586e-12 
 3.33592861e-05  5.50980927e-01  5.51036851e-01  5.51009199e-01 -1.24379679e-05 -1.46191028e-11  1.54823680e-12 
 3.33842861e-05  5.50980948e-01  5.51037877e-01  5.51010223e-01 -1.24737012e-05  1.53833404e-11  1.61717601e-12 
 3.34092861e-05  5.50980934e-01  5.51038756e-01  5.51011128e-01 -1.24379706e-05 -1.46971448e-11  1.50530510e-12 
 3.34342861e-05  5.50980955e-01  5.51039558e-01  5.51011926e-01 -1.24736991e-05  1.53047145e-11  1.57901323e-12 
 3.34592861e-05  5.50980941e-01  5.51040240e-01  5.51012631e-01 -1.24379732e-05 -1.47591585e-11  1.47201663e-12 
 3.34842861e-05  5.50980961e-01  5.51040869e-01  5.51013253e-01 -1.24736969e-05  1.52337528e-11  1.54920228e-12 
 3.35092861e-05  5.50980947e-01  5.51041397e-01  5.51013802e-01 -1.24379758e-05 -1.48046521e-11  1.44619115e-12 
 3.35342861e-05  5.50980968e-01  5.51041890e-01  5.51014287e-01 -1.24736946e-05  1.51733869e-11  1.52590684e-12 
 3.35592861e-05  5.50980954e-01  5.51042299e-01  5.51014715e-01 -1.24379783e-05 -1.48367432e-11  1.42616360e-12 
 3.35842861e-05  5.50980974e-01  5.51042687e-01  5.51015094e-01 -1.24736923e-05  1.51225000e-11  1.50769496e-12 
 3.36092861e-05  5.50980960e-01  5.51043003e-01  5.51015428e-01 -1.24379807e-05 -1.48584821e-11  1.41064509e-12 
 3.36342861e-05  5.50980980e-01  5.51043308e-01  5.51015723e-01 -1.24736900e-05  1.50796483e-11  1.49344317e-12 
 3.36592861e-05  5.50980966e-01  5.51043552e-01  5.51015983e-01 -1.24379832e-05 -1.48722981e-11  1.39862899e-12 
 3.36842861e-05  5.50980985e-01  5.51043793e-01  5.51016214e-01 -1.24736877e-05  1.50431714e-11  1.48227969e-12 
 3.37092861e-05  5.50980972e-01  5.51043980e-01  5.51016417e-01 -1.24379856e-05 -1.48799753e-11  1.38934350e-12 
 3.37342861e-05  5.50980991e-01  5.51044172e-01  5.51016597e-01 -1.24736854e-05  1.50117904e-11  1.47351846e-12 
 3.37592861e-05  5.50980977e-01  5.51044315e-01  5.51016757e-01 -1.24379880e-05 -1.48829670e-11  1.38217844e-12 
 3.37842861e-05  5.50980997e-01  5.51044468e-01  5.51016897e-01 -1.24736831e-05  1.49843447e-11  1.46663172e-12 
 3.38092861e-05  5.50980983e-01  5.51044577e-01  5.51017022e-01 -1.24379904e-05 -1.48822306e-11  1.37666690e-12 
 3.38342861e-05  5.50981002e-01  5.51044700e-01  5.51017132e-01 -1.24736808e-05  1.49600343e-11  1.46120280e-12 
 3.38592861e-05  5.50980989e-01  5.51044783e-01  5.51017229e-01 -1.24379928e-05 -1.48787619e-11  1.37244019e-12 
 3.38842861e-05  5.50981008e-01  5.51044882e-01  5.51017316e-01 -1.24736785e-05  1.49380720e-11  1.45691114e-12 
 3.39092861e-05  5.50980994e-01  5.51044943e-01  5.51017392e-01 -1.24379951e-05 -1.48730503e-11  1.36921572e-12 
 3.39342861e-05  5.50981013e-01  5.51045024e-01  5.51017460e-01 -1.24736761e-05  1.49180067e-11  1.45350344e-12 
 3.39592861e-05  5.50981000e-01  5.51045070e-01  5.51017520e-01 -1.24379975e-05 -1.48655649e-11  1.36676949e-12 
 3.39842861e-05  5.50981019e-01  5.51045137e-01  5.51017574e-01 -1.24736738e-05  1.48994740e-11  1.45078551e-12 
 3.40092861e-05  5.50981005e-01  5.51045170e-01  5.51017621e-01 -1.24379998e-05 -1.48567729e-11  1.36493020e-12 
 3.40342861e-05  5.50981024e-01  5.51045225e-01  5.51017663e-01 -1.24736715e-05  1.48818943e-11  1.44860361e-12 
 3.40592861e-05  5.50981011e-01  5.51045249e-01  5.51017701e-01 -1.24380022e-05 -1.48470387e-11  1.36356291e-12 
 3.40842861e-05  5.50981029e-01  5.51045295e-01  5.51017734e-01 -1.24736692e-05  1.48652735e-11  1.44684118e-12 
 3.41092861e-05  5.50981016e-01  5.51045311e-01  5.51017764e-01 -1.24380045e-05 -1.48364305e-11  1.36256252e-12 
 3.41342861e-05  5.50981035e-01  5.51045351e-01  5.51017791e-01 -1.24736669e-05  1.48492713e-11  1.44540407e-12 
 3.41592861e-05  5.50981022e-01  5.51045361e-01  5.51017815e-01 -1.24380068e-05 -1.48251489e-11  1.36184889e-12 
 3.41842861e-05  5.50981040e-01  5.51045396e-01  5.51017836e-01 -1.24736646e-05  1.48338863e-11  1.44422039e-12 
 3.42092861e-05  5.50981027e-01  5.51045401e-01  5.51017855e-01 -1.24380091e-05 -1.48133758e-11  1.36135591e-12 
 3.42342861e-05  5.50981046e-01  5.51045432e-01  5.51017872e-01 -1.24736623e-05  1.48188755e-11  1.44323599e-12 
 3.42592861e-05  5.50981033e-01  5.51045433e-01  5.51017888e-01 -1.24380114e-05 -1.48011844e-11  1.36103623e-12 
 3.42842861e-05  5.50981051e-01  5.51045461e-01  5.51017902e-01 -1.24736599e-05  1.48042056e-11  1.44240484e-12 
 3.43092861e-05  5.50981038e-01  5.51045460e-01  5.51017915e-01 -1.24380138e-05 -1.47886811e-11  1.36085181e-12 
 3.43342861e-05  5.50981056e-01  5.51045485e-01  5.51017926e-01 -1.24736576e-05  1.47897547e-11  1.44169355e-12 
 3.43592861e-05  5.50981044e-01  5.51045482e-01  5.51017937e-01 -1.24380161e-05 -1.47759229e-11  1.36077206e-12 
 3.43842861e-05  5.50981062e-01  5.51045505e-01  5.51017946e-01 -1.24736553e-05  1.47755664e-11  1.44107691e-12 
 3.44092861e-05  5.50981049e-01  5.51045500e-01  5.51017955e-01 -1.24380184e-05 -1.47629840e-11  1.36077190e-12 
 3.44342861e-05  5.50981067e-01  5.51045522e-01  5.51017963e-01 -1.24736530e-05  1.47613913e-11  1.44053373e-12 
 3.44592861e-05  5.50981055e-01  5.51045515e-01  5.51017970e-01 -1.24380207e-05 -1.47499402e-11  1.36083516e-12 
 3.44842861e-05  5.50981072e-01  5.51045536e-01  5.51017977e-01 -1.24736507e-05  1.47474160e-11  1.44004800e-12 
 3.45092861e-05  5.50981060e-01  5.51045528e-01  5.51017984e-01 -1.24380230e-05 -1.47367186e-11  1.36094792e-12 
 3.45342861e-05  5.50981078e-01  5.51045548e-01  5.51017990e-01 -1.24736485e-05  1.47334803e-11  1.43960657e-12 
 3.45592861e-05  5.50981065e-01  5.51045540e-01  5.51017995e-01 -1.24380252e-05 -1.47234512e-11  1.36109830e-12 
 3.45796431e-05  5.50981083e-01  5.51045558e-01  5.51017999e-01 -1.24736455e-05  1.47837584e-11  1.43856617e-12 
 3.46000000e-05  5.50981070e-01  5.51045548e-01  5.51018003e-01 -1.24380281e-05 -1.48114869e-11  1.36129004e-12 
 3.46000134e-05  5.50975652e-01  5.51024836e-01  5.51017893e-01 -1.73299395e-05 -3.76825279e-09 -6.76996706e-10 
 3.46000403e-05  5.50970915e-01  5.50992585e-01  5.51017500e-01 -1.75645494e-05 -1.16822334e-08 -1.95142513e-09 
 3.46000941e-05  5.50969227e-01  5.50950229e-01  5.51015933e-01 -1.74874230e-05 -2.69943502e-08 -4.29422183e-09 
 3.46001703e-05  5.50965895e-01  5.50907324e-01  5.51012487e-01 -1.76135373e-05 -4.69792964e-08 -7.43665401e-09 
 3.46002868e-05  5.50963884e-01  5.50871148e-01  5.51005621e-01 -1.75276472e-05 -7.55506993e-08 -1.19382492e-08 
 3.46004340e-05  5.50960224e-01  5.50850492e-01  5.50995765e-01 -1.76162293e-05 -1.08482696e-07 -1.72829779e-08 
 3.46007017e-05  5.50955189e-01  5.50838540e-01  5.50977588e-01 -1.75584154e-05 -1.61129678e-07 -2.61777596e-08 
 3.46012373e-05  5.50944194e-01  5.50835217e-01  5.50945032e-01 -1.78869694e-05 -2.43858568e-07 -4.13245277e-08 
 3.46014619e-05  5.50941294e-01  5.50836278e-01  5.50933267e-01 -1.83503270e-05 -2.71815577e-07 -4.67034758e-08 
 3.46016513e-05  5.50940323e-01  5.50838162e-01  5.50924245e-01 -1.96446984e-05 -2.92195459e-07 -5.07875618e-08 
 3.46017885e-05  5.50942567e-01  5.50840934e-01  5.50918250e-01 -2.13418410e-05 -3.04627465e-07 -5.34338534e-08 
 3.46019200e-05  5.50946752e-01  5.50844800e-01  5.50912974e-01 -2.40262472e-05 -3.13788654e-07 -5.56740245e-08 
 3.46020555e-05  5.50954507e-01  5.50850678e-01  5.50908078e-01 -2.77930140e-05 -3.19532322e-07 -5.76040430e-08 
 3.46021816e-05  5.50963377e-01  5.50857980e-01  5.50904079e-01 -3.23968636e-05 -3.20240223e-07 -5.89835776e-08 
 3.46022906e-05  5.50971922e-01  5.50866255e-01  5.50901113e-01 -3.70185324e-05 -3.16041965e-07 -5.97578491e-08 
 3.46023836e-05  5.50978053e-01  5.50875096e-01  5.50898996e-01 -4.14554058e-05 -3.07615235e-07 -6.00214070e-08 
 3.46024647e-05  5.50981639e-01  5.50884677e-01  5.50897505e-01 -4.55019527e-05 -2.95444000e-07 -5.98553507e-08 
 3.46025383e-05  5.50981905e-01  5.50895322e-01  5.50896488e-01 -4.93054794e-05 -2.79314182e-07 -5.92894848e-08 
 3.46026090e-05  5.50978790e-01  5.50907793e-01  5.50895862e-01 -5.28991317e-05 -2.58157190e-07 -5.82693420e-08 
 3.46026917e-05  5.50971584e-01  5.50925536e-01  5.50895642e-01 -5.70418190e-05 -2.25348708e-07 -5.63627171e-08 
 3.46027684e-05  5.50964599e-01  5.50944456e-01  5.50895999e-01 -6.07644283e-05 -1.87907762e-07 -5.38822975e-08 
 3.46028838e-05  5.50956992e-01  5.50974527e-01  5.50897622e-01 -6.63458525e-05 -1.24950947e-07 -4.90204975e-08 
 3.46029832e-05  5.50952612e-01  5.51000077e-01  5.50900044e-01 -7.09885406e-05 -7.37974706e-08 -4.39277990e-08 
 3.46030984e-05  5.50950198e-01  5.51027802e-01  5.50903933e-01 -7.62682280e-05 -2.92575809e-08 -3.71858881e-08 
 3.46032136e-05  5.50950794e-01  5.51052306e-01  5.50908824e-01 -8.14362642e-05  4.00811397e-10 -2.97205306e-08 
 3.46033266e-05  5.50954064e-01  5.51072355e-01  5.50914389e-01 -8.64115933e-05  2.35508775e-08 -2.18615019e-08 
 3.46034600e-05  5.50959450e-01  5.51090611e-01  5.50921644e-01 -9.17065938e-05  5.07365819e-08 -1.20716772e-08 
 3.46036188e-05  5.50967281e-01  5.51103829e-01  5.50930754e-01 -9.64546949e-05  8.51645074e-08 -6.41108352e-11 
 3.46037201e-05  5.50972235e-01  5.51105802e-01  5.50936574e-01 -9.72639709e-05  1.07789967e-07  7.48907046e-09 
 3.46037815e-05  5.50975003e-01  5.51102670e-01  5.50939975e-01 -9.53007985e-05  1.20779960e-07  1.17646495e-08 
 3.46038308e-05  5.50976617e-01  5.51095647e-01  5.50942547e-01 -9.11893643e-05  1.30012192e-07  1.47820264e-08 
 3.46038850e-05  5.50977794e-01  5.51081058e-01  5.50945081e-01 -8.43323880e-05  1.37944797e-07  1.74057359e-08 
 3.46039534e-05  5.50978294e-01  5.51051541e-01  5.50947611e-01 -7.34962542e-05  1.43961139e-07  1.94610461e-08 
 3.46040234e-05  5.50978031e-01  5.51011089e-01  5.50949161e-01 -6.18272672e-05  1.45225421e-07  2.00816460e-08 
 3.46041230e-05  5.50976650e-01  5.50945044e-01  5.50949214e-01 -4.68957450e-05  1.39472365e-07  1.87734868e-08 
 3.46042093e-05  5.50975001e-01  5.50888286e-01  5.50947175e-01 -3.71496509e-05  1.28768476e-07  1.61118865e-08 
 3.46042847e-05  5.50973384e-01  5.50844335e-01  5.50943954e-01 -3.10612245e-05  1.16447925e-07  1.31045058e-08 
 3.46043665e-05  5.50971600e-01  5.50804894e-01  5.50939224e-01 -2.65678386e-05  1.01049476e-07  9.49899155e-09 
 3.46044554e-05  5.50969631e-01  5.50771722e-01  5.50932994e-01 -2.34646153e-05  8.28970786e-08  5.45678246e-09 
 3.46045500e-05  5.50967563e-01  5.50745922e-01  5.50925496e-01 -2.15443109e-05  6.26546798e-08  1.19577396e-09 
 3.46046553e-05  5.50965263e-01  5.50726056e-01  5.50916545e-01 -2.03686811e-05  3.97670476e-08 -3.36333496e-09 
 3.46047746e-05  5.50962690e-01  5.50711230e-01  5.50906037e-01 -1.97353368e-05  1.38887352e-08 -8.25492546e-09 
 3.46048873e-05  5.50960259e-01  5.50701999e-01  5.50896031e-01 -1.94509600e-05 -1.01206872e-08 -1.26094828e-08 
 3.46050000e-05  5.50957847e-01  5.50695513e-01  5.50886120e-01 -1.93346404e-05 -3.35005174e-08 -1.67286086e-08 
 3.46050016e-05  5.50959083e-01  5.50698776e-01  5.50885983e-01 -1.47533805e-05 -3.34737077e-08 -1.66978710e-08 
 3.46050048e-05  5.50961150e-01  5.50704849e-01  5.50885713e-01 -1.44347526e-05 -3.33960253e-08 -1.66384564e-08 
 3.46050112e-05  5.50963170e-01  5.50714995e-01  5.50885194e-01 -1.41382109e-05 -3.31592810e-08 -1.65358376e-08 
 3.46050199e-05  5.50963711e-01  5.50726025e-01  5.50884524e-01 -1.40443933e-05 -3.28162873e-08 -1.64226163e-08 
 3.46050334e-05  5.50963844e-01  5.50740054e-01  5.50883560e-01 -1.38368293e-05 -3.23307657e-08 -1.62661848e-08 
 3.46050604e-05  5.50963867e-01  5.50763592e-01  5.50881847e-01 -1.35706025e-05 -3.14608589e-08 -1.59824197e-08 
 3.46051145e-05  5.50963911e-01  5.50800302e-01  5.50879122e-01 -1.31306524e-05 -3.00317604e-08 -1.54927251e-08 
 3.46052225e-05  5.50963891e-01  5.50845490e-01  5.50875577e-01 -1.27196704e-05 -2.79267197e-08 -1.46979637e-08 
 3.46054387e-05  5.50963909e-01  5.50878039e-01  5.50872150e-01 -1.24542551e-05 -2.50590296e-08 -1.34317393e-08 
 3.46057078e-05  5.50963921e-01  5.50881851e-01  5.50870132e-01 -1.24622158e-05 -2.24007043e-08 -1.20853849e-08 
 3.46060854e-05  5.50963969e-01  5.50878953e-01  5.50867707e-01 -1.24392261e-05 -1.92750313e-08 -1.04123694e-08 
 3.46066366e-05  5.50963998e-01  5.50873972e-01  5.50863976e-01 -1.24612294e-05 -1.55230151e-08 -8.36923439e-09 
 3.46077390e-05  5.50964075e-01  5.50863956e-01  5.50855827e-01 -1.24404943e-05 -1.00222474e-08 -5.37950159e-09 
 3.46099439e-05  5.50964128e-01  5.50844092e-01  5.50837866e-01 -1.24632453e-05 -3.99839143e-09 -2.12327384e-09 
 3.46143537e-05  5.50964138e-01  5.50809735e-01  5.50801787e-01 -1.24432246e-05 -3.30317741e-10 -1.67098049e-10 
 3.46231732e-05  5.50963944e-01  5.50777155e-01  5.50755989e-01 -1.24659461e-05  5.66688534e-11  1.58624325e-11 
 3.46376393e-05  5.50963741e-01  5.50820042e-01  5.50778389e-01 -1.24447923e-05 -3.66859407e-12 -5.33444426e-12 
 3.46561237e-05  5.50963772e-01  5.50953459e-01  5.50905614e-01 -1.24661110e-05  7.94537923e-11  5.17965287e-11 
 3.46811237e-05  5.50964046e-01  5.51087774e-01  5.51051370e-01 -1.24444497e-05  1.29894034e-11  1.67475333e-11 
 3.47061237e-05  5.50964191e-01  5.51108775e-01  5.51083622e-01 -1.24660610e-05  4.40288691e-12  5.16822566e-12 
 3.47311237e-05  5.50964202e-01  5.51071460e-01  5.51048526e-01 -1.24447559e-05 -1.98244123e-11 -1.10195250e-11 
 3.47561237e-05  5.50964132e-01  5.51041418e-01  5.51015795e-01 -1.24663222e-05 -1.36455604e-12 -1.30372064e-12 
 3.47780618e-05  5.50964117e-01  5.51035803e-01  5.51008082e-01 -1.24448185e-05 -2.82666620e-12 -3.66496601e-13 
 3.48000000e-05  5.50964104e-01  5.51040139e-01  5.51011890e-01 -1.24662711e-05  4.10469510e-12  3.64853904e-12 
 3.48000118e-05  5.50971598e-01  5.51052209e-01  5.51011950e-01 -1.08778439e-05  1.79653164e-09  6.51737841e-10 
 3.48000355e-05  5.50978111e-01  5.51072423e-01  5.51012165e-01 -9.91862675e-06  5.23275618e-09  1.85086915e-09 
 3.48000828e-05  5.50981255e-01  5.51101570e-01  5.51013051e-01 -8.99606594e-06  1.08981858e-08  3.99909159e-09 
 3.48001295e-05  5.50987064e-01  5.51123040e-01  5.51014380e-01 -8.17679237e-06  1.52510211e-08  5.98057179e-09 
 3.48002231e-05  5.50995623e-01  5.51147075e-01  5.51017801e-01 -7.47039087e-06  2.17878241e-08  9.61561212e-09 
 3.48004102e-05  5.51014876e-01  5.51155391e-01  5.51025440e-01 -6.84385500e-06  3.04787783e-08  1.61981030e-08 
 3.48006645e-05  5.51039553e-01  5.51134379e-01  5.51034336e-01 -6.84681719e-06  3.88160458e-08  2.42403651e-08 
 3.48009906e-05  5.51072423e-01  5.51095825e-01  5.51040851e-01 -6.77532505e-06  4.79242575e-08  3.34529401e-08 
 3.48014541e-05  5.51118242e-01  5.51033202e-01  5.51040191e-01 -6.94964570e-06  5.93108612e-08  4.46650329e-08 
 3.48015859e-05  5.51132605e-01  5.51013933e-01  5.51037922e-01 -6.98203526e-06  6.15967524e-08  4.74721626e-08 
 3.48018494e-05  5.51165979e-01  5.50972004e-01  5.51030663e-01 -8.04452368e-06  5.35331616e-08  5.23810056e-08 
 3.48019887e-05  5.51192010e-01  5.50946900e-01  5.51025310e-01 -9.32126503e-06  3.29520669e-08  5.44102295e-08 
 3.48020954e-05  5.51217799e-01  5.50924892e-01  5.51020423e-01 -1.11047044e-05 -1.06387227e-09  5.54621841e-08 
 3.48022030e-05  5.51250698e-01  5.50899397e-01  5.51014700e-01 -1.34723241e-05 -6.11583106e-08  5.58797918e-08 
 3.48023165e-05  5.51291910e-01  5.50868135e-01  5.51007660e-01 -1.66497375e-05 -1.64136536e-07  5.53748466e-08 
 3.48024292e-05  5.51338465e-01  5.50831576e-01  5.50999492e-01 -1.97818140e-05 -3.20027917e-07  5.36328745e-08 
 3.48025361e-05  5.51385141e-01  5.50790533e-01  5.50990448e-01 -2.21551320e-05 -5.32541283e-07  5.05179532e-08 
 3.48026555e-05  5.51437442e-01  5.50736295e-01  5.50978569e-01 -2.36008595e-05 -8.62163047e-07  4.50003804e-08 
 3.48027633e-05  5.51482583e-01  5.50682023e-01  5.50966036e-01 -2.50798632e-05 -1.24866164e-06  3.81354716e-08 
 3.48029214e-05  5.51542933e-01  5.50601490e-01  5.50944466e-01 -2.78205329e-05 -1.95830438e-06  2.52592618e-08 
 3.48030629e-05  5.51588969e-01  5.50533161e-01  5.50922192e-01 -3.06333362e-05 -2.72178410e-06  1.13455547e-08 
 3.48031987e-05  5.51624928e-01  5.50473119e-01  5.50898584e-01 -3.33062460e-05 -3.55017148e-06 -3.69507432e-09 
 3.48033271e-05  5.51650228e-01  5.50422647e-01  5.50874627e-01 -3.57091791e-05 -4.40329695e-06 -1.90829002e-08 
 3.48034242e-05  5.51661237e-01  5.50389659e-01  5.50855742e-01 -3.72063012e-05 -5.07909243e-06 -3.11841403e-08 
 3.48034744e-05  5.51661443e-01  5.50375184e-01  5.50845786e-01 -3.77609022e-05 -5.43330348e-06 -3.74970245e-08 
 3.48035135e-05  5.51657881e-01  5.50365878e-01  5.50837976e-01 -3.79630428e-05 -5.70694766e-06 -4.23642571e-08 
 3.48035430e-05  5.51651910e-01  5.50360694e-01  5.50832079e-01 -3.79160064e-05 -5.90825897e-06 -4.59443007e-08 
 3.48035701e-05  5.51642710e-01  5.50358047e-01  5.50826699e-01 -3.76134927e-05 -6.08445582e-06 -4.90765591e-08 
 3.48035964e-05  5.51628617e-01  5.50358487e-01  5.50821491e-01 -3.69667710e-05 -6.24349034e-06 -5.18862954e-08 
 3.48036255e-05  5.51609289e-01  5.50364154e-01  5.50815853e-01 -3.57746763e-05 -6.39680025e-06 -5.45194245e-08 
 3.48036587e-05  5.51592449e-01  5.50379018e-01  5.50809634e-01 -3.38602280e-05 -6.53716092e-06 -5.67249467e-08 
 3.48036960e-05  5.51592611e-01  5.50406171e-01  5.50803039e-01 -3.12112654e-05 -6.64831498e-06 -5.80906213e-08 
 3.48037562e-05  5.51651776e-01  5.50464827e-01  5.50793637e-01 -2.64968236e-05 -6.73213844e-06 -5.80964424e-08 
 3.48037978e-05  5.51737758e-01  5.50509986e-01  5.50788141e-01 -2.33117920e-05 -6.73256903e-06 -5.68657937e-08 
 3.48038349e-05  5.51842780e-01  5.50548964e-01  5.50783916e-01 -2.07020418e-05 -6.70414178e-06 -5.52473723e-08 
 3.48038782e-05  5.51992471e-01  5.50589666e-01  5.50779757e-01 -1.80638200e-05 -6.64661721e-06 -5.30396811e-08 
 3.48039210e-05  5.52164925e-01  5.50623582e-01  5.50776355e-01 -1.58890938e-05 -6.57195639e-06 -5.07261878e-08 
 3.48039706e-05  5.52390413e-01  5.50654680e-01  5.50773116e-01 -1.38874396e-05 -6.47135483e-06 -4.80750460e-08 
 3.48040228e-05  5.52653481e-01  5.50678476e-01  5.50770347e-01 -1.22903979e-05 -6.35624320e-06 -4.54604900e-08 
 3.48040856e-05  5.53002933e-01  5.50697057e-01  5.50767616e-01 -1.09299071e-05 -6.21175993e-06 -4.26502112e-08 
 3.48041563e-05  5.53440762e-01  5.50707983e-01  5.50765032e-01 -9.91700443e-06 -6.04674153e-06 -3.99659784e-08 
 3.48042454e-05  5.54064903e-01  5.50711635e-01  5.50762134e-01 -9.16509206e-06 -5.84064456e-06 -3.73068425e-08 
 3.48043544e-05  5.54954617e-01  5.50707018e-01  5.50758705e-01 -8.68446579e-06 -5.59502340e-06 -3.50925481e-08 
 3.48045035e-05  5.56430349e-01  5.50692899e-01  5.50753709e-01 -8.40575903e-06 -5.27386809e-06 -3.38222954e-08 
 3.48047117e-05  5.59064292e-01  5.50667299e-01  5.50745620e-01 -8.25958904e-06 -4.85421422e-06 -3.53158029e-08 
 3.48050000e-05  5.63909707e-01  5.50628108e-01  5.50731944e-01 -8.17336980e-06 -4.32613679e-06 -4.33714339e-08 
 3.48050052e-05  5.64004008e-01  5.50621466e-01  5.50731658e-01 -9.35705435e-06 -4.31793035e-06 -4.38785224e-08 
 3.48050155e-05  5.64196716e-01  5.50609524e-01  5.50731064e-01 -9.90588889e-06 -4.30148570e-06 -4.48532624e-08 
 3.48050362e-05  5.64591684e-01  5.50590302e-01  5.50729755e-01 -1.02108530e-05 -4.26837982e-06 -4.66713567e-08 
 3.48050716e-05  5.65265451e-01  5.50562688e-01  5.50727215e-01 -1.08349103e-05 -4.21157377e-06 -4.96376095e-08 
 3.48051188e-05  5.66160428e-01  5.50532535e-01  5.50723344e-01 -1.12848156e-05 -4.13600129e-06 -5.33977507e-08 
 3.48052131e-05  5.67937730e-01  5.50491208e-01  5.50714493e-01 -1.18921517e-05 -3.98736675e-06 -6.04438512e-08 
 3.48053687e-05  5.70828108e-01  5.50455455e-01  5.50698279e-01 -1.21633391e-05 -3.75241079e-06 -7.11088519e-08 
 3.48055865e-05  5.74789664e-01  5.50434206e-01  5.50674821e-01 -1.22615405e-05 -3.44595656e-06 -8.45167912e-08 
 3.48058907e-05  5.80160110e-01  5.50421450e-01  5.50643331e-01 -1.22035314e-05 -3.05899248e-06 -1.00727486e-07 
 3.48063076e-05  5.87224019e-01  5.50417249e-01  5.50604611e-01 -1.22152920e-05 -2.59762866e-06 -1.18763916e-07 
 3.48070546e-05  5.99068078e-01  5.50439637e-01  5.50551663e-01 -1.21440622e-05 -1.93512841e-06 -1.41285030e-07 
 3.48085484e-05  6.19937844e-01  5.50595613e-01  5.50523338e-01 -1.21270838e-05 -1.05900293e-06 -1.60384378e-07 
 3.48109027e-05  6.46314255e-01  5.51127661e-01  5.50722309e-01 -1.20462799e-05 -3.89065800e-07 -1.52620004e-07 
 3.48136176e-05  6.68809381e-01  5.52151288e-01  5.51348423e-01 -1.20639965e-05 -1.16250667e-07 -1.22932585e-07 
 3.48165370e-05  6.85983197e-01  5.53698668e-01  5.52490444e-01 -1.20356861e-05 -2.83143909e-08 -9.00874951e-08 
 3.48195855e-05  6.98413368e-01  5.55741427e-01  5.54158467e-01 -1.20929428e-05 -3.33027446e-09 -6.26389153e-08 
 3.48229949e-05  7.07777808e-01  5.58443229e-01  5.56514910e-01 -1.20926925e-05  3.76301104e-09 -4.06258985e-08 
 3.48267962e-05  7.14487755e-01  5.61850585e-01  5.59628125e-01 -1.21688716e-05  5.66132625e-09 -2.42863921e-08 
 3.48312156e-05  7.19208215e-01  5.66183453e-01  5.63720152e-01 -1.21806548e-05  6.39184445e-09 -1.24690219e-08 
 3.48363105e-05  7.22243440e-01  5.71509674e-01  5.68866167e-01 -1.22608005e-05  6.90619144e-09 -4.60246062e-09 
 3.48424461e-05  7.24080716e-01  5.78212753e-01  5.75441066e-01 -1.22690621e-05  7.34704375e-09  4.01334117e-10 
 3.48485445e-05  7.24917449e-01  5.85057449e-01  5.82216304e-01 -1.23328331e-05  7.65463553e-09  2.86783846e-09 
 3.48547561e-05  7.25308770e-01  5.92122307e-01  5.89246192e-01 -1.23183110e-05  7.84928499e-09  4.14540596e-09 
 3.48608263e-05  7.25485124e-01  5.99059234e-01  5.96171623e-01 -1.23640273e-05  7.96809017e-09  4.80474498e-09 
 3.48669845e-05  7.25569712e-01  6.06087400e-01  6.03204735e-01 -1.23365349e-05  8.01821459e-09  5.16767770e-09 
 3.48728666e-05  7.25609649e-01  6.12760371e-01  6.09895190e-01 -1.23734332e-05  8.02598594e-09  5.35986438e-09 
 3.48783389e-05  7.25629804e-01  6.18909179e-01  6.16070641e-01 -1.23404522e-05  7.98713040e-09  5.45175657e-09 
 3.48837355e-05  7.25642244e-01  6.24894987e-01  6.22092375e-01 -1.23741372e-05  7.92294142e-09  5.49016785e-09 
 3.48897267e-05  7.25651572e-01  6.31422644e-01  6.28671839e-01 -1.23396464e-05  7.80281109e-09  5.47967900e-09 
 3.48969858e-05  7.25660321e-01  6.39119762e-01  6.36449867e-01 -1.23722274e-05  7.60746403e-09  5.40886754e-09 
 3.49062708e-05  7.25669554e-01  6.48527542e-01  6.45993830e-01 -1.23376797e-05  7.24550001e-09  5.22200326e-09 
 3.49174080e-05  7.25679935e-01  6.58968470e-01  6.56652087e-01 -1.23718960e-05  6.65375484e-09  4.86073167e-09 
 3.49311295e-05  7.25691809e-01  6.70186609e-01  6.68221095e-01 -1.23426108e-05  5.65971527e-09  4.20227203e-09 
 3.49463261e-05  7.25703828e-01  6.80031303e-01  6.78535753e-01 -1.23856565e-05  4.31011517e-09  3.25573813e-09 
 3.49608958e-05  7.25713021e-01  6.86735215e-01  6.85702933e-01 -1.23648046e-05  2.94849660e-09  2.26641664e-09 
 3.49767187e-05  7.25720096e-01  6.91331867e-01  6.90712360e-01 -1.24132960e-05  1.71945585e-09  1.33469432e-09 
 3.49924215e-05  7.25723802e-01  6.93977426e-01  6.93606257e-01 -1.23930396e-05  9.51359605e-10  7.21724759e-10 
 3.50098454e-05  7.25725591e-01  6.95882021e-01  6.95609014e-01 -1.24369322e-05  6.32055256e-10  4.30335224e-10 
 3.50261098e-05  7.25725992e-01  6.97469721e-01  6.97187753e-01 -1.24089366e-05  6.36324980e-10  4.02812042e-10 
 3.50445453e-05  7.25726581e-01  6.99475453e-01  6.99154256e-01 -1.24446993e-05  7.53313480e-10  4.76996167e-10 
 3.50628444e-05  7.25727367e-01  7.01668749e-01  7.01326407e-01 -1.24114836e-05  8.20291003e-10  5.35741324e-10 
 3.50878444e-05  7.25729169e-01  7.04650892e-01  7.04323527e-01 -1.24442444e-05  7.95803671e-10  5.33886469e-10 
 3.51128444e-05  7.25730894e-01  7.07315150e-01  7.07030544e-01 -1.24107072e-05  6.77444755e-10  4.61443962e-10 
 3.51378444e-05  7.25732545e-01  7.09556392e-01  7.09313575e-01 -1.24444222e-05  5.64861936e-10  3.82654700e-10 
 3.51628444e-05  7.25733687e-01  7.11451959e-01  7.11238720e-01 -1.24116532e-05  4.77706474e-10  3.22419954e-10 
 3.51878444e-05  7.25734798e-01  7.13109030e-01  7.12915671e-01 -1.24453573e-05  4.27001339e-10  2.85728752e-10 
 3.52128444e-05  7.25735600e-01  7.14586915e-01  7.14410034e-01 -1.24123207e-05  3.78559695e-10  2.54800507e-10 
 3.52378444e-05  7.25736506e-01  7.15904454e-01  7.15743195e-01 -1.24457496e-05  3.40613538e-10  2.28544467e-10 
 3.52628444e-05  7.25737141e-01  7.17068540e-01  7.16922338e-01 -1.24126502e-05  2.95787478e-10  2.00086477e-10 
 3.52878444e-05  7.25737875e-01  7.18091874e-01  7.17959000e-01 -1.24460308e-05  2.63570911e-10  1.77103887e-10 
 3.53128444e-05  7.25738341e-01  7.18991573e-01  7.18870338e-01 -1.24129500e-05  2.27859912e-10  1.54420440e-10 
 3.53378444e-05  7.25738926e-01  7.19785076e-01  7.19673710e-01 -1.24462671e-05  2.05126460e-10  1.37807805e-10 
 3.53628444e-05  7.25739265e-01  7.20485878e-01  7.20383320e-01 -1.24131791e-05  1.77230792e-10  1.20488799e-10 
 3.53878444e-05  7.25739741e-01  7.21105131e-01  7.21010236e-01 -1.24464311e-05  1.60531426e-10  1.07997641e-10 
 3.54128444e-05  7.25739986e-01  7.21651695e-01  7.21563757e-01 -1.24133502e-05  1.37657462e-10  9.40455139e-11 
 3.54378444e-05  7.25740379e-01  7.22134215e-01  7.22052270e-01 -1.24465517e-05  1.25469544e-10  8.45565540e-11 
 3.54628444e-05  7.25740549e-01  7.22559971e-01  7.22483453e-01 -1.24134863e-05  1.06741546e-10  7.33670285e-11 
 3.54878444e-05  7.25740875e-01  7.22936030e-01  7.22864143e-01 -1.24466411e-05  9.82465483e-11  6.63530188e-11 
 3.55128444e-05  7.25740988e-01  7.23267983e-01  7.23200329e-01 -1.24135942e-05  8.27605046e-11  5.73369719e-11 
 3.55378444e-05  7.25741263e-01  7.23561286e-01  7.23497225e-01 -1.24467056e-05  7.70769516e-11  5.22084513e-11 
 3.55628444e-05  7.25741330e-01  7.23820166e-01  7.23759424e-01 -1.24136805e-05  6.40714844e-11  4.48501576e-11 
 3.55878444e-05  7.25741566e-01  7.24048932e-01  7.23990976e-01 -1.24467517e-05  6.05682310e-11  4.11803112e-11 
 3.56128444e-05  7.25741599e-01  7.24250829e-01  7.24195476e-01 -1.24137509e-05  4.95045018e-11  3.51183335e-11 
 3.56378444e-05  7.25741804e-01  7.24429288e-01  7.24376089e-01 -1.24467837e-05  4.77040796e-11  3.25883555e-11 
 3.56628444e-05  7.25741809e-01  7.24586771e-01  7.24535618e-01 -1.24138088e-05  3.81534194e-11  2.75363983e-11 
 3.56878444e-05  7.25741991e-01  7.24726010e-01  7.24676521e-01 -1.24468048e-05  3.76752958e-11  2.58916184e-11 
 3.57128444e-05  7.25741975e-01  7.24848859e-01  7.24800981e-01 -1.24138573e-05  2.93028000e-11  2.16254007e-11 
 3.57378444e-05  7.25742137e-01  7.24957507e-01  7.24910913e-01 -1.24468177e-05  2.98536254e-11  2.06694460e-11 
 3.57628444e-05  7.25742105e-01  7.25053342e-01  7.25008019e-01 -1.24138985e-05  2.24008396e-11  1.70161481e-11 
 3.57878444e-05  7.25742253e-01  7.25138130e-01  7.25093793e-01 -1.24468241e-05  2.37527504e-11  1.65967043e-11 
 3.58128444e-05  7.25742207e-01  7.25212892e-01  7.25169562e-01 -1.24139340e-05  1.70179951e-11  1.34215575e-11 
 3.58378444e-05  7.25742344e-01  7.25279066e-01  7.25236491e-01 -1.24468256e-05  1.89932345e-11  1.34198085e-11 
 3.58628444e-05  7.25742288e-01  7.25337390e-01  7.25295614e-01 -1.24139652e-05  1.28193738e-11  1.06178174e-11 
 3.58878444e-05  7.25742416e-01  7.25389042e-01  7.25347840e-01 -1.24468232e-05  1.52796120e-11  1.09413191e-11 
 3.59128444e-05  7.25742353e-01  7.25434539e-01  7.25393977e-01 -1.24139929e-05  9.54426273e-12  8.43074189e-12 
 3.59378444e-05  7.25742474e-01  7.25474860e-01  7.25434731e-01 -1.24468179e-05  1.23817345e-11  9.00749625e-12 
 3.59628444e-05  7.25742405e-01  7.25510351e-01  7.25470734e-01 -1.24140181e-05  6.98945502e-12  6.72460102e-12 
 3.59878444e-05  7.25742520e-01  7.25541830e-01  7.25502537e-01 -1.24468102e-05  1.01201627e-11  7.49849201e-12 
 3.60128444e-05  7.25742446e-01  7.25569512e-01  7.25530634e-01 -1.24140411e-05  4.99651427e-12  5.39358342e-12 
 3.60378444e-05  7.25742557e-01  7.25594093e-01  7.25555453e-01 -1.24468007e-05  8.35499226e-12  6.32087872e-12 
 3.60628444e-05  7.25742479e-01  7.25615682e-01  7.25577380e-01 -1.24140626e-05  3.44190431e-12  4.35519530e-12 
 3.60878444e-05  7.25742587e-01  7.25634879e-01  7.25596748e-01 -1.24467899e-05  6.97711658e-12  5.40180639e-12 
 3.61128444e-05  7.25742507e-01  7.25651713e-01  7.25613860e-01 -1.24140828e-05  2.22926994e-12  3.54510437e-12 
 3.61378444e-05  7.25742612e-01  7.25666708e-01  7.25628976e-01 -1.24467779e-05  5.90143386e-12  4.68445340e-12 
 3.61628444e-05  7.25742529e-01  7.25679833e-01  7.25642331e-01 -1.24141020e-05  1.28345208e-12  2.91312921e-12 
 3.61878444e-05  7.25742632e-01  7.25691550e-01  7.25654127e-01 -1.24467651e-05  5.06155903e-12  4.12449962e-12 
 3.62128444e-05  7.25742548e-01  7.25701779e-01  7.25664550e-01 -1.24141205e-05  5.45820550e-13  2.42012974e-12 
 3.62378444e-05  7.25742650e-01  7.25710937e-01  7.25673757e-01 -1.24467517e-05  4.40569673e-12  3.68736763e-12 
 3.62628444e-05  7.25742564e-01  7.25718907e-01  7.25681892e-01 -1.24141384e-05 -2.93671337e-14  2.03556697e-12 
 3.62878444e-05  7.25742664e-01  7.25726068e-01  7.25689077e-01 -1.24467377e-05  3.89343527e-12  3.34608301e-12 
 3.63128444e-05  7.25742577e-01  7.25732275e-01  7.25695426e-01 -1.24141558e-05 -4.77810716e-13  1.73561502e-12 
 3.63378444e-05  7.25742677e-01  7.25737877e-01  7.25701034e-01 -1.24467233e-05  3.49324085e-12  3.07959431e-12 
 3.63628444e-05  7.25742589e-01  7.25742708e-01  7.25705990e-01 -1.24141729e-05 -8.27351859e-13  1.50168571e-12 
 3.63878444e-05  7.25742688e-01  7.25747095e-01  7.25710367e-01 -1.24467087e-05  3.18051618e-12  2.87148251e-12 
 3.64128444e-05  7.25742599e-01  7.25750852e-01  7.25714235e-01 -1.24141897e-05 -1.09972036e-12  1.31927238e-12 
 3.64378444e-05  7.25742697e-01  7.25754289e-01  7.25717652e-01 -1.24466937e-05  2.93605873e-12  2.70892819e-12 
 3.64628444e-05  7.25742608e-01  7.25757209e-01  7.25720671e-01 -1.24142062e-05 -1.31187747e-12  1.17705612e-12 
 3.64878444e-05  7.25742706e-01  7.25759905e-01  7.25723338e-01 -1.24466786e-05  2.74488266e-12  2.58193103e-12 
 3.65128444e-05  7.25742616e-01  7.25762171e-01  7.25725695e-01 -1.24142226e-05 -1.47705502e-12  1.06620588e-12 
 3.65378444e-05  7.25742714e-01  7.25764289e-01  7.25727776e-01 -1.24466634e-05  2.59529811e-12  2.48268875e-12 
 3.65628444e-05  7.25742624e-01  7.25766045e-01  7.25729617e-01 -1.24142388e-05 -1.60557526e-12  9.79828902e-13 
 3.65878444e-05  7.25742721e-01  7.25767711e-01  7.25731242e-01 -1.24466481e-05  2.47817825e-12  2.40510774e-12 
 3.66128444e-05  7.25742631e-01  7.25769070e-01  7.25732679e-01 -1.24142549e-05 -1.70549946e-12  9.12545918e-13 
 3.66378444e-05  7.25742728e-01  7.25770383e-01  7.25733947e-01 -1.24466326e-05  2.38640401e-12  2.34443725e-12 
 3.66628444e-05  7.25742638e-01  7.25771431e-01  7.25735069e-01 -1.24142710e-05 -1.78311272e-12  8.60161443e-13 
 3.66878444e-05  7.25742735e-01  7.25772470e-01  7.25736060e-01 -1.24466172e-05  2.31441906e-12  2.29696709e-12 
 3.67128444e-05  7.25742645e-01  7.25773275e-01  7.25736936e-01 -1.24142869e-05 -1.84332237e-12  8.19400537e-13 
 3.67378444e-05  7.25742741e-01  7.25774099e-01  7.25737710e-01 -1.24466016e-05  2.25788268e-12  2.25980215e-12 
 3.67628444e-05  7.25742651e-01  7.25774716e-01  7.25738394e-01 -1.24143028e-05 -1.88995889e-12  7.87705838e-13 
 3.67814222e-05  7.25742747e-01  7.25775225e-01  7.25738850e-01 -1.24465833e-05  2.21798795e-12  2.23384283e-12 
 3.68000000e-05  7.25742655e-01  7.25775578e-01  7.25739267e-01 -1.24143241e-05 -1.91650472e-12  7.69182894e-13 
 3.68000183e-05  7.25731434e-01  7.25758394e-01  7.25739142e-01 -1.40406238e-05 -2.29802042e-09 -9.67823068e-10 
 3.68000550e-05  7.25721084e-01  7.25730612e-01  7.25738692e-01 -1.48824124e-05 -6.19822888e-09 -2.73687328e-09 
 3.68001283e-05  7.25712332e-01  7.25694331e-01  7.25736886e-01 -1.56054123e-05 -1.13048742e-08 -5.84999690e-09 
 3.68002127e-05  7.25699701e-01  7.25670800e-01  7.25733876e-01 -1.61945024e-05 -1.51888167e-08 -9.12888574e-09 
 3.68003677e-05  7.25681853e-01  7.25659934e-01  7.25727573e-01 -1.64342306e-05 -2.08384324e-08 -1.46375211e-08 
 3.68005623e-05  7.25657061e-01  7.25670336e-01  7.25720178e-01 -1.66111169e-05 -2.70502941e-08 -2.10152787e-08 
 3.68008895e-05  7.25620022e-01  7.25704570e-01  7.25711701e-01 -1.65779135e-05 -3.64159567e-08 -3.06574528e-08 
 3.68012795e-05  7.25577126e-01  7.25752686e-01  7.25708900e-01 -1.69369600e-05 -4.55308557e-08 -4.06188664e-08 
 3.68014865e-05  7.25558158e-01  7.25780835e-01  7.25710615e-01 -1.74331168e-05 -4.81528537e-08 -4.52389553e-08 
 3.68017028e-05  7.25540542e-01  7.25812488e-01  7.25714741e-01 -1.91953466e-05 -4.48637591e-08 -4.95365065e-08 
 3.68018641e-05  7.25533292e-01  7.25839000e-01  7.25719412e-01 -2.17210098e-05 -3.37482708e-08 -5.22795296e-08 
 3.68020106e-05  7.25530033e-01  7.25865576e-01  7.25724912e-01 -2.54645351e-05 -1.18318573e-08 -5.43371330e-08 
 3.68021533e-05  7.25532515e-01  7.25894732e-01  7.25731514e-01 -3.02705120e-05  2.60550729e-08 -5.58158712e-08 
 3.68022799e-05  7.25536569e-01  7.25923584e-01  7.25738494e-01 -3.56319556e-05  7.96328254e-08 -5.65830287e-08 
 3.68023865e-05  7.25541570e-01  7.25951013e-01  7.25745283e-01 -4.06551017e-05  1.45980015e-07 -5.66831380e-08 
 3.68024780e-05  7.25544285e-01  7.25977447e-01  7.25751845e-01 -4.53520737e-05  2.24957685e-07 -5.62385890e-08 
 3.68025605e-05  7.25545075e-01  7.26004506e-01  7.25758429e-01 -4.96190829e-05  3.20498236e-07 -5.52634402e-08 
 3.68026414e-05  7.25542375e-01  7.26034788e-01  7.25765596e-01 -5.38418547e-05  4.43983308e-07 -5.36248286e-08 
 3.68027357e-05  7.25537666e-01  7.26074897e-01  7.25774955e-01 -5.85740888e-05  6.32191516e-07 -5.07111237e-08 
 3.68028307e-05  7.25533983e-01  7.26118903e-01  7.25785605e-01 -6.33324696e-05  8.71411942e-07 -4.67045847e-08 
 3.68029612e-05  7.25532858e-01  7.26180286e-01  7.25802280e-01 -6.98848175e-05  1.27310023e-06 -3.97547881e-08 
 3.68030883e-05  7.25535411e-01  7.26238009e-01  7.25820654e-01 -7.64147322e-05  1.73418981e-06 -3.17068116e-08 
 3.68032303e-05  7.25542957e-01  7.26298404e-01  7.25843364e-01 -8.36583289e-05  2.31643694e-06 -2.15545995e-08 
 3.68033846e-05  7.25555409e-01  7.26358785e-01  7.25870241e-01 -9.11640132e-05  3.01446258e-06 -9.43405766e-09 
 3.68035482e-05  7.25572688e-01  7.26416089e-01  7.25900718e-01 -9.80104954e-05  3.80977531e-06  4.28187487e-09 
 3.68036818e-05  7.25588580e-01  7.26456175e-01  7.25926696e-01 -1.01931145e-04  4.48312141e-06  1.57602746e-08 
 3.68037678e-05  7.25599191e-01  7.26476965e-01  7.25943740e-01 -1.02563563e-04  4.91585216e-06  2.30089922e-08 
 3.68038251e-05  7.25605757e-01  7.26486810e-01  7.25955109e-01 -1.00862189e-04  5.19408651e-06  2.75486518e-08 
 3.68038761e-05  7.25610849e-01  7.26490602e-01  7.25965150e-01 -9.69048767e-05  5.42544941e-06  3.11584512e-08 
 3.68039330e-05  7.25615164e-01  7.26486800e-01  7.25976103e-01 -8.99290095e-05  5.65356868e-06  3.44217856e-08 
 3.68040024e-05  7.25618373e-01  7.26469580e-01  7.25988861e-01 -7.90370181e-05  5.87675637e-06  3.70512745e-08 
 3.68040747e-05  7.25619376e-01  7.26439390e-01  7.26001108e-01 -6.67734391e-05  6.03743886e-06  3.81326234e-08 
 3.68041731e-05  7.25617427e-01  7.26387624e-01  7.26015623e-01 -5.13300684e-05  6.14200855e-06  3.71941930e-08 
 3.68042605e-05  7.25613233e-01  7.26340267e-01  7.26026340e-01 -4.04711368e-05  6.14017532e-06  3.45576353e-08 
 3.68043400e-05  7.25607996e-01  7.26302435e-01  7.26034436e-01 -3.31721756e-05  6.07976722e-06  3.12106263e-08 
 3.68044267e-05  7.25601266e-01  7.26270153e-01  7.26041786e-01 -2.76131044e-05  5.96941720e-06  2.69927094e-08 
 3.68045192e-05  7.25593300e-01  7.26246617e-01  7.26048336e-01 -2.37718345e-05  5.81854209e-06  2.22085747e-08 
 3.68046165e-05  7.25584411e-01  7.26232753e-01  7.26054258e-01 -2.13326092e-05  5.63858940e-06  1.71296873e-08 
 3.68047237e-05  7.25574241e-01  7.26227634e-01  7.26060120e-01 -1.98107789e-05  5.42885507e-06  1.16686751e-08 
 3.68048445e-05  7.25562567e-01  7.26230865e-01  7.26066385e-01 -1.89352599e-05  5.18921740e-06  5.78881880e-09 
 3.68049222e-05  7.25554958e-01  7.26236468e-01  7.26070396e-01 -1.86389242e-05  5.03632205e-06  2.17263497e-09 
 3.68050000e-05  7.25547345e-01  7.26243879e-01  7.26074484e-01 -1.84584358e-05  4.88608892e-06 -1.31023986e-09 
 3.68050016e-05  7.25549385e-01  7.26246107e-01  7.26074573e-01 -1.75261725e-05  4.88318880e-06 -1.28253779e-09 
 3.68050049e-05  7.25552681e-01  7.26250355e-01  7.26074753e-01 -1.70830437e-05  4.87741113e-06 -1.23179849e-09 
 3.68050115e-05  7.25555691e-01  7.26257943e-01  7.26075129e-01 -1.66683236e-05  4.86591238e-06 -1.15725029e-09 
 3.68050213e-05  7.25556587e-01  7.26267627e-01  7.26075724e-01 -1.63724706e-05  4.84866809e-06 -1.08698621e-09 
 3.68050383e-05  7.25556832e-01  7.26282234e-01  7.26076822e-01 -1.58216433e-05  4.81893398e-06 -1.00050074e-09 
 3.68050721e-05  7.25556979e-01  7.26307830e-01  7.26079268e-01 -1.50251778e-05  4.75934174e-06 -8.95571922e-10 
 3.68051398e-05  7.25557189e-01  7.26347214e-01  7.26084930e-01 -1.38805307e-05  4.64036044e-06 -8.63993849e-10 
 3.68052752e-05  7.25557331e-01  7.26392854e-01  7.26098047e-01 -1.28885149e-05  4.40668771e-06 -1.13566143e-09 
 3.68055070e-05  7.25557616e-01  7.26424300e-01  7.26122348e-01 -1.24510408e-05  4.02779462e-06 -1.82779069e-09 
 3.68057494e-05  7.25557831e-01  7.26439038e-01  7.26147594e-01 -1.24607211e-05  3.66416693e-06 -2.44968632e-09 
 3.68061080e-05  7.25558199e-01  7.26456712e-01  7.26182926e-01 -1.24222036e-05  3.18462735e-06 -3.10473629e-09 
 3.68066031e-05  7.25558605e-01  7.26477531e-01  7.26227592e-01 -1.24523415e-05  2.62309941e-06 -3.64671249e-09 
 3.68075932e-05  7.25559416e-01  7.26508819e-01  7.26303386e-01 -1.24191849e-05  1.77303210e-06 -3.93658322e-09 
 3.68095735e-05  7.25560629e-01  7.26535947e-01  7.26407038e-01 -1.24481726e-05  7.84150458e-07 -3.11728883e-09 
 3.68135341e-05  7.25562182e-01  7.26489498e-01  7.26468354e-01 -1.24149462e-05  1.00196393e-07 -1.02405423e-09 
 3.68194517e-05  7.25562957e-01  7.26285743e-01  7.26341462e-01 -1.24451830e-05 -7.37870931e-09 -4.06402906e-12 
 3.68273159e-05  7.25562852e-01  7.25954309e-01  7.26026329e-01 -1.24138208e-05  1.23799157e-09 -1.74744088e-10 
 3.68352755e-05  7.25562265e-01  7.25669460e-01  7.25718330e-01 -1.24455266e-05 -5.81763795e-10 -1.93727688e-10 
 3.68459801e-05  7.25561569e-01  7.25435925e-01  7.25443069e-01 -1.24150276e-05 -2.16284603e-11 -1.17397437e-10 
 3.68599224e-05  7.25560944e-01  7.25355699e-01  7.25320112e-01 -1.24464717e-05 -6.61381767e-11 -2.75425675e-11 
 3.68831344e-05  7.25560779e-01  7.25498968e-01  7.25436868e-01 -1.24147720e-05  1.05665978e-10  4.77013714e-11 
 3.69081344e-05  7.25561056e-01  7.25693948e-01  7.25642390e-01 -1.24454195e-05  2.43724524e-11  3.76303313e-11 
 3.69331344e-05  7.25561336e-01  7.25748518e-01  7.25713322e-01 -1.24142650e-05  1.36000601e-11  5.22612487e-12 
 3.69581344e-05  7.25561337e-01  7.25704808e-01  7.25675083e-01 -1.24456816e-05 -2.74341411e-11 -1.07388534e-11 
 3.69790672e-05  7.25561303e-01  7.25661026e-01  7.25629156e-01 -1.24146326e-05 -7.70775696e-12 -8.23042334e-12 
 3.70000000e-05  7.25561219e-01  7.25640235e-01  7.25605253e-01 -1.24458163e-05 -6.99871910e-12 -2.38701170e-12 
 3.70000095e-05  7.25565164e-01  7.25656081e-01  7.25605308e-01 -7.47189446e-06  2.22718251e-09  4.88852310e-10 
 3.70000286e-05  7.25568424e-01  7.25681544e-01  7.25605515e-01 -6.96153207e-06  6.78315655e-09  1.41900466e-09 
 3.70000605e-05  7.25568241e-01  7.25710928e-01  7.25606206e-01 -6.76368762e-06  1.42988095e-08  2.86602467e-09 
 3.70000940e-05  7.25569426e-01  7.25736410e-01  7.25607286e-01 -6.41928355e-06  2.18844364e-08  4.33271953e-09 
 3.70001610e-05  7.25570581e-01  7.25774598e-01  7.25610245e-01 -6.14868986e-06  3.65459330e-08  7.12367058e-09 
 3.70002949e-05  7.25573591e-01  7.25817139e-01  7.25618036e-01 -5.80181883e-06  6.41397692e-08  1.23283557e-08 
 3.70005086e-05  7.25577914e-01  7.25840911e-01  7.25632360e-01 -5.75207951e-06  1.04788426e-07  1.99229691e-08 
 3.70008764e-05  7.25585773e-01  7.25848680e-01  7.25656497e-01 -5.70318991e-06  1.67010251e-07  3.15167412e-08 
 3.70013459e-05  7.25595587e-01  7.25848866e-01  7.25683276e-01 -5.80000825e-06  2.34529139e-07  4.40646237e-08 
 3.70015184e-05  7.25599912e-01  7.25848151e-01  7.25691877e-01 -5.84116693e-06  2.56279635e-07  4.80986359e-08 
 3.70018634e-05  7.25616531e-01  7.25843530e-01  7.25707069e-01 -7.20567893e-06  2.94273538e-07  5.50429048e-08 
 3.70020126e-05  7.25634403e-01  7.25838602e-01  7.25712734e-01 -8.80559475e-06  3.07400641e-07  5.73383864e-08 
 3.70021141e-05  7.25653412e-01  7.25832757e-01  7.25716181e-01 -1.07020717e-05  3.14236822e-07  5.84019551e-08 
 3.70022160e-05  7.25678901e-01  7.25824184e-01  7.25719217e-01 -1.32101402e-05  3.18709376e-07  5.88868475e-08 
 3.70023252e-05  7.25713351e-01  7.25811532e-01  7.25721883e-01 -1.64745949e-05  3.20128378e-07  5.85613571e-08 
 3.70024332e-05  7.25753317e-01  7.25794548e-01  7.25723779e-01 -1.96757278e-05  3.17181825e-07  5.71339658e-08 
 3.70025349e-05  7.25794723e-01  7.25773509e-01  7.25724735e-01 -2.20180267e-05  3.09479287e-07  5.45108811e-08 
 3.70026494e-05  7.25843093e-01  7.25743223e-01  7.25724616e-01 -2.36197932e-05  2.93983830e-07  4.97747340e-08 
 3.70027545e-05  7.25887588e-01  7.25711446e-01  7.25723235e-01 -2.52899966e-05  2.73318600e-07  4.37650631e-08 
 3.70029119e-05  7.25951459e-01  7.25664364e-01  7.25718862e-01 -2.83938435e-05  2.31934214e-07  3.22085574e-08 
 3.70030525e-05  7.26003597e-01  7.25627158e-01  7.25712878e-01 -3.14409377e-05  1.85672220e-07  1.97249763e-08 
 3.70031942e-05  7.26049307e-01  7.25596553e-01  7.25705313e-01 -3.44641088e-05  1.31590334e-07  5.53666883e-09 
 3.70033175e-05  7.26081374e-01  7.25576869e-01  7.25697857e-01 -3.68508040e-05  7.86732568e-08 -7.77857599e-09 
 3.70033920e-05  7.26094709e-01  7.25568931e-01  7.25693123e-01 -3.80026356e-05  4.08693388e-08 -1.60721919e-08 
 3.70034317e-05  7.26098578e-01  7.25566534e-01  7.25690573e-01 -3.84094019e-05  1.43697322e-08 -2.04947376e-08 
 3.70034712e-05  7.26098608e-01  7.25566137e-01  7.25688056e-01 -3.85744172e-05 -2.47340291e-08 -2.47954854e-08 
 3.70034988e-05  7.26093899e-01  7.25567612e-01  7.25686326e-01 -3.84358663e-05 -6.52993881e-08 -2.76772459e-08 
 3.70035213e-05  7.26083985e-01  7.25570376e-01  7.25684952e-01 -3.81048464e-05 -1.09894850e-07 -2.98826883e-08 
 3.70035429e-05  7.26066150e-01  7.25574978e-01  7.25683675e-01 -3.74867240e-05 -1.63891606e-07 -3.18093583e-08 
 3.70035673e-05  7.26035061e-01  7.25583479e-01  7.25682306e-01 -3.64143608e-05 -2.38361892e-07 -3.36513575e-08 
 3.70035954e-05  7.25989281e-01  7.25598612e-01  7.25680881e-01 -3.47060346e-05 -3.39735023e-07 -3.51843577e-08 
 3.70036264e-05  7.25933573e-01  7.25622198e-01  7.25679564e-01 -3.23987626e-05 -4.68250707e-07 -3.60695251e-08 
 3.70036712e-05  7.25856321e-01  7.25666024e-01  7.25678292e-01 -2.86382930e-05 -6.76193389e-07 -3.59326967e-08 
 3.70036983e-05  7.25815370e-01  7.25696352e-01  7.25677931e-01 -2.63063888e-05 -8.12051375e-07 -3.51433608e-08 
 3.70037258e-05  7.25780094e-01  7.25727933e-01  7.25677909e-01 -2.39963161e-05 -9.54399739e-07 -3.39414282e-08 
 3.70037588e-05  7.25745529e-01  7.25765171e-01  7.25678332e-01 -2.14271530e-05 -1.12945582e-06 -3.21210226e-08 
 3.70037952e-05  7.25716487e-01  7.25803919e-01  7.25679345e-01 -1.88685039e-05 -1.32664269e-06 -2.97978105e-08 
 3.70038320e-05  7.25695182e-01  7.25839144e-01  7.25680892e-01 -1.66508929e-05 -1.52738443e-06 -2.72882164e-08 
 3.70038720e-05  7.25679136e-01  7.25872330e-01  7.25683092e-01 -1.46289437e-05 -1.74601058e-06 -2.45122118e-08 
 3.70039147e-05  7.25667821e-01  7.25901892e-01  7.25685934e-01 -1.28995769e-05 -1.97864731e-06 -2.15959852e-08 
 3.70039638e-05  7.25659972e-01  7.25928997e-01  7.25689685e-01 -1.13661038e-05 -2.24337090e-06 -1.83856113e-08 
 3.70040186e-05  7.25655279e-01  7.25952090e-01  7.25694337e-01 -1.01239334e-05 -2.53582923e-06 -1.50023354e-08 
 3.70040841e-05  7.25653148e-01  7.25972049e-01  7.25700329e-01 -9.10919280e-06 -2.88072639e-06 -1.12310885e-08 
 3.70041614e-05  7.25653421e-01  7.25988076e-01  7.25707742e-01 -8.37362728e-06 -3.28143888e-06 -7.11392575e-09 
 3.70042600e-05  7.25656647e-01  7.26001261e-01  7.25717438e-01 -7.85749928e-06 -3.78938278e-06 -2.24849511e-09 
 3.70043863e-05  7.25664953e-01  7.26011793e-01  7.25729893e-01 -7.56217909e-06 -4.45627976e-06  3.54698361e-09 
 3.70045658e-05  7.25687796e-01  7.26021361e-01  7.25747244e-01 -7.41421186e-06 -5.53607338e-06  1.12552219e-08 
 3.70047829e-05  7.25737780e-01  7.26029285e-01  7.25767368e-01 -7.37262320e-06 -7.31961817e-06  2.00358464e-08 
 3.70050000e-05  7.25806465e-01  7.26034907e-01  7.25786381e-01 -7.35754520e-06 -9.92999141e-06  2.83498350e-08 
 3.70050020e-05  7.25805363e-01  7.26030777e-01  7.25786550e-01 -1.19560153e-05 -9.95944514e-06  2.83133820e-08 
 3.70050061e-05  7.25803429e-01  7.26023188e-01  7.25786882e-01 -1.22519943e-05 -1.00185111e-05  2.82425865e-08 
 3.70050142e-05  7.25801387e-01  7.26010902e-01  7.25787511e-01 -1.23778811e-05 -1.01369640e-05  2.81213116e-08 
 3.70050305e-05  7.25800044e-01  7.25992220e-01  7.25788662e-01 -1.23704279e-05 -1.03727667e-05  2.79279879e-08 
 3.70050579e-05  7.25798514e-01  7.25967346e-01  7.25790350e-01 -1.24466197e-05 -1.07659169e-05  2.76528390e-08 
 3.70051127e-05  7.25796619e-01  7.25928645e-01  7.25792981e-01 -1.24413034e-05 -1.15358235e-05  2.72214487e-08 
 3.70052223e-05  7.25794567e-01  7.25881227e-01  7.25796227e-01 -1.24919017e-05 -1.30121102e-05  2.66509790e-08 
 3.70053399e-05  7.25793221e-01  7.25858221e-01  7.25797938e-01 -1.24482529e-05 -1.45068917e-05  2.63235941e-08 
 3.70055381e-05  7.25791070e-01  7.25845502e-01  7.25799283e-01 -1.24750301e-05 -1.68272202e-05  2.62205803e-08 
 3.70058434e-05  7.25788165e-01  7.25845293e-01  7.25800413e-01 -1.24253115e-05 -1.99603575e-05  2.69094598e-08 
 3.70064540e-05  7.25783255e-01  7.25852943e-01  7.25803116e-01 -1.24416949e-05 -2.48816965e-05  3.03311360e-08 
 3.70076752e-05  7.25776513e-01  7.25867277e-01  7.25811244e-01 -1.23781474e-05 -3.08129236e-05  4.07534973e-08 
 3.70095505e-05  7.25770984e-01  7.25887039e-01  7.25827404e-01 -1.23943757e-05 -3.38506491e-05  5.63060400e-08 
 3.70114754e-05  7.25768703e-01  7.25904481e-01  7.25845230e-01 -1.23507944e-05 -3.32520527e-05  6.59389874e-08 
 3.70140038e-05  7.25767852e-01  7.25923076e-01  7.25866896e-01 -1.23856905e-05 -3.06576057e-05  6.92663831e-08 
 3.70170810e-05  7.25768345e-01  7.25939017e-01  7.25888121e-01 -1.23515971e-05 -2.70072980e-05  6.54852075e-08 
 3.70220111e-05  7.25770367e-01  7.25950051e-01  7.25908097e-01 -1.23934950e-05 -2.19009718e-05  5.46987614e-08 
 3.70296861e-05  7.25774624e-01  7.25937010e-01  7.25907053e-01 -1.23658582e-05 -1.60867996e-05  3.97945118e-08 
 3.70377085e-05  7.25779112e-01  7.25895168e-01  7.25873468e-01 -1.24103434e-05 -1.19797902e-05  2.92780485e-08 
 3.70475973e-05  7.25784052e-01  7.25825572e-01  7.25807861e-01 -1.23825275e-05 -8.53314960e-06  2.06785740e-08 
 3.70581749e-05  7.25788285e-01  7.25752039e-01  7.25732701e-01 -1.24261844e-05 -6.07014064e-06  1.46066003e-08 
 3.70715470e-05  7.25792319e-01  7.25685068e-01  7.25659287e-01 -1.23967587e-05 -4.01824178e-06  9.62631828e-09 
 3.70863551e-05  7.25795414e-01  7.25654404e-01  7.25620663e-01 -1.24383535e-05 -2.58853998e-06  6.18600576e-09 
 3.71048808e-05  7.25797974e-01  7.25665474e-01  7.25625379e-01 -1.24061552e-05 -1.50793284e-06  3.60886840e-09 
 3.71258691e-05  7.25799725e-01  7.25705673e-01  7.25664002e-01 -1.24451515e-05 -8.25316166e-07  1.97900244e-09 
 3.71508691e-05  7.25800906e-01  7.25746323e-01  7.25706855e-01 -1.24105202e-05 -4.01860781e-07  9.67294172e-10 
 3.71758691e-05  7.25801492e-01  7.25764427e-01  7.25727245e-01 -1.24477212e-05 -1.97204293e-07  4.72677875e-10 
 3.72008691e-05  7.25801781e-01  7.25769179e-01  7.25732698e-01 -1.24118559e-05 -9.66654508e-08  2.32647079e-10 
 3.72258691e-05  7.25801907e-01  7.25772948e-01  7.25736163e-01 -1.24483988e-05 -4.76921832e-08  1.15093083e-10 
 3.72508691e-05  7.25801982e-01  7.25779707e-01  7.25742626e-01 -1.24121634e-05 -2.33719844e-08  5.87978398e-11 
 3.72758691e-05  7.25802015e-01  7.25787714e-01  7.25750621e-01 -1.24485408e-05 -1.15766399e-08  3.01047123e-11 
 3.73008691e-05  7.25802046e-01  7.25794664e-01  7.25757755e-01 -1.24122532e-05 -5.65987240e-09  1.63149081e-11 
 3.73258691e-05  7.25802054e-01  7.25800063e-01  7.25763289e-01 -1.24485738e-05 -2.80912448e-09  8.79251571e-12 
 3.73508691e-05  7.25802070e-01  7.25804405e-01  7.25767717e-01 -1.24122776e-05 -1.37100062e-09  5.52050907e-12 
 3.73758691e-05  7.25802070e-01  7.25808299e-01  7.25771628e-01 -1.24485825e-05 -6.78226206e-10  3.58885767e-12 
 3.74008691e-05  7.25802082e-01  7.25811871e-01  7.25775241e-01 -1.24122859e-05 -3.35098231e-10  2.88014366e-12 
 3.74258691e-05  7.25802080e-01  7.25815124e-01  7.25778520e-01 -1.24485819e-05 -1.59125380e-10  2.29440832e-12 
 3.74508691e-05  7.25802091e-01  7.25817962e-01  7.25781410e-01 -1.24122905e-05 -8.60613653e-11  2.11647057e-12 
 3.74758691e-05  7.25802088e-01  7.25820461e-01  7.25783931e-01 -1.24485801e-05 -3.21362602e-11  1.88482655e-12 
 3.75008691e-05  7.25802098e-01  7.25822630e-01  7.25786140e-01 -1.24122942e-05 -2.67522796e-11  1.84075205e-12 
 3.75258691e-05  7.25802094e-01  7.25824574e-01  7.25788095e-01 -1.24485781e-05 -8.62549398e-13  1.73179987e-12 
 3.75508691e-05  7.25802104e-01  7.25826274e-01  7.25789828e-01 -1.24122974e-05 -1.29174525e-11  1.71804677e-12 
 3.75758691e-05  7.25802099e-01  7.25827803e-01  7.25791363e-01 -1.24485758e-05  6.90828362e-12  1.64976648e-12 
 3.76008691e-05  7.25802109e-01  7.25829129e-01  7.25792718e-01 -1.24123004e-05 -9.85656934e-12  1.64100949e-12 
 3.76258691e-05  7.25802104e-01  7.25830323e-01  7.25793915e-01 -1.24485734e-05  8.84391171e-12  1.59150221e-12 
 3.76508691e-05  7.25802114e-01  7.25831353e-01  7.25794971e-01 -1.24123034e-05 -9.28140442e-12  1.58652594e-12 
 3.76758691e-05  7.25802109e-01  7.25832288e-01  7.25795904e-01 -1.24485710e-05  9.30949827e-12  1.54795090e-12 
 3.77008691e-05  7.25802118e-01  7.25833090e-01  7.25796729e-01 -1.24123063e-05 -9.24106993e-12  1.54618674e-12 
 3.77258691e-05  7.25802113e-01  7.25833823e-01  7.25797459e-01 -1.24485685e-05  9.39836078e-12  1.51403917e-12 
 3.77508691e-05  7.25802122e-01  7.25834447e-01  7.25798103e-01 -1.24123091e-05 -9.29378406e-12  1.51522685e-12 
 3.77758691e-05  7.25802116e-01  7.25835022e-01  7.25798672e-01 -1.24485660e-05  9.39041965e-12  1.48735798e-12 
 3.78008691e-05  7.25802125e-01  7.25835506e-01  7.25799175e-01 -1.24123119e-05 -9.34782893e-12  1.49133521e-12 
 3.78258691e-05  7.25802120e-01  7.25835958e-01  7.25799620e-01 -1.24485635e-05  9.35993535e-12  1.46643494e-12 
 3.78508691e-05  7.25802129e-01  7.25836333e-01  7.25800013e-01 -1.24123147e-05 -9.38878120e-12  1.47284176e-12 
 3.78758691e-05  7.25802123e-01  7.25836689e-01  7.25800360e-01 -1.24485609e-05  9.32729545e-12  1.45001735e-12 
 3.79008691e-05  7.25802132e-01  7.25836979e-01  7.25800667e-01 -1.24123174e-05 -9.41794646e-12  1.45848497e-12 
 3.79258691e-05  7.25802126e-01  7.25837260e-01  7.25800938e-01 -1.24485583e-05  9.29752889e-12  1.43713692e-12 
 3.79508691e-05  7.25802135e-01  7.25837484e-01  7.25801178e-01 -1.24123201e-05 -9.43827698e-12  1.44733726e-12 
 3.79758691e-05  7.25802130e-01  7.25837707e-01  7.25801390e-01 -1.24485557e-05  9.27171838e-12  1.42703606e-12 
 3.80008691e-05  7.25802138e-01  7.25837879e-01  7.25801578e-01 -1.24123228e-05 -9.45222741e-12  1.43868310e-12 
 3.80258691e-05  7.25802132e-01  7.25838056e-01  7.25801743e-01 -1.24485531e-05  9.24960304e-12  1.41911260e-12 
 3.80508691e-05  7.25802141e-01  7.25838187e-01  7.25801890e-01 -1.24123255e-05 -9.46132517e-12  1.43196750e-12 
 3.80758691e-05  7.25802135e-01  7.25838329e-01  7.25802020e-01 -1.24485504e-05  9.23080210e-12  1.41289118e-12 
 3.81008691e-05  7.25802144e-01  7.25838429e-01  7.25802135e-01 -1.24123282e-05 -9.46679692e-12  1.42676241e-12 
 3.81258691e-05  7.25802138e-01  7.25838542e-01  7.25802236e-01 -1.24485478e-05  9.21460998e-12  1.40800061e-12 
 3.81508691e-05  7.25802147e-01  7.25838618e-01  7.25802326e-01 -1.24123309e-05 -9.46945105e-12  1.42273416e-12 
 3.81758691e-05  7.25802141e-01  7.25838710e-01  7.25802405e-01 -1.24485452e-05  9.20052229e-12  1.40415050e-12 
 3.82008691e-05  7.25802150e-01  7.25838766e-01  7.25802476e-01 -1.24123335e-05 -9.47004281e-12  1.41962418e-12 
 3.82258691e-05  7.25802144e-01  7.25838841e-01  7.25802538e-01 -1.24485426e-05  9.18807239e-12  1.40111279e-12 
 3.82508691e-05  7.25802153e-01  7.25838882e-01  7.25802593e-01 -1.24123362e-05 -9.46890504e-12  1.41722875e-12 
 3.82758691e-05  7.25802147e-01  7.25838944e-01  7.25802642e-01 -1.24485399e-05  9.17685394e-12  1.39870819e-12 
 3.83008691e-05  7.25802156e-01  7.25838973e-01  7.25802686e-01 -1.24123389e-05 -9.46651156e-12  1.41539216e-12 
 3.83258691e-05  7.25802149e-01  7.25839025e-01  7.25802724e-01 -1.24485373e-05  9.16667545e-12  1.39680113e-12 
 3.83508691e-05  7.25802159e-01  7.25839045e-01  7.25802758e-01 -1.24123415e-05 -9.46307182e-12  1.41399137e-12 
 3.83758691e-05  7.25802152e-01  7.25839088e-01  7.25802789e-01 -1.24485346e-05  9.15718022e-12  1.39527973e-12 
 3.84008691e-05  7.25802161e-01  7.25839102e-01  7.25802816e-01 -1.24123442e-05 -9.45892952e-12  1.41292864e-12 
 3.84258691e-05  7.25802155e-01  7.25839139e-01  7.25802840e-01 -1.24485320e-05  9.14830733e-12  1.39406157e-12 
 3.84508691e-05  7.25802164e-01  7.25839147e-01  7.25802861e-01 -1.24123468e-05 -9.45403998e-12  1.41213148e-12 
 3.84758691e-05  7.25802158e-01  7.25839179e-01  7.25802880e-01 -1.24485294e-05  9.13987159e-12  1.39307955e-12 
 3.85008691e-05  7.25802167e-01  7.25839182e-01  7.25802897e-01 -1.24123495e-05 -9.44871633e-12  1.41153934e-12 
 3.85258691e-05  7.25802160e-01  7.25839210e-01  7.25802912e-01 -1.24485267e-05  9.13171969e-12  1.39228120e-12 
 3.85508691e-05  7.25802170e-01  7.25839211e-01  7.25802926e-01 -1.24123521e-05 -9.44300801e-12  1.41110908e-12 
 3.85758691e-05  7.25802163e-01  7.25839236e-01  7.25802938e-01 -1.24485241e-05  9.12385944e-12  1.39162786e-12 
 3.86008691e-05  7.25802172e-01  7.25839233e-01  7.25802949e-01 -1.24123548e-05 -9.43688942e-12  1.41080442e-12 
 3.86258691e-05  7.25802166e-01  7.25839256e-01  7.25802958e-01 -1.24485214e-05  9.11622557e-12  1.39108712e-12 
 3.86508691e-05  7.25802175e-01  7.25839252e-01  7.25802967e-01 -1.24123574e-05 -9.43055334e-12  1.41059679e-12 
 3.86758691e-05  7.25802168e-01  7.25839273e-01  7.25802975e-01 -1.24485188e-05  9.10871834e-12  1.39063511e-12 
 3.87008691e-05  7.25802178e-01  7.25839266e-01  7.25802982e-01 -1.24123600e-05 -9.42394296e-12  1.41046479e-12 
 3.87258691e-05  7.25802171e-01  7.25839286e-01  7.25802989e-01 -1.24485162e-05  9.10131757e-12  1.39025136e-12 
 3.87508691e-05  7.25802181e-01  7.25839279e-01  7.25802995e-01 -1.24123627e-05 -9.41719380e-12  1.41039291e-12 
 3.87758691e-05  7.25802174e-01  7.25839297e-01  7.25803000e-01 -1.24485135e-05  9.09401721e-12  1.38992219e-12 
 3.88008691e-05  7.25802183e-01  7.25839289e-01  7.25803005e-01 -1.24123653e-05 -9.41029719e-12  1.41036689e-12 
 3.88258691e-05  7.25802176e-01  7.25839307e-01  7.25803009e-01 -1.24485109e-05  9.08671901e-12  1.38963450e-12 
 3.88508691e-05  7.25802186e-01  7.25839297e-01  7.25803013e-01 -1.24123680e-05 -9.40330691e-12  1.41037594e-12 
 3.88758691e-05  7.25802179e-01  7.25839314e-01  7.25803017e-01 -1.24485082e-05  9.07948955e-12  1.38938107e-12 
 3.89008691e-05  7.25802189e-01  7.25839304e-01  7.25803021e-01 -1.24123706e-05 -9.39613556e-12  1.41041345e-12 
 3.89258691e-05  7.25802182e-01  7.25839321e-01  7.25803024e-01 -1.24485056e-05  9.07227158e-12  1.38915214e-12 
 3.89508691e-05  7.25802191e-01  7.25839311e-01  7.25803027e-01 -1.24123732e-05 -9.38902233e-12  1.41047151e-12 
 3.89758691e-05  7.25802184e-01  7.25839327e-01  7.25803030e-01 -1.24485030e-05  9.06496319e-12  1.38894446e-12 
 3.90000000e-05  7.25802194e-01  7.25839316e-01  7.25803032e-01 -1.24123759e-05 -9.38985716e-12  1.41054556e-12 
 3.90000159e-05  7.25796369e-01  7.25815764e-01  7.25802884e-01 -1.73240379e-05 -4.48328297e-09 -7.91577041e-10 
 3.90000476e-05  7.25791531e-01  7.25779589e-01  7.25802360e-01 -1.75454431e-05 -1.38041614e-08 -2.27907683e-09 
 3.90001111e-05  7.25789714e-01  7.25733058e-01  7.25800296e-01 -1.74728960e-05 -3.16002971e-08 -5.01024289e-09 
 3.90001997e-05  7.25786208e-01  7.25689117e-01  7.25795925e-01 -1.75912915e-05 -5.43865932e-08 -8.60165691e-09 
 3.90003184e-05  7.25784369e-01  7.25658988e-01  7.25788592e-01 -1.75040170e-05 -8.28896800e-08 -1.31122171e-08 
 3.90004853e-05  7.25780217e-01  7.25640232e-01  7.25777270e-01 -1.75936396e-05 -1.19262642e-07 -1.90645301e-08 
 3.90007958e-05  7.25774396e-01  7.25630706e-01  7.25756440e-01 -1.75480217e-05 -1.77579774e-07 -2.90784173e-08 
 3.90014170e-05  7.25762660e-01  7.25629160e-01  7.25720461e-01 -1.82412514e-05 -2.66582016e-07 -4.56996316e-08 
 3.90016108e-05  7.25761685e-01  7.25630941e-01  7.25711007e-01 -1.91992806e-05 -2.88331140e-07 -4.99805904e-08 
 3.90017701e-05  7.25762894e-01  7.25633479e-01  7.25703900e-01 -2.10868809e-05 -3.03237513e-07 -5.31253298e-08 
 3.90019047e-05  7.25767482e-01  7.25637415e-01  7.25698406e-01 -2.35905149e-05 -3.13067755e-07 -5.54544913e-08 
 3.90020358e-05  7.25774055e-01  7.25642568e-01  7.25693568e-01 -2.71901032e-05 -3.19115386e-07 -5.73771359e-08 
 3.90021621e-05  7.25783168e-01  7.25649620e-01  7.25689440e-01 -3.15640737e-05 -3.20647493e-07 -5.88236462e-08 
 3.90022737e-05  7.25791539e-01  7.25657572e-01  7.25686291e-01 -3.62696580e-05 -3.17172431e-07 -5.96915983e-08 
 3.90023691e-05  7.25798380e-01  7.25666312e-01  7.25684022e-01 -4.06886475e-05 -3.09429028e-07 -6.00303064e-08 
 3.90024519e-05  7.25802224e-01  7.25675674e-01  7.25682415e-01 -4.48474105e-05 -2.97848682e-07 -5.99326137e-08 
 3.90025265e-05  7.25803199e-01  7.25686100e-01  7.25681303e-01 -4.86461529e-05 -2.82423218e-07 -5.94325086e-08 
 3.90025972e-05  7.25800569e-01  7.25698164e-01  7.25680593e-01 -5.22915469e-05 -2.62247793e-07 -5.84977727e-08 
 3.90026719e-05  7.25794537e-01  7.25713623e-01  7.25680270e-01 -5.60182291e-05 -2.34138546e-07 -5.69143090e-08 
 3.90027511e-05  7.25787101e-01  7.25732705e-01  7.25680476e-01 -5.99151249e-05 -1.96950561e-07 -5.45184932e-08 
 3.90028512e-05  7.25779821e-01  7.25758681e-01  7.25681612e-01 -6.47400389e-05 -1.43017576e-07 -5.05338117e-08 
 3.90029446e-05  7.25775105e-01  7.25782988e-01  7.25683554e-01 -6.91756669e-05 -9.26968059e-08 -4.60068729e-08 
 3.90030480e-05  7.25771972e-01  7.25808656e-01  7.25686631e-01 -7.39382868e-05 -4.66455194e-08 -4.02519253e-08 
 3.90031591e-05  7.25771121e-01  7.25833881e-01  7.25690910e-01 -7.89696043e-05 -1.23984557e-08 -3.33424169e-08 
 3.90032736e-05  7.25773383e-01  7.25856164e-01  7.25696183e-01 -8.40815694e-05  1.28352253e-08 -2.56182484e-08 
 3.90034170e-05  7.25778578e-01  7.25878144e-01  7.25703692e-01 -9.00645649e-05  4.17109610e-08 -1.52942855e-08 
 3.90035471e-05  7.25784748e-01  7.25891990e-01  7.25711051e-01 -9.45892589e-05  6.92645648e-08 -5.51041061e-09 
 3.90036518e-05  7.25789935e-01  7.25898178e-01  7.25717113e-01 -9.69728846e-05  9.25987550e-08  2.44166428e-09 
 3.90037243e-05  7.25793567e-01  7.25898832e-01  7.25721263e-01 -9.71765805e-05  1.08736943e-07  7.81533098e-09 
 3.90037781e-05  7.25795900e-01  7.25896147e-01  7.25724242e-01 -9.54148190e-05  1.20161773e-07  1.15590206e-08 
 3.90038287e-05  7.25797657e-01  7.25889266e-01  7.25726890e-01 -9.13556233e-05  1.29658048e-07  1.46750354e-08 
 3.90038848e-05  7.25798851e-01  7.25874421e-01  7.25729523e-01 -8.42752215e-05  1.37941317e-07  1.74037592e-08 
 3.90039527e-05  7.25799388e-01  7.25845387e-01  7.25732044e-01 -7.35620101e-05  1.43897834e-07  1.94461528e-08 
 3.90040229e-05  7.25799116e-01  7.25804994e-01  7.25733619e-01 -6.18277876e-05  1.45212982e-07  2.00768244e-08 
 3.90041211e-05  7.25797788e-01  7.25740106e-01  7.25733720e-01 -4.71167544e-05  1.39603790e-07  1.88086001e-08 
 3.90042072e-05  7.25796142e-01  7.25683396e-01  7.25731748e-01 -3.73036252e-05  1.29030080e-07  1.61759480e-08 
 3.90042825e-05  7.25794537e-01  7.25639277e-01  7.25728579e-01 -3.11825085e-05  1.16763303e-07  1.31827673e-08 
 3.90043642e-05  7.25792755e-01  7.25599635e-01  7.25723906e-01 -2.66316256e-05  1.01450378e-07  9.59085728e-09 
 3.90044530e-05  7.25790787e-01  7.25566142e-01  7.25717714e-01 -2.35062265e-05  8.33075257e-08  5.54786281e-09 
 3.90045474e-05  7.25788725e-01  7.25540144e-01  7.25710272e-01 -2.15489744e-05  6.31573851e-08  1.29905101e-09 
 3.90046525e-05  7.25786425e-01  7.25520053e-01  7.25701359e-01 -2.03726905e-05  4.02990686e-08 -3.25860673e-09 
 3.90047712e-05  7.25783866e-01  7.25505087e-01  7.25690919e-01 -1.97141718e-05  1.45502928e-08 -8.13250140e-09 
 3.90048856e-05  7.25781392e-01  7.25495598e-01  7.25680772e-01 -1.94362611e-05 -9.83362597e-09 -1.25572481e-08 
 3.90050000e-05  7.25778948e-01  7.25488968e-01  7.25670718e-01 -1.93018294e-05 -3.35616207e-08 -1.67392271e-08 
 3.90050016e-05  7.25780206e-01  7.25492312e-01  7.25670577e-01 -1.47214010e-05 -3.35342453e-08 -1.67076863e-08 
 3.90050049e-05  7.25782308e-01  7.25498527e-01  7.25670300e-01 -1.44016903e-05 -3.34545270e-08 -1.66467933e-08 
 3.90050115e-05  7.25784317e-01  7.25508870e-01  7.25669768e-01 -1.41054696e-05 -3.32106411e-08 -1.65420954e-08 
 3.90050203e-05  7.25784817e-01  7.25519962e-01  7.25669091e-01 -1.40134211e-05 -3.28631071e-08 -1.64279763e-08 
 3.90050342e-05  7.25784944e-01  7.25534289e-01  7.25668103e-01 -1.37998802e-05 -3.23653877e-08 -1.62675630e-08 
 3.90050620e-05  7.25784964e-01  7.25558309e-01  7.25666355e-01 -1.35302353e-05 -3.14753044e-08 -1.59769570e-08 
 3.90051176e-05  7.25785010e-01  7.25595561e-01  7.25663590e-01 -1.30850016e-05 -3.00192306e-08 -1.54766232e-08 
 3.90052288e-05  7.25784988e-01  7.25640733e-01  7.25660034e-01 -1.26797546e-05 -2.78832655e-08 -1.46662641e-08 
 3.90054512e-05  7.25785012e-01  7.25672238e-01  7.25656641e-01 -1.24238758e-05 -2.49739768e-08 -1.33736712e-08 
 3.90057210e-05  7.25785023e-01  7.25675281e-01  7.25654679e-01 -1.24377809e-05 -2.23306516e-08 -1.20307863e-08 
 3.90061070e-05  7.25785074e-01  7.25672283e-01  7.25652217e-01 -1.24129250e-05 -1.91534313e-08 -1.03302983e-08 
 3.90066686e-05  7.25785102e-01  7.25667245e-01  7.25648433e-01 -1.24367256e-05 -1.53624479e-08 -8.26877563e-09 
 3.90077918e-05  7.25785184e-01  7.25657108e-01  7.25640164e-01 -1.24142912e-05 -9.83418668e-09 -5.26917027e-09 
 3.90100383e-05  7.25785236e-01  7.25637004e-01  7.25621942e-01 -1.24387494e-05 -3.84619672e-09 -2.03802834e-09 
 3.90145313e-05  7.25785248e-01  7.25602338e-01  7.25585450e-01 -1.24170428e-05 -2.83441716e-10 -1.42310836e-10 
 3.90235173e-05  7.25785048e-01  7.25570105e-01  7.25539824e-01 -1.24414238e-05  4.71442247e-11  1.05923977e-11 
 3.90380276e-05  7.25784851e-01  7.25613949e-01  7.25563512e-01 -1.24185541e-05  1.48354419e-12 -2.20682608e-12 
 3.90567910e-05  7.25784884e-01  7.25748180e-01  7.25691854e-01 -1.24415464e-05  7.61904797e-11  5.00165037e-11 
 3.90817910e-05  7.25785157e-01  7.25880656e-01  7.25835647e-01 -1.24182084e-05  1.42830871e-11  1.73451652e-11 
 3.91067910e-05  7.25785296e-01  7.25901831e-01  7.25867821e-01 -1.24415040e-05  3.57260250e-12  4.68480165e-12 
 3.91317910e-05  7.25785308e-01  7.25865664e-01  7.25833878e-01 -1.24185188e-05 -1.87428074e-11 -1.03417296e-11 
 3.91567910e-05  7.25785236e-01  7.25835996e-01  7.25801646e-01 -1.24417636e-05 -1.87571378e-12 -1.56436897e-12 
 3.91783955e-05  7.25785224e-01  7.25829997e-01  7.25793623e-01 -1.24185829e-05 -2.74878189e-12 -3.43557160e-13 
 3.92000000e-05  7.25785206e-01  7.25833761e-01  7.25796816e-01 -1.24417139e-05  3.76033774e-12  3.40675085e-12 
 3.92000116e-05  7.25792653e-01  7.25845681e-01  7.25796875e-01 -1.08594579e-05  1.77055732e-09  6.42576868e-10 
 3.92000349e-05  7.25799152e-01  7.25865670e-01  7.25797083e-01 -9.90629063e-06  5.16198740e-09  1.82543716e-09 
 3.92000815e-05  7.25802244e-01  7.25894573e-01  7.25797947e-01 -8.99246522e-06  1.07687253e-08  3.94504684e-09 
 3.92001277e-05  7.25807976e-01  7.25915996e-01  7.25799246e-01 -8.17401971e-06  1.50940650e-08  5.90385692e-09 
 3.92002200e-05  7.25816428e-01  7.25940270e-01  7.25802602e-01 -7.46189769e-06  2.16033648e-08  9.49831174e-09 
 3.92004045e-05  7.25835416e-01  7.25949339e-01  7.25810142e-01 -6.82460261e-06  3.02618017e-08  1.60077198e-08 
 3.92006585e-05  7.25860075e-01  7.25928933e-01  7.25819104e-01 -6.82053913e-06  3.86370693e-08  2.40579322e-08 
 3.92009811e-05  7.25892599e-01  7.25891115e-01  7.25825727e-01 -6.74940655e-06  4.76714345e-08  3.32022832e-08 
 3.92014411e-05  7.25938024e-01  7.25829501e-01  7.25825439e-01 -6.91505653e-06  5.90637292e-08  4.43782610e-08 
 3.92015811e-05  7.25953192e-01  7.25809159e-01  7.25823128e-01 -6.94974068e-06  6.15547319e-08  4.73740459e-08 
 3.92018612e-05  7.25988955e-01  7.25764651e-01  7.25815434e-01 -8.12282193e-06  5.20410483e-08  5.25659106e-08 
 3.92020045e-05  7.26016527e-01  7.25738576e-01  7.25809858e-01 -9.52688392e-06  2.87531216e-08  5.45934199e-08 
 3.92021111e-05  7.26043208e-01  7.25716160e-01  7.25804897e-01 -1.14008092e-05 -8.31016685e-09  5.55658255e-08 
 3.92022183e-05  7.26076864e-01  7.25690209e-01  7.25799107e-01 -1.38490795e-05 -7.25808731e-08  5.58728663e-08 
 3.92023314e-05  7.26118729e-01  7.25658330e-01  7.25791975e-01 -1.70569925e-05 -1.81488348e-07  5.52217185e-08 
 3.92024434e-05  7.26165447e-01  7.25621125e-01  7.25783716e-01 -2.01263520e-05 -3.44412549e-07  5.33074777e-08 
 3.92025494e-05  7.26211764e-01  7.25579502e-01  7.25774596e-01 -2.23383971e-05 -5.64198211e-07  5.00144444e-08 
 3.92026676e-05  7.26263222e-01  7.25524945e-01  7.25762650e-01 -2.37171696e-05 -9.01146520e-07  4.43202582e-08 
 3.92027777e-05  7.26308823e-01  7.25469111e-01  7.25749636e-01 -2.52793626e-05 -1.30646879e-06  3.70934105e-08 
 3.92029449e-05  7.26371104e-01  7.25384227e-01  7.25726393e-01 -2.82478476e-05 -2.07663340e-06  2.31018641e-08 
 3.92030790e-05  7.26413065e-01  7.25320020e-01  7.25704946e-01 -3.09277160e-05 -2.81498923e-06  9.64672478e-09 
 3.92032092e-05  7.26445803e-01  7.25262869e-01  7.25682108e-01 -3.34888671e-05 -3.61791391e-06 -4.92458752e-09 
 3.92033346e-05  7.26468037e-01  7.25213949e-01  7.25658615e-01 -3.58129248e-05 -4.45493566e-06 -2.00111617e-08 
 3.92034277e-05  7.26475256e-01  7.25182528e-01  7.25640466e-01 -3.72296659e-05 -5.10417768e-06 -3.16240253e-08 
 3.92034760e-05  7.26472455e-01  7.25168682e-01  7.25630871e-01 -3.77464518e-05 -5.44520532e-06 -3.76905365e-08 
 3.92035154e-05  7.26464839e-01  7.25159432e-01  7.25623011e-01 -3.79381061e-05 -5.72014162e-06 -4.25639299e-08 
 3.92035443e-05  7.26454289e-01  7.25154486e-01  7.25617244e-01 -3.78716831e-05 -5.91659275e-06 -4.60375045e-08 
 3.92035714e-05  7.26438553e-01  7.25152015e-01  7.25611852e-01 -3.75487675e-05 -6.09261413e-06 -4.91374185e-08 
 3.92035979e-05  7.26415230e-01  7.25152778e-01  7.25606612e-01 -3.68630077e-05 -6.25179613e-06 -5.19062010e-08 
 3.92036273e-05  7.26381877e-01  7.25159071e-01  7.25600924e-01 -3.56172507e-05 -6.40508914e-06 -5.44657517e-08 
 3.92036604e-05  7.26344135e-01  7.25174658e-01  7.25594737e-01 -3.36599520e-05 -6.54296445e-06 -5.65122390e-08 
 3.92036985e-05  7.26312445e-01  7.25203145e-01  7.25588048e-01 -3.09210299e-05 -6.65334483e-06 -5.76750264e-08 
 3.92037487e-05  7.26301821e-01  7.25252132e-01  7.25580163e-01 -2.69734821e-05 -6.72609643e-06 -5.74577098e-08 
 3.92037862e-05  7.26319729e-01  7.25292669e-01  7.25575036e-01 -2.40693678e-05 -6.73474580e-06 -5.62563587e-08 
 3.92038228e-05  7.26356629e-01  7.25331388e-01  7.25570692e-01 -2.14369445e-05 -6.71456966e-06 -5.45166982e-08 
 3.92038666e-05  7.26421154e-01  7.25373674e-01  7.25566275e-01 -1.86716424e-05 -6.66320531e-06 -5.19913856e-08 
 3.92039085e-05  7.26499478e-01  7.25408360e-01  7.25562755e-01 -1.64364510e-05 -6.59433580e-06 -4.93424272e-08 
 3.92039572e-05  7.26604399e-01  7.25440660e-01  7.25559392e-01 -1.43539971e-05 -6.49913902e-06 -4.62066495e-08 
 3.92040073e-05  7.26723739e-01  7.25465434e-01  7.25556558e-01 -1.26991318e-05 -6.39059040e-06 -4.30401337e-08 
 3.92040680e-05  7.26877592e-01  7.25485508e-01  7.25553742e-01 -1.12533463e-05 -6.25224311e-06 -3.94067841e-08 
 3.92041352e-05  7.27055840e-01  7.25497814e-01  7.25551136e-01 -1.01735430e-05 -6.09594580e-06 -3.56775718e-08 
 3.92042197e-05  7.27288843e-01  7.25503060e-01  7.25548244e-01 -9.34635592e-06 -5.89962462e-06 -3.13889792e-08 
 3.92043208e-05  7.27580262e-01  7.25499994e-01  7.25544953e-01 -8.81320481e-06 -5.66983673e-06 -2.67697313e-08 
 3.92044580e-05  7.28009732e-01  7.25487512e-01  7.25540281e-01 -8.49404211e-06 -5.37004111e-06 -2.12480232e-08 
 3.92046434e-05  7.28709281e-01  7.25464440e-01  7.25533090e-01 -8.33985431e-06 -4.98846801e-06 -1.51193345e-08 
 3.92048217e-05  7.29598646e-01  7.25440089e-01  7.25525025e-01 -8.28990236e-06 -4.64625103e-06 -1.08735070e-08 
 3.92050000e-05  7.30789171e-01  7.25415183e-01  7.25515821e-01 -8.25013904e-06 -4.32694052e-06 -8.51312755e-09 
 3.92050031e-05  7.30808840e-01  7.25411022e-01  7.25515646e-01 -9.30373802e-06 -4.32202118e-06 -8.67580874e-09 
 3.92050093e-05  7.30850280e-01  7.25403304e-01  7.25515286e-01 -9.78836595e-06 -4.31218068e-06 -8.98414125e-09 
 3.92050217e-05  7.30940589e-01  7.25390398e-01  7.25514519e-01 -1.00430752e-05 -4.29240475e-06 -9.52703355e-09 
 3.92050456e-05  7.31118412e-01  7.25369668e-01  7.25512896e-01 -1.05006134e-05 -4.25415970e-06 -1.04778190e-08 
 3.92050805e-05  7.31377495e-01  7.25343589e-01  7.25510230e-01 -1.09988584e-05 -4.19818727e-06 -1.17715972e-08 
 3.92051502e-05  7.31895213e-01  7.25303785e-01  7.25504101e-01 -1.16369002e-05 -4.08695827e-06 -1.41168818e-08 
 3.92052896e-05  7.32921901e-01  7.25257902e-01  7.25490018e-01 -1.21846405e-05 -3.87110931e-06 -1.82890018e-08 
 3.92054501e-05  7.34087483e-01  7.25234444e-01  7.25472599e-01 -1.23180920e-05 -3.63590615e-06 -2.26015728e-08 
 3.92057393e-05  7.36143412e-01  7.25214703e-01  7.25441511e-01 -1.23467554e-05 -3.24708515e-06 -2.95589762e-08 
 3.92060512e-05  7.38298896e-01  7.25203423e-01  7.25409954e-01 -1.23258993e-05 -2.87401653e-06 -3.60293240e-08 
 3.92066492e-05  7.42258770e-01  7.25192749e-01  7.25356935e-01 -1.23184992e-05 -2.27248787e-06 -4.58936386e-08 
 3.92075919e-05  7.48067125e-01  7.25204241e-01  7.25295162e-01 -1.22927009e-05 -1.56526964e-06 -5.60184815e-08 
 3.92094773e-05  7.58271131e-01  7.25329199e-01  7.25259726e-01 -1.22722855e-05 -7.21772262e-07 -6.35723952e-08 
 3.92129423e-05  7.73016956e-01  7.25905165e-01  7.25522669e-01 -1.22399765e-05 -1.37406807e-07 -5.73527129e-08 
 3.92166834e-05  7.84446189e-01  7.27011617e-01  7.26292560e-01 -1.22415765e-05 -1.91163215e-08 -4.28231481e-08 
 3.92216652e-05  7.94761593e-01  7.29192993e-01  7.28062700e-01 -1.22441166e-05  3.04165214e-09 -2.68200834e-08 
 3.92264655e-05  8.01117577e-01  7.31946065e-01  7.30482743e-01 -1.22684873e-05  4.00398314e-09 -1.64084040e-08 
 3.92327126e-05  8.06217647e-01  7.36234285e-01  7.34449494e-01 -1.22855892e-05  4.76881327e-09 -7.88828496e-09 
 3.92392538e-05  8.09225002e-01  7.41297631e-01  7.39300586e-01 -1.23150332e-05  5.34331712e-09 -2.69892231e-09 
 3.92479307e-05  8.11291058e-01  7.48456525e-01  7.46329162e-01 -1.23290601e-05  5.79120741e-09  1.01905869e-09 
 3.92576254e-05  8.12303054e-01  7.56562671e-01  7.54434619e-01 -1.23498475e-05  5.89550310e-09  2.87750935e-09 
 3.92666699e-05  8.12698792e-01  7.63842045e-01  7.61814503e-01 -1.23490077e-05  5.69850351e-09  3.50559737e-09 
 3.92770767e-05  8.12893517e-01  7.71480593e-01  7.69661461e-01 -1.23604683e-05  5.16414015e-09  3.55270396e-09 
 3.92866881e-05  8.12967518e-01  7.77563369e-01  7.76005133e-01 -1.23569846e-05  4.45726209e-09  3.22756617e-09 
 3.92979726e-05  8.13005667e-01  7.83266328e-01  7.82062658e-01 -1.23702635e-05  3.44805823e-09  2.60042283e-09 
 3.93092033e-05  8.13022566e-01  7.87338739e-01  7.86492006e-01 -1.23710545e-05  2.41747935e-09  1.88067764e-09 
 3.93228148e-05  8.13031906e-01  7.90379949e-01  7.89897063e-01 -1.23894779e-05  1.33216527e-09  1.07879148e-09 
 3.93384955e-05  8.13036398e-01  7.92088940e-01  7.91865178e-01 -1.23943781e-05  5.42325114e-10  4.49138710e-10 
 3.93575402e-05  8.13037445e-01  7.93034885e-01  7.92906120e-01 -1.24122752e-05  2.15583504e-10  1.46267168e-10 
 3.93734659e-05  8.13037331e-01  7.93737664e-01  7.93576602e-01 -1.24097025e-05  2.94955586e-10  1.66790043e-10 
 3.93924202e-05  8.13037046e-01  7.94952691e-01  7.94730064e-01 -1.24187897e-05  4.66552116e-10  2.83352757e-10 
 3.94098066e-05  8.13037579e-01  7.96369631e-01  7.96114560e-01 -1.24112168e-05  5.74969198e-10  3.68522586e-10 
 3.94348066e-05  8.13038639e-01  7.98490371e-01  7.98240530e-01 -1.24175412e-05  5.68773217e-10  3.83839514e-10 
 3.94598066e-05  8.13040131e-01  8.00374526e-01  8.00160461e-01 -1.24098762e-05  4.78344701e-10  3.26653013e-10 
 3.94848066e-05  8.13041100e-01  8.01910600e-01  8.01730553e-01 -1.24174592e-05  3.77294049e-10  2.58224082e-10 
 3.95098066e-05  8.13042055e-01  8.03186207e-01  8.03026773e-01 -1.24105889e-05  3.23804255e-10  2.17081366e-10 
 3.95348066e-05  8.13042577e-01  8.04306538e-01  8.04159139e-01 -1.24181803e-05  2.85549846e-10  1.92211092e-10 
 3.95598066e-05  8.13043308e-01  8.05319035e-01  8.05181495e-01 -1.24109944e-05  2.64544506e-10  1.76691374e-10 
 3.95848066e-05  8.13043726e-01  8.06228191e-01  8.06101221e-01 -1.24183831e-05  2.31245371e-10  1.56926803e-10 
 3.96098066e-05  8.13044363e-01  8.07032067e-01  8.06915524e-01 -1.24111388e-05  2.08155384e-10  1.39804897e-10 
 3.96348066e-05  8.13044666e-01  8.07737200e-01  8.07630100e-01 -1.24185554e-05  1.77337194e-10  1.20969458e-10 
 3.96598066e-05  8.13045184e-01  8.08357071e-01  8.08257831e-01 -1.24113096e-05  1.61027118e-10  1.08059289e-10 
 3.96848066e-05  8.13045382e-01  8.08904336e-01  8.08811907e-01 -1.24187166e-05  1.37484120e-10  9.41352375e-11 
 3.97098066e-05  8.13045814e-01  8.09388832e-01  8.09302280e-01 -1.24114339e-05  1.26661643e-10  8.50594219e-11 
 3.97348066e-05  8.13045941e-01  8.09817358e-01  8.09736178e-01 -1.24188278e-05  1.07082347e-10  7.38467373e-11 
 3.97598066e-05  8.13046309e-01  8.10196107e-01  8.10119608e-01 -1.24115219e-05  9.94605795e-11  6.69158774e-11 
 3.97848066e-05  8.13046379e-01  8.10530482e-01  8.10458228e-01 -1.24189150e-05  8.29334808e-11  5.77056568e-11 
 3.98098066e-05  8.13046696e-01  8.10825941e-01  8.10757317e-01 -1.24115908e-05  7.81347161e-11  5.26622992e-11 
 3.98348066e-05  8.13046720e-01  8.11086941e-01  8.11021617e-01 -1.24189841e-05  6.41927204e-11  4.51723552e-11 
 3.98598066e-05  8.13046998e-01  8.11317731e-01  8.11255221e-01 -1.24116425e-05  6.15870009e-11  4.16127234e-11 
 3.98848066e-05  8.13046987e-01  8.11521627e-01  8.11461705e-01 -1.24190380e-05  4.95937247e-11  3.54170130e-11 
 3.99098066e-05  8.13047234e-01  8.11701921e-01  8.11644191e-01 -1.24116813e-05  4.86514778e-11  3.29797895e-11 
 3.99348066e-05  8.13047196e-01  8.11861172e-01  8.11805473e-01 -1.24190808e-05  3.81831767e-11  2.77912094e-11 
 3.99598066e-05  8.13047419e-01  8.12002009e-01  8.11948013e-01 -1.24117103e-05  3.85471943e-11  2.62371583e-11 
 3.99848066e-05  8.13047360e-01  8.12126406e-01  8.12074003e-01 -1.24191150e-05  2.92808674e-11  2.18411560e-11 
 4.00098066e-05  8.13047564e-01  8.12236442e-01  8.12185361e-01 -1.24117318e-05  3.06585501e-11  2.09750398e-11 
 4.00348066e-05  8.13047489e-01  8.12333624e-01  8.12283795e-01 -1.24191427e-05  2.23319093e-11  1.71964108e-11 
 4.00598066e-05  8.13047678e-01  8.12419603e-01  8.12370798e-01 -1.24117475e-05  2.44944698e-11  1.68647730e-11 
 4.00848066e-05  8.13047590e-01  8.12495524e-01  8.12447706e-01 -1.24191652e-05  1.69060970e-11  1.35689784e-11 
 4.01098066e-05  8.13047767e-01  8.12562708e-01  8.12515683e-01 -1.24117586e-05  1.96773982e-11  1.36538996e-11 
 4.01348066e-05  8.13047669e-01  8.12622022e-01  8.12575775e-01 -1.24191837e-05  1.26702247e-11  1.07362662e-11 
 4.01598066e-05  8.13047838e-01  8.12674525e-01  8.12628889e-01 -1.24117663e-05  1.59123556e-11  1.11454123e-11 
 4.01848066e-05  8.13047732e-01  8.12720864e-01  8.12675844e-01 -1.24191992e-05  9.36332153e-12  8.52394365e-12 
 4.02098066e-05  8.13047894e-01  8.12761896e-01  8.12717346e-01 -1.24117712e-05  1.29687641e-11  9.18527797e-12 
 4.02348066e-05  8.13047781e-01  8.12798099e-01  8.12754037e-01 -1.24192123e-05  6.78185025e-12  6.79604604e-12 
 4.02598066e-05  8.13047938e-01  8.12830167e-01  8.12786466e-01 -1.24117741e-05  1.06668667e-11  7.65344092e-12 
 4.02848066e-05  8.13047821e-01  8.12858451e-01  8.12815138e-01 -1.24192236e-05  4.76699886e-12  5.44652024e-12 
 4.03098066e-05  8.13047973e-01  8.12883516e-01  8.12840479e-01 -1.24117752e-05  8.86629051e-12  6.45616828e-12 
 4.03348066e-05  8.13047852e-01  8.12905612e-01  8.12862883e-01 -1.24192334e-05  3.19472270e-12  4.39253598e-12 
 4.03598066e-05  8.13048001e-01  8.12925204e-01  8.12882685e-01 -1.24117751e-05  7.45739993e-12  5.52026160e-12 
 4.03848066e-05  8.13047877e-01  8.12942466e-01  8.12900194e-01 -1.24192421e-05  1.96816174e-12  3.56942004e-12 
 4.04098066e-05  8.13048023e-01  8.12957782e-01  8.12915668e-01 -1.24117740e-05  6.35457420e-12  4.78855958e-12 
 4.04348066e-05  8.13047897e-01  8.12971265e-01  8.12929350e-01 -1.24192499e-05  1.01165517e-12  2.92665924e-12 
 4.04598066e-05  8.13048041e-01  8.12983239e-01  8.12941442e-01 -1.24117721e-05  5.49092998e-12  4.21641422e-12 
 4.04848066e-05  8.13047914e-01  8.12993771e-01  8.12952135e-01 -1.24192570e-05  2.66105714e-13  2.42480049e-12 
 4.05098066e-05  8.13048056e-01  8.13003133e-01  8.12961584e-01 -1.24117696e-05  4.81421608e-12  3.76895005e-12 
 4.05348066e-05  8.13047927e-01  8.13011359e-01  8.12969940e-01 -1.24192636e-05 -3.14656938e-13  2.03302316e-12 
 4.05598066e-05  8.13048068e-01  8.13018680e-01  8.12977324e-01 -1.24117666e-05  4.28360927e-12  3.41891798e-12 
 4.05848066e-05  8.13047938e-01  8.13025103e-01  8.12983855e-01 -1.24192698e-05 -7.66700722e-13  1.72724703e-12 
 4.06098066e-05  8.13048078e-01  8.13030830e-01  8.12989625e-01 -1.24117632e-05  3.86721774e-12  3.14502742e-12 
 4.06348066e-05  8.13047947e-01  8.13035845e-01  8.12994729e-01 -1.24192757e-05 -1.11820470e-12  1.48866228e-12 
 4.06598066e-05  8.13048086e-01  8.13040324e-01  8.12999238e-01 -1.24117595e-05  3.54011243e-12  2.93064797e-12 
 4.06848066e-05  8.13047955e-01  8.13044240e-01  8.13003228e-01 -1.24192813e-05 -1.39118795e-12  1.30256851e-12 
 4.07098066e-05  8.13048093e-01  8.13047745e-01  8.13006751e-01 -1.24117557e-05  3.28281998e-12  2.76278013e-12 
 4.07348066e-05  8.13047962e-01  8.13050800e-01  8.13009869e-01 -1.24192867e-05 -1.60285478e-12  1.15748329e-12 
 4.07598066e-05  8.13048100e-01  8.13053544e-01  8.13012623e-01 -1.24117516e-05  3.08012144e-12  2.63126809e-12 
 4.07848066e-05  8.13047968e-01  8.13055928e-01  8.13015060e-01 -1.24192920e-05 -1.76664607e-12  1.04443190e-12 
 4.08098066e-05  8.13048105e-01  8.13058076e-01  8.13017212e-01 -1.24117473e-05  2.92012334e-12  2.52817792e-12 
 4.08348066e-05  8.13047973e-01  8.13059936e-01  8.13019117e-01 -1.24192971e-05 -1.89305667e-12  9.56405148e-13 
 4.08598066e-05  8.13048110e-01  8.13061619e-01  8.13020799e-01 -1.24117430e-05  2.79352908e-12  2.44730386e-12 
 4.08848066e-05  8.13047978e-01  8.13063068e-01  8.13022288e-01 -1.24193022e-05 -1.99030072e-12  8.87923741e-13 
 4.09098066e-05  8.13048114e-01  8.13064387e-01  8.13023602e-01 -1.24117386e-05  2.69307818e-12  2.38380171e-12 
 4.09348066e-05  8.13047982e-01  8.13065517e-01  8.13024767e-01 -1.24193072e-05 -2.06478497e-12  8.34707574e-13 
 4.09598066e-05  8.13048118e-01  8.13066552e-01  8.13025794e-01 -1.24117341e-05  2.61308770e-12  2.33388151e-12 
 4.09848066e-05  8.13047986e-01  8.13067431e-01  8.13026704e-01 -1.24193121e-05 -2.12151997e-12  7.93410530e-13 
 4.10098066e-05  8.13048122e-01  8.13068243e-01  8.13027507e-01 -1.24117295e-05  2.54912150e-12  2.29458504e-12 
 4.10348066e-05  8.13047989e-01  8.13068928e-01  8.13028219e-01 -1.24193170e-05 -2.16441383e-12  7.61422555e-13 
 4.10598066e-05  8.13048125e-01  8.13069566e-01  8.13028846e-01 -1.24117249e-05  2.49771232e-12  2.26359784e-12 
 4.10848066e-05  8.13047993e-01  8.13070098e-01  8.13029403e-01 -1.24193219e-05 -2.19653007e-12  7.36699764e-13 
 4.11098066e-05  8.13048129e-01  8.13070600e-01  8.13029894e-01 -1.24117203e-05  2.45614445e-12  2.23910988e-12 
 4.11348066e-05  8.13047996e-01  8.13071013e-01  8.13030329e-01 -1.24193267e-05 -2.22024937e-12  7.17647350e-13 
 4.11598066e-05  8.13048132e-01  8.13071409e-01  8.13030713e-01 -1.24117156e-05  2.42230454e-12  2.21971150e-12 
 4.11799033e-05  8.13047999e-01  8.13071666e-01  8.13030990e-01 -1.24193321e-05 -2.23456930e-12  7.04567589e-13 
 4.12000000e-05  8.13048134e-01  8.13071928e-01  8.13031239e-01 -1.24117098e-05  2.39672756e-12  2.20648771e-12 
 4.12000198e-05  8.13036453e-01  8.13053631e-01  8.13031096e-01 -1.40602136e-05 -2.44341569e-09 -1.03735550e-09 
 4.12000593e-05  8.13025885e-01  8.13024280e-01  8.13030581e-01 -1.49254654e-05 -6.55174520e-09 -2.93169177e-09 
 4.12001385e-05  8.13016634e-01  8.12986921e-01  8.13028536e-01 -1.56755685e-05 -1.18415055e-08 -6.25820288e-09 
 4.12002261e-05  8.13003912e-01  8.12964860e-01  8.13025322e-01 -1.62256475e-05 -1.57211488e-08 -9.62289335e-09 
 4.12003918e-05  8.12985412e-01  8.12956498e-01  8.13018567e-01 -1.64451916e-05 -2.16415860e-08 -1.54490937e-08 
 4.12005951e-05  8.12960546e-01  8.12969350e-01  8.13011044e-01 -1.65991298e-05 -2.80443561e-08 -2.20290181e-08 
 4.12009340e-05  8.12924331e-01  8.13005867e-01  8.13002908e-01 -1.65779179e-05 -3.75850687e-08 -3.18549601e-08 
 4.12013449e-05  8.12881590e-01  8.13057149e-01  8.13001078e-01 -1.70425066e-05 -4.66060465e-08 -4.21072574e-08 
 4.12015258e-05  8.12866125e-01  8.13082138e-01  8.13003027e-01 -1.76172628e-05 -4.82337889e-08 -4.60405909e-08 
 4.12017433e-05  8.12849950e-01  8.13114490e-01  8.13007582e-01 -1.97039726e-05 -4.30179179e-08 -5.02442627e-08 
 4.12019100e-05  8.12844247e-01  8.13142588e-01  8.13012766e-01 -2.27243186e-05 -2.84115032e-08 -5.29512068e-08 
 4.12020572e-05  8.12842976e-01  8.13170101e-01  8.13018654e-01 -2.69108649e-05 -1.79594698e-09 -5.48643747e-08 
 4.12021958e-05  8.12847403e-01  8.13199360e-01  8.13025418e-01 -3.19592847e-05  4.11024581e-08 -5.61199752e-08 
 4.12023164e-05  8.12852885e-01  8.13227750e-01  8.13032363e-01 -3.73267530e-05  9.89455132e-08 -5.66674196e-08 
 4.12024181e-05  8.12859069e-01  8.13254823e-01  8.13039075e-01 -4.22732734e-05  1.69245847e-07 -5.65830471e-08 
 4.12025067e-05  8.12863080e-01  8.13281325e-01  8.13045631e-01 -4.69052282e-05  2.53092283e-07 -5.59685389e-08 
 4.12025884e-05  8.12865599e-01  8.13309162e-01  8.13052354e-01 -5.11795532e-05  3.56179595e-07 -5.47949947e-08 
 4.12026724e-05  8.12865852e-01  8.13341785e-01  8.13060035e-01 -5.55855914e-05  4.95262049e-07 -5.28273469e-08 
 4.12027655e-05  8.12867064e-01  8.13382401e-01  8.13069589e-01 -6.03124388e-05  6.94047856e-07 -4.96389641e-08 
 4.12028741e-05  8.12870924e-01  8.13432975e-01  8.13082238e-01 -6.58281335e-05  9.84464558e-07 -4.46846018e-08 
 4.12029953e-05  8.12876157e-01  8.13489756e-01  8.13098256e-01 -7.19063546e-05  1.37588526e-06 -3.78544832e-08 
 4.12031250e-05  8.12882023e-01  8.13548394e-01  8.13117484e-01 -7.84901350e-05  1.86313570e-06 -2.93197229e-08 
 4.12032772e-05  8.12892119e-01  8.13612417e-01  8.13142423e-01 -8.61134764e-05  2.50787245e-06 -1.80647664e-08 
 4.12034292e-05  8.12905809e-01  8.13670637e-01  8.13169478e-01 -9.32756494e-05  3.21436108e-06 -5.80807234e-09 
 4.12035836e-05  8.12922866e-01  8.13723096e-01  8.13198637e-01 -9.93402120e-05  3.97679394e-06  7.30936009e-09 
 4.12037068e-05  8.12937826e-01  8.13758566e-01  8.13222761e-01 -1.02466437e-04  4.60107122e-06  1.79113184e-08 
 4.12037847e-05  8.12947358e-01  8.13776237e-01  8.13238221e-01 -1.02466811e-04  4.99145121e-06  2.44137128e-08 
 4.12038391e-05  8.12953471e-01  8.13784516e-01  8.13249016e-01 -1.00241088e-04  5.25288157e-06  2.86410138e-08 
 4.12038897e-05  8.12958284e-01  8.13786860e-01  8.13258966e-01 -9.57197682e-05  5.47809387e-06  3.20998620e-08 
 4.12039490e-05  8.12962440e-01  8.13780645e-01  8.13270310e-01 -8.78884977e-05  5.70724475e-06  3.52769551e-08 
 4.12040176e-05  8.12965165e-01  8.13761049e-01  8.13282749e-01 -7.67849881e-05  5.91480745e-06  3.75612386e-08 
 4.12040952e-05  8.12965712e-01  8.13726402e-01  8.13295595e-01 -6.36432164e-05  6.06958886e-06  3.83275320e-08 
 4.12041991e-05  8.12962898e-01  8.13670399e-01  8.13310351e-01 -4.79560599e-05  6.15219025e-06  3.67734579e-08 
 4.12042796e-05  8.12958616e-01  8.13627436e-01  8.13319789e-01 -3.86312505e-05  6.13338145e-06  3.40398201e-08 
 4.12043574e-05  8.12953270e-01  8.13591781e-01  8.13327426e-01 -3.19610990e-05  6.06470687e-06  3.06220066e-08 
 4.12044530e-05  8.12945640e-01  8.13558679e-01  8.13335199e-01 -2.63663155e-05  5.93397067e-06  2.58747763e-08 
 4.12045417e-05  8.12937867e-01  8.13538607e-01  8.13341217e-01 -2.31108301e-05  5.78328243e-06  2.12525202e-08 
 4.12046457e-05  8.12928264e-01  8.13526306e-01  8.13347353e-01 -2.08247788e-05  5.58733234e-06  1.58388639e-08 
 4.12047509e-05  8.12918220e-01  8.13523391e-01  8.13352994e-01 -1.95511310e-05  5.37983626e-06  1.05211226e-08 
 4.12048812e-05  8.12905572e-01  8.13528776e-01  8.13359722e-01 -1.87611041e-05  5.12156285e-06  4.25450917e-09 
 4.12050000e-05  8.12893927e-01  8.13539278e-01  8.13365923e-01 -1.84332601e-05  4.89078510e-06 -1.13087296e-09 
 4.12050026e-05  8.12896791e-01  8.13542660e-01  8.13366062e-01 -1.73923475e-05  4.88627828e-06 -1.08994518e-09 
 4.12050077e-05  8.12900859e-01  8.13549000e-01  8.13366346e-01 -1.68465645e-05  4.87730201e-06 -1.01932209e-09 
 4.12050179e-05  8.12903187e-01  8.13559803e-01  8.13366948e-01 -1.64316912e-05  4.85939379e-06 -9.29397216e-10 
 4.12050311e-05  8.12903312e-01  8.13571672e-01  8.13367784e-01 -1.60381320e-05  4.83608214e-06 -8.57286773e-10 
 4.12050577e-05  8.12903549e-01  8.13592824e-01  8.13369618e-01 -1.53027285e-05  4.78935826e-06 -7.55792700e-10 
 4.12051107e-05  8.12903683e-01  8.13627461e-01  8.13373813e-01 -1.42962094e-05  4.69587204e-06 -6.84722454e-10 
 4.12052070e-05  8.12903881e-01  8.13669408e-01  8.13382655e-01 -1.32296705e-05  4.52766965e-06 -8.03946838e-10 
 4.12053996e-05  8.12904056e-01  8.13709226e-01  8.13402387e-01 -1.25510481e-05  4.20355962e-06 -1.35467403e-09 
 4.12056275e-05  8.12904341e-01  8.13727613e-01  8.13426394e-01 -1.24257615e-05  3.84640236e-06 -2.02114883e-09 
 4.12059377e-05  8.12904598e-01  8.13744310e-01  8.13457811e-01 -1.24366615e-05  3.40721940e-06 -2.70601603e-09 
 4.12063431e-05  8.12905011e-01  8.13762777e-01  8.13496070e-01 -1.24097007e-05  2.90729713e-06 -3.30377463e-09 
 4.12071184e-05  8.12905615e-01  8.13791487e-01  8.13560609e-01 -1.24328106e-05  2.14268398e-06 -3.82827658e-09 
 4.12086690e-05  8.12906744e-01  8.13825520e-01  8.13658707e-01 -1.24059190e-05  1.14666792e-06 -3.57417159e-09 
 4.12117701e-05  8.12908198e-01  8.13821742e-01  8.13753825e-01 -1.24284500e-05  2.81706396e-07 -1.82775059e-09 
 4.12175262e-05  8.12909474e-01  8.13665783e-01  8.13699509e-01 -1.24023923e-05 -1.65304832e-08 -8.10506781e-11 
 4.12242636e-05  8.12909549e-01  8.13388581e-01  8.13454974e-01 -1.24267160e-05  1.98714493e-09 -9.26953740e-11 
 4.12324921e-05  8.12909110e-01  8.13072324e-01  8.13125068e-01 -1.24024016e-05 -7.92115897e-10 -2.08905361e-10 
 4.12416070e-05  8.12908416e-01  8.12829302e-01  8.12847513e-01 -1.24277463e-05 -3.42980843e-11 -1.43689803e-10 
 4.12547572e-05  8.12907769e-01  8.12684435e-01  8.12657279e-01 -1.24035751e-05 -1.15260389e-10 -5.78131349e-11 
 4.12732369e-05  8.12907366e-01  8.12743734e-01  8.12682735e-01 -1.24280160e-05  8.90701278e-11  2.90432330e-11 
 4.12982369e-05  8.12907585e-01  8.12954602e-01  8.12892391e-01 -1.24027019e-05  3.94423812e-11  4.69877052e-11 
 4.13232369e-05  8.12907854e-01  8.13068200e-01  8.13022994e-01 -1.24271932e-05  3.14664074e-11  1.74846090e-11 
 4.13482369e-05  8.12908008e-01  8.13053445e-01  8.13018289e-01 -1.24027394e-05 -2.47082253e-11 -6.87433568e-12 
 4.13732369e-05  8.12907916e-01  8.13000217e-01  8.12964776e-01 -1.24275947e-05 -8.51314613e-12 -9.57675909e-12 
 4.13866184e-05  8.12907915e-01  8.12980164e-01  8.12942597e-01 -1.24029704e-05 -1.20035206e-11 -5.76617177e-12 
 4.14000000e-05  8.12907842e-01  8.12970509e-01  8.12931084e-01 -1.24276267e-05 -2.81530962e-12 -2.26983991e-12 
 4.14000062e-05  8.12911075e-01  8.12981607e-01  8.12931108e-01 -7.56319560e-06  1.42902637e-09  3.23085580e-10 
 4.14000185e-05  8.12914397e-01  8.13000189e-01  8.12931203e-01 -7.08682124e-06  4.37949186e-09  9.43408918e-10 
 4.14000406e-05  8.12914663e-01  8.13023741e-01  8.12931556e-01 -6.92313821e-06  9.66688622e-09  1.97079798e-09 
 4.14000634e-05  8.12915247e-01  8.13043632e-01  8.12932114e-01 -6.65181940e-06  1.49485092e-08  2.99591834e-09 
 4.14001090e-05  8.12916225e-01  8.13076708e-01  8.12933693e-01 -6.35714952e-06  2.52392293e-08  4.97195652e-09 
 4.14001954e-05  8.12918037e-01  8.13119390e-01  8.12937897e-01 -5.98380964e-06  4.38337177e-08  8.50490051e-09 
 4.14003314e-05  8.12920910e-01  8.13153743e-01  8.12946263e-01 -5.78998235e-06  7.13490146e-08  1.36764082e-08 
 4.14006033e-05  8.12926607e-01  8.13175532e-01  8.12964595e-01 -5.69538639e-06  1.21676432e-07  2.30729355e-08 
 4.14009723e-05  8.12934355e-01  8.13179285e-01  8.12988265e-01 -5.72374242e-06  1.81826229e-07  3.42717613e-08 
 4.14015370e-05  8.12947001e-01  8.13178633e-01  8.13018717e-01 -5.89309059e-06  2.58632478e-07  4.85316459e-08 
 4.14016302e-05  8.12949958e-01  8.13177998e-01  8.13023071e-01 -6.01442996e-06  2.69652435e-07  5.05701619e-08 
 4.14018167e-05  8.12959455e-01  8.13175247e-01  8.13031188e-01 -6.69378807e-06  2.89910387e-07  5.42768432e-08 
 4.14019352e-05  8.12970493e-01  8.13172092e-01  8.13035903e-01 -7.68895675e-06  3.01202617e-07  5.62901081e-08 
 4.14020537e-05  8.12988018e-01  8.13166799e-01  8.13040205e-01 -9.41830227e-06  3.10564065e-07  5.78588223e-08 
 4.14021682e-05  8.13012802e-01  8.13158898e-01  8.13043876e-01 -1.19053363e-05  3.17044447e-07  5.87600412e-08 
 4.14022811e-05  8.13045265e-01  8.13147497e-01  8.13046910e-01 -1.50913786e-05  3.20088943e-07  5.88238594e-08 
 4.14023912e-05  8.13083871e-01  8.13132181e-01  8.13049162e-01 -1.84486338e-05  3.18942439e-07  5.78482810e-08 
 4.14024952e-05  8.13124913e-01  8.13112824e-01  8.13050494e-01 -2.12190145e-05  3.13133647e-07  5.57104418e-08 
 4.14025963e-05  8.13167243e-01  8.13088504e-01  8.13050871e-01 -2.29026580e-05  3.02088139e-07  5.22232965e-08 
 4.14027062e-05  8.13213892e-01  8.13056713e-01  8.13050058e-01 -2.44633913e-05  2.83508008e-07  4.67219243e-08 
 4.14028292e-05  8.13265145e-01  8.13019028e-01  8.13047521e-01 -2.66736384e-05  2.55050081e-07  3.86372286e-08 
 4.14030079e-05  8.13334297e-01  8.12968693e-01  8.13041014e-01 -3.04625008e-05  2.01090243e-07  2.39061526e-08 
 4.14031620e-05  8.13386313e-01  8.12933101e-01  8.13033194e-01 -3.37673250e-05  1.44224856e-07  8.90644973e-09 
 4.14032949e-05  8.13422845e-01  8.12910069e-01  8.13025310e-01 -3.64417665e-05  8.84837489e-08 -5.26635713e-09 
 4.14033793e-05  8.13439493e-01  8.12900109e-01  8.13019966e-01 -3.78100388e-05  4.77408937e-08 -1.46413048e-08 
 4.14034240e-05  8.13444266e-01  8.12896925e-01  8.13017092e-01 -3.83368450e-05  2.06969881e-08 -1.96303493e-08 
 4.14034639e-05  8.13444365e-01  8.12896054e-01  8.13014539e-01 -3.85282261e-05 -1.29540333e-08 -2.40060931e-08 
 4.14034917e-05  8.13439628e-01  8.12897063e-01  8.13012789e-01 -3.84522126e-05 -4.58759017e-08 -2.69477578e-08 
 4.14035156e-05  8.13429212e-01  8.12899530e-01  8.13011308e-01 -3.81200986e-05 -8.33643468e-08 -2.93590973e-08 
 4.14035375e-05  8.13411105e-01  8.12903666e-01  8.13009998e-01 -3.75471091e-05 -1.25565610e-07 -3.13822454e-08 
 4.14035611e-05  8.13380610e-01  8.12911045e-01  8.13008654e-01 -3.65281040e-05 -1.79200507e-07 -3.32690034e-08 
 4.14035895e-05  8.13332193e-01  8.12925213e-01  8.13007170e-01 -3.48394263e-05 -2.53100202e-07 -3.49900446e-08 
 4.14036185e-05  8.13276854e-01  8.12946022e-01  8.13005875e-01 -3.27016203e-05 -3.35989177e-07 -3.60199683e-08 
 4.14036599e-05  8.13199630e-01  8.12984856e-01  8.13004544e-01 -2.93108750e-05 -4.61484291e-07 -3.62373045e-08 
 4.14036918e-05  8.13147062e-01  8.13019797e-01  8.13004000e-01 -2.66141891e-05 -5.61062583e-07 -3.55204358e-08 
 4.14037213e-05  8.13105974e-01  8.13053685e-01  8.13003907e-01 -2.41705841e-05 -6.53655151e-07 -3.43299482e-08 
 4.14037541e-05  8.13068833e-01  8.13090933e-01  8.13004269e-01 -2.16300218e-05 -7.56093893e-07 -3.25884500e-08 
 4.14037908e-05  8.13037032e-01  8.13130381e-01  8.13005227e-01 -1.90659685e-05 -8.69941361e-07 -3.02992901e-08 
 4.14038271e-05  8.13014012e-01  8.13165690e-01  8.13006699e-01 -1.68593680e-05 -9.81219881e-07 -2.78504192e-08 
 4.14038672e-05  8.12996189e-01  8.13199683e-01  8.13008853e-01 -1.48127241e-05 -1.10263539e-06 -2.50772777e-08 
 4.14039092e-05  8.12983704e-01  8.13229488e-01  8.13011600e-01 -1.30724160e-05 -1.22777463e-06 -2.22095991e-08 
 4.14039578e-05  8.12974699e-01  8.13257283e-01  8.13015287e-01 -1.15112659e-05 -1.37049645e-06 -1.90077306e-08 
 4.14040113e-05  8.12969087e-01  8.13280680e-01  8.13019794e-01 -1.02457080e-05 -1.52409534e-06 -1.56889578e-08 
 4.14040758e-05  8.12965897e-01  8.13301220e-01  8.13025665e-01 -9.20137643e-06 -1.70503565e-06 -1.19605186e-08 
 4.14041505e-05  8.12964797e-01  8.13317548e-01  8.13032825e-01 -8.43517058e-06 -1.90890432e-06 -7.96719864e-09 
 4.14042462e-05  8.12965467e-01  8.13331118e-01  8.13042248e-01 -7.89286205e-06 -2.16147741e-06 -3.25318684e-09 
 4.14043666e-05  8.12967951e-01  8.13341767e-01  8.13054163e-01 -7.56961367e-06 -2.46871090e-06  2.21949200e-09 
 4.14045370e-05  8.12974236e-01  8.13351435e-01  8.13070762e-01 -7.40763352e-06 -2.90242798e-06  9.39441952e-09 
 4.14047685e-05  8.12992127e-01  8.13360647e-01  8.13092412e-01 -7.34591521e-06 -3.59400990e-06  1.84029871e-08 
 4.14050000e-05  8.13026020e-01  8.13367713e-01  8.13112867e-01 -7.32823135e-06 -4.62039463e-06  2.67645887e-08 
 4.14050023e-05  8.13024507e-01  8.13363091e-01  8.13113060e-01 -1.19426718e-05 -4.63358442e-06  2.67183457e-08 
 4.14050069e-05  8.13022015e-01  8.13354682e-01  8.13113438e-01 -1.22454833e-05 -4.66012509e-06  2.66300926e-08 
 4.14050161e-05  8.13019809e-01  8.13341363e-01  8.13114152e-01 -1.23437948e-05 -4.71359435e-06  2.64825127e-08 
 4.14050346e-05  8.13018606e-01  8.13321286e-01  8.13115449e-01 -1.23453111e-05 -4.81999656e-06  2.62425403e-08 
 4.14050658e-05  8.13017173e-01  8.13294374e-01  8.13117330e-01 -1.24157143e-05 -4.99763543e-06  2.58883150e-08 
 4.14051282e-05  8.13015766e-01  8.13253465e-01  8.13120188e-01 -1.24127856e-05 -5.34455547e-06  2.53000925e-08 
 4.14052431e-05  8.13014747e-01  8.13209231e-01  8.13123356e-01 -1.24542435e-05 -5.95565183e-06  2.44456306e-08 
 4.14053680e-05  8.13014384e-01  8.13188394e-01  8.13125052e-01 -1.24158966e-05 -6.58129558e-06  2.37121492e-08 
 4.14055809e-05  8.13013700e-01  8.13177317e-01  8.13126453e-01 -1.24431427e-05 -7.56258007e-06  2.27462500e-08 
 4.14059333e-05  8.13012860e-01  8.13177408e-01  8.13127803e-01 -1.24041262e-05 -8.97283884e-06  2.17428706e-08 
 4.14066381e-05  8.13011450e-01  8.13183963e-01  8.13130824e-01 -1.24281976e-05 -1.11358511e-05  2.12365086e-08 
 4.14080477e-05  8.13010024e-01  8.13196308e-01  8.13139029e-01 -1.23838853e-05 -1.36191523e-05  2.32030537e-08 
 4.14108668e-05  8.13009623e-01  8.13220059e-01  8.13159578e-01 -1.24068849e-05 -1.48060738e-05  2.86587253e-08 
 4.14136345e-05  8.13010799e-01  8.13239992e-01  8.13180806e-01 -1.23720351e-05 -1.39681881e-05  3.08937437e-08 
 4.14178484e-05  8.13013005e-01  8.13261553e-01  8.13207613e-01 -1.24049813e-05 -1.21867640e-05  2.92395935e-08 
 4.14230648e-05  8.13015878e-01  8.13271327e-01  8.13226164e-01 -1.23739106e-05 -1.01767122e-05  2.48237437e-08 
 4.14334975e-05  8.13020782e-01  8.13243363e-01  8.13213347e-01 -1.24108560e-05 -7.19317470e-06  1.73955062e-08 
 4.14459016e-05  8.13025303e-01  8.13159653e-01  8.13138516e-01 -1.23831249e-05 -4.87122500e-06  1.16867876e-08 
 4.14609518e-05  8.13029007e-01  8.13048480e-01  8.13025767e-01 -1.24209069e-05 -3.09138966e-06  7.37377255e-09 
 4.14771240e-05  8.13031632e-01  8.12968167e-01  8.12937020e-01 -1.23920574e-05 -1.92572488e-06  4.58084341e-09 
 4.14974804e-05  8.13033594e-01  8.12940973e-01  8.12899937e-01 -1.24278329e-05 -1.06875582e-06  2.54871236e-09 
 4.15208132e-05  8.13034963e-01  8.12969292e-01  8.12923901e-01 -1.23969750e-05 -5.46928429e-07  1.31346622e-09 
 4.15458132e-05  8.13035719e-01  8.13008806e-01  8.12964735e-01 -1.24307283e-05 -2.67506218e-07  6.46389366e-10 
 4.15708132e-05  8.13036172e-01  8.13027146e-01  8.12985723e-01 -1.23985592e-05 -1.31275423e-07  3.16528092e-10 
 4.15958132e-05  8.13036328e-01  8.13028726e-01  8.12988330e-01 -1.24315970e-05 -6.45618351e-08  1.54665598e-10 
 4.16208132e-05  8.13036451e-01  8.13027199e-01  8.12986635e-01 -1.23990345e-05 -3.17541404e-08  7.67709387e-11 
 4.16458132e-05  8.13036453e-01  8.13029296e-01  8.12988240e-01 -1.24318249e-05 -1.56394337e-08  3.90372055e-11 
 4.16708132e-05  8.13036516e-01  8.13033877e-01  8.12992735e-01 -1.23991324e-05 -7.69631060e-09  2.08022928e-11 
 4.16958132e-05  8.13036493e-01  8.13038424e-01  8.12997344e-01 -1.24318625e-05 -3.78776288e-09  1.10658968e-11 
 4.17208132e-05  8.13036542e-01  8.13041612e-01  8.13000717e-01 -1.23991533e-05 -1.86926938e-09  6.51137423e-12 
 4.17458132e-05  8.13036509e-01  8.13043948e-01  8.13003072e-01 -1.24318749e-05 -9.13796752e-10  3.79463269e-12 
 4.17708132e-05  8.13036551e-01  8.13045863e-01  8.13005045e-01 -1.23991649e-05 -4.58373874e-10  2.96636766e-12 
 4.17958132e-05  8.13036515e-01  8.13047793e-01  8.13006934e-01 -1.24318774e-05 -2.15726484e-10  2.10108043e-12 
 4.18208132e-05  8.13036556e-01  8.13049530e-01  8.13008730e-01 -1.23991683e-05 -1.16703570e-10  2.12740383e-12 
 4.18458132e-05  8.13036520e-01  8.13051151e-01  8.13010331e-01 -1.24318765e-05 -4.59277028e-11  1.63957980e-12 
 4.18708132e-05  8.13036561e-01  8.13052475e-01  8.13011717e-01 -1.23991705e-05 -3.43552903e-11  1.85150907e-12 
 4.18958132e-05  8.13036524e-01  8.13053699e-01  8.13012916e-01 -1.24318757e-05 -4.48971351e-12  1.47354275e-12 
 4.19208132e-05  8.13036564e-01  8.13054706e-01  8.13013976e-01 -1.23991722e-05 -1.44687545e-11  1.75022209e-12 
 4.19458132e-05  8.13036527e-01  8.13055676e-01  8.13014917e-01 -1.24318747e-05  5.58715140e-12  1.40826706e-12 
 4.19708132e-05  8.13036567e-01  8.13056466e-01  8.13015756e-01 -1.23991736e-05 -9.76446983e-12  1.70183653e-12 
 4.19958132e-05  8.13036529e-01  8.13057236e-01  8.13016496e-01 -1.24318737e-05  8.02121260e-12  1.36768635e-12 
 4.20208132e-05  8.13036569e-01  8.13057845e-01  8.13017152e-01 -1.23991750e-05 -8.69566897e-12  1.66832845e-12 
 4.20458132e-05  8.13036532e-01  8.13058451e-01  8.13017727e-01 -1.24318726e-05  8.58591258e-12  1.33792825e-12 
 4.20708132e-05  8.13036572e-01  8.13058920e-01  8.13018239e-01 -1.23991764e-05 -8.48118537e-12  1.64445063e-12 
 4.20958132e-05  8.13036534e-01  8.13059400e-01  8.13018689e-01 -1.24318715e-05  8.69498180e-12  1.31561022e-12 
 4.21208132e-05  8.13036574e-01  8.13059761e-01  8.13019090e-01 -1.23991777e-05 -8.45749859e-12  1.62658027e-12 
 4.21458132e-05  8.13036536e-01  8.13060143e-01  8.13019442e-01 -1.24318703e-05  8.69499481e-12  1.29800104e-12 
 4.21708132e-05  8.13036576e-01  8.13060418e-01  8.13019755e-01 -1.23991789e-05 -8.47024621e-12  1.61283920e-12 
 4.21958132e-05  8.13036538e-01  8.13060724e-01  8.13020030e-01 -1.24318692e-05  8.67120048e-12  1.28403999e-12 
 4.22208132e-05  8.13036578e-01  8.13060933e-01  8.13020275e-01 -1.23991802e-05 -8.48535868e-12  1.60235003e-12 
 4.22458132e-05  8.13036540e-01  8.13061178e-01  8.13020490e-01 -1.24318680e-05  8.64468696e-12  1.27296529e-12 
 4.22708132e-05  8.13036579e-01  8.13061335e-01  8.13020682e-01 -1.23991815e-05 -8.49644573e-12  1.59435019e-12 
 4.22958132e-05  8.13036541e-01  8.13061533e-01  8.13020850e-01 -1.24318669e-05  8.62038175e-12  1.26412867e-12 
 4.23208132e-05  8.13036581e-01  8.13061650e-01  8.13021000e-01 -1.23991827e-05 -8.50323761e-12  1.58826684e-12 
 4.23458132e-05  8.13036543e-01  8.13061810e-01  8.13021131e-01 -1.24318657e-05  8.59885188e-12  1.25705609e-12 
 4.23708132e-05  8.13036583e-01  8.13061896e-01  8.13021249e-01 -1.23991839e-05 -8.50665480e-12  1.58367774e-12 
 4.23958132e-05  8.13036544e-01  8.13062027e-01  8.13021352e-01 -1.24318645e-05  8.57991629e-12  1.25137222e-12 
 4.24208132e-05  8.13036584e-01  8.13062089e-01  8.13021444e-01 -1.23991851e-05 -8.50742567e-12  1.58024505e-12 
 4.24458132e-05  8.13036546e-01  8.13062197e-01  8.13021524e-01 -1.24318634e-05  8.56327097e-12  1.24678143e-12 
 4.24708132e-05  8.13036586e-01  8.13062240e-01  8.13021597e-01 -1.23991863e-05 -8.50607237e-12  1.57770688e-12 
 4.24958132e-05  8.13036547e-01  8.13062330e-01  8.13021659e-01 -1.24318622e-05  8.54839398e-12  1.24304999e-12 
 4.25208132e-05  8.13036587e-01  8.13062359e-01  8.13021716e-01 -1.23991875e-05 -8.50315586e-12  1.57586222e-12 
 4.25458132e-05  8.13036549e-01  8.13062435e-01  8.13021765e-01 -1.24318610e-05  8.53494619e-12  1.23999991e-12 
 4.25708132e-05  8.13036588e-01  8.13062452e-01  8.13021810e-01 -1.23991887e-05 -8.49910138e-12  1.57455331e-12 
 4.25958132e-05  8.13036550e-01  8.13062516e-01  8.13021848e-01 -1.24318599e-05  8.52263442e-12  1.23748678e-12 
 4.26208132e-05  8.13036590e-01  8.13062525e-01  8.13021884e-01 -1.23991898e-05 -8.49406114e-12  1.57365614e-12 
 4.26458132e-05  8.13036552e-01  8.13062580e-01  8.13021913e-01 -1.24318587e-05  8.51117549e-12  1.23539932e-12 
 4.26708132e-05  8.13036591e-01  8.13062582e-01  8.13021941e-01 -1.23991910e-05 -8.48843066e-12  1.57307506e-12 
 4.26958132e-05  8.13036553e-01  8.13062631e-01  8.13021965e-01 -1.24318576e-05  8.50045555e-12  1.23365088e-12 
 4.27208132e-05  8.13036593e-01  8.13062627e-01  8.13021987e-01 -1.23991922e-05 -8.48220365e-12  1.57273646e-12 
 4.27458132e-05  8.13036554e-01  8.13062670e-01  8.13022005e-01 -1.24318564e-05  8.49023044e-12  1.23217213e-12 
 4.27708132e-05  8.13036594e-01  8.13062663e-01  8.13022022e-01 -1.23991933e-05 -8.47559371e-12  1.57258126e-12 
 4.27958132e-05  8.13036556e-01  8.13062701e-01  8.13022037e-01 -1.24318553e-05  8.48053745e-12  1.23090871e-12 
 4.28208132e-05  8.13036595e-01  8.13062691e-01  8.13022051e-01 -1.23991945e-05 -8.46866435e-12  1.57256369e-12 
 4.28458132e-05  8.13036557e-01  8.13062726e-01  8.13022062e-01 -1.24318541e-05  8.47117298e-12  1.22981979e-12 
 4.28708132e-05  8.13036597e-01  8.13062714e-01  8.13022073e-01 -1.23991957e-05 -8.46150732e-12  1.57265103e-12 
 4.28958132e-05  8.13036558e-01  8.13062745e-01  8.13022082e-01 -1.24318530e-05  8.46207306e-12  1.22887150e-12 
 4.29208132e-05  8.13036598e-01  8.13062731e-01  8.13022091e-01 -1.23991968e-05 -8.45417508e-12  1.57281409e-12 
 4.29458132e-05  8.13036560e-01  8.13062761e-01  8.13022098e-01 -1.24318518e-05  8.45326587e-12  1.22803682e-12 
 4.29708132e-05  8.13036600e-01  8.13062746e-01  8.13022105e-01 -1.23991980e-05 -8.44670904e-12  1.57303299e-12 
 4.29958132e-05  8.13036561e-01  8.13062773e-01  8.13022110e-01 -1.24318507e-05  8.44461870e-12  1.22729610e-12 
 4.30208132e-05  8.13036601e-01  8.13062757e-01  8.13022116e-01 -1.23991991e-05 -8.43907778e-12  1.57329109e-12 
 4.30458132e-05  8.13036562e-01  8.13062783e-01  8.13022121e-01 -1.24318495e-05  8.43623262e-12  1.22663186e-12 
 4.30708132e-05  8.13036602e-01  8.13062767e-01  8.13022126e-01 -1.23992003e-05 -8.43141160e-12  1.57357488e-12 
 4.30958132e-05  8.13036564e-01  8.13062791e-01  8.13022129e-01 -1.24318484e-05  8.42795105e-12  1.22603159e-12 
 4.31208132e-05  8.13036604e-01  8.13062774e-01  8.13022133e-01 -1.23992014e-05 -8.42364221e-12  1.57387672e-12 
 4.31458132e-05  8.13036565e-01  8.13062797e-01  8.13022136e-01 -1.24318472e-05  8.41976423e-12  1.22548477e-12 
 4.31708132e-05  8.13036605e-01  8.13062780e-01  8.13022139e-01 -1.23992025e-05 -8.41590296e-12  1.57418843e-12 
 4.31958132e-05  8.13036566e-01  8.13062803e-01  8.13022141e-01 -1.24318461e-05  8.41159802e-12  1.22498317e-12 
 4.32208132e-05  8.13036606e-01  8.13062786e-01  8.13022144e-01 -1.23992035e-05 -8.30819593e-12  1.57400877e-12 
 4.32458132e-05  8.13036568e-01  8.13062807e-01  8.13022146e-01 -1.24318449e-05  8.30989813e-12  1.22451398e-12 
 4.32708132e-05  8.13036608e-01  8.13062790e-01  8.13022149e-01 -1.23992046e-05 -8.42274232e-12  1.57472277e-12 
 4.32958132e-05  8.13036569e-01  8.13062811e-01  8.13022150e-01 -1.24318438e-05  8.29405815e-12  1.22406469e-12 
 4.33208132e-05  8.13036609e-01  8.13062794e-01  8.13022152e-01 -1.23992058e-05 -8.45478006e-12  1.57513336e-12 
 4.33458132e-05  8.13036571e-01  8.13062814e-01  8.13022153e-01 -1.24318427e-05  8.29128476e-12  1.22366613e-12 
 4.33708132e-05  8.13036611e-01  8.13062797e-01  8.13022155e-01 -1.23992069e-05 -8.46139955e-12  1.57545732e-12 
 4.33854066e-05  8.13036572e-01  8.13062816e-01  8.13022156e-01 -1.24318408e-05  8.28465963e-12  1.22267572e-12 
 4.34000000e-05  8.13036611e-01  8.13062799e-01  8.13022157e-01 -1.23992087e-05 -8.58098597e-12  1.57570983e-12 
 4.34000097e-05  8.13031927e-01  8.13046755e-01  8.13022095e-01 -1.72503042e-05 -2.67183294e-09 -4.98929980e-10 
 4.34000292e-05  8.13027360e-01  8.13021072e-01  8.13021871e-01 -1.75139979e-05 -8.39663714e-09 -1.44250804e-09 
 4.34000681e-05  8.13025814e-01  8.12986372e-01  8.13020963e-01 -1.74317677e-05 -1.97851467e-08 -3.17783395e-09 
 4.34001253e-05  8.13022868e-01  8.12947404e-01  8.13018819e-01 -1.75624817e-05 -3.53053195e-08 -5.60766346e-09 
 4.34002266e-05  8.13020591e-01  8.12903721e-01  8.13013502e-01 -1.74899840e-05 -6.11094181e-08 -9.64629460e-09 
 4.34003514e-05  8.13017560e-01  8.12876973e-01  8.13005526e-01 -1.75706132e-05 -9.03523330e-08 -1.43276635e-08 
 4.34005573e-05  8.13013569e-01  8.12859800e-01  8.12991458e-01 -1.75081123e-05 -1.33897570e-07 -2.15031583e-08 
 4.34008963e-05  8.13006314e-01  8.12853073e-01  8.12969155e-01 -1.76288801e-05 -1.94073679e-07 -3.20583212e-08 
 4.34013915e-05  8.12997675e-01  8.12852509e-01  8.12940855e-01 -1.80779690e-05 -2.63354965e-07 -4.50692905e-08 
 4.34015698e-05  8.12995727e-01  8.12853617e-01  8.12932009e-01 -1.89425770e-05 -2.83773374e-07 -4.90844940e-08 
 4.34017420e-05  8.12997065e-01  8.12856177e-01  8.12924170e-01 -2.06046201e-05 -3.00646670e-07 -5.25652975e-08 
 4.34018847e-05  8.13000804e-01  8.12859811e-01  8.12918238e-01 -2.31800572e-05 -3.11577724e-07 -5.51027747e-08 
 4.34020185e-05  8.13007596e-01  8.12864883e-01  8.12913208e-01 -2.65984109e-05 -3.18381886e-07 -5.71176239e-08 
 4.34021471e-05  8.13016235e-01  8.12871659e-01  8.12908917e-01 -3.10124898e-05 -3.20529928e-07 -5.86506891e-08 
 4.34022610e-05  8.13025088e-01  8.12879537e-01  8.12905621e-01 -3.56544562e-05 -3.17690795e-07 -5.95915201e-08 
 4.34023582e-05  8.13031969e-01  8.12888142e-01  8.12903240e-01 -4.01790115e-05 -3.10398227e-07 -5.99915937e-08 
 4.34024423e-05  8.13036345e-01  8.12897392e-01  8.12901548e-01 -4.43220615e-05 -2.99308504e-07 -5.99441415e-08 
 4.34025177e-05  8.13037590e-01  8.12907649e-01  8.12900371e-01 -4.81987533e-05 -2.84370283e-07 -5.94943941e-08 
 4.34025886e-05  8.13035467e-01  8.12919443e-01  8.12899602e-01 -5.18218562e-05 -2.64874537e-07 -5.86182604e-08 
 4.34026620e-05  8.13029806e-01  8.12934317e-01  8.12899215e-01 -5.55296355e-05 -2.38101637e-07 -5.71406962e-08 
 4.34027412e-05  8.13022348e-01  8.12953091e-01  8.12899335e-01 -5.94078657e-05 -2.01795346e-07 -5.48368164e-08 
 4.34028361e-05  8.13015101e-01  8.12977607e-01  8.12900279e-01 -6.40051635e-05 -1.51262810e-07 -5.11797156e-08 
 4.34029264e-05  8.13010248e-01  8.13001185e-01  8.12901999e-01 -6.82924462e-05 -1.01986468e-07 -4.69272106e-08 
 4.34030259e-05  8.13006835e-01  8.13026228e-01  8.12904773e-01 -7.29220694e-05 -5.51559192e-08 -4.15207387e-08 
 4.34031373e-05  8.13005395e-01  8.13052066e-01  8.12908857e-01 -7.79610490e-05 -1.79643551e-08 -3.47362022e-08 
 4.34032712e-05  8.13007615e-01  8.13078684e-01  8.12914904e-01 -8.39600013e-05  1.24887332e-08 -2.57715702e-08 
 4.34033976e-05  8.13012182e-01  8.13098515e-01  8.12921461e-01 -8.92859390e-05  3.78404907e-08 -1.67119703e-08 
 4.34035314e-05  8.13018292e-01  8.13113665e-01  8.12928971e-01 -9.40973007e-05  6.59880234e-08 -6.68461357e-09 
 4.34036474e-05  8.13024121e-01  8.13121061e-01  8.12935671e-01 -9.68989974e-05  9.16890210e-08  2.12108440e-09 
 4.34037249e-05  8.13027935e-01  8.13121915e-01  8.12940102e-01 -9.71547874e-05  1.08965363e-07  7.86499862e-09 
 4.34037795e-05  8.13030337e-01  8.13119178e-01  8.12943118e-01 -9.53338119e-05  1.20499844e-07  1.16545533e-08 
 4.34038298e-05  8.13032057e-01  8.13112301e-01  8.12945749e-01 -9.12300180e-05  1.29935657e-07  1.47439161e-08 
 4.34038857e-05  8.13033240e-01  8.13097455e-01  8.12948371e-01 -8.41393584e-05  1.38127883e-07  1.74496265e-08 
 4.34039536e-05  8.13033778e-01  8.13068395e-01  8.12950886e-01 -7.33974670e-05  1.44037491e-07  1.94738776e-08 
 4.34040241e-05  8.13033486e-01  8.13027823e-01  8.12952459e-01 -6.16301811e-05  1.45272917e-07  2.00856451e-08 
 4.34041228e-05  8.13032159e-01  8.12962576e-01  8.12952540e-01 -4.68688783e-05  1.39524288e-07  1.87783757e-08 
 4.34042087e-05  8.13030497e-01  8.12906097e-01  8.12950553e-01 -3.71503943e-05  1.28883931e-07  1.61312919e-08 
 4.34042841e-05  8.13028911e-01  8.12862082e-01  8.12947372e-01 -3.10604547e-05  1.16576635e-07  1.31287970e-08 
 4.34043659e-05  8.13027104e-01  8.12822475e-01  8.12942677e-01 -2.65468611e-05  1.01185211e-07  9.52316751e-09 
 4.34044548e-05  8.13025159e-01  8.12789127e-01  8.12936479e-01 -2.34408510e-05  8.30286383e-08  5.48057406e-09 
 4.34045494e-05  8.13023068e-01  8.12763177e-01  8.12929012e-01 -2.15107209e-05  6.28028122e-08  1.22126207e-09 
 4.34046546e-05  8.13020789e-01  8.12743173e-01  8.12920088e-01 -2.03359776e-05  3.99185862e-08 -3.33714501e-09 
 4.34047738e-05  8.13018195e-01  8.12728238e-01  8.12909609e-01 -1.96966395e-05  1.40648406e-08 -8.22571822e-09 
 4.34048869e-05  8.13015772e-01  8.12718896e-01  8.12899581e-01 -1.94135912e-05 -1.00362679e-08 -1.25965773e-08 
 4.34050000e-05  8.13013330e-01  8.12712337e-01  8.12889645e-01 -1.92937533e-05 -3.34989316e-08 -1.67307724e-08 
 4.34050016e-05  8.13014575e-01  8.12715614e-01  8.12889508e-01 -1.47113140e-05 -3.34723288e-08 -1.66998336e-08 
 4.34050048e-05  8.13016655e-01  8.12721710e-01  8.12889236e-01 -1.43932537e-05 -3.33946139e-08 -1.66400872e-08 
 4.34050112e-05  8.13018672e-01  8.12731890e-01  8.12888716e-01 -1.40972138e-05 -3.31567114e-08 -1.65370969e-08 
 4.34050201e-05  8.13019209e-01  8.12743059e-01  8.12888037e-01 -1.40008642e-05 -3.28088094e-08 -1.64223603e-08 
 4.34050338e-05  8.13019335e-01  8.12757241e-01  8.12887061e-01 -1.37909344e-05 -3.23170999e-08 -1.62639226e-08 
 4.34050612e-05  8.13019358e-01  8.12781025e-01  8.12885331e-01 -1.35221345e-05 -3.14371696e-08 -1.59766680e-08 
 4.34051160e-05  8.13019403e-01  8.12818019e-01  8.12882588e-01 -1.30801626e-05 -2.99947269e-08 -1.54815635e-08 
 4.34052257e-05  8.13019384e-01  8.12863213e-01  8.12879041e-01 -1.26714314e-05 -2.78750324e-08 -1.46789093e-08 
 4.34054450e-05  8.13019406e-01  8.12895257e-01  8.12875642e-01 -1.24116443e-05 -2.49884171e-08 -1.33994426e-08 
 4.34057145e-05  8.13019419e-01  8.12898696e-01  8.12873667e-01 -1.24220698e-05 -2.23409092e-08 -1.20552937e-08 
 4.34060963e-05  8.13019468e-01  8.12895780e-01  8.12871245e-01 -1.23987869e-05 -1.91923229e-08 -1.03686152e-08 
 4.34066527e-05  8.13019498e-01  8.12890813e-01  8.12867521e-01 -1.24210516e-05 -1.54250753e-08 -8.31673967e-09 
 4.34077655e-05  8.13019579e-01  8.12880817e-01  8.12859384e-01 -1.24001074e-05 -9.91650627e-09 -5.32264629e-09 
 4.34099910e-05  8.13019636e-01  8.12860952e-01  8.12841432e-01 -1.24230792e-05 -3.91705376e-09 -2.07947697e-09 
 4.34144422e-05  8.13019649e-01  8.12826493e-01  8.12805308e-01 -1.24028544e-05 -3.05845323e-10 -1.54016879e-10 
 4.34233446e-05  8.13019455e-01  8.12793519e-01  8.12759278e-01 -1.24257651e-05  5.13613243e-11  1.31067838e-11 
 4.34378503e-05  8.13019253e-01  8.12835207e-01  8.12780764e-01 -1.24043806e-05 -2.02127117e-12 -4.44594047e-12 
 4.34564626e-05  8.13019281e-01  8.12967492e-01  8.12906793e-01 -1.24258958e-05  7.74085702e-11  5.05365351e-11 
 4.34814626e-05  8.13019551e-01  8.13101747e-01  8.13052088e-01 -1.24040298e-05  1.42359449e-11  1.73449607e-11 
 4.35064626e-05  8.13019694e-01  8.13125439e-01  8.13086840e-01 -1.24258465e-05  4.78793611e-12  5.50885140e-12 
 4.35314626e-05  8.13019707e-01  8.13090363e-01  8.13054185e-01 -1.24043384e-05 -1.89775439e-11 -1.04200879e-11 
 4.35564626e-05  8.13019637e-01  8.13060326e-01  8.13021697e-01 -1.24261113e-05 -1.87311299e-12 -1.55425933e-12 
 4.35782313e-05  8.13019621e-01  8.13053667e-01  8.13012993e-01 -1.24044067e-05 -3.06508790e-12 -5.66876786e-13 
 4.36000000e-05  8.13019604e-01  8.13057137e-01  8.13015852e-01 -1.24260636e-05  3.77522102e-12  3.41328853e-12 
 4.36000117e-05  8.13027075e-01  8.13069132e-01  8.13015911e-01 -1.08408224e-05  1.78320871e-09  6.46970778e-10 
 4.36000352e-05  8.13033581e-01  8.13089238e-01  8.13016123e-01 -9.88409549e-06  5.19670773e-09  1.83782121e-09 
 4.36000821e-05  8.13036698e-01  8.13118283e-01  8.13016997e-01 -8.96584235e-06  1.08324136e-08  3.97148715e-09 
 4.36001286e-05  8.13042471e-01  8.13139746e-01  8.13018311e-01 -8.14720608e-06  1.51713495e-08  5.94144776e-09 
 4.36002215e-05  8.13050978e-01  8.13163933e-01  8.13021699e-01 -7.43776382e-06  2.16942486e-08  9.55584635e-09 
 4.36004073e-05  8.13070101e-01  8.13172719e-01  8.13029294e-01 -6.80606455e-06  3.03687686e-08  1.61012454e-08 
 4.36006614e-05  8.13094772e-01  8.13152173e-01  8.13038242e-01 -6.80538675e-06  3.87253215e-08  2.41475684e-08 
 4.36009858e-05  8.13127470e-01  8.13114224e-01  8.13044858e-01 -6.73432735e-06  4.77964634e-08  3.33258062e-08 
 4.36014475e-05  8.13173088e-01  8.13052466e-01  8.13044492e-01 -6.90404677e-06  5.91878403e-08  4.45200009e-08 
 4.36015834e-05  8.13187848e-01  8.13032765e-01  8.13042241e-01 -6.93773119e-06  6.15769422e-08  4.74213779e-08 
 4.36018552e-05  8.13222388e-01  8.12989730e-01  8.13034854e-01 -8.05343708e-06  5.28254464e-08  5.24727476e-08 
 4.36019964e-05  8.13249152e-01  8.12964204e-01  8.13029439e-01 -9.39185361e-06  3.09481567e-08  5.45023973e-08 
 4.36021031e-05  8.13275356e-01  8.12942011e-01  8.13024553e-01 -1.12192007e-05 -4.53401150e-09  5.55158115e-08 
 4.36022104e-05  8.13308600e-01  8.12916284e-01  8.13018832e-01 -1.36267144e-05 -6.66433868e-08  5.58797145e-08 
 4.36023238e-05  8.13350101e-01  8.12884687e-01  8.13011782e-01 -1.68202627e-05 -1.72494443e-07  5.53037196e-08 
 4.36024361e-05  8.13396696e-01  8.12847770e-01  8.13003600e-01 -1.99239714e-05 -3.31811848e-07  5.34777153e-08 
 4.36025426e-05  8.13443133e-01  8.12806418e-01  8.12994546e-01 -2.22192242e-05 -5.47835117e-07  5.02762983e-08 
 4.36026614e-05  8.13494929e-01  8.12751993e-01  8.12982662e-01 -2.36298413e-05 -8.81041783e-07  4.46719713e-08 
 4.36027703e-05  8.13540145e-01  8.12696952e-01  8.12969928e-01 -2.51479347e-05 -1.27634202e-06  3.76369891e-08 
 4.36029326e-05  8.13601127e-01  8.12614279e-01  8.12947606e-01 -2.79956346e-05 -2.01412472e-06  2.42411420e-08 
 4.36030705e-05  8.13644827e-01  8.12547822e-01  8.12925743e-01 -3.07453491e-05 -2.76563665e-06  1.05449131e-08 
 4.36032036e-05  8.13678657e-01  8.12489033e-01  8.12902505e-01 -3.33657015e-05 -3.58207167e-06 -4.27589916e-09 
 4.36033307e-05  8.13701424e-01  8.12439168e-01  8.12878763e-01 -3.57316545e-05 -4.42779212e-06 -1.95241173e-08 
 4.36034258e-05  8.13708812e-01  8.12406859e-01  8.12860232e-01 -3.71876913e-05 -5.09070675e-06 -3.13839070e-08 
 4.36034750e-05  8.13705492e-01  8.12392674e-01  8.12850458e-01 -3.77171840e-05 -5.43817450e-06 -3.75639077e-08 
 4.36035143e-05  8.13696550e-01  8.12383394e-01  8.12842625e-01 -3.79017653e-05 -5.71230172e-06 -4.24179657e-08 
 4.36035434e-05  8.13683581e-01  8.12378353e-01  8.12836798e-01 -3.78236716e-05 -5.91091187e-06 -4.59204882e-08 
 4.36035705e-05  8.13663877e-01  8.12375850e-01  8.12831414e-01 -3.74770660e-05 -6.08683284e-06 -4.90026834e-08 
 4.36035970e-05  8.13634194e-01  8.12376558e-01  8.12826192e-01 -3.67580909e-05 -6.24579097e-06 -5.17428404e-08 
 4.36036262e-05  8.13590132e-01  8.12382716e-01  8.12820534e-01 -3.54649272e-05 -6.39882446e-06 -5.42591486e-08 
 4.36036593e-05  8.13534943e-01  8.12398144e-01  8.12814343e-01 -3.34550899e-05 -6.53751279e-06 -5.62568980e-08 
 4.36036970e-05  8.13477862e-01  8.12426164e-01  8.12807699e-01 -3.07273743e-05 -6.64820016e-06 -5.73332765e-08 
 4.36037479e-05  8.13425410e-01  8.12475513e-01  8.12799688e-01 -2.67827242e-05 -6.72343223e-06 -5.69642210e-08 
 4.36037860e-05  8.13408559e-01  8.12516376e-01  8.12794487e-01 -2.39052057e-05 -6.73276602e-06 -5.55996404e-08 
 4.36038228e-05  8.13409398e-01  8.12555194e-01  8.12790106e-01 -2.12996331e-05 -6.71274842e-06 -5.36857802e-08 
 4.36038667e-05  8.13428422e-01  8.12597269e-01  8.12785679e-01 -1.85821038e-05 -6.66163142e-06 -5.09542818e-08 
 4.36039089e-05  8.13461564e-01  8.12631902e-01  8.12782136e-01 -1.63674830e-05 -6.59265429e-06 -4.80875307e-08 
 4.36039576e-05  8.13512413e-01  8.12664004e-01  8.12778761e-01 -1.43107438e-05 -6.49757717e-06 -4.47060389e-08 
 4.36040081e-05  8.13574999e-01  8.12688706e-01  8.12775905e-01 -1.26659855e-05 -6.38869809e-06 -4.12692072e-08 
 4.36040688e-05  8.13658392e-01  8.12708622e-01  8.12773077e-01 -1.12347155e-05 -6.25054935e-06 -3.73256295e-08 
 4.36041361e-05  8.13757204e-01  8.12720881e-01  8.12770447e-01 -1.01601286e-05 -6.09394245e-06 -3.32362267e-08 
 4.36042205e-05  8.13885805e-01  8.12726096e-01  8.12767540e-01 -9.34002241e-06 -5.89816116e-06 -2.85092698e-08 
 4.36043216e-05  8.14044198e-01  8.12723060e-01  8.12764224e-01 -8.80931789e-06 -5.66835178e-06 -2.33224811e-08 
 4.36044582e-05  8.14264343e-01  8.12710636e-01  8.12759545e-01 -8.49427883e-06 -5.37010886e-06 -1.69570454e-08 
 4.36046430e-05  8.14587604e-01  8.12687334e-01  8.12752330e-01 -8.34620714e-06 -4.98964405e-06 -9.26119191e-09 
 4.36048215e-05  8.14963133e-01  8.12662259e-01  8.12744183e-01 -8.30456278e-06 -4.64699615e-06 -2.80811463e-09 
 4.36050000e-05  8.15458521e-01  8.12636398e-01  8.12734842e-01 -8.27461991e-06 -4.32732237e-06  2.52653293e-09 
 4.36050031e-05  8.15464416e-01  8.12632221e-01  8.12734664e-01 -9.32676225e-06 -4.32240312e-06  2.42216671e-09 
 4.36050093e-05  8.15478307e-01  8.12624476e-01  8.12734299e-01 -9.80903208e-06 -4.31256218e-06  2.23033680e-09 
 4.36050217e-05  8.15513600e-01  8.12611516e-01  8.12733522e-01 -1.00642128e-05 -4.29278459e-06  1.91949547e-09 
 4.36050456e-05  8.15585934e-01  8.12590689e-01  8.12731876e-01 -1.05239543e-05 -4.25454088e-06  1.41075654e-09 
 4.36050804e-05  8.15691191e-01  8.12564564e-01  8.12729184e-01 -1.10226432e-05 -4.19871348e-06  7.53984310e-10 
 4.36051499e-05  8.15902918e-01  8.12524737e-01  8.12723006e-01 -1.16626470e-05 -4.08777610e-06 -3.52279794e-10 
 4.36052890e-05  8.16324368e-01  8.12479009e-01  8.12708836e-01 -1.22132958e-05 -3.87246957e-06 -2.17924864e-09 
 4.36054502e-05  8.16807837e-01  8.12455700e-01  8.12691220e-01 -1.23509470e-05 -3.63628077e-06 -4.01405467e-09 
 4.36057388e-05  8.17658480e-01  8.12436022e-01  8.12660001e-01 -1.23836910e-05 -3.24820276e-06 -7.00351690e-09 
 4.36060511e-05  8.18557829e-01  8.12423588e-01  8.12628164e-01 -1.23678219e-05 -2.87474242e-06 -9.88038991e-09 
 4.36066475e-05  8.20216395e-01  8.12407051e-01  8.12574138e-01 -1.23680139e-05 -2.27477883e-06 -1.44698213e-08 
 4.36075914e-05  8.22691433e-01  8.12399075e-01  8.12506900e-01 -1.23527972e-05 -1.56642760e-06 -1.96755409e-08 
 4.36094792e-05  8.27140448e-01  8.12446636e-01  8.12438562e-01 -1.23464509e-05 -7.22132422e-07 -2.48649202e-08 
 4.36132548e-05  8.34363792e-01  8.12778342e-01  8.12553266e-01 -1.23259260e-05 -1.08319260e-07 -2.47638468e-08 
 4.36184394e-05  8.41483481e-01  8.13705260e-01  8.13212900e-01 -1.23280059e-05  2.15681703e-09 -1.78606136e-08 
 4.36249867e-05  8.47317244e-01  8.15555593e-01  8.14774215e-01 -1.23262611e-05  2.07211568e-09 -1.02413573e-08 
 4.36318846e-05  8.51035099e-01  8.18161878e-01  8.17143944e-01 -1.23421703e-05  2.74000149e-09 -5.23234663e-09 
 4.36414534e-05  8.53893741e-01  8.22470193e-01  8.21256998e-01 -1.23479550e-05  3.25475718e-09 -1.27987268e-09 
 4.36517019e-05  8.55350322e-01  8.27429062e-01  8.26165270e-01 -1.23642878e-05  3.44221604e-09  7.59199182e-10 
 4.36657428e-05  8.56186182e-01  8.33804297e-01  8.32669107e-01 -1.23658095e-05  3.14979534e-09  1.72629032e-09 
 4.36773650e-05  8.56429466e-01  8.38156809e-01  8.37241443e-01 -1.23773795e-05  2.55462283e-09  1.67877684e-09 
 4.36899305e-05  8.56537400e-01  8.41575158e-01  8.40936349e-01 -1.23764054e-05  1.77780619e-09  1.28860997e-09 
 4.37016731e-05  8.56577651e-01  8.43581444e-01  8.43180490e-01 -1.23891242e-05  1.08073812e-09  8.36798152e-10 
 4.37167835e-05  8.56598117e-01  8.44882118e-01  8.44696902e-01 -1.23902628e-05  4.37506771e-10  3.65963767e-10 
 4.37357351e-05  8.56604933e-01  8.45437270e-01  8.45362403e-01 -1.24047642e-05  7.97264412e-11  6.85320014e-11 
 4.37551231e-05  8.56605904e-01  8.45748071e-01  8.45661303e-01 -1.24025709e-05  9.75551400e-11  4.59327228e-11 
 4.37747776e-05  8.56605630e-01  8.46338290e-01  8.46202729e-01 -1.24107003e-05  2.30744067e-10  1.33764125e-10 
 4.37957991e-05  8.56605975e-01  8.47284373e-01  8.47117652e-01 -1.24037118e-05  3.32442875e-10  2.12254271e-10 
 4.38207991e-05  8.56606556e-01  8.48506884e-01  8.48343636e-01 -1.24096759e-05  3.27280139e-10  2.22400099e-10 
 4.38457991e-05  8.56607500e-01  8.49572127e-01  8.49432679e-01 -1.24027117e-05  2.67684851e-10  1.84012754e-10 
 4.38707991e-05  8.56607980e-01  8.50416889e-01  8.50298239e-01 -1.24096208e-05  2.04077484e-10  1.40640645e-10 
 4.38957991e-05  8.56608551e-01  8.51112014e-01  8.51004372e-01 -1.24031657e-05  1.77004729e-10  1.18656851e-10 
 4.39207991e-05  8.56608759e-01  8.51729129e-01  8.51627095e-01 -1.24100355e-05  1.57219555e-10  1.06329841e-10 
 4.39457991e-05  8.56609222e-01  8.52293383e-01  8.52196371e-01 -1.24033534e-05  1.48646258e-10  9.95546069e-11 
 4.39707991e-05  8.56609392e-01  8.52801937e-01  8.52710815e-01 -1.24101058e-05  1.28528261e-10  8.80620683e-11 
 4.39957991e-05  8.56609810e-01  8.53250677e-01  8.53165557e-01 -1.24034050e-05  1.16785844e-10  7.88289038e-11 
 4.40207991e-05  8.56609914e-01  8.53643500e-01  8.53563663e-01 -1.24101910e-05  9.78818545e-11  6.75939196e-11 
 4.40457991e-05  8.56610264e-01  8.53988808e-01  8.53913337e-01 -1.24034914e-05  9.04914674e-11  6.10718870e-11 
 4.40707991e-05  8.56610309e-01  8.54294229e-01  8.54222467e-01 -1.24102743e-05  7.59611170e-11  5.28331104e-11 
 4.40957991e-05  8.56610612e-01  8.54564995e-01  8.54496511e-01 -1.24035502e-05  7.16008292e-11  4.84504163e-11 
 4.41207991e-05  8.56610619e-01  8.54804727e-01  8.54739209e-01 -1.24103299e-05  5.91063639e-11  4.16098999e-11 
 4.41457991e-05  8.56610887e-01  8.55016630e-01  8.54953754e-01 -1.24035913e-05  5.64416270e-11  3.83474013e-11 
 4.41707991e-05  8.56610863e-01  8.55203813e-01  8.55143279e-01 -1.24103752e-05  4.56239608e-11  3.26036991e-11 
 4.41957991e-05  8.56611102e-01  8.55369247e-01  8.55310762e-01 -1.24036241e-05  4.45575037e-11  3.04041488e-11 
 4.42207991e-05  8.56611053e-01  8.55515520e-01  8.55458849e-01 -1.24104119e-05  3.51771643e-11  2.56222916e-11 
 4.42457991e-05  8.56611270e-01  8.55644892e-01  8.55589817e-01 -1.24036482e-05  3.53350357e-11  2.42471537e-11 
 4.42707991e-05  8.56611201e-01  8.55759288e-01  8.55705634e-01 -1.24104409e-05  2.70216995e-11  2.01774843e-11 
 4.42957991e-05  8.56611402e-01  8.55860443e-01  8.55808039e-01 -1.24036658e-05  2.81098784e-11  1.94249710e-11 
 4.43207991e-05  8.56611318e-01  8.55949872e-01  8.55898582e-01 -1.24104645e-05  2.06361796e-11  1.59132884e-11 
 4.43457991e-05  8.56611505e-01  8.56028955e-01  8.55978640e-01 -1.24036786e-05  2.24612635e-11  1.56545779e-11 
 4.43707991e-05  8.56611409e-01  8.56098876e-01  8.56049432e-01 -1.24104839e-05  1.56492154e-11  1.25830077e-11 
 4.43957991e-05  8.56611586e-01  8.56160714e-01  8.56112031e-01 -1.24036875e-05  1.80477087e-11  1.27092353e-11 
 4.44207991e-05  8.56611481e-01  8.56215388e-01  8.56167386e-01 -1.24105000e-05  1.17514269e-11  9.98023832e-12 
 4.44457991e-05  8.56611650e-01  8.56263742e-01  8.56216334e-01 -1.24036935e-05  1.45960804e-11  1.04061455e-11 
 4.44707991e-05  8.56611538e-01  8.56306492e-01  8.56259619e-01 -1.24105135e-05  8.70420858e-12  7.94530208e-12 
 4.44957991e-05  8.56611700e-01  8.56344303e-01  8.56297894e-01 -1.24036972e-05  1.18969997e-11  8.60540979e-12 
 4.45207991e-05  8.56611582e-01  8.56377732e-01  8.56331740e-01 -1.24105250e-05  6.32242327e-12  6.35462467e-12 
 4.45457991e-05  8.56611739e-01  8.56407300e-01  8.56361670e-01 -1.24036991e-05  9.78626750e-12  7.19743178e-12 
 4.45707991e-05  8.56611617e-01  8.56433439e-01  8.56388138e-01 -1.24105350e-05  4.46063867e-12  5.11110094e-12 
 4.45957991e-05  8.56611770e-01  8.56456562e-01  8.56411543e-01 -1.24036996e-05  8.13535047e-12  6.09637834e-12 
 4.46207991e-05  8.56611645e-01  8.56477002e-01  8.56432240e-01 -1.24105438e-05  3.00535334e-12  4.13893556e-12 
 4.46457991e-05  8.56611795e-01  8.56495085e-01  8.56450543e-01 -1.24036989e-05  6.84396051e-12  5.23528784e-12 
 4.46707991e-05  8.56611667e-01  8.56511068e-01  8.56466728e-01 -1.24105517e-05  1.86789646e-12  3.37893391e-12 
 4.46957991e-05  8.56611814e-01  8.56525210e-01  8.56481041e-01 -1.24036974e-05  5.83368184e-12  4.56181496e-12 
 4.47207991e-05  8.56611684e-01  8.56537708e-01  8.56493698e-01 -1.24105589e-05  9.78923973e-13  2.78480597e-12 
 4.47457991e-05  8.56611830e-01  8.56548768e-01  8.56504890e-01 -1.24036953e-05  5.04319763e-12  4.03503338e-12 
 4.47707991e-05  8.56611698e-01  8.56558541e-01  8.56514789e-01 -1.24105655e-05  2.84238128e-13  2.32036937e-12 
 4.47957991e-05  8.56611842e-01  8.56567191e-01  8.56523542e-01 -1.24036925e-05  4.42459155e-12  3.62295095e-12 
 4.48207991e-05  8.56611709e-01  8.56574833e-01  8.56531282e-01 -1.24105717e-05 -2.58533429e-13  1.95733978e-12 
 4.48457991e-05  8.56611852e-01  8.56581599e-01  8.56538127e-01 -1.24036894e-05  3.94038795e-12  3.30055980e-12 
 4.48707991e-05  8.56611718e-01  8.56587574e-01  8.56544181e-01 -1.24105775e-05 -6.82524133e-13  1.67360326e-12 
 4.48957991e-05  8.56611860e-01  8.56592866e-01  8.56549534e-01 -1.24036859e-05  3.56128798e-12  3.04830190e-12 
 4.49207991e-05  8.56611726e-01  8.56597538e-01  8.56554268e-01 -1.24105831e-05 -1.01363904e-12  1.45186933e-12 
 4.49457991e-05  8.56611867e-01  8.56601677e-01  8.56558454e-01 -1.24036822e-05  3.26438811e-12  2.85089069e-12 
 4.49707991e-05  8.56611732e-01  8.56605330e-01  8.56562157e-01 -1.24105885e-05 -1.27213149e-12  1.27861594e-12 
 4.49957991e-05  8.56611872e-01  8.56608568e-01  8.56565431e-01 -1.24036782e-05  3.03176950e-12  2.69636852e-12 
 4.50207991e-05  8.56611737e-01  8.56611424e-01  8.56568326e-01 -1.24105938e-05 -1.47384362e-12  1.14327482e-12 
 4.50457991e-05  8.56611877e-01  8.56613957e-01  8.56570887e-01 -1.24036741e-05  2.84942599e-12  2.57538749e-12 
 4.50707991e-05  8.56611741e-01  8.56616190e-01  8.56573151e-01 -1.24105989e-05 -1.63115571e-12  1.03757785e-12 
 4.50957991e-05  8.56611881e-01  8.56618172e-01  8.56575154e-01 -1.24036698e-05  2.70640671e-12  2.48063728e-12 
 4.51207991e-05  8.56611745e-01  8.56619918e-01  8.56576925e-01 -1.24106040e-05 -1.75375426e-12  9.55061117e-13 
 4.51457991e-05  8.56611884e-01  8.56621469e-01  8.56578491e-01 -1.24036655e-05  2.59414322e-12  2.40640130e-12 
 4.51707991e-05  8.56611748e-01  8.56622833e-01  8.56579876e-01 -1.24106090e-05 -1.84921457e-12  8.90670133e-13 
 4.51957991e-05  8.56611887e-01  8.56624047e-01  8.56581101e-01 -1.24036610e-05  2.50593578e-12  2.34820892e-12 
 4.52207991e-05  8.56611751e-01  8.56625113e-01  8.56582184e-01 -1.24106140e-05 -1.92345488e-12  8.40452274e-13 
 4.52457991e-05  8.56611889e-01  8.56626063e-01  8.56583142e-01 -1.24036565e-05  2.43655031e-12  2.30256520e-12 
 4.52707991e-05  8.56611753e-01  8.56626896e-01  8.56583989e-01 -1.24106189e-05 -1.98110799e-12  8.01316153e-13 
 4.52957991e-05  8.56611891e-01  8.56627640e-01  8.56584739e-01 -1.24036519e-05  2.38188505e-12  2.26673471e-12 
 4.53207991e-05  8.56611755e-01  8.56628291e-01  8.56585402e-01 -1.24106238e-05 -2.02579446e-12  7.70845952e-13 
 4.53457991e-05  8.56611894e-01  8.56628874e-01  8.56585988e-01 -1.24036472e-05  2.33873901e-12  2.23858172e-12 
 4.53707991e-05  8.56611757e-01  8.56629382e-01  8.56586506e-01 -1.24106286e-05 -2.06034777e-12  7.47149467e-13 
 4.53957991e-05  8.56611895e-01  8.56629839e-01  8.56586965e-01 -1.24036426e-05  2.30460941e-12  2.21643358e-12 
 4.54207991e-05  8.56611759e-01  8.56630236e-01  8.56587370e-01 -1.24106335e-05 -2.08698206e-12  7.28750068e-13 
 4.54457991e-05  8.56611897e-01  8.56630594e-01  8.56587729e-01 -1.24036378e-05  2.27752908e-12  2.19898145e-12 
 4.54707991e-05  8.56611761e-01  8.56630904e-01  8.56588047e-01 -1.24106384e-05 -2.10742404e-12  7.14491237e-13 
 4.54957991e-05  8.56611899e-01  8.56631185e-01  8.56588327e-01 -1.24036331e-05  2.25597188e-12  2.18520324e-12 
 4.55207991e-05  8.56611763e-01  8.56631426e-01  8.56588576e-01 -1.24106432e-05 -2.12303287e-12  7.03470268e-13 
 4.55457991e-05  8.56611900e-01  8.56631647e-01  8.56588795e-01 -1.24036283e-05  2.23873979e-12  2.17430132e-12 
 4.55707991e-05  8.56611764e-01  8.56631835e-01  8.56588990e-01 -1.24106481e-05 -2.13486563e-12  6.94979014e-13 
 4.55853996e-05  8.56611902e-01  8.56631941e-01  8.56589092e-01 -1.24036218e-05  2.22643713e-12  2.16691563e-12 
 4.56000000e-05  8.56611765e-01  8.56632031e-01  8.56589188e-01 -1.24106564e-05 -2.13830711e-12  6.91620535e-13 
 4.56000145e-05  8.56601814e-01  8.56617819e-01  8.56589106e-01 -1.39240071e-05 -1.87171314e-09 -7.80677421e-10 
 4.56000435e-05  8.56592373e-01  8.56594434e-01  8.56588808e-01 -1.46831178e-05 -5.13914737e-09 -2.21271432e-09 
 4.56001015e-05  8.56585571e-01  8.56561962e-01  8.56587583e-01 -1.53329920e-05 -9.69411225e-09 -4.74790021e-09 
 4.56001756e-05  8.56574399e-01  8.56535244e-01  8.56585194e-01 -1.60030168e-05 -1.35876646e-08 -7.71842333e-09 
 4.56002953e-05  8.56561153e-01  8.56518127e-01  8.56580455e-01 -1.63049068e-05 -1.83172008e-08 -1.21114818e-08 
 4.56004767e-05  8.56539133e-01  8.56520206e-01  8.56573166e-01 -1.65678617e-05 -2.43845824e-08 -1.82629862e-08 
 4.56007642e-05  8.56508220e-01  8.56546420e-01  8.56564174e-01 -1.65309350e-05 -3.29739590e-08 -2.70871645e-08 
 4.56011114e-05  8.56471145e-01  8.56587157e-01  8.56558952e-01 -1.67347624e-05 -4.19868926e-08 -3.64883751e-08 
 4.56015217e-05  8.56433409e-01  8.56641349e-01  8.56560844e-01 -1.75909469e-05 -4.78902105e-08 -4.59412326e-08 
 4.56016855e-05  8.56420178e-01  8.56665191e-01  8.56563991e-01 -1.89755747e-05 -4.57148190e-08 -4.91921902e-08 
 4.56018581e-05  8.56412460e-01  8.56693231e-01  8.56568824e-01 -2.15840937e-05 -3.45181868e-08 -5.21580882e-08 
 4.56020173e-05  8.56409729e-01  8.56721999e-01  8.56574745e-01 -2.56509564e-05 -1.07157897e-08 -5.43911441e-08 
 4.56021606e-05  8.56413289e-01  8.56751193e-01  8.56581374e-01 -3.05490248e-05  2.80138099e-08 -5.58509026e-08 
 4.56022861e-05  8.56418823e-01  8.56779858e-01  8.56588299e-01 -3.59239259e-05  8.19618374e-08 -5.65832636e-08 
 4.56023925e-05  8.56425609e-01  8.56807194e-01  8.56595066e-01 -4.09870465e-05  1.48893987e-07 -5.66562369e-08 
 4.56024843e-05  8.56430736e-01  8.56833743e-01  8.56601645e-01 -4.57424036e-05  2.28856881e-07 -5.61805238e-08 
 4.56025675e-05  8.56434661e-01  8.56861040e-01  8.56608291e-01 -5.01033192e-05  3.26068476e-07 -5.51627385e-08 
 4.56026501e-05  8.56436618e-01  8.56891947e-01  8.56615614e-01 -5.44790714e-05  4.53071088e-07 -5.34453350e-08 
 4.56027450e-05  8.56439795e-01  8.56932177e-01  8.56625066e-01 -5.93637046e-05  6.43510538e-07 -5.04576700e-08 
 4.56028442e-05  8.56446380e-01  8.56977707e-01  8.56636234e-01 -6.44645442e-05  8.94026276e-07 -4.62193840e-08 
 4.56029423e-05  8.56454674e-01  8.57023656e-01  8.56648614e-01 -6.94292113e-05  1.19016493e-06 -4.10638153e-08 
 4.56030732e-05  8.56463787e-01  8.57083967e-01  8.56667103e-01 -7.60450458e-05  1.65230986e-06 -3.29564881e-08 
 4.56031943e-05  8.56471507e-01  8.57137209e-01  8.56686044e-01 -8.20892240e-05  2.13908976e-06 -2.44234459e-08 
 4.56033254e-05  8.56481776e-01  8.57190929e-01  8.56708281e-01 -8.85518048e-05  2.71812635e-06 -1.43232906e-08 
 4.56034747e-05  8.56496352e-01  8.57246539e-01  8.56735404e-01 -9.52677822e-05  3.42865867e-06 -2.01662204e-09 
 4.56036251e-05  8.56513662e-01  8.57295628e-01  8.56764179e-01 -1.00708006e-04  4.18071429e-06  1.08816960e-08 
 4.56037366e-05  8.56527366e-01  8.57325792e-01  8.56786160e-01 -1.02817578e-04  4.74673170e-06  2.04428582e-08 
 4.56038057e-05  8.56535695e-01  8.57339938e-01  8.56799892e-01 -1.02016557e-04  5.08972930e-06  2.61076497e-08 
 4.56038575e-05  8.56541240e-01  8.57346153e-01  8.56810155e-01 -9.90005573e-05  5.33357170e-06  2.99924660e-08 
 4.56039098e-05  8.56545825e-01  8.57346137e-01  8.56820370e-01 -9.35040954e-05  5.55744598e-06  3.33370127e-08 
 4.56039741e-05  8.56549656e-01  8.57335352e-01  8.56832483e-01 -8.41747804e-05  5.78862203e-06  3.63532034e-08 
 4.56040427e-05  8.56551642e-01  8.57311571e-01  8.56844614e-01 -7.26921364e-05  5.97329476e-06  3.80982214e-08 
 4.56041290e-05  8.56551227e-01  8.57269360e-01  8.56858303e-01 -5.83109121e-05  6.11153500e-06  3.82161195e-08 
 4.56042504e-05  8.56546452e-01  8.57203432e-01  8.56874198e-01 -4.17169648e-05  6.15020508e-06  3.53076351e-08 
 4.56043401e-05  8.56540650e-01  8.57159555e-01  8.56883510e-01 -3.32355079e-05  6.08698826e-06  3.15865777e-08 
 4.56044237e-05  8.56534201e-01  8.57127672e-01  8.56890657e-01 -2.78246689e-05  5.98152812e-06  2.75107189e-08 
 4.56045161e-05  8.56526268e-01  8.57103384e-01  8.56897263e-01 -2.38931588e-05  5.83195785e-06  2.27238908e-08 
 4.56046109e-05  8.56517635e-01  8.57089108e-01  8.56903077e-01 -2.14490907e-05  5.65725548e-06  1.77575061e-08 
 4.56047192e-05  8.56507377e-01  8.57083238e-01  8.56909022e-01 -1.98466264e-05  5.44572418e-06  1.22180871e-08 
 4.56048375e-05  8.56495956e-01  8.57085859e-01  8.56915154e-01 -1.89569672e-05  5.21072251e-06  6.42728327e-09 
 4.56049187e-05  8.56488005e-01  8.57091470e-01  8.56919333e-01 -1.86297384e-05  5.05060664e-06  2.62776689e-09 
 4.56050000e-05  8.56480050e-01  8.57099106e-01  8.56923591e-01 -1.84391429e-05  4.89333694e-06 -1.02560026e-09 
 4.56050016e-05  8.56482088e-01  8.57101329e-01  8.56923679e-01 -1.75068876e-05  4.89043658e-06 -9.98144604e-10 
 4.56050049e-05  8.56485381e-01  8.57105568e-01  8.56923859e-01 -1.70637471e-05  4.88465894e-06 -9.47881927e-10 
 4.56050115e-05  8.56488393e-01  8.57113144e-01  8.56924233e-01 -1.66482351e-05  4.87316106e-06 -8.74200082e-10 
 4.56050213e-05  8.56489291e-01  8.57122808e-01  8.56924825e-01 -1.63521360e-05  4.85592772e-06 -8.05226674e-10 
 4.56050382e-05  8.56489536e-01  8.57137374e-01  8.56925917e-01 -1.58023871e-05  4.82623564e-06 -7.20965046e-10 
 4.56050719e-05  8.56489684e-01  8.57162904e-01  8.56928349e-01 -1.50067589e-05  4.76672725e-06 -6.20122549e-10 
 4.56051394e-05  8.56489895e-01  8.57202221e-01  8.56933979e-01 -1.38625479e-05  4.64790924e-06 -5.95848267e-10 
 4.56052744e-05  8.56490038e-01  8.57247866e-01  8.56947029e-01 -1.28682685e-05  4.41452989e-06 -8.80785621e-10 
 4.56055062e-05  8.56490324e-01  8.57279489e-01  8.56971293e-01 -1.24275973e-05  4.03496060e-06 -1.59649709e-09 
 4.56057481e-05  8.56490539e-01  8.57294301e-01  8.56996469e-01 -1.24369493e-05  3.67136372e-06 -2.24011085e-09 
 4.56061064e-05  8.56490907e-01  8.57312121e-01  8.57031758e-01 -1.23986043e-05  3.19131051e-06 -2.92451136e-09 
 4.56065999e-05  8.56491314e-01  8.57333126e-01  8.57076313e-01 -1.24285236e-05  2.63029906e-06 -3.49967936e-09 
 4.56075867e-05  8.56492125e-01  8.57364946e-01  8.57152096e-01 -1.23956218e-05  1.78025890e-06 -3.84180041e-09 
 4.56095605e-05  8.56493339e-01  8.57393632e-01  8.57256438e-01 -1.24244334e-05  7.89715057e-07 -3.08439569e-09 
 4.56135080e-05  8.56494893e-01  8.57351542e-01  8.57321102e-01 -1.23915222e-05  1.02197721e-07 -1.02716500e-09 
 4.56194189e-05  8.56495674e-01  8.57155062e-01  8.57201200e-01 -1.24216100e-05 -7.45599188e-09  2.60097391e-14 
 4.56273117e-05  8.56495572e-01  8.56831579e-01  8.56894210e-01 -1.23905231e-05  1.27711385e-09 -1.68716824e-10 
 4.56352667e-05  8.56494993e-01  8.56555016e-01  8.56594861e-01 -1.24220235e-05 -5.80982691e-10 -1.88998857e-10 
 4.56459746e-05  8.56494309e-01  8.56329504e-01  8.56328425e-01 -1.23917690e-05 -1.43891791e-11 -1.13593547e-10 
 4.56598943e-05  8.56493701e-01  8.56254604e-01  8.56211910e-01 -1.24229978e-05 -6.53278807e-11 -2.59538616e-11 
 4.56832910e-05  8.56493546e-01  8.56399940e-01  8.56331459e-01 -1.23915403e-05  1.06036919e-10  4.76383899e-11 
 4.57082910e-05  8.56493821e-01  8.56593606e-01  8.56535612e-01 -1.24219769e-05  2.34547984e-11  3.72135344e-11 
 4.57332910e-05  8.56494097e-01  8.56649506e-01  8.56607471e-01 -1.23910583e-05  1.46873980e-11  5.63502988e-12 
 4.57582910e-05  8.56494098e-01  8.56609138e-01  8.56572507e-01 -1.24222474e-05 -2.66566515e-11 -1.00539346e-11 
 4.57791455e-05  8.56494067e-01  8.56567700e-01  8.56529086e-01 -1.23914253e-05 -7.00395991e-12 -7.78918342e-12 
 4.58000000e-05  8.56493985e-01  8.56547940e-01  8.56506352e-01 -1.24223826e-05 -6.91153211e-12 -2.25579863e-12 
 4.58000095e-05  8.56497924e-01  8.56563740e-01  8.56506407e-01 -7.44930747e-06  2.21895416e-09  4.87281233e-10 
 4.58000285e-05  8.56501185e-01  8.56589136e-01  8.56506613e-01 -6.93869147e-06  6.75839419e-09  1.41424212e-09 
 4.58000603e-05  8.56501004e-01  8.56618461e-01  8.56507301e-01 -6.74108213e-06  1.42512429e-08  2.85691675e-09 
 4.58000937e-05  8.56502184e-01  8.56643894e-01  8.56508376e-01 -6.39742416e-06  2.18134291e-08  4.31912840e-09 
 4.58001604e-05  8.56503339e-01  8.56682062e-01  8.56511321e-01 -6.12640171e-06  3.64307910e-08  7.10185470e-09 
 4.58002939e-05  8.56506341e-01  8.56724686e-01  8.56519081e-01 -5.77920529e-06  6.39443539e-08  1.22916593e-08 
 4.58005068e-05  8.56510650e-01  8.56748625e-01  8.56533352e-01 -5.72831819e-06  1.04450050e-07  1.98598164e-08 
 4.58008743e-05  8.56518509e-01  8.56756608e-01  8.56557514e-01 -5.67951173e-06  1.66683286e-07  3.14558817e-08 
 4.58013422e-05  8.56528294e-01  8.56756960e-01  8.56584290e-01 -5.77496185e-06  2.34053112e-07  4.39767283e-08 
 4.58015174e-05  8.56532674e-01  8.56756299e-01  8.56593056e-01 -5.81684315e-06  2.56154041e-07  4.80761423e-08 
 4.58018267e-05  8.56546323e-01  8.56752601e-01  8.56606870e-01 -6.85907211e-06  2.90715727e-07  5.44112439e-08 
 4.58019638e-05  8.56560188e-01  8.56748783e-01  8.56612261e-01 -8.05107134e-06  3.03501951e-07  5.66849027e-08 
 4.58020728e-05  8.56577722e-01  8.56743499e-01  8.56616145e-01 -9.80670639e-06  3.11723114e-07  5.80368502e-08 
 4.58021792e-05  8.56601726e-01  8.56735669e-01  8.56619505e-01 -1.21769968e-05  3.17391655e-07  5.87900618e-08 
 4.58022899e-05  8.56634261e-01  8.56724144e-01  8.56622432e-01 -1.53632079e-05  3.20070033e-07  5.87745960e-08 
 4.58023995e-05  8.56673121e-01  8.56708431e-01  8.56624622e-01 -1.86833225e-05  3.18567267e-07  5.77109632e-08 
 4.58025031e-05  8.56714329e-01  8.56688748e-01  8.56625886e-01 -2.13856096e-05  3.12389922e-07  5.54793490e-08 
 4.58026046e-05  8.56756858e-01  8.56663829e-01  8.56626187e-01 -2.30008898e-05  3.00833361e-07  5.18567676e-08 
 4.58027143e-05  8.56803446e-01  8.56631842e-01  8.56625278e-01 -2.45856020e-05  2.81804953e-07  4.62428402e-08 
 4.58028412e-05  8.56856126e-01  8.56592928e-01  8.56622518e-01 -2.69049105e-05  2.51765600e-07  3.77371252e-08 
 4.58030069e-05  8.56920100e-01  8.56546400e-01  8.56616380e-01 -3.04333689e-05  2.01273256e-07  2.39735355e-08 
 4.58031564e-05  8.56970651e-01  8.56511651e-01  8.56608823e-01 -3.36435075e-05  1.46258487e-07  9.46101819e-09 
 4.58032908e-05  8.57007997e-01  8.56488067e-01  8.56600877e-01 -3.63539453e-05  9.00895266e-08 -4.83421947e-09 
 4.58033773e-05  8.57025159e-01  8.56477663e-01  8.56595404e-01 -3.77702924e-05  4.87113493e-08 -1.44342714e-08 
 4.58034228e-05  8.57029887e-01  8.56474370e-01  8.56592477e-01 -3.82902464e-05  2.19375669e-08 -1.95138375e-08 
 4.58034626e-05  8.57029234e-01  8.56473428e-01  8.56589930e-01 -3.84689736e-05 -9.39328589e-09 -2.38837172e-08 
 4.58034902e-05  8.57023496e-01  8.56474389e-01  8.56588183e-01 -3.83332738e-05 -3.87257526e-08 -2.68259651e-08 
 4.58035145e-05  8.57011576e-01  8.56476855e-01  8.56586680e-01 -3.79534317e-05 -7.15612835e-08 -2.92850019e-08 
 4.58035366e-05  8.56991839e-01  8.56481026e-01  8.56585356e-01 -3.72907966e-05 -1.07357815e-07 -3.13455528e-08 
 4.58035603e-05  8.56959520e-01  8.56488451e-01  8.56584002e-01 -3.62371814e-05 -1.51237121e-07 -3.32656514e-08 
 4.58035889e-05  8.56909119e-01  8.56502669e-01  8.56582509e-01 -3.45302921e-05 -2.09046821e-07 -3.50244602e-08 
 4.58036181e-05  8.56852067e-01  8.56523527e-01  8.56581207e-01 -3.24651958e-05 -2.70239544e-07 -3.60879623e-08 
 4.58036599e-05  8.56772183e-01  8.56562728e-01  8.56579864e-01 -2.91236286e-05 -3.56709849e-07 -3.63406484e-08 
 4.58036941e-05  8.56714871e-01  8.56600150e-01  8.56579304e-01 -2.63154405e-05 -4.23828279e-07 -3.55720346e-08 
 4.58037246e-05  8.56672043e-01  8.56635207e-01  8.56579250e-01 -2.38262584e-05 -4.80593155e-07 -3.43160856e-08 
 4.58037576e-05  8.56634555e-01  8.56672600e-01  8.56579668e-01 -2.13289565e-05 -5.38774681e-07 -3.25375095e-08 
 4.58037944e-05  8.56602713e-01  8.56711879e-01  8.56580688e-01 -1.87973754e-05 -6.00376873e-07 -3.02247650e-08 
 4.58038310e-05  8.56579638e-01  8.56747029e-01  8.56582224e-01 -1.66322086e-05 -6.58652886e-07 -2.77539780e-08 
 4.58038714e-05  8.56561823e-01  8.56780806e-01  8.56584453e-01 -1.46063394e-05 -7.20657861e-07 -2.49592474e-08 
 4.58039138e-05  8.56549365e-01  8.56810366e-01  8.56587284e-01 -1.29010053e-05 -7.83386642e-07 -2.20713110e-08 
 4.58039631e-05  8.56540433e-01  8.56837837e-01  8.56591067e-01 -1.13603696e-05 -8.53943855e-07 -1.88508601e-08 
 4.58040172e-05  8.56534884e-01  8.56860899e-01  8.56595685e-01 -1.01284157e-05 -9.29183616e-07 -1.55133893e-08 
 4.58040827e-05  8.56531757e-01  8.56881069e-01  8.56601692e-01 -9.10363016e-06 -1.01723245e-06 -1.17646148e-08 
 4.58041587e-05  8.56530666e-01  8.56897051e-01  8.56609019e-01 -8.36783191e-06 -1.11593644e-06 -7.74759839e-09 
 4.58042564e-05  8.56531240e-01  8.56910294e-01  8.56618668e-01 -7.84100627e-06 -1.23754073e-06 -3.00215921e-09 
 4.58043796e-05  8.56533286e-01  8.56920695e-01  8.56630888e-01 -7.54130732e-06 -1.38402197e-06  2.51027565e-09 
 4.58045552e-05  8.56537738e-01  8.56930226e-01  8.56647968e-01 -7.38580436e-06 -1.58646951e-06  9.74096319e-09 
 4.58047776e-05  8.56547007e-01  8.56938888e-01  8.56668729e-01 -7.33862846e-06 -1.87040648e-06  1.81527033e-08 
 4.58050000e-05  8.56563359e-01  8.56945851e-01  8.56688388e-01 -7.31558628e-06 -2.27504094e-06  2.59059250e-08 
 4.58050021e-05  8.56561790e-01  8.56941569e-01  8.56688566e-01 -1.19192849e-05 -2.28029493e-06  2.58605933e-08 
 4.58050064e-05  8.56559184e-01  8.56933737e-01  8.56688916e-01 -1.22157941e-05 -2.29092562e-06  2.57739024e-08 
 4.58050149e-05  8.56556797e-01  8.56921196e-01  8.56689580e-01 -1.23311409e-05 -2.31255423e-06  2.56279373e-08 
 4.58050318e-05  8.56555564e-01  8.56902247e-01  8.56690794e-01 -1.23272243e-05 -2.35571832e-06  2.53898192e-08 
 4.58050606e-05  8.56554229e-01  8.56876915e-01  8.56692575e-01 -1.24003744e-05 -2.42763657e-06  2.50340634e-08 
 4.58051180e-05  8.56552878e-01  8.56837670e-01  8.56695343e-01 -1.23961928e-05 -2.56813898e-06  2.44238547e-08 
 4.58052328e-05  8.56551974e-01  8.56790404e-01  8.56698750e-01 -1.24429074e-05 -2.83700829e-06  2.34140169e-08 
 4.58053510e-05  8.56551855e-01  8.56768758e-01  8.56700504e-01 -1.24031639e-05 -3.09800771e-06  2.25331013e-08 
 4.58055563e-05  8.56551584e-01  8.56755988e-01  8.56702006e-01 -1.24336938e-05 -3.51761613e-06  2.12028776e-08 
 4.58058712e-05  8.56551339e-01  8.56754758e-01  8.56703254e-01 -1.23959129e-05 -4.08426625e-06  1.95364003e-08 
 4.58065010e-05  8.56550864e-01  8.56759589e-01  8.56705734e-01 -1.24265639e-05 -4.98431425e-06  1.71791148e-08 
 4.58077606e-05  8.56550489e-01  8.56769378e-01  8.56712138e-01 -1.23865759e-05 -6.10489629e-06  1.49122314e-08 
 4.58102797e-05  8.56550589e-01  8.56789207e-01  8.56728433e-01 -1.24154488e-05 -6.84709205e-06  1.42946578e-08 
 4.58145287e-05  8.56551977e-01  8.56818335e-01  8.56758295e-01 -1.23782120e-05 -6.45651873e-06  1.46525969e-08 
 4.58195129e-05  8.56553793e-01  8.56839890e-01  8.56786230e-01 -1.24123777e-05 -5.54946297e-06  1.33618016e-08 
 4.58276112e-05  8.56556493e-01  8.56840329e-01  8.56799881e-01 -1.23787304e-05 -4.33368449e-06  1.04423689e-08 
 4.58427868e-05  8.56560114e-01  8.56760351e-01  8.56736127e-01 -1.24157547e-05 -2.75194889e-06  6.55871242e-09 
 4.58617578e-05  8.56562867e-01  8.56616613e-01  8.56592915e-01 -1.23845332e-05 -1.57995639e-06  3.74034610e-09 
 4.58835611e-05  8.56564470e-01  8.56512872e-01  8.56477405e-01 -1.24214304e-05 -8.42397483e-07  1.98850565e-09 
 4.59085611e-05  8.56565510e-01  8.56500855e-01  8.56455130e-01 -1.23884673e-05 -4.10415542e-07  9.83987448e-10 
 4.59335611e-05  8.56566045e-01  8.56539823e-01  8.56492439e-01 -1.24235289e-05 -2.01160580e-07  4.88580230e-10 
 4.59585611e-05  8.56566419e-01  8.56569275e-01  8.56524580e-01 -1.23894698e-05 -9.87402596e-08  2.42299498e-10 
 4.59835611e-05  8.56566547e-01  8.56575390e-01  8.56532790e-01 -1.24241088e-05 -4.86176495e-08  1.16625928e-10 
 4.60085611e-05  8.56566653e-01  8.56571021e-01  8.56528771e-01 -1.23898406e-05 -2.38917053e-08  5.75996635e-11 
 4.60335611e-05  8.56566638e-01  8.56568463e-01  8.56525678e-01 -1.24243084e-05 -1.17869805e-08  2.87110688e-11 
 4.60585611e-05  8.56566691e-01  8.56570171e-01  8.56527032e-01 -1.23899266e-05 -5.78817885e-09  1.59892645e-11 
 4.60835611e-05  8.56566662e-01  8.56573544e-01  8.56530363e-01 -1.24243320e-05 -2.85798466e-09  8.61374128e-12 
 4.61085611e-05  8.56566710e-01  8.56576131e-01  8.56533109e-01 -1.23899369e-05 -1.40357557e-09  5.38327656e-12 
 4.61335611e-05  8.56566675e-01  8.56577633e-01  8.56534686e-01 -1.24243381e-05 -6.91381765e-10  3.07266305e-12 
 4.61585611e-05  8.56566716e-01  8.56578571e-01  8.56535668e-01 -1.23899473e-05 -3.42726595e-10  2.52832222e-12 
 4.61835611e-05  8.56566678e-01  8.56579525e-01  8.56536590e-01 -1.24243401e-05 -1.64609387e-10  1.80364523e-12 
 4.62085611e-05  8.56566719e-01  8.56580496e-01  8.56537580e-01 -1.23899512e-05 -8.61888395e-11  1.92355994e-12 
 4.62335611e-05  8.56566681e-01  8.56581460e-01  8.56538532e-01 -1.24243381e-05 -3.62710480e-11  1.51577985e-12 
 4.62585611e-05  8.56566722e-01  8.56582253e-01  8.56539361e-01 -1.23899533e-05 -2.44419988e-11  1.72432354e-12 
 4.62835611e-05  8.56566683e-01  8.56582959e-01  8.56540057e-01 -1.24243364e-05 -4.91842071e-12  1.40092907e-12 
 4.63085611e-05  8.56566723e-01  8.56583532e-01  8.56540659e-01 -1.23899556e-05 -9.72786760e-12  1.64610740e-12 
 4.63335611e-05  8.56566685e-01  8.56584083e-01  8.56541195e-01 -1.24243347e-05  2.78040785e-12  1.36200041e-12 
 4.63585611e-05  8.56566725e-01  8.56584538e-01  8.56541676e-01 -1.23899576e-05 -6.28516206e-12  1.61577690e-12 
 4.63835611e-05  8.56566686e-01  8.56584981e-01  8.56542103e-01 -1.24243328e-05  4.68525934e-12  1.34082974e-12 
 4.64085611e-05  8.56566726e-01  8.56585334e-01  8.56542482e-01 -1.23899596e-05 -5.51996621e-12  1.59484708e-12 
 4.64335611e-05  8.56566687e-01  8.56585682e-01  8.56542814e-01 -1.24243310e-05  5.15321271e-12  1.32406266e-12 
 4.64585611e-05  8.56566728e-01  8.56585953e-01  8.56543108e-01 -1.23899616e-05 -5.37581655e-12  1.58000777e-12 
 4.64835611e-05  8.56566689e-01  8.56586229e-01  8.56543367e-01 -1.24243291e-05  5.26192783e-12  1.31174390e-12 
 4.65085611e-05  8.56566729e-01  8.56586437e-01  8.56543598e-01 -1.23899636e-05 -5.36558688e-12  1.56932572e-12 
 4.65335611e-05  8.56566690e-01  8.56586657e-01  8.56543801e-01 -1.24243272e-05  5.27992905e-12  1.30203856e-12 
 4.65585611e-05  8.56566730e-01  8.56586816e-01  8.56543982e-01 -1.23899655e-05 -5.37905853e-12  1.56108785e-12 
 4.65835611e-05  8.56566691e-01  8.56586992e-01  8.56544141e-01 -1.24243254e-05  5.27517873e-12  1.29427068e-12 
 4.66085611e-05  8.56566731e-01  8.56587113e-01  8.56544282e-01 -1.23899675e-05 -5.39300961e-12  1.55477893e-12 
 4.66335611e-05  8.56566692e-01  8.56587255e-01  8.56544406e-01 -1.24243235e-05  5.26546103e-12  1.28813063e-12 
 4.66585611e-05  8.56566732e-01  8.56587345e-01  8.56544517e-01 -1.23899694e-05 -5.40360855e-12  1.54995038e-12 
 4.66835611e-05  8.56566692e-01  8.56587460e-01  8.56544614e-01 -1.24243216e-05  5.25564293e-12  1.28325031e-12 
 4.67085611e-05  8.56566732e-01  8.56587527e-01  8.56544701e-01 -1.23899714e-05 -5.41104011e-12  1.54624181e-12 
 4.67335611e-05  8.56566693e-01  8.56587620e-01  8.56544777e-01 -1.24243197e-05  5.24680082e-12  1.27936572e-12 
 4.67585611e-05  8.56566733e-01  8.56587669e-01  8.56544845e-01 -1.23899733e-05 -5.41604717e-12  1.54340456e-12 
 4.67835611e-05  8.56566694e-01  8.56587746e-01  8.56544904e-01 -1.24243178e-05  5.23903620e-12  1.27626875e-12 
 4.68085611e-05  8.56566734e-01  8.56587781e-01  8.56544957e-01 -1.23899752e-05 -5.41935268e-12  1.54124310e-12 
 4.68335611e-05  8.56566695e-01  8.56587844e-01  8.56545004e-01 -1.24243159e-05  5.23225213e-12  1.27379227e-12 
 4.68585611e-05  8.56566735e-01  8.56587868e-01  8.56545046e-01 -1.23899771e-05 -5.42123941e-12  1.53960433e-12 
 4.68835611e-05  8.56566695e-01  8.56587922e-01  8.56545082e-01 -1.24243139e-05  5.22635364e-12  1.27180585e-12 
 4.69085611e-05  8.56566735e-01  8.56587937e-01  8.56545115e-01 -1.23899791e-05 -5.42202264e-12  1.53837273e-12 
 4.69335611e-05  8.56566696e-01  8.56587982e-01  8.56545143e-01 -1.24243120e-05  5.22113017e-12  1.27020383e-12 
 4.69585611e-05  8.56566736e-01  8.56587990e-01  8.56545169e-01 -1.23899810e-05 -5.42206991e-12  1.53745500e-12 
 4.69835611e-05  8.56566697e-01  8.56588029e-01  8.56545192e-01 -1.24243101e-05  5.21646832e-12  1.26890713e-12 
 4.70085611e-05  8.56566737e-01  8.56588033e-01  8.56545212e-01 -1.23899829e-05 -5.42132355e-12  1.53678117e-12 
 4.70335611e-05  8.56566698e-01  8.56588067e-01  8.56545229e-01 -1.24243082e-05  5.21218442e-12  1.26785003e-12 
 4.70585611e-05  8.56566738e-01  8.56588066e-01  8.56545245e-01 -1.23899848e-05 -5.42015738e-12  1.53629485e-12 
 4.70835611e-05  8.56566698e-01  8.56588096e-01  8.56545259e-01 -1.24243063e-05  5.20820301e-12  1.26698370e-12 
 4.71085611e-05  8.56566738e-01  8.56588092e-01  8.56545272e-01 -1.23899867e-05 -5.41856946e-12  1.53595425e-12 
 4.71335611e-05  8.56566699e-01  8.56588119e-01  8.56545282e-01 -1.24243044e-05  5.20444625e-12  1.26626823e-12 
 4.71585611e-05  8.56566739e-01  8.56588112e-01  8.56545292e-01 -1.23899886e-05 -5.41658797e-12  1.53572408e-12 
 4.71835611e-05  8.56566700e-01  8.56588137e-01  8.56545301e-01 -1.24243025e-05  5.20092736e-12  1.26567273e-12 
 4.72085611e-05  8.56566740e-01  8.56588129e-01  8.56545309e-01 -1.23899906e-05 -5.41434801e-12  1.53557825e-12 
 4.72335611e-05  8.56566700e-01  8.56588151e-01  8.56545315e-01 -1.24243006e-05  5.19741064e-12  1.26517313e-12 
 4.72585611e-05  8.56566740e-01  8.56588141e-01  8.56545322e-01 -1.23899925e-05 -5.41198510e-12  1.53549780e-12 
 4.72835611e-05  8.56566701e-01  8.56588162e-01  8.56545327e-01 -1.24242987e-05  5.19399693e-12  1.26475019e-12 
 4.73085611e-05  8.56566741e-01  8.56588152e-01  8.56545332e-01 -1.23899944e-05 -5.40935894e-12  1.53546614e-12 
 4.73335611e-05  8.56566702e-01  8.56588171e-01  8.56545336e-01 -1.24242967e-05  5.19068447e-12  1.26438991e-12 
 4.73585611e-05  8.56566742e-01  8.56588160e-01  8.56545340e-01 -1.23899963e-05 -5.40653546e-12  1.53547146e-12 
 4.73835611e-05  8.56566702e-01  8.56588179e-01  8.56545343e-01 -1.24242948e-05  5.18746157e-12  1.26407885e-12 
 4.74085611e-05  8.56566742e-01  8.56588166e-01  8.56545347e-01 -1.23899982e-05 -5.40359793e-12  1.53550241e-12 
 4.74335611e-05  8.56566703e-01  8.56588184e-01  8.56545349e-01 -1.24242929e-05  5.18415475e-12  1.26380850e-12 
 4.74585611e-05  8.56566743e-01  8.56588172e-01  8.56545352e-01 -1.23900001e-05 -5.40062222e-12  1.53555337e-12 
 4.74835611e-05  8.56566704e-01  8.56588189e-01  8.56545354e-01 -1.24242910e-05  5.18089282e-12  1.26357188e-12 
 4.75085611e-05  8.56566744e-01  8.56588176e-01  8.56545356e-01 -1.23900020e-05 -5.39755545e-12  1.53561750e-12 
 4.75335611e-05  8.56566704e-01  8.56588193e-01  8.56545358e-01 -1.24242891e-05  5.17756216e-12  1.26336284e-12 
 4.75585611e-05  8.56566745e-01  8.56588179e-01  8.56545360e-01 -1.23900040e-05 -5.39441170e-12  1.53569209e-12 
 4.75835611e-05  8.56566705e-01  8.56588196e-01  8.56545361e-01 -1.24242872e-05  5.17426792e-12  1.26317658e-12 
 4.76085611e-05  8.56566745e-01  8.56588182e-01  8.56545362e-01 -1.23900059e-05 -5.39114500e-12  1.53577097e-12 
 4.76335611e-05  8.56566706e-01  8.56588198e-01  8.56545363e-01 -1.24242853e-05  5.17098430e-12  1.26300885e-12 
 4.76585611e-05  8.56566746e-01  8.56588185e-01  8.56545365e-01 -1.23900078e-05 -5.38780891e-12  1.53585461e-12 
 4.76835611e-05  8.56566706e-01  8.56588200e-01  8.56545366e-01 -1.24242833e-05  5.16773039e-12  1.26285766e-12 
 4.77085611e-05  8.56566747e-01  8.56588187e-01  8.56545367e-01 -1.23900097e-05 -5.38443942e-12  1.53594054e-12 
 4.77335611e-05  8.56566707e-01  8.56588202e-01  8.56545368e-01 -1.24242814e-05  5.16434508e-12  1.26272051e-12 
 4.77585611e-05  8.56566747e-01  8.56588189e-01  8.56545368e-01 -1.23900116e-05 -5.38106061e-12  1.53602505e-12 
 4.77792805e-05  8.56566708e-01  8.56588204e-01  8.56545369e-01 -1.24242793e-05  5.13074392e-12  1.26259192e-12 
 4.78000000e-05  8.56566748e-01  8.56588190e-01  8.56545370e-01 -1.23900139e-05 -5.39351246e-12  1.53612485e-12 
 4.78000137e-05  8.56561269e-01  8.56567203e-01  8.56545256e-01 -1.72843784e-05 -3.83517390e-09 -6.87997241e-10 
 4.78000410e-05  8.56556512e-01  8.56534577e-01  8.56544851e-01 -1.75186873e-05 -1.18877438e-08 -1.98298450e-09 
 4.78000957e-05  8.56554817e-01  8.56491810e-01  8.56543239e-01 -1.74418426e-05 -2.74387051e-08 -4.36320248e-09 
 4.78001731e-05  8.56551458e-01  8.56448735e-01  8.56539707e-01 -1.75665837e-05 -4.76969578e-08 -7.54907328e-09 
 4.78002898e-05  8.56549469e-01  8.56413124e-01  8.56532794e-01 -1.74804660e-05 -7.62527067e-08 -1.20500695e-08 
 4.78004388e-05  8.56545752e-01  8.56392556e-01  8.56522794e-01 -1.75686040e-05 -1.09515591e-07 -1.74524445e-08 
 4.78007102e-05  8.56540647e-01  8.56380698e-01  8.56504363e-01 -1.75118834e-05 -1.62649046e-07 -2.64428974e-08 
 4.78012530e-05  8.56529530e-01  8.56377208e-01  8.56471413e-01 -1.78597631e-05 -2.45939530e-07 -4.17207684e-08 
 4.78014744e-05  8.56526779e-01  8.56378165e-01  8.56459835e-01 -1.83537764e-05 -2.73269241e-07 -4.69876503e-08 
 4.78016611e-05  8.56525970e-01  8.56379938e-01  8.56450933e-01 -1.96931925e-05 -2.93174483e-07 -5.09889512e-08 
 4.78017982e-05  8.56528397e-01  8.56382656e-01  8.56444931e-01 -2.14542299e-05 -3.05420296e-07 -5.36125341e-08 
 4.78019298e-05  8.56532775e-01  8.56386467e-01  8.56439638e-01 -2.42155157e-05 -3.14358633e-07 -5.58305656e-08 
 4.78020649e-05  8.56540702e-01  8.56392283e-01  8.56434741e-01 -2.80514789e-05 -3.19769771e-07 -5.77249386e-08 
 4.78021899e-05  8.56549575e-01  8.56399487e-01  8.56430757e-01 -3.26800614e-05 -3.20108764e-07 -5.90608157e-08 
 4.78022977e-05  8.56558002e-01  8.56407666e-01  8.56427803e-01 -3.72911332e-05 -3.15588257e-07 -5.97954960e-08 
 4.78023896e-05  8.56563941e-01  8.56416442e-01  8.56425687e-01 -4.17040909e-05 -3.06887946e-07 -6.00267771e-08 
 4.78024702e-05  8.56567312e-01  8.56426011e-01  8.56424189e-01 -4.57281222e-05 -2.94450111e-07 -5.98323421e-08 
 4.78025434e-05  8.56567333e-01  8.56436711e-01  8.56423160e-01 -4.95135051e-05 -2.78016645e-07 -5.92375732e-08 
 4.78026141e-05  8.56563962e-01  8.56449351e-01  8.56422520e-01 -5.31049234e-05 -2.56410414e-07 -5.81795691e-08 
 4.78026963e-05  8.56556672e-01  8.56467182e-01  8.56422291e-01 -5.72144330e-05 -2.23311175e-07 -5.62386437e-08 
 4.78027740e-05  8.56549668e-01  8.56486486e-01  8.56422650e-01 -6.09848522e-05 -1.84981350e-07 -5.36802889e-08 
 4.78028933e-05  8.56542037e-01  8.56517593e-01  8.56424355e-01 -6.67494066e-05 -1.19780142e-07 -4.85725602e-08 
 4.78029945e-05  8.56537760e-01  8.56543482e-01  8.56426867e-01 -7.14553341e-05 -6.86765331e-08 -4.33141504e-08 
 4.78031080e-05  8.56535650e-01  8.56570612e-01  8.56430746e-01 -7.66494287e-05 -2.63498545e-08 -3.65960742e-08 
 4.78032282e-05  8.56536599e-01  8.56595808e-01  8.56435894e-01 -8.20345998e-05  3.54057229e-09 -2.87401736e-08 
 4.78033438e-05  8.56540217e-01  8.56615805e-01  8.56441637e-01 -8.70883648e-05  2.69751973e-08 -2.06316726e-08 
 4.78034764e-05  8.56545727e-01  8.56633315e-01  8.56448875e-01 -9.22416848e-05  5.41706102e-08 -1.08513424e-08 
 4.78036184e-05  8.56552806e-01  8.56644925e-01  8.56457020e-01 -9.63898170e-05  8.51161218e-08 -8.68268394e-11 
 4.78037124e-05  8.56557411e-01  8.56647227e-01  8.56462415e-01 -9.72657780e-05  1.06150534e-07  6.93883679e-09 
 4.78037726e-05  8.56560202e-01  8.56644939e-01  8.56465765e-01 -9.57204498e-05  1.19017326e-07  1.11793991e-08 
 4.78038223e-05  8.56561932e-01  8.56638920e-01  8.56468394e-01 -9.19912001e-05  1.28589712e-07  1.43067505e-08 
 4.78038758e-05  8.56563224e-01  8.56626032e-01  8.56470961e-01 -8.55656065e-05  1.36825870e-07  1.70257377e-08 
 4.78039450e-05  8.56563864e-01  8.56598104e-01  8.56473645e-01 -7.48263573e-05  1.43507303e-07  1.92893374e-08 
 4.78040122e-05  8.56563725e-01  8.56560666e-01  8.56475314e-01 -6.35983997e-05  1.45360118e-07  2.00774316e-08 
 4.78041080e-05  8.56562523e-01  8.56498100e-01  8.56475736e-01 -4.88668431e-05  1.40851385e-07  1.91067242e-08 
 4.78042001e-05  8.56560819e-01  8.56437047e-01  8.56473891e-01 -3.79781128e-05  1.30111108e-07  1.64413450e-08 
 4.78042771e-05  8.56559183e-01  8.56391397e-01  8.56470786e-01 -3.15263792e-05  1.17802098e-07  1.34264334e-08 
 4.78043575e-05  8.56557436e-01  8.56351626e-01  8.56466288e-01 -2.69265785e-05  1.02831947e-07  9.90474436e-09 
 4.78044464e-05  8.56555464e-01  8.56317278e-01  8.56460180e-01 -2.36563914e-05  8.47646130e-08  5.85944220e-09 
 4.78045395e-05  8.56553428e-01  8.56290889e-01  8.56452910e-01 -2.16612573e-05  6.49266692e-08  1.65989655e-09 
 4.78046444e-05  8.56551135e-01  8.56270164e-01  8.56444071e-01 -2.04071350e-05  4.21486103e-08 -2.90263575e-09 
 4.78047611e-05  8.56548611e-01  8.56254889e-01  8.56433829e-01 -1.97388438e-05  1.67868769e-08 -7.72024689e-09 
 4.78048806e-05  8.56546031e-01  8.56244659e-01  8.56423243e-01 -1.94123066e-05 -8.70556310e-09 -1.23587566e-08 
 4.78050000e-05  8.56543471e-01  8.56237649e-01  8.56412750e-01 -1.92870345e-05 -3.35045344e-08 -1.67312449e-08 
 4.78050018e-05  8.56544818e-01  8.56241245e-01  8.56412598e-01 -1.46877475e-05 -3.34732697e-08 -1.66972306e-08 
 4.78050053e-05  8.56547018e-01  8.56247898e-01  8.56412299e-01 -1.43490007e-05 -3.33826277e-08 -1.66318992e-08 
 4.78050124e-05  8.56548977e-01  8.56258849e-01  8.56411727e-01 -1.40642379e-05 -3.31144424e-08 -1.65209390e-08 
 4.78050216e-05  8.56549364e-01  8.56270099e-01  8.56411028e-01 -1.39711434e-05 -3.27554601e-08 -1.64044377e-08 
 4.78050367e-05  8.56549476e-01  8.56285332e-01  8.56409967e-01 -1.37454435e-05 -3.22212675e-08 -1.62320105e-08 
 4.78050669e-05  8.56549493e-01  8.56310792e-01  8.56408108e-01 -1.34609873e-05 -3.12730786e-08 -1.59210618e-08 
 4.78051259e-05  8.56549538e-01  8.56348761e-01  8.56405285e-01 -1.30137380e-05 -2.97750700e-08 -1.54016348e-08 
 4.78052438e-05  8.56549513e-01  8.56393318e-01  8.56401735e-01 -1.26241567e-05 -2.75937763e-08 -1.45623230e-08 
 4.78054795e-05  8.56549544e-01  8.56422277e-01  8.56398424e-01 -1.23929824e-05 -2.46174484e-08 -1.32175654e-08 
 4.78057521e-05  8.56549553e-01  8.56423844e-01  8.56396544e-01 -1.24151403e-05 -2.20090268e-08 -1.18783007e-08 
 4.78061577e-05  8.56549609e-01  8.56420587e-01  8.56393971e-01 -1.23890287e-05 -1.87377749e-08 -1.01197534e-08 
 4.78067458e-05  8.56549636e-01  8.56415351e-01  8.56390009e-01 -1.24140524e-05 -1.48733592e-08 -8.01467387e-09 
 4.78079222e-05  8.56549723e-01  8.56404794e-01  8.56381341e-01 -1.23905667e-05 -9.31509789e-09 -4.99560597e-09 
 4.78102750e-05  8.56549772e-01  8.56383933e-01  8.56362272e-01 -1.24160914e-05 -3.46096447e-09 -1.83381798e-09 
 4.78149805e-05  8.56549779e-01  8.56348501e-01  8.56324579e-01 -1.23933500e-05 -1.79364556e-10 -8.85971230e-11 
 4.78243915e-05  8.56549567e-01  8.56318249e-01  8.56280147e-01 -1.24187066e-05  2.42589126e-11 -1.84546280e-12 
 4.78389923e-05  8.56549385e-01  8.56366998e-01  8.56309439e-01 -1.23947470e-05  1.58658102e-11  6.46402436e-12 
 4.78584928e-05  8.56549431e-01  8.56505873e-01  8.56443436e-01 -1.24187444e-05  6.83924276e-11  4.61571800e-11 
 4.78834928e-05  8.56549706e-01  8.56632047e-01  8.56581266e-01 -1.23944015e-05  1.66397844e-11  1.82300444e-11 
 4.79084928e-05  8.56549830e-01  8.56649026e-01  8.56608668e-01 -1.24187297e-05 -1.26115047e-13  2.44607736e-12 
 4.79334928e-05  8.56549840e-01  8.56613048e-01  8.56574567e-01 -1.23947233e-05 -1.62638006e-11 -9.02401705e-12 
 4.79584928e-05  8.56549766e-01  8.56584767e-01  8.56543754e-01 -1.24189797e-05 -2.90193043e-12 -2.00459663e-12 
 4.79792464e-05  8.56549757e-01  8.56579297e-01  8.56536422e-01 -1.23947823e-05 -1.90339563e-12  8.50473663e-14 
 4.80000000e-05  8.56549735e-01  8.56582588e-01  8.56539152e-01 -1.24189295e-05  2.98233790e-12  2.98286309e-12 
 4.80000112e-05  8.56557058e-01  8.56594122e-01  8.56539206e-01 -1.08544461e-05  1.70425284e-09  6.19364027e-10 
 4.80000336e-05  8.56563520e-01  8.56613521e-01  8.56539400e-01 -9.91804358e-06  4.98056055e-09  1.76066313e-09 
 4.80000784e-05  8.56566482e-01  8.56641732e-01  8.56540207e-01 -9.02706091e-06  1.04350074e-08  3.80703056e-09 
 4.80001229e-05  8.56572010e-01  8.56662987e-01  8.56541430e-01 -8.21125622e-06  1.46878251e-08  5.70765724e-09 
 4.80002120e-05  8.56580188e-01  8.56687809e-01  8.56544619e-01 -7.48502815e-06  2.11243308e-08  9.19814210e-09 
 4.80003900e-05  8.56598495e-01  8.56698702e-01  8.56551897e-01 -6.81942223e-06  2.96995911e-08  1.55201341e-08 
 4.80006431e-05  8.56623112e-01  8.56679685e-01  8.56561000e-01 -6.79572007e-06  3.81812910e-08  2.35939752e-08 
 4.80009572e-05  8.56654757e-01  8.56643373e-01  8.56567821e-01 -6.72545796e-06  4.70276504e-08  3.25629257e-08 
 4.80014082e-05  8.56699246e-01  8.56583732e-01  8.56568301e-01 -6.87228662e-06  5.83974323e-08  4.36483392e-08 
 4.80015726e-05  8.56716804e-01  8.56560083e-01  8.56565805e-01 -6.91553957e-06  6.14578650e-08  4.71949617e-08 
 4.80018503e-05  8.56751760e-01  8.56516354e-01  8.56558394e-01 -8.01350586e-06  5.32024865e-08  5.23903238e-08 
 4.80019884e-05  8.56777550e-01  8.56491561e-01  8.56553163e-01 -9.27493232e-06  3.28667043e-08  5.44055772e-08 
 4.80020954e-05  8.56803394e-01  8.56469520e-01  8.56548328e-01 -1.10591490e-05 -1.17946233e-09  5.54616978e-08 
 4.80022031e-05  8.56836279e-01  8.56443954e-01  8.56542657e-01 -1.34302288e-05 -6.13569351e-08  5.58791836e-08 
 4.80023167e-05  8.56877455e-01  8.56412622e-01  8.56535674e-01 -1.66066108e-05 -1.64390619e-07  5.53727251e-08 
 4.80024293e-05  8.56923905e-01  8.56375978e-01  8.56527559e-01 -1.97381065e-05 -3.20329631e-07  5.36287655e-08 
 4.80025362e-05  8.56970476e-01  8.56334874e-01  8.56518559e-01 -2.21090931e-05 -5.32906550e-07  5.05119729e-08 
 4.80026557e-05  8.57022589e-01  8.56280580e-01  8.56506724e-01 -2.35553200e-05 -8.62617505e-07  4.49918811e-08 
 4.80027635e-05  8.57067532e-01  8.56226215e-01  8.56494223e-01 -2.50348039e-05 -1.24932594e-06  3.81225719e-08 
 4.80029217e-05  8.57127440e-01  8.56145446e-01  8.56472676e-01 -2.77792429e-05 -1.95967357e-06  2.52322620e-08 
 4.80030631e-05  8.57172761e-01  8.56076996e-01  8.56450445e-01 -3.05892655e-05 -2.72256940e-06  1.13280267e-08 
 4.80031987e-05  8.57207613e-01  8.56016791e-01  8.56426865e-01 -3.32611177e-05 -3.55044356e-06 -3.70403395e-09 
 4.80033271e-05  8.57230925e-01  8.55966147e-01  8.56402923e-01 -3.56612315e-05 -4.40305803e-06 -1.90805487e-08 
 4.80034239e-05  8.57238520e-01  8.55933081e-01  8.56384071e-01 -3.71490374e-05 -5.07744455e-06 -3.11478606e-08 
 4.80034739e-05  8.57234710e-01  8.55918609e-01  8.56374147e-01 -3.76808228e-05 -5.43031261e-06 -3.74235010e-08 
 4.80035131e-05  8.57224450e-01  8.55909310e-01  8.56366337e-01 -3.78420354e-05 -5.70366541e-06 -4.22607544e-08 
 4.80035425e-05  8.57208992e-01  8.55904202e-01  8.56360463e-01 -3.77214751e-05 -5.90396311e-06 -4.57869655e-08 
 4.80035695e-05  8.57185347e-01  8.55901687e-01  8.56355083e-01 -3.73115886e-05 -6.07984572e-06 -4.88580534e-08 
 4.80035960e-05  8.57149758e-01  8.55902370e-01  8.56349853e-01 -3.65229546e-05 -6.23916557e-06 -5.15880711e-08 
 4.80036253e-05  8.57096890e-01  8.55908470e-01  8.56344177e-01 -3.51884254e-05 -6.39294292e-06 -5.40898422e-08 
 4.80036585e-05  8.57029540e-01  8.55923778e-01  8.56337964e-01 -3.32092541e-05 -6.53257907e-06 -5.60591772e-08 
 4.80036965e-05  8.56956022e-01  8.55951684e-01  8.56331281e-01 -3.05556412e-05 -6.64456868e-06 -5.70885863e-08 
 4.80037525e-05  8.56871657e-01  8.56005861e-01  8.56322523e-01 -2.63265153e-05 -6.72472071e-06 -5.64978982e-08 
 4.80037928e-05  8.56833725e-01  8.56049082e-01  8.56317115e-01 -2.33460613e-05 -6.72968345e-06 -5.48406540e-08 
 4.80038303e-05  8.56814839e-01  8.56087925e-01  8.56312785e-01 -2.07776787e-05 -6.70495270e-06 -5.27119996e-08 
 4.80038741e-05  8.56808823e-01  8.56128908e-01  8.56308489e-01 -1.81522605e-05 -6.65008039e-06 -4.98011407e-08 
 4.80039168e-05  8.56816442e-01  8.56162780e-01  8.56305005e-01 -1.59927575e-05 -6.57768811e-06 -4.67485891e-08 
 4.80039662e-05  8.56836635e-01  8.56193840e-01  8.56301688e-01 -1.39983857e-05 -6.47938127e-06 -4.31732290e-08 
 4.80040179e-05  8.56866914e-01  8.56217624e-01  8.56298851e-01 -1.24010094e-05 -6.36670167e-06 -3.95184071e-08 
 4.80040799e-05  8.56910562e-01  8.56236329e-01  8.56296042e-01 -1.10284751e-05 -6.22491087e-06 -3.53421790e-08 
 4.80041493e-05  8.56965169e-01  8.56247440e-01  8.56293386e-01 -1.00022134e-05 -6.06335121e-06 -3.09699023e-08 
 4.80042363e-05  8.57037703e-01  8.56251349e-01  8.56290417e-01 -9.23302975e-06 -5.86203438e-06 -2.59075287e-08 
 4.80043418e-05  8.57128934e-01  8.56246971e-01  8.56286942e-01 -8.74224574e-06 -5.62364320e-06 -2.02710779e-08 
 4.80044847e-05  8.57255842e-01  8.56232989e-01  8.56281952e-01 -8.46113305e-06 -5.31398258e-06 -1.32963025e-08 
 4.80046816e-05  8.57442279e-01  8.56207465e-01  8.56274033e-01 -8.33444724e-06 -4.91381739e-06 -4.63428325e-09 
 4.80048408e-05  8.57614982e-01  8.56184732e-01  8.56266581e-01 -8.30659380e-06 -4.61164211e-06  1.67024258e-09 
 4.80050000e-05  8.57828389e-01  8.56161274e-01  8.56258162e-01 -8.28481813e-06 -4.32762137e-06  7.32973995e-09 
 4.80050031e-05  8.57829016e-01  8.56157080e-01  8.56257983e-01 -9.33730628e-06 -4.32268911e-06  7.24685066e-09 
 4.80050093e-05  8.57832380e-01  8.56149302e-01  8.56257616e-01 -9.81925701e-06 -4.31282201e-06  7.09802765e-09 
 4.80050218e-05  8.57846650e-01  8.56136285e-01  8.56256833e-01 -1.00746526e-05 -4.29299143e-06  6.87301454e-09 
 4.80050457e-05  8.57878611e-01  8.56115367e-01  8.56255177e-01 -1.05360974e-05 -4.25466489e-06  6.52802530e-09 
 4.80050805e-05  8.57925128e-01  8.56089169e-01  8.56252471e-01 -1.10347194e-05 -4.19879821e-06  6.10710724e-09 
 4.80051501e-05  8.58019858e-01  8.56049256e-01  8.56246264e-01 -1.16754110e-05 -4.08778828e-06  5.46054576e-09 
 4.80052893e-05  8.58209319e-01  8.56003498e-01  8.56232033e-01 -1.22259466e-05 -3.87235086e-06  4.50637374e-09 
 4.80054508e-05  8.58427726e-01  8.55980189e-01  8.56214326e-01 -1.23646436e-05 -3.63570557e-06  3.60678845e-09 
 4.80057398e-05  8.58812160e-01  8.55960344e-01  8.56182972e-01 -1.23985219e-05 -3.24725137e-06  2.11001340e-09 
 4.80060523e-05  8.59219641e-01  8.55947258e-01  8.56150976e-01 -1.23848445e-05 -2.87367023e-06  6.07033178e-10 
 4.80066496e-05  8.59974253e-01  8.55927937e-01  8.56096305e-01 -1.23878844e-05 -2.27328302e-06 -1.94250852e-09 
 4.80075958e-05  8.61108980e-01  8.55911254e-01  8.56026444e-01 -1.23772513e-05 -1.56407802e-06 -5.13973129e-09 
 4.80094882e-05  8.63171413e-01  8.55924178e-01  8.55943236e-01 -1.23769167e-05 -7.19804931e-07 -9.06791661e-09 
 4.80132730e-05  8.66590545e-01  8.56108584e-01  8.55969385e-01 -1.23634455e-05 -1.07578810e-07 -1.10004062e-08 
 4.80196282e-05  8.70709397e-01  8.56803434e-01  8.56466164e-01 -1.23667059e-05  1.24801088e-08 -8.09049636e-09 
 4.80266420e-05  8.73599800e-01  8.58011101e-01  8.57514986e-01 -1.23625233e-05 -5.08756124e-10 -4.46188443e-09 
 4.80351034e-05  8.75679328e-01  8.59895263e-01  8.59269040e-01 -1.23731373e-05  2.08492619e-09 -1.91757333e-09 
 4.80460525e-05  8.77095967e-01  8.62673524e-01  8.61977052e-01 -1.23721645e-05  1.68131650e-09 -1.67729488e-10 
 4.80620874e-05  8.77959470e-01  8.66599699e-01  8.65965952e-01 -1.23842120e-05  1.77863301e-09  7.70276309e-10 
 4.80763903e-05  8.78206673e-01  8.69362279e-01  8.68887851e-01 -1.23819543e-05  1.22797709e-09  7.88545860e-10 
 4.80906639e-05  8.78296268e-01  8.71139830e-01  8.70842546e-01 -1.23923613e-05  7.77011687e-10  5.41838451e-10 
 4.81061253e-05  8.78331112e-01  8.72103459e-01  8.71954131e-01 -1.23906874e-05  3.16338863e-10  2.57447494e-10 
 4.81248395e-05  8.78343707e-01  8.72486948e-01  8.72423621e-01 -1.24017201e-05  5.89311544e-11  5.07136561e-11 
 4.81498395e-05  8.78346989e-01  8.72669214e-01  8.72608346e-01 -1.23989738e-05  3.03911440e-11  1.09786599e-11 
 4.81748395e-05  8.78346893e-01  8.73060201e-01  8.72962883e-01 -1.24061089e-05  1.35509919e-10  7.86418410e-11 
 4.81998395e-05  8.78347249e-01  8.73690689e-01  8.73577713e-01 -1.23993564e-05  1.87138847e-10  1.23579585e-10 
 4.82248395e-05  8.78347561e-01  8.74332509e-01  8.74228031e-01 -1.24052840e-05  1.65491824e-10  1.14433289e-10 
 4.82498395e-05  8.78348116e-01  8.74852052e-01  8.74762239e-01 -1.23989143e-05  1.27476406e-10  8.86934222e-11 
 4.82748395e-05  8.78348259e-01  8.75255204e-01  8.75174973e-01 -1.24054082e-05  9.65118831e-11  6.68776279e-11 
 4.82998395e-05  8.78348593e-01  8.75595566e-01  8.75519380e-01 -1.23991950e-05  8.86260468e-11  5.95540728e-11 
 4.83248395e-05  8.78348622e-01  8.75906356e-01  8.75832375e-01 -1.24055898e-05  7.89443949e-11  5.42340770e-11 
 4.83498395e-05  8.78348927e-01  8.76192261e-01  8.76120933e-01 -1.23992449e-05  7.62071445e-11  5.15363149e-11 
 4.83748395e-05  8.78348946e-01  8.76448054e-01  8.76379953e-01 -1.24056062e-05  6.33833359e-11  4.44898729e-11 
 4.83998395e-05  8.78349224e-01  8.76672168e-01  8.76607175e-01 -1.23992670e-05  5.92086124e-11  4.03381751e-11 
 4.84248395e-05  8.78349205e-01  8.76868136e-01  8.76805744e-01 -1.24056531e-05  4.77767864e-11  3.40133988e-11 
 4.84498395e-05  8.78349449e-01  8.77040884e-01  8.76980612e-01 -1.23993073e-05  4.63771784e-11  3.16330839e-11 
 4.84748395e-05  8.78349402e-01  8.77194081e-01  8.77135641e-01 -1.24056928e-05  3.70588579e-11  2.68310653e-11 
 4.84998395e-05  8.78349623e-01  8.77330001e-01  8.77273208e-01 -1.23993308e-05  3.70086195e-11  2.53868508e-11 
 4.85248395e-05  8.78349557e-01  8.77450299e-01  8.77395000e-01 -1.24057198e-05  2.85728542e-11  2.11936410e-11 
 4.85498395e-05  8.78349760e-01  8.77556598e-01  8.77502627e-01 -1.23993478e-05  2.93848223e-11  2.03002597e-11 
 4.85748395e-05  8.78349678e-01  8.77650517e-01  8.77597716e-01 -1.24057432e-05  2.18135551e-11  1.66793383e-11 
 4.85998395e-05  8.78349868e-01  8.77733566e-01  8.77681789e-01 -1.23993609e-05  2.34494123e-11  1.63317403e-11 
 4.86248395e-05  8.78349774e-01  8.77807030e-01  8.77756161e-01 -1.24057623e-05  1.65896780e-11  1.31916134e-11 
 4.86498395e-05  8.78349952e-01  8.77872025e-01  8.77821956e-01 -1.23993699e-05  1.88313763e-11  1.32493006e-11 
 4.86748395e-05  8.78349848e-01  8.77929507e-01  8.77880152e-01 -1.24057780e-05  1.24989873e-11  1.04621644e-11 
 4.86998395e-05  8.78350018e-01  8.77980347e-01  8.77931618e-01 -1.23993760e-05  1.52071329e-11  1.08301932e-11 
 4.87248395e-05  8.78349907e-01  8.78025304e-01  8.77977134e-01 -1.24057913e-05  9.29569399e-12  8.32382037e-12 
 4.87498395e-05  8.78350069e-01  8.78065070e-01  8.78017389e-01 -1.23993798e-05  1.23736167e-11  8.93873642e-12 
 4.87748395e-05  8.78349952e-01  8.78100237e-01  8.78052993e-01 -1.24058025e-05  6.79313181e-12  6.65330925e-12 
 4.87998395e-05  8.78350110e-01  8.78131347e-01  8.78084485e-01 -1.23993818e-05  1.01578650e-11  7.45997198e-12 
 4.88248395e-05  8.78349988e-01  8.78158857e-01  8.78112338e-01 -1.24058123e-05  4.83569933e-12  5.34672680e-12 
 4.88498395e-05  8.78350142e-01  8.78183194e-01  8.78136973e-01 -1.23993824e-05  8.42391695e-12  6.30281949e-12 
 4.88748395e-05  8.78350017e-01  8.78204714e-01  8.78158762e-01 -1.24058210e-05  3.30472932e-12  4.32474878e-12 
 4.88998395e-05  8.78350167e-01  8.78223753e-01  8.78178034e-01 -1.23993818e-05  7.06736059e-12  5.39756716e-12 
 4.89248395e-05  8.78350039e-01  8.78240587e-01  8.78195079e-01 -1.24058287e-05  2.10754959e-12  3.52556683e-12 
 4.89498395e-05  8.78350187e-01  8.78255482e-01  8.78210155e-01 -1.23993805e-05  6.00594336e-12  4.68932440e-12 
 4.89748395e-05  8.78350057e-01  8.78268651e-01  8.78223489e-01 -1.24058357e-05  1.17132064e-12  2.90056152e-12 
 4.89998395e-05  8.78350202e-01  8.78280304e-01  8.78235283e-01 -1.23993784e-05  5.17533629e-12  4.13513256e-12 
 4.90248395e-05  8.78350071e-01  8.78290605e-01  8.78245715e-01 -1.24058422e-05  4.39214637e-13  2.41179217e-12 
 4.90498395e-05  8.78350215e-01  8.78299722e-01  8.78254942e-01 -1.23993758e-05  4.52530244e-12  3.70145700e-12 
 4.90748395e-05  8.78350082e-01  8.78307780e-01  8.78263103e-01 -1.24058482e-05 -1.33219824e-13  2.02959400e-12 
 4.90998395e-05  8.78350224e-01  8.78314913e-01  8.78270321e-01 -1.23993727e-05  4.01651564e-12  3.36205347e-12 
 4.91248395e-05  8.78350090e-01  8.78321217e-01  8.78276705e-01 -1.24058539e-05 -5.80758098e-13  1.73075546e-12 
 4.91498395e-05  8.78350232e-01  8.78326798e-01  8.78282352e-01 -1.23993693e-05  3.61822182e-12  3.09639358e-12 
 4.91748395e-05  8.78350098e-01  8.78331729e-01  8.78287347e-01 -1.24058594e-05 -9.30594794e-13  1.49712323e-12 
 4.91998395e-05  8.78350238e-01  8.78336095e-01  8.78291765e-01 -1.23993657e-05  3.30637319e-12  2.88842306e-12 
 4.92248395e-05  8.78350103e-01  8.78339952e-01  8.78295672e-01 -1.24058648e-05 -1.20400933e-12  1.31449794e-12 
 4.92498395e-05  8.78350243e-01  8.78343369e-01  8.78299128e-01 -1.23993618e-05  3.06214255e-12  2.72558126e-12 
 4.92748395e-05  8.78350108e-01  8.78346386e-01  8.78302185e-01 -1.24058699e-05 -1.41763814e-12  1.17177345e-12 
 4.92998395e-05  8.78350248e-01  8.78349060e-01  8.78304889e-01 -1.23993577e-05  2.87081903e-12  2.59804743e-12 
 4.93248395e-05  8.78350112e-01  8.78351419e-01  8.78307281e-01 -1.24058750e-05 -1.58450184e-12  1.06026066e-12 
 4.93498395e-05  8.78350251e-01  8.78353512e-01  8.78309396e-01 -1.23993536e-05  2.72088537e-12  2.49813457e-12 
 4.93748395e-05  8.78350115e-01  8.78355357e-01  8.78311267e-01 -1.24058800e-05 -1.71478283e-12  9.73162902e-13 
 4.93998395e-05  8.78350254e-01  8.78356995e-01  8.78312922e-01 -1.23993492e-05  2.60333140e-12  2.41983164e-12 
 4.94248395e-05  8.78350117e-01  8.78358438e-01  8.78314386e-01 -1.24058849e-05 -1.81644782e-12  9.05164181e-13 
 4.94498395e-05  8.78350256e-01  8.78359720e-01  8.78315681e-01 -1.23993448e-05  2.51111545e-12  2.35843750e-12 
 4.94748395e-05  8.78350119e-01  8.78360848e-01  8.78316826e-01 -1.24058898e-05 -1.89572685e-12  8.52105712e-13 
 4.94998395e-05  8.78350258e-01  8.78361852e-01  8.78317839e-01 -1.23993403e-05  2.43871763e-12  2.31026911e-12 
 4.95248395e-05  8.78350121e-01  8.78362734e-01  8.78318735e-01 -1.24058947e-05 -1.95749992e-12  8.10730931e-13 
 4.95498395e-05  8.78350259e-01  8.78363520e-01  8.78319528e-01 -1.23993358e-05  2.38182889e-12  2.27245235e-12 
 4.95748395e-05  8.78350123e-01  8.78364209e-01  8.78320229e-01 -1.24058995e-05 -2.00557604e-12  7.78498685e-13 
 4.95998395e-05  8.78350261e-01  8.78364825e-01  8.78320849e-01 -1.23993312e-05  2.33707476e-12  2.24273345e-12 
 4.96248395e-05  8.78350124e-01  8.78365363e-01  8.78321397e-01 -1.24059044e-05 -2.04293787e-12  7.53415180e-13 
 4.96498395e-05  8.78350262e-01  8.78365846e-01  8.78321883e-01 -1.23993265e-05  2.30181867e-12  2.21935138e-12 
 4.96748395e-05  8.78350125e-01  8.78366267e-01  8.78322312e-01 -1.24059092e-05 -2.07192488e-12  7.33923393e-13 
 4.96998395e-05  8.78350263e-01  8.78366645e-01  8.78322691e-01 -1.23993218e-05  2.27399111e-12  2.20092808e-12 
 4.97248395e-05  8.78350127e-01  8.78366973e-01  8.78323027e-01 -1.24059141e-05 -2.09435659e-12  7.18804139e-13 
 4.97498395e-05  8.78350264e-01  8.78367270e-01  8.78323324e-01 -1.23993171e-05  2.25198115e-12  2.18638687e-12 
 4.97748395e-05  8.78350128e-01  8.78367526e-01  8.78323587e-01 -1.24059189e-05 -2.11166327e-12  7.07105652e-13 
 4.97998395e-05  8.78350265e-01  8.78367759e-01  8.78323820e-01 -1.23993124e-05  2.23451856e-12  2.17488094e-12 
 4.98248395e-05  8.78350129e-01  8.78367959e-01  8.78324025e-01 -1.24059238e-05 -2.12496578e-12  6.98080699e-13 
 4.98498395e-05  8.78350266e-01  8.78368142e-01  8.78324207e-01 -1.23993076e-05  2.22062104e-12  2.16575325e-12 
 4.98748395e-05  8.78350129e-01  8.78368298e-01  8.78324368e-01 -1.24059286e-05 -2.13513235e-12  6.91147606e-13 
 4.98998395e-05  8.78350267e-01  8.78368442e-01  8.78324511e-01 -1.23993028e-05  2.20951014e-12  2.15848720e-12 
 4.99248395e-05  8.78350130e-01  8.78368563e-01  8.78324637e-01 -1.24059335e-05 -2.14285230e-12  6.85848784e-13 
 4.99498395e-05  8.78350268e-01  8.78368677e-01  8.78324748e-01 -1.23992979e-05  2.20058216e-12  2.15267680e-12 
 4.99748395e-05  8.78350131e-01  8.78368771e-01  8.78324847e-01 -1.24059384e-05 -2.14865365e-12  6.81827099e-13 
 4.99874197e-05  8.78350268e-01  8.78368819e-01  8.78324892e-01 -1.23992907e-05  2.19415393e-12  2.14865116e-12 
 5.00000000e-05  8.78350132e-01  8.78368858e-01  8.78324935e-01 -1.24059481e-05 -2.14923305e-12  6.81073199e-13 
 5.00000126e-05  8.78340875e-01  8.78356238e-01  8.78324872e-01 -1.38663751e-05 -1.64906988e-09 -6.84058787e-10 
 5.00000377e-05  8.78331848e-01  8.78335258e-01  8.78324641e-01 -1.45831535e-05 -4.57267762e-09 -1.94176466e-09 
 5.00000879e-05  8.78325903e-01  8.78305331e-01  8.78323681e-01 -1.51788135e-05 -8.79047295e-09 -4.17415605e-09 
 5.00001569e-05  8.78315368e-01  8.78277279e-01  8.78321605e-01 -1.58912475e-05 -1.27162713e-08 -6.99331094e-09 
 5.00002593e-05  8.78304014e-01  8.78257847e-01  8.78317673e-01 -1.62179003e-05 -1.69912038e-08 -1.08224775e-08 
 5.00004361e-05  8.78282745e-01  8.78254717e-01  8.78310482e-01 -1.65483456e-05 -2.30882569e-08 -1.69287190e-08 
 5.00007039e-05  8.78253959e-01  8.78276717e-01  8.78301466e-01 -1.65184594e-05 -3.12523751e-08 -2.53130710e-08 
 5.00010342e-05  8.78218656e-01  8.78314448e-01  8.78295293e-01 -1.66857760e-05 -4.01324356e-08 -3.45053849e-08 
 5.00015475e-05  8.78171229e-01  8.78381639e-01  8.78296939e-01 -1.77405177e-05 -4.76149646e-08 -4.64821669e-08 
 5.00017282e-05  8.78157505e-01  8.78408376e-01  8.78300716e-01 -1.94939956e-05 -4.40340965e-08 -4.99858893e-08 
 5.00018871e-05  8.78151453e-01  8.78434763e-01  8.78305454e-01 -2.21930046e-05 -3.15109740e-08 -5.26162335e-08 
 5.00020376e-05  8.78149808e-01  8.78462503e-01  8.78311256e-01 -2.62698456e-05 -6.57278001e-09 -5.46430280e-08 
 5.00021765e-05  8.78153846e-01  8.78491190e-01  8.78317834e-01 -3.11732673e-05  3.34859967e-08 -5.59856211e-08 
 5.00022989e-05  8.78159684e-01  8.78519507e-01  8.78324696e-01 -3.65074838e-05  8.86024692e-08 -5.66310884e-08 
 5.00024032e-05  8.78166518e-01  8.78546609e-01  8.78331417e-01 -4.15230095e-05  1.56728481e-07 -5.66395782e-08 
 5.00024938e-05  8.78171769e-01  8.78573170e-01  8.78337986e-01 -4.62440754e-05  2.38297819e-07 -5.61056481e-08 
 5.00025767e-05  8.78175806e-01  8.78600701e-01  8.78344672e-01 -5.05967572e-05  3.38038472e-07 -5.50219489e-08 
 5.00026601e-05  8.78178266e-01  8.78632380e-01  8.78352159e-01 -5.50211000e-05  4.70200466e-07 -5.31959461e-08 
 5.00027545e-05  8.78182705e-01  8.78672731e-01  8.78361662e-01 -5.98880612e-05  6.64030278e-07 -5.01205224e-08 
 5.00028584e-05  8.78191826e-01  8.78720479e-01  8.78373508e-01 -6.52572353e-05  9.31761426e-07 -4.55645324e-08 
 5.00029555e-05  8.78202078e-01  8.78765786e-01  8.78385913e-01 -7.01909347e-05  1.22988151e-06 -4.03596179e-08 
 5.00030689e-05  8.78211975e-01  8.78818014e-01  8.78401985e-01 -7.59320072e-05  1.63180626e-06 -3.32982763e-08 
 5.00031887e-05  8.78220343e-01  8.78870964e-01  8.78420632e-01 -8.18812151e-05  2.11083321e-06 -2.48917814e-08 
 5.00033128e-05  8.78230236e-01  8.78922337e-01  8.78441557e-01 -8.79917914e-05  2.65599114e-06 -1.53691599e-08 
 5.00034613e-05  8.78244466e-01  8.78978354e-01  8.78468375e-01 -9.47344229e-05  3.35901400e-06 -3.17884684e-09 
 5.00036109e-05  8.78261605e-01  8.79028009e-01  8.78496892e-01 -1.00318424e-04  4.10543611e-06  9.63986707e-09 
 5.00037265e-05  8.78275720e-01  8.79060075e-01  8.78519643e-01 -1.02781352e-04  4.69298091e-06  1.95839630e-08 
 5.00037988e-05  8.78284575e-01  8.79075533e-01  8.78534024e-01 -1.02286022e-04  5.05403945e-06  2.55666706e-08 
 5.00038515e-05  8.78290289e-01  8.79082514e-01  8.78544478e-01 -9.95418386e-05  5.30442917e-06  2.95779424e-08 
 5.00039031e-05  8.78294998e-01  8.79083438e-01  8.78554582e-01 -9.44166875e-05  5.52880105e-06  3.29662422e-08 
 5.00039654e-05  8.78298936e-01  8.79074469e-01  8.78566392e-01 -8.56432331e-05  5.75938517e-06  3.60481059e-08 
 5.00040337e-05  8.78301225e-01  8.79052319e-01  8.78578615e-01 -7.43108040e-05  5.95249002e-06  3.79948667e-08 
 5.00041167e-05  8.78301185e-01  8.79012967e-01  8.78592010e-01 -6.03463379e-05  6.09802803e-06  3.83750011e-08 
 5.00042299e-05  8.78297288e-01  8.78951359e-01  8.78607334e-01 -4.42025361e-05  6.15510128e-06  3.60493982e-08 
 5.00043124e-05  8.78292328e-01  8.78909060e-01  8.78616385e-01 -3.56199142e-05  6.11317712e-06  3.28719938e-08 
 5.00043922e-05  8.78286484e-01  8.78875520e-01  8.78623677e-01 -2.96874887e-05  6.02589048e-06  2.91380591e-08 
 5.00044857e-05  8.78278702e-01  8.78847087e-01  8.78630785e-01 -2.50132811e-05  5.88509952e-06  2.43721880e-08 
 5.00045775e-05  8.78270492e-01  8.78829875e-01  8.78636693e-01 -2.21892646e-05  5.72163094e-06  1.95586321e-08 
 5.00046833e-05  8.78260574e-01  8.78820902e-01  8.78642690e-01 -2.02740522e-05  5.51799013e-06  1.40896965e-08 
 5.00047949e-05  8.78249858e-01  8.78820757e-01  8.78648554e-01 -1.92106728e-05  5.29646608e-06  8.52839402e-09 
 5.00048975e-05  8.78239855e-01  8.78826433e-01  8.78653823e-01 -1.86966213e-05  5.09356289e-06  3.65876244e-09 
 5.00050000e-05  8.78229819e-01  8.78835705e-01  8.78659181e-01 -1.84338450e-05  4.89461172e-06 -9.77790331e-10 
 5.00050019e-05  8.78232068e-01  8.78838206e-01  8.78659281e-01 -1.74727123e-05  4.89133075e-06 -9.47120006e-10 
 5.00050056e-05  8.78235589e-01  8.78842954e-01  8.78659485e-01 -1.69989912e-05  4.88479626e-06 -8.91769913e-10 
 5.00050130e-05  8.78238476e-01  8.78851331e-01  8.78659911e-01 -1.65864566e-05  4.87178414e-06 -8.13771952e-10 
 5.00050236e-05  8.78239115e-01  8.78861467e-01  8.78660556e-01 -1.62723759e-05  4.85320413e-06 -7.45012656e-10 
 5.00050429e-05  8.78239338e-01  8.78877829e-01  8.78661830e-01 -1.56658071e-05  4.81911069e-06 -6.54972380e-10 
 5.00050817e-05  8.78239490e-01  8.78906084e-01  8.78664691e-01 -1.48015377e-05  4.75079789e-06 -5.58264124e-10 
 5.00051588e-05  8.78239696e-01  8.78947642e-01  8.78671321e-01 -1.36350731e-05  4.61521691e-06 -5.73068583e-10 
 5.00053130e-05  8.78239850e-01  8.78992479e-01  8.78686570e-01 -1.27239198e-05  4.35043440e-06 -9.53437621e-10 
 5.00055407e-05  8.78240131e-01  8.79018415e-01  8.78710519e-01 -1.24200781e-05  3.98213812e-06 -1.66224175e-09 
 5.00058031e-05  8.78240361e-01  8.79033892e-01  8.78737612e-01 -1.24301042e-05  3.59434425e-06 -2.32927536e-09 
 5.00061705e-05  8.78240737e-01  8.79051723e-01  8.78773381e-01 -1.23937625e-05  3.11310287e-06 -2.99112758e-09 
 5.00067371e-05  8.78241198e-01  8.79075086e-01  8.78823474e-01 -1.24236737e-05  2.49282434e-06 -3.57955780e-09 
 5.00078702e-05  8.78242100e-01  8.79108622e-01  8.78906405e-01 -1.23905677e-05  1.58947274e-06 -3.79780261e-09 
 5.00101364e-05  8.78243403e-01  8.79131859e-01  8.79012376e-01 -1.24194740e-05  6.14246801e-07 -2.74377209e-09 
 5.00146689e-05  8.78244937e-01  8.79060208e-01  8.79050134e-01 -1.23866213e-05  3.74385840e-08 -6.33447323e-10 
 5.00207046e-05  8.78245480e-01  8.78841762e-01  8.78893607e-01 -1.24170336e-05 -3.24482480e-09 -4.81870945e-13 
 5.00287716e-05  8.78245256e-01  8.78515531e-01  8.78573942e-01 -1.23860044e-05  4.03327425e-10 -1.93392065e-10 
 5.00369250e-05  8.78244645e-01  8.78251083e-01  8.78283154e-01 -1.24176730e-05 -3.82380757e-10 -1.75152601e-10 
 5.00483458e-05  8.78243958e-01  8.78044950e-01  8.78034099e-01 -1.23872901e-05 -4.91778738e-11 -9.78047474e-11 
 5.00632346e-05  8.78243402e-01  8.78006712e-01  8.77955993e-01 -1.24184919e-05 -1.81994190e-11 -8.14375694e-12 
 5.00882346e-05  8.78243367e-01  8.78188027e-01  8.78118451e-01 -1.23868286e-05  9.14055715e-11  5.05269994e-11 
 5.01132346e-05  8.78243663e-01  8.78360783e-01  8.78305190e-01 -1.24174721e-05  2.42429581e-11  3.12456402e-11 
 5.01382346e-05  8.78243899e-01  8.78391150e-01  8.78349957e-01 -1.23865284e-05  1.89111205e-12  7.21095655e-13 
 5.01632346e-05  8.78243866e-01  8.78343933e-01  8.78306071e-01 -1.24178162e-05 -2.19985592e-11 -1.02988188e-11 
 5.01816173e-05  8.78243841e-01  8.78309964e-01  8.78269849e-01 -1.23868582e-05 -8.77853085e-12 -7.12912151e-12 
 5.02000000e-05  8.78243764e-01  8.78294126e-01  8.78251425e-01 -1.24179111e-05 -4.97788876e-12 -2.14479020e-12 
 5.02000084e-05  8.78247503e-01  8.78308430e-01  8.78251469e-01 -7.47578431e-06  1.95811636e-09  4.33565445e-10 
 5.02000252e-05  8.78250800e-01  8.78331684e-01  8.78251634e-01 -6.97550232e-06  5.97482074e-09  1.25997571e-09 
 5.02000538e-05  8.78250705e-01  8.78359177e-01  8.78252202e-01 -6.79210097e-06  1.27456243e-08  2.56628069e-09 
 5.02000837e-05  8.78251703e-01  8.78382960e-01  8.78253093e-01 -6.46571260e-06  1.95640367e-08  3.88659167e-09 
 5.02001434e-05  8.78252800e-01  8.78419972e-01  8.78255560e-01 -6.18469708e-06  3.27774839e-08  6.40837163e-09 
 5.02002630e-05  8.78255437e-01  8.78463869e-01  8.78262210e-01 -5.81927811e-06  5.77305820e-08  1.11244178e-08 
 5.02004487e-05  8.78259243e-01  8.78490941e-01  8.78274482e-01 -5.73093037e-06  9.37635812e-08  1.78659080e-08 
 5.02008102e-05  8.78266920e-01  8.78502674e-01  8.78298539e-01 -5.67524802e-06  1.56476016e-07  2.95554977e-08 
 5.02012314e-05  8.78275690e-01  8.78503335e-01  8.78323486e-01 -5.74206966e-06  2.19180078e-07  4.12156732e-08 
 5.02015160e-05  8.78282398e-01  8.78502575e-01  8.78338085e-01 -5.82186953e-06  2.55948877e-07  4.80369149e-08 
 5.02017026e-05  8.78288775e-01  8.78500974e-01  8.78346706e-01 -6.18409198e-06  2.77681635e-07  5.20449346e-08 
 5.02018584e-05  8.78298697e-01  8.78498135e-01  8.78353289e-01 -6.94318687e-06  2.93926076e-07  5.49996078e-08 
 5.02019765e-05  8.78311678e-01  8.78494368e-01  8.78357861e-01 -8.19340981e-06  3.04593052e-07  5.68717662e-08 
 5.02020866e-05  8.78330247e-01  8.78488685e-01  8.78361728e-01 -1.00191792e-05  3.12594834e-07  5.81664248e-08 
 5.02021978e-05  8.78356480e-01  8.78480123e-01  8.78365155e-01 -1.26749966e-05  3.18079891e-07  5.88437895e-08 
 5.02023100e-05  8.78390720e-01  8.78467731e-01  8.78368001e-01 -1.59468189e-05  3.20097347e-07  5.86564796e-08 
 5.02024189e-05  8.78430391e-01  8.78451338e-01  8.78370032e-01 -1.92539117e-05  3.17764125e-07  5.73847626e-08 
 5.02025213e-05  8.78471619e-01  8.78430873e-01  8.78371121e-01 -2.17315412e-05  3.10701436e-07  5.49323625e-08 
 5.02026245e-05  8.78515121e-01  8.78404571e-01  8.78371230e-01 -2.32663858e-05  2.97851843e-07  5.09619500e-08 
 5.02027338e-05  8.78561438e-01  8.78372026e-01  8.78370081e-01 -2.48979793e-05  2.77678732e-07  4.50586660e-08 
 5.02028717e-05  8.78618193e-01  8.78330101e-01  8.78366703e-01 -2.75295235e-05  2.43359163e-07  3.54121985e-08 
 5.02030279e-05  8.78677430e-01  8.78287183e-01  8.78360522e-01 -3.08789897e-05  1.93970658e-07  2.20271344e-08 
 5.02031756e-05  8.78726369e-01  8.78253948e-01  8.78352839e-01 -3.40532481e-05  1.38517075e-07  7.46138220e-09 
 5.02033054e-05  8.78761141e-01  8.78232132e-01  8.78345063e-01 -3.66075964e-05  8.34155134e-08 -6.45388640e-09 
 5.02033853e-05  8.78775943e-01  8.78223098e-01  8.78339989e-01 -3.78635990e-05  4.43550011e-08 -1.53352192e-08 
 5.02034274e-05  8.78779380e-01  8.78220295e-01  8.78337280e-01 -3.82795921e-05  1.90214589e-08 -2.00316416e-08 
 5.02034668e-05  8.78777239e-01  8.78219673e-01  8.78334755e-01 -3.83658084e-05 -1.22534102e-08 -2.43580658e-08 
 5.02034947e-05  8.78769343e-01  8.78220965e-01  8.78332999e-01 -3.81220860e-05 -4.13704544e-08 -2.73098490e-08 
 5.02035179e-05  8.78755672e-01  8.78223674e-01  8.78331570e-01 -3.76588624e-05 -7.12888196e-08 -2.96384558e-08 
 5.02035399e-05  8.78733758e-01  8.78228202e-01  8.78330263e-01 -3.69567919e-05 -1.03944517e-07 -3.16592626e-08 
 5.02035642e-05  8.78698267e-01  8.78236413e-01  8.78328887e-01 -3.58314761e-05 -1.43673463e-07 -3.35801715e-08 
 5.02035927e-05  8.78646231e-01  8.78251384e-01  8.78327427e-01 -3.41495873e-05 -1.91784150e-07 -3.52513700e-08 
 5.02036233e-05  8.78585346e-01  8.78274216e-01  8.78326106e-01 -3.19684754e-05 -2.42061632e-07 -3.62580399e-08 
 5.02036671e-05  8.78501864e-01  8.78316501e-01  8.78324810e-01 -2.85014731e-05 -3.06887088e-07 -3.63258891e-08 
 5.02036990e-05  8.78449051e-01  8.78351981e-01  8.78324373e-01 -2.58768744e-05 -3.47779718e-07 -3.54917066e-08 
 5.02037288e-05  8.78407908e-01  8.78386184e-01  8.78324382e-01 -2.34975620e-05 -3.81233318e-07 -3.42114176e-08 
 5.02037621e-05  8.78370602e-01  8.78423826e-01  8.78324869e-01 -2.09902956e-05 -4.14340092e-07 -3.23720949e-08 
 5.02037989e-05  8.78339466e-01  8.78462684e-01  8.78325957e-01 -1.85201218e-05 -4.46460747e-07 -3.00350333e-08 
 5.02038360e-05  8.78316685e-01  8.78497811e-01  8.78327581e-01 -1.63558281e-05 -4.75323133e-07 -2.75175369e-08 
 5.02038766e-05  8.78299372e-01  8.78531068e-01  8.78329884e-01 -1.43854036e-05 -5.04091970e-07 -2.47124192e-08 
 5.02039197e-05  8.78287195e-01  8.78560418e-01  8.78332825e-01 -1.26890537e-05 -5.32328148e-07 -2.17850814e-08 
 5.02039694e-05  8.78278598e-01  8.78587354e-01  8.78336707e-01 -1.11981164e-05 -5.62826097e-07 -1.85537017e-08 
 5.02040248e-05  8.78273277e-01  8.78610082e-01  8.78341480e-01 -9.98118616e-06 -5.94903653e-07 -1.51742624e-08 
 5.02040913e-05  8.78270363e-01  8.78629727e-01  8.78347637e-01 -9.00174328e-06 -6.31552345e-07 -1.14043875e-08 
 5.02041694e-05  8.78269431e-01  8.78645344e-01  8.78355205e-01 -8.28296217e-06 -6.72418432e-07 -7.32683612e-09 
 5.02042695e-05  8.78270110e-01  8.78658173e-01  8.78365124e-01 -7.79410719e-06 -7.21881488e-07 -2.52638790e-09 
 5.02043974e-05  8.78272190e-01  8.78668350e-01  8.78377804e-01 -7.50605354e-06 -7.81128940e-07  3.10796578e-09 
 5.02045800e-05  8.78276282e-01  8.78677763e-01  8.78395513e-01 -7.37504587e-06 -8.62011914e-07  1.04908438e-08 
 5.02047900e-05  8.78282677e-01  8.78685711e-01  8.78415047e-01 -7.32867091e-06 -9.65687187e-07  1.82769911e-08 
 5.02050000e-05  8.78292110e-01  8.78692294e-01  8.78433592e-01 -7.31581156e-06 -1.11812302e-06  2.54521681e-08 
 5.02050019e-05  8.78290601e-01  8.78688366e-01  8.78433755e-01 -1.19027177e-05 -1.12032492e-06  2.54094962e-08 
 5.02050058e-05  8.78288044e-01  8.78681140e-01  8.78434075e-01 -1.21881614e-05 -1.12482565e-06  2.53274932e-08 
 5.02050135e-05  8.78285547e-01  8.78669415e-01  8.78434685e-01 -1.23247498e-05 -1.13415991e-06  2.51877836e-08 
 5.02050290e-05  8.78284239e-01  8.78651608e-01  8.78435807e-01 -1.23153420e-05 -1.15290935e-06  2.49598419e-08 
 5.02050549e-05  8.78282982e-01  8.78628049e-01  8.78437459e-01 -1.23912508e-05 -1.18382590e-06  2.46206523e-08 
 5.02051068e-05  8.78281608e-01  8.78590880e-01  8.78440090e-01 -1.23857485e-05 -1.24412042e-06  2.40288857e-08 
 5.02052106e-05  8.78280668e-01  8.78543723e-01  8.78443477e-01 -1.24384680e-05 -1.35952943e-06  2.30290155e-08 
 5.02053261e-05  8.78280556e-01  8.78518599e-01  8.78445454e-01 -1.23973951e-05 -1.48104188e-06  2.20641006e-08 
 5.02055131e-05  8.78280416e-01  8.78503770e-01  8.78447026e-01 -1.24304422e-05 -1.66371279e-06  2.06664080e-08 
 5.02057967e-05  8.78280316e-01  8.78500747e-01  8.78448240e-01 -1.23915096e-05 -1.91112342e-06  1.88201375e-08 
 5.02063640e-05  8.78280078e-01  8.78504441e-01  8.78450366e-01 -1.24258707e-05 -2.31435785e-06  1.58634412e-08 
 5.02074986e-05  8.78279896e-01  8.78512783e-01  8.78455664e-01 -1.23864459e-05 -2.84585446e-06  1.20090481e-08 
 5.02097677e-05  8.78279885e-01  8.78529916e-01  8.78469251e-01 -1.24191639e-05 -3.26699453e-06  8.64832406e-09 
 5.02143060e-05  8.78280675e-01  8.78561069e-01  8.78500004e-01 -1.23800988e-05 -3.16108417e-06  7.17504981e-09 
 5.02209568e-05  8.78282045e-01  8.78587193e-01  8.78534484e-01 -1.24155298e-05 -2.60831000e-06  6.32183957e-09 
 5.02312326e-05  8.78283881e-01  8.78573745e-01  8.78537253e-01 -1.23794451e-05 -1.93913902e-06  4.62588218e-09 
 5.02491597e-05  8.78285875e-01  8.78456928e-01  8.78434289e-01 -1.24171326e-05 -1.15801323e-06  2.73814871e-09 
 5.02741597e-05  8.78287218e-01  8.78287406e-01  8.78257557e-01 -1.23827360e-05 -5.61887413e-07  1.30277320e-09 
 5.02991597e-05  8.78287730e-01  8.78228458e-01  8.78184997e-01 -1.24199489e-05 -2.74959264e-07  6.54643271e-10 
 5.03241597e-05  8.78288100e-01  8.78255261e-01  8.78206585e-01 -1.23840280e-05 -1.34801615e-07  3.28738166e-10 
 5.03491597e-05  8.78288308e-01  8.78292475e-01  8.78245538e-01 -1.24204320e-05 -6.63651770e-08  1.67878549e-10 
 5.03741597e-05  8.78288477e-01  8.78306090e-01  8.78261924e-01 -1.23843167e-05 -3.25832177e-08  7.95617689e-11 
 5.03991597e-05  8.78288499e-01  8.78302409e-01  8.78259277e-01 -1.24206713e-05 -1.60887507e-08  3.88260977e-11 
 5.04241597e-05  8.78288544e-01  8.78296863e-01  8.78253353e-01 -1.23844851e-05 -7.88969361e-09  1.88604252e-11 
 5.04491597e-05  8.78288515e-01  8.78295958e-01  8.78251928e-01 -1.24207432e-05 -3.90641982e-09  1.08874512e-11 
 5.04741597e-05  8.78288553e-01  8.78298253e-01  8.78254037e-01 -1.23845053e-05 -1.90971690e-09  6.43382022e-12 
 5.04991597e-05  8.78288527e-01  8.78300610e-01  8.78256507e-01 -1.24207403e-05 -9.47995948e-10  4.08007623e-12 
 5.05241597e-05  8.78288563e-01  8.78301869e-01  8.78257873e-01 -1.23845095e-05 -4.62628836e-10  2.70313779e-12 
 5.05491597e-05  8.78288532e-01  8.78302352e-01  8.78258414e-01 -1.24207424e-05 -2.29141812e-10  1.94990795e-12 
 5.05741597e-05  8.78288565e-01  8.78302751e-01  8.78258788e-01 -1.23845168e-05 -1.13375162e-10  1.79493172e-12 
 5.05991597e-05  8.78288533e-01  8.78303258e-01  8.78259293e-01 -1.24207412e-05 -5.39046735e-11  1.55623718e-12 
 5.06241597e-05  8.78288566e-01  8.78303846e-01  8.78259869e-01 -1.23845198e-05 -2.92397831e-11  1.64557739e-12 
 5.06491597e-05  8.78288535e-01  8.78304352e-01  8.78260397e-01 -1.24207382e-05 -1.09520409e-11  1.43960673e-12 
 5.06741597e-05  8.78288567e-01  8.78304782e-01  8.78260825e-01 -1.23845226e-05 -9.18413848e-12  1.56615210e-12 
 5.06991597e-05  8.78288536e-01  8.78305122e-01  8.78261181e-01 -1.24207356e-05 -3.61733863e-13  1.38313677e-12 
 5.07241597e-05  8.78288568e-01  8.78305438e-01  8.78261491e-01 -1.23845255e-05 -4.50315024e-12  1.53770903e-12 
 5.07491597e-05  8.78288537e-01  8.78305710e-01  8.78261774e-01 -1.24207330e-05  2.29273523e-12  1.36690778e-12 
 5.07741597e-05  8.78288569e-01  8.78305970e-01  8.78262028e-01 -1.23845283e-05 -3.45590505e-12  1.52529378e-12 
 5.07991597e-05  8.78288537e-01  8.78306186e-01  8.78262255e-01 -1.24207302e-05  2.97467129e-12  1.35587960e-12 
 5.08241597e-05  8.78288570e-01  8.78306388e-01  8.78262452e-01 -1.23845310e-05 -3.25314450e-12  1.51408091e-12 
 5.08491597e-05  8.78288538e-01  8.78306554e-01  8.78262628e-01 -1.24207275e-05  3.15399269e-12  1.34749677e-12 
 5.08741597e-05  8.78288570e-01  8.78306712e-01  8.78262781e-01 -1.23845338e-05 -3.23476944e-12  1.50596061e-12 
 5.08991597e-05  8.78288539e-01  8.78306842e-01  8.78262919e-01 -1.24207248e-05  3.20271695e-12  1.34181072e-12 
 5.09241597e-05  8.78288571e-01  8.78306966e-01  8.78263039e-01 -1.23845366e-05 -3.24993396e-12  1.49971973e-12 
 5.09491597e-05  8.78288539e-01  8.78307068e-01  8.78263147e-01 -1.24207221e-05  3.21605936e-12  1.33741754e-12 
 5.09741597e-05  8.78288572e-01  8.78307165e-01  8.78263241e-01 -1.23845394e-05 -3.26729984e-12  1.49464994e-12 
 5.09991597e-05  8.78288540e-01  8.78307245e-01  8.78263326e-01 -1.24207193e-05  3.21943036e-12  1.33406269e-12 
 5.10241597e-05  8.78288572e-01  8.78307321e-01  8.78263399e-01 -1.23845422e-05 -3.28178001e-12  1.49061595e-12 
 5.10491597e-05  8.78288540e-01  8.78307383e-01  8.78263465e-01 -1.24207166e-05  3.22017521e-12  1.33155596e-12 
 5.10741597e-05  8.78288573e-01  8.78307443e-01  8.78263523e-01 -1.23845450e-05 -3.29330074e-12  1.48737397e-12 
 5.10991597e-05  8.78288541e-01  8.78307492e-01  8.78263575e-01 -1.24207138e-05  3.22037232e-12  1.32967915e-12 
 5.11241597e-05  8.78288573e-01  8.78307538e-01  8.78263619e-01 -1.23845478e-05 -3.30258910e-12  1.48474614e-12 
 5.11491597e-05  8.78288541e-01  8.78307577e-01  8.78263661e-01 -1.24207110e-05  3.22078193e-12  1.32829885e-12 
 5.11741597e-05  8.78288573e-01  8.78307612e-01  8.78263695e-01 -1.23845505e-05 -3.31006359e-12  1.48260538e-12 
 5.11991597e-05  8.78288541e-01  8.78307643e-01  8.78263728e-01 -1.24207082e-05  3.22155757e-12  1.32730280e-12 
 5.12241597e-05  8.78288574e-01  8.78307671e-01  8.78263755e-01 -1.23845533e-05 -3.31633419e-12  1.48084881e-12 
 5.12491597e-05  8.78288542e-01  8.78307696e-01  8.78263780e-01 -1.24207054e-05  3.22253444e-12  1.32660397e-12 
 5.12741597e-05  8.78288574e-01  8.78307716e-01  8.78263801e-01 -1.23845561e-05 -3.32168711e-12  1.47939419e-12 
 5.12991597e-05  8.78288542e-01  8.78307737e-01  8.78263821e-01 -1.24207026e-05  3.22366482e-12  1.32613565e-12 
 5.13241597e-05  8.78288574e-01  8.78307752e-01  8.78263838e-01 -1.23845589e-05 -3.32623751e-12  1.47818080e-12 
 5.13491597e-05  8.78288543e-01  8.78307769e-01  8.78263854e-01 -1.24206998e-05  3.22491469e-12  1.32584286e-12 
 5.13741597e-05  8.78288575e-01  8.78307780e-01  8.78263866e-01 -1.23845618e-05 -3.33014432e-12  1.47715927e-12 
 5.13991597e-05  8.78288543e-01  8.78307794e-01  8.78263879e-01 -1.24206970e-05  3.22630139e-12  1.32568566e-12 
 5.14241597e-05  8.78288575e-01  8.78307802e-01  8.78263889e-01 -1.23845646e-05 -3.33345656e-12  1.47629028e-12 
 5.14491597e-05  8.78288543e-01  8.78307814e-01  8.78263899e-01 -1.24206942e-05  3.22770261e-12  1.32562971e-12 
 5.14741597e-05  8.78288576e-01  8.78307819e-01  8.78263907e-01 -1.23845674e-05 -3.33635593e-12  1.47554327e-12 
 5.14991597e-05  8.78288544e-01  8.78307830e-01  8.78263915e-01 -1.24206914e-05  3.22899151e-12  1.32565129e-12 
 5.15241597e-05  8.78288576e-01  8.78307833e-01  8.78263920e-01 -1.23845702e-05 -3.33885675e-12  1.47489676e-12 
 5.15491597e-05  8.78288544e-01  8.78307842e-01  8.78263927e-01 -1.24206886e-05  3.23036368e-12  1.32573114e-12 
 5.15741597e-05  8.78288576e-01  8.78307843e-01  8.78263931e-01 -1.23845730e-05 -3.34095273e-12  1.47432896e-12 
 5.15991597e-05  8.78288544e-01  8.78307852e-01  8.78263937e-01 -1.24206858e-05  3.23153722e-12  1.32585181e-12 
 5.16241597e-05  8.78288577e-01  8.78307852e-01  8.78263940e-01 -1.23845758e-05 -3.34284098e-12  1.47382708e-12 
 5.16491597e-05  8.78288545e-01  8.78307860e-01  8.78263944e-01 -1.24206830e-05  3.23265785e-12  1.32600376e-12 
 5.16741597e-05  8.78288577e-01  8.78307858e-01  8.78263947e-01 -1.23845787e-05 -3.34438293e-12  1.47337860e-12 
 5.16991597e-05  8.78288545e-01  8.78307866e-01  8.78263950e-01 -1.24206801e-05  3.23367548e-12  1.32617642e-12 
 5.17241597e-05  8.78288577e-01  8.78307863e-01  8.78263952e-01 -1.23845815e-05 -3.34572105e-12  1.47297544e-12 
 5.17491597e-05  8.78288545e-01  8.78307871e-01  8.78263955e-01 -1.24206773e-05  3.23457949e-12  1.32636323e-12 
 5.17741597e-05  8.78288578e-01  8.78307867e-01  8.78263957e-01 -1.23845843e-05 -3.34682369e-12  1.47260866e-12 
 5.17991597e-05  8.78288546e-01  8.78307875e-01  8.78263959e-01 -1.24206745e-05  3.23538006e-12  1.32655947e-12 
 5.18241597e-05  8.78288578e-01  8.78307871e-01  8.78263960e-01 -1.23845872e-05 -3.34776412e-12  1.47227348e-12 
 5.18491597e-05  8.78288546e-01  8.78307878e-01  8.78263962e-01 -1.24206716e-05  3.23602234e-12  1.32676053e-12 
 5.18741597e-05  8.78288578e-01  8.78307873e-01  8.78263963e-01 -1.23845900e-05 -3.34847059e-12  1.47196480e-12 
 5.18991597e-05  8.78288546e-01  8.78307881e-01  8.78263964e-01 -1.24206688e-05  3.23659112e-12  1.32696230e-12 
 5.19241597e-05  8.78288579e-01  8.78307875e-01  8.78263965e-01 -1.23845929e-05 -3.34905216e-12  1.47167922e-12 
 5.19491597e-05  8.78288547e-01  8.78307883e-01  8.78263966e-01 -1.24206659e-05  3.23703868e-12  1.32716429e-12 
 5.19741597e-05  8.78288579e-01  8.78307877e-01  8.78263967e-01 -1.23845957e-05 -3.34947976e-12  1.47141349e-12 
 5.19991597e-05  8.78288547e-01  8.78307885e-01  8.78263968e-01 -1.24206631e-05  3.23731601e-12  1.32736259e-12 
 5.20241597e-05  8.78288579e-01  8.78307878e-01  8.78263968e-01 -1.23845985e-05 -3.34979115e-12  1.47116499e-12 
 5.20491597e-05  8.78288547e-01  8.78307886e-01  8.78263969e-01 -1.24206603e-05  3.23753936e-12  1.32755818e-12 
 5.20741597e-05  8.78288580e-01  8.78307879e-01  8.78263970e-01 -1.23846014e-05 -3.34988005e-12  1.47093280e-12 
 5.20991597e-05  8.78288548e-01  8.78307888e-01  8.78263971e-01 -1.24206574e-05  3.23771023e-12  1.32774830e-12 
 5.21241597e-05  8.78288580e-01  8.78307880e-01  8.78263971e-01 -1.23846042e-05 -3.34988742e-12  1.47071331e-12 
 5.21491597e-05  8.78288548e-01  8.78307889e-01  8.78263972e-01 -1.24206545e-05  3.23770958e-12  1.32793315e-12 
 5.21741597e-05  8.78288580e-01  8.78307881e-01  8.78263972e-01 -1.23846071e-05 -3.34981457e-12  1.47050715e-12 
 5.21870799e-05  8.78288548e-01  8.78307890e-01  8.78263972e-01 -1.24206503e-05  3.18729093e-12  1.32815720e-12 
 5.22000000e-05  8.78288581e-01  8.78307881e-01  8.78263972e-01 -1.23846126e-05 -3.39216285e-12  1.47010924e-12 
 5.22000086e-05  8.78284167e-01  8.78293286e-01  8.78263922e-01 -1.72213231e-05 -2.35308301e-09 -4.46405712e-10 
 5.22000259e-05  8.78279670e-01  8.78269671e-01  8.78263740e-01 -1.74963465e-05 -7.43243686e-09 -1.29241238e-09 
 5.22000605e-05  8.78278126e-01  8.78237495e-01  8.78262997e-01 -1.74142650e-05 -1.76462408e-08 -2.84792753e-09 
 5.22001120e-05  8.78275360e-01  8.78200490e-01  8.78261206e-01 -1.75432996e-05 -3.17549048e-08 -5.05298049e-09 
 5.22002033e-05  8.78273060e-01  8.78156618e-01  8.78256667e-01 -1.74786408e-05 -5.53513428e-08 -8.73848500e-09 
 5.22003244e-05  8.78270142e-01  8.78126215e-01  8.78249139e-01 -1.75550913e-05 -8.42196656e-08 -1.33386079e-08 
 5.22005099e-05  8.78266482e-01  8.78107196e-01  8.78236523e-01 -1.74947531e-05 -1.24378223e-07 -1.99047964e-08 
 5.22008098e-05  8.78260085e-01  8.78098898e-01  8.78216445e-01 -1.75939369e-05 -1.79891001e-07 -2.95024506e-08 
 5.22014097e-05  8.78249449e-01  8.78097373e-01  8.78181690e-01 -1.81220990e-05 -2.65708377e-07 -4.55206572e-08 
 5.22016086e-05  8.78247699e-01  8.78098846e-01  8.78171934e-01 -1.92173128e-05 -2.88017979e-07 -4.99309915e-08 
 5.22017654e-05  8.78249423e-01  8.78101422e-01  8.78164899e-01 -2.09305274e-05 -3.02834256e-07 -5.30300887e-08 
 5.22018988e-05  8.78253326e-01  8.78105026e-01  8.78159412e-01 -2.34773160e-05 -3.12626801e-07 -5.53542658e-08 
 5.22020302e-05  8.78260239e-01  8.78110130e-01  8.78154508e-01 -2.69422806e-05 -3.18926245e-07 -5.72962036e-08 
 5.22021572e-05  8.78268961e-01  8.78116970e-01  8.78150302e-01 -3.13866433e-05 -3.20619545e-07 -5.87722371e-08 
 5.22022696e-05  8.78277677e-01  8.78124856e-01  8.78147081e-01 -3.60213271e-05 -3.17384521e-07 -5.96627025e-08 
 5.22023655e-05  8.78284383e-01  8.78133488e-01  8.78144754e-01 -4.05162787e-05 -3.09761364e-07 -6.00219814e-08 
 5.22024488e-05  8.78288505e-01  8.78142779e-01  8.78143098e-01 -4.46358366e-05 -2.98361036e-07 -5.99405382e-08 
 5.22025236e-05  8.78289500e-01  8.78153126e-01  8.78141947e-01 -4.84874497e-05 -2.83087196e-07 -5.94573974e-08 
 5.22025944e-05  8.78287072e-01  8.78165085e-01  8.78141200e-01 -5.21036966e-05 -2.63136695e-07 -5.85415799e-08 
 5.22026685e-05  8.78281146e-01  8.78180339e-01  8.78140838e-01 -5.58384626e-05 -2.35502639e-07 -5.69956677e-08 
 5.22027477e-05  8.78273712e-01  8.78199291e-01  8.78140996e-01 -5.97094757e-05 -1.98651587e-07 -5.46334517e-08 
 5.22028462e-05  8.78266424e-01  8.78224826e-01  8.78142045e-01 -6.44770951e-05 -1.45781862e-07 -5.07551249e-08 
 5.22029385e-05  8.78261666e-01  8.78248864e-01  8.78143889e-01 -6.88484376e-05 -9.58230008e-08 -4.63248111e-08 
 5.22030405e-05  8.78258437e-01  8.78274335e-01  8.78146840e-01 -7.35727686e-05 -4.94807517e-08 -4.06910852e-08 
 5.22031516e-05  8.78257377e-01  8.78299761e-01  8.78151028e-01 -7.85936632e-05 -1.42930768e-08 -3.38306119e-08 
 5.22032681e-05  8.78259527e-01  8.78322727e-01  8.78156324e-01 -8.38128759e-05  1.17423831e-08 -2.60015362e-08 
 5.22033952e-05  8.78263975e-01  8.78342828e-01  8.78162896e-01 -8.91723727e-05  3.72923588e-08 -1.68968398e-08 
 5.22035297e-05  8.78270194e-01  8.78358185e-01  8.78170425e-01 -9.40334939e-05  6.55171046e-08 -6.82634934e-09 
 5.22036459e-05  8.78275953e-01  8.78365732e-01  8.78177133e-01 -9.68573913e-05  9.12879594e-08  1.99732774e-09 
 5.22037237e-05  8.78279851e-01  8.78366705e-01  8.78181580e-01 -9.71596259e-05  1.08612981e-07  7.76732191e-09 
 5.22037784e-05  8.78282221e-01  8.78364084e-01  8.78184606e-01 -9.53764561e-05  1.20217375e-07  1.15732791e-08 
 5.22038288e-05  8.78283992e-01  8.78357358e-01  8.78187246e-01 -9.13231835e-05  1.29685802e-07  1.46783331e-08 
 5.22038846e-05  8.78285166e-01  8.78342788e-01  8.78189870e-01 -8.42888590e-05  1.37921824e-07  1.73932693e-08 
 5.22039525e-05  8.78285739e-01  8.78313975e-01  8.78192407e-01 -7.35638482e-05  1.43905620e-07  1.94437514e-08 
 5.22040227e-05  8.78285453e-01  8.78273833e-01  8.78194000e-01 -6.18473600e-05  1.45229884e-07  2.00779909e-08 
 5.22041209e-05  8.78284161e-01  8.78209074e-01  8.78194137e-01 -4.71179417e-05  1.39640599e-07  1.88153878e-08 
 5.22042074e-05  8.78282485e-01  8.78152066e-01  8.78192180e-01 -3.72535528e-05  1.29004448e-07  1.61679140e-08 
 5.22042830e-05  8.78280904e-01  8.78107826e-01  8.78189020e-01 -3.11214573e-05  1.16698385e-07  1.31654591e-08 
 5.22043647e-05  8.78279098e-01  8.78068150e-01  8.78184361e-01 -2.65867580e-05  1.01369068e-07  9.57073310e-09 
 5.22044535e-05  8.78277155e-01  8.78034627e-01  8.78178184e-01 -2.34631851e-05  8.32231303e-08  5.52820607e-09 
 5.22045479e-05  8.78275067e-01  8.78008582e-01  8.78170754e-01 -2.15181014e-05  6.30600637e-08  1.27788052e-09 
 5.22046531e-05  8.78272790e-01  8.77988444e-01  8.78161847e-01 -2.03372790e-05  4.01875220e-08 -3.28119543e-09 
 5.22047719e-05  8.78270202e-01  8.77973439e-01  8.78151411e-01 -1.96887068e-05  1.44165278e-08 -8.15808060e-09 
 5.22048860e-05  8.78267759e-01  8.77963954e-01  8.78141304e-01 -1.94045398e-05 -9.89116444e-09 -1.25680396e-08 
 5.22050000e-05  8.78265296e-01  8.77957316e-01  8.78131289e-01 -1.92789736e-05 -3.35471772e-08 -1.67372282e-08 
 5.22050016e-05  8.78266556e-01  8.77960639e-01  8.78131149e-01 -1.46956579e-05 -3.35202156e-08 -1.67058315e-08 
 5.22050049e-05  8.78268655e-01  8.77966816e-01  8.78130874e-01 -1.43757117e-05 -3.34411690e-08 -1.66452500e-08 
 5.22050114e-05  8.78270666e-01  8.77977108e-01  8.78130346e-01 -1.40803942e-05 -3.31990579e-08 -1.65410805e-08 
 5.22050203e-05  8.78271180e-01  8.77988310e-01  8.78129663e-01 -1.39848192e-05 -3.28485639e-08 -1.64258403e-08 
 5.22050343e-05  8.78271302e-01  8.78002660e-01  8.78128674e-01 -1.37717324e-05 -3.23497545e-08 -1.62651218e-08 
 5.22050621e-05  8.78271324e-01  8.78026713e-01  8.78126924e-01 -1.35007502e-05 -3.14581397e-08 -1.59739590e-08 
 5.22051179e-05  8.78271370e-01  8.78064006e-01  8.78124158e-01 -1.30559466e-05 -2.99999579e-08 -1.54727844e-08 
 5.22052293e-05  8.78271350e-01  8.78109187e-01  8.78120605e-01 -1.26503108e-05 -2.78620263e-08 -1.46612013e-08 
 5.22054522e-05  8.78271374e-01  8.78140646e-01  8.78117225e-01 -1.23960939e-05 -2.49504600e-08 -1.33665829e-08 
 5.22057220e-05  8.78271386e-01  8.78143666e-01  8.78115282e-01 -1.24096431e-05 -2.23103726e-08 -1.20243958e-08 
 5.22061086e-05  8.78271438e-01  8.78140695e-01  8.78112841e-01 -1.23854706e-05 -1.91309575e-08 -1.03219738e-08 
 5.22066710e-05  8.78271467e-01  8.78135698e-01  8.78109090e-01 -1.24085881e-05 -1.53399067e-08 -8.25957502e-09 
 5.22077957e-05  8.78271550e-01  8.78125635e-01  8.78100889e-01 -1.23868416e-05 -9.81349002e-09 -5.25988575e-09 
 5.22100452e-05  8.78271606e-01  8.78105642e-01  8.78082796e-01 -1.24106157e-05 -3.83233668e-09 -2.03115009e-09 
 5.22145441e-05  8.78271620e-01  8.78071033e-01  8.78046458e-01 -1.23895972e-05 -2.79676633e-10 -1.40141812e-10 
 5.22235419e-05  8.78271424e-01  8.78038338e-01  8.78000595e-01 -1.24132869e-05  4.60180787e-11  1.01473217e-11 
 5.22380713e-05  8.78271225e-01  8.78080720e-01  8.78022963e-01 -1.23910928e-05  1.00125832e-12 -2.60020559e-12 
 5.22568441e-05  8.78271255e-01  8.78213654e-01  8.78149815e-01 -1.24133914e-05  7.56087718e-11  4.95797543e-11 
 5.22818441e-05  8.78271524e-01  8.78346702e-01  8.78293901e-01 -1.23907376e-05  1.48700182e-11  1.76196191e-11 
 5.23068441e-05  8.78271664e-01  8.78370065e-01  8.78328179e-01 -1.24133467e-05  4.17669610e-12  5.13911000e-12 
 5.23318441e-05  8.78271677e-01  8.78335435e-01  8.78295938e-01 -1.23910501e-05 -1.83713494e-11 -1.00576622e-11 
 5.23568441e-05  8.78271607e-01  8.78305684e-01  8.78263784e-01 -1.24136113e-05 -2.13276662e-12 -1.67882310e-12 
 5.23784220e-05  8.78271592e-01  8.78298955e-01  8.78255053e-01 -1.23911188e-05 -2.96221836e-12 -5.18144392e-13 
 5.24000000e-05  8.78271572e-01  8.78302173e-01  8.78257648e-01 -1.24135638e-05  3.57661773e-12  3.28495418e-12 
 5.24000116e-05  8.78279017e-01  8.78314082e-01  8.78257706e-01 -1.08319277e-05  1.76836105e-09  6.41743331e-10 
 5.24000349e-05  8.78285515e-01  8.78334058e-01  8.78257914e-01 -9.87872672e-06  5.15622039e-09  1.82329448e-09 
 5.24000814e-05  8.78288602e-01  8.78362954e-01  8.78258775e-01 -8.96547532e-06  1.07582597e-08  3.94059297e-09 
 5.24001275e-05  8.78294330e-01  8.78384387e-01  8.78260072e-01 -8.14730320e-06  1.50813866e-08  5.89758082e-09 
 5.24002197e-05  8.78302776e-01  8.78408715e-01  8.78263423e-01 -7.43460737e-06  2.15884792e-08  9.48877832e-09 
 5.24004041e-05  8.78321747e-01  8.78417937e-01  8.78270961e-01 -6.79669525e-06  3.02444236e-08  1.59923824e-08 
 5.24006580e-05  8.78346408e-01  8.78397734e-01  8.78279947e-01 -6.79194342e-06  3.86230260e-08  2.40433598e-08 
 5.24009804e-05  8.78378909e-01  8.78360182e-01  8.78286622e-01 -6.72105635e-06  4.76519393e-08  3.31825398e-08 
 5.24014400e-05  8.78424309e-01  8.78298962e-01  8.78286459e-01 -6.88595659e-06  5.90449509e-08  4.43561390e-08 
 5.24015808e-05  8.78439544e-01  8.78278627e-01  8.78284183e-01 -6.92101940e-06  6.15528979e-08  4.73677052e-08 
 5.24018623e-05  8.78475510e-01  8.78234073e-01  8.78276535e-01 -8.10371482e-06  5.19068394e-08  5.25829001e-08 
 5.24020059e-05  8.78503214e-01  8.78207970e-01  8.78270983e-01 -9.51911151e-06  2.83754797e-08  5.46099408e-08 
 5.24021125e-05  8.78529969e-01  8.78185535e-01  8.78266049e-01 -1.14007095e-05 -8.95923589e-09  5.55753996e-08 
 5.24022196e-05  8.78563686e-01  8.78159543e-01  8.78260286e-01 -1.38559314e-05 -7.35998210e-08  5.58727772e-08 
 5.24023327e-05  8.78605598e-01  8.78127596e-01  8.78253178e-01 -1.70659628e-05 -1.83027883e-07  5.52088384e-08 
 5.24024446e-05  8.78652316e-01  8.78090317e-01  8.78244941e-01 -2.01295578e-05 -3.46562631e-07  5.32796546e-08 
 5.24025505e-05  8.78698591e-01  8.78048630e-01  8.78235840e-01 -2.23278915e-05 -5.66993278e-07  4.99710459e-08 
 5.24026686e-05  8.78749957e-01  8.77994039e-01  8.78223916e-01 -2.37025114e-05 -9.04572708e-07  4.42618218e-08 
 5.24027790e-05  8.78795586e-01  8.77938025e-01  8.78210880e-01 -2.52724994e-05 -1.31167290e-06  3.70010827e-08 
 5.24029470e-05  8.78858001e-01  8.77852639e-01  8.78187507e-01 -2.82628531e-05 -2.08762771e-06  2.29030274e-08 
 5.24030805e-05  8.78899545e-01  8.77788712e-01  8.78166153e-01 -3.09305586e-05 -2.82367751e-06  9.48998874e-09 
 5.24032102e-05  8.78931915e-01  8.77731737e-01  8.78143402e-01 -3.34809160e-05 -3.62408298e-06 -5.03522462e-09 
 5.24033352e-05  8.78953721e-01  8.77682909e-01  8.78119983e-01 -3.57928309e-05 -4.45874816e-06 -2.00791476e-08 
 5.24034275e-05  8.78959905e-01  8.77651690e-01  8.78101977e-01 -3.71812572e-05 -5.10281917e-06 -3.15987151e-08 
 5.24034754e-05  8.78955111e-01  8.77637958e-01  8.78092465e-01 -3.76495948e-05 -5.44076193e-06 -3.76070978e-08 
 5.24035148e-05  8.78942777e-01  8.77628753e-01  8.78084608e-01 -3.77574695e-05 -5.71537151e-06 -4.24633749e-08 
 5.24035435e-05  8.78924883e-01  8.77623917e-01  8.78078868e-01 -3.75627831e-05 -5.91057052e-06 -4.58953720e-08 
 5.24035707e-05  8.78897357e-01  8.77621583e-01  8.78073455e-01 -3.70897240e-05 -6.08681910e-06 -4.89635519e-08 
 5.24035977e-05  8.78856640e-01  8.77622565e-01  8.78068148e-01 -3.62506262e-05 -6.24741476e-06 -5.16972456e-08 
 5.24036275e-05  8.78797283e-01  8.77629241e-01  8.78062378e-01 -3.48986678e-05 -6.40200565e-06 -5.41763102e-08 
 5.24036609e-05  8.78723250e-01  8.77645194e-01  8.78056160e-01 -3.29364636e-05 -6.53950668e-06 -5.60552926e-08 
 5.24036999e-05  8.78639640e-01  8.77674432e-01  8.78049349e-01 -3.02406107e-05 -6.65064831e-06 -5.69755565e-08 
 5.24037564e-05  8.78541163e-01  8.77729567e-01  8.78040605e-01 -2.60099784e-05 -6.72586707e-06 -5.61727949e-08 
 5.24037976e-05  8.78491463e-01  8.77773592e-01  8.78035164e-01 -2.29981942e-05 -6.72724928e-06 -5.43428476e-08 
 5.24038355e-05  8.78461492e-01  8.77812583e-01  8.78030853e-01 -2.04372646e-05 -6.69915293e-06 -5.20696783e-08 
 5.24038792e-05  8.78442069e-01  8.77852672e-01  8.78026661e-01 -1.78746536e-05 -6.64193823e-06 -4.90648771e-08 
 5.24039225e-05  8.78435573e-01  8.77886105e-01  8.78023209e-01 -1.57443592e-05 -6.56697553e-06 -4.58923469e-08 
 5.24039722e-05  8.78438829e-01  8.77916362e-01  8.78019942e-01 -1.37946232e-05 -6.46672701e-06 -4.22139204e-08 
 5.24040248e-05  8.78451003e-01  8.77939558e-01  8.78017113e-01 -1.22261448e-05 -6.35117722e-06 -3.84207481e-08 
 5.24040876e-05  8.78472435e-01  8.77957407e-01  8.78014321e-01 -1.08937784e-05 -6.20705833e-06 -3.41139663e-08 
 5.24041586e-05  8.78502090e-01  8.77967740e-01  8.78011643e-01 -9.89931978e-06 -6.04176515e-06 -2.95636022e-08 
 5.24042474e-05  8.78543027e-01  8.77970744e-01  8.78008630e-01 -9.16398940e-06 -5.83661692e-06 -2.43016419e-08 
 5.24043562e-05  8.78596121e-01  8.77965416e-01  8.78005033e-01 -8.70022778e-06 -5.59179206e-06 -1.83791516e-08 
 5.24045040e-05  8.78670664e-01  8.77950316e-01  8.77999806e-01 -8.44059759e-06 -5.27369671e-06 -1.10236131e-08 
 5.24047099e-05  8.78781347e-01  8.77923145e-01  8.77991341e-01 -8.32794829e-06 -4.85870069e-06 -1.75121258e-09 
 5.24050000e-05  8.78975317e-01  8.77880781e-01  8.77976725e-01 -8.28942218e-06 -4.32734920e-06  9.68359505e-09 
 5.24050052e-05  8.78973638e-01  8.77874094e-01  8.77976422e-01 -9.47042810e-06 -4.31913947e-06  9.56917440e-09 
 5.24050155e-05  8.78974476e-01  8.77862071e-01  8.77975792e-01 -1.00149762e-05 -4.30268653e-06  9.37784629e-09 
 5.24050363e-05  8.78986487e-01  8.77842697e-01  8.77974411e-01 -1.03273085e-05 -4.26956638e-06  9.11426096e-09 
 5.24050717e-05  8.79008255e-01  8.77814911e-01  8.77971747e-01 -1.09556387e-05 -4.21277113e-06  8.76380561e-09 
 5.24051185e-05  8.79037713e-01  8.77784922e-01  8.77967744e-01 -1.14086104e-05 -4.13779744e-06  8.41660258e-09 
 5.24052121e-05  8.79098026e-01  8.77744141e-01  8.77958658e-01 -1.20214801e-05 -3.99032217e-06  7.93805848e-09 
 5.24053699e-05  8.79199548e-01  8.77708888e-01  8.77941775e-01 -1.23092264e-05 -3.75228414e-06  7.37449922e-09 
 5.24055874e-05  8.79338259e-01  8.77688316e-01  8.77917838e-01 -1.24183646e-05 -3.44655566e-06  6.71188175e-09 
 5.24058929e-05  8.79529519e-01  8.77672535e-01  8.77885444e-01 -1.23786916e-05 -3.05850653e-06  5.79398782e-09 
 5.24063085e-05  8.79784065e-01  8.77656387e-01  8.77844784e-01 -1.24121603e-05 -2.59920457e-06  4.58187697e-09 
 5.24070615e-05  8.80227896e-01  8.77634455e-01  8.77781110e-01 -1.23747656e-05 -1.93277191e-06  2.56569647e-09 
 5.24085674e-05  8.81054122e-01  8.77616714e-01  8.77688796e-01 -1.24062864e-05 -1.05426873e-06 -6.18273845e-10 
 5.24115792e-05  8.82486881e-01  8.77666205e-01  8.77620214e-01 -1.23673866e-05 -2.73288337e-07 -4.01409270e-09 
 5.24176027e-05  8.84654413e-01  8.78009295e-01  8.77809988e-01 -1.23992817e-05  2.25432379e-08 -4.60294876e-09 
 5.24243598e-05  8.86265515e-01  8.78657348e-01  8.78361067e-01 -1.23649058e-05 -2.34503358e-09 -2.68928146e-09 
 5.24331551e-05  8.87547669e-01  8.79738836e-01  8.79372336e-01 -1.24009831e-05  1.72796461e-09 -1.12924991e-09 
 5.24433001e-05  8.88350886e-01  8.81132945e-01  8.80738247e-01 -1.23683524e-05  7.28392681e-10 -2.29017138e-10 
 5.24611407e-05  8.88961248e-01  8.83412891e-01  8.83066799e-01 -1.24059980e-05  1.02172517e-09  3.78030910e-10 
 5.24797520e-05  8.89135262e-01  8.85093403e-01  8.84867367e-01 -1.23745483e-05  4.53224190e-10  3.45748571e-10 
 5.25003634e-05  8.89183752e-01  8.85980293e-01  8.85873677e-01 -1.24124444e-05  2.44281494e-10  1.51953915e-10 
 5.25201921e-05  8.89193638e-01  8.86202090e-01  8.86150341e-01 -1.23807721e-05 -1.01290040e-11  2.15345262e-11 
 5.25451921e-05  8.89196101e-01  8.86266315e-01  8.86216261e-01 -1.24172488e-05  2.89817376e-11  4.06663039e-13 
 5.25701921e-05  8.89196100e-01  8.86451299e-01  8.86379979e-01 -1.23832656e-05  5.21940475e-11  3.81265529e-11 
 5.25951921e-05  8.89196318e-01  8.86779290e-01  8.86698293e-01 -1.24174532e-05  1.09351012e-10  6.63522365e-11 
 5.26201921e-05  8.89196459e-01  8.87118805e-01  8.87042312e-01 -1.23827981e-05  8.03893133e-11  6.08345777e-11 
 5.26451921e-05  8.89196785e-01  8.87391454e-01  8.87323077e-01 -1.24171782e-05  7.16614515e-11  4.75203275e-11 
 5.26701921e-05  8.89196830e-01  8.87599691e-01  8.87536617e-01 -1.23828744e-05  4.56651123e-11  3.45453883e-11 
 5.26951921e-05  8.89197031e-01  8.87774769e-01  8.87713670e-01 -1.24173203e-05  4.85095985e-11  3.17000044e-11 
 5.27201921e-05  8.89197014e-01  8.87935369e-01  8.87875352e-01 -1.23829845e-05  3.85657535e-11  2.83040626e-11 
 5.27451921e-05  8.89197202e-01  8.88084036e-01  8.88025274e-01 -1.24173301e-05  4.16018780e-11  2.79046943e-11 
 5.27701921e-05  8.89197182e-01  8.88217092e-01  8.88160083e-01 -1.23830013e-05  3.13081074e-11  2.34123021e-11 
 5.27951921e-05  8.89197357e-01  8.88333650e-01  8.88278211e-01 -1.24173262e-05  3.22469894e-11  2.20293430e-11 
 5.28201921e-05  8.89197317e-01  8.88435322e-01  8.88381308e-01 -1.23830375e-05  2.34091561e-11  1.79191550e-11 
 5.28451921e-05  8.89197473e-01  8.88525066e-01  8.88472082e-01 -1.24173340e-05  2.53773244e-11  1.74869786e-11 
 5.28701921e-05  8.89197418e-01  8.88604584e-01  8.88552611e-01 -1.23830703e-05  1.80063184e-11  1.42162638e-11 
 5.28951921e-05  8.89197563e-01  8.88675299e-01  8.88624113e-01 -1.24173325e-05  2.04502415e-11  1.42587488e-11 
 5.29201921e-05  8.89197499e-01  8.88737778e-01  8.88687434e-01 -1.23830964e-05  1.36669085e-11  1.12996099e-11 
 5.29451921e-05  8.89197634e-01  8.88793109e-01  8.88743390e-01 -1.24173279e-05  1.64465581e-11  1.16130813e-11 
 5.29701921e-05  8.89197562e-01  8.88841877e-01  8.88792831e-01 -1.23831210e-05  1.01827247e-11  8.95573757e-12 
 5.29951921e-05  8.89197690e-01  8.88885127e-01  8.88836548e-01 -1.24173215e-05  1.33427321e-11  9.54976880e-12 
 5.30201921e-05  8.89197611e-01  8.88923272e-01  8.88875229e-01 -1.23831434e-05  7.48617834e-12  7.14706511e-12 
 5.30451921e-05  8.89197734e-01  8.88957145e-01  8.88909454e-01 -1.24173130e-05  1.09324140e-11  7.94756882e-12 
 5.30701921e-05  8.89197650e-01  8.88986988e-01  8.88939731e-01 -1.23831642e-05  5.37042958e-12  5.73072373e-12 
 5.30951921e-05  8.89197768e-01  8.89013503e-01  8.88966509e-01 -1.24173031e-05  9.04058902e-12  6.68888388e-12 
 5.31201921e-05  8.89197680e-01  8.89036835e-01  8.88990195e-01 -1.23831838e-05  3.71228829e-12  4.62064317e-12 
 5.31451921e-05  8.89197795e-01  8.89057593e-01  8.89011144e-01 -1.24172920e-05  7.56120036e-12  5.70429934e-12 
 5.31701921e-05  8.89197704e-01  8.89075836e-01  8.89029677e-01 -1.23832024e-05  2.41697786e-12  3.75346640e-12 
 5.31951921e-05  8.89197816e-01  8.89092092e-01  8.89046069e-01 -1.24172799e-05  6.40349557e-12  4.93413735e-12 
 5.32201921e-05  8.89197723e-01  8.89106354e-01  8.89060571e-01 -1.23832203e-05  1.40419664e-12  3.07519028e-12 
 5.32451921e-05  8.89197832e-01  8.89119086e-01  8.89073397e-01 -1.24172672e-05  5.49644943e-12  4.33106844e-12 
 5.32701921e-05  8.89197737e-01  8.89130232e-01  8.89084744e-01 -1.23832377e-05  6.12700212e-13  2.54470680e-12 
 5.32951921e-05  8.89197845e-01  8.89140208e-01  8.89094780e-01 -1.24172539e-05  4.78576488e-12  3.85895894e-12 
 5.33201921e-05  8.89197749e-01  8.89148916e-01  8.89103658e-01 -1.23832546e-05 -5.47326941e-15  2.12996743e-12 
 5.33451921e-05  8.89197856e-01  8.89156734e-01  8.89111511e-01 -1.24172402e-05  4.22865237e-12  3.48930775e-12 
 5.33701921e-05  8.89197758e-01  8.89163535e-01  8.89118458e-01 -1.23832711e-05 -4.88097410e-13  1.80573097e-12 
 5.33951921e-05  8.89197864e-01  8.89169666e-01  8.89124602e-01 -1.24172261e-05  3.79166381e-12  3.19980072e-12 
 5.34201921e-05  8.89197765e-01  8.89174974e-01  8.89130038e-01 -1.23832874e-05 -8.64667496e-13  1.55229491e-12 
 5.34451921e-05  8.89197870e-01  8.89179784e-01  8.89134846e-01 -1.24172117e-05  3.44869164e-12  2.97301864e-12 
 5.34701921e-05  8.89197771e-01  8.89183925e-01  8.89139099e-01 -1.23833035e-05 -1.15826446e-12  1.35425173e-12 
 5.34951921e-05  8.89197875e-01  8.89187702e-01  8.89142861e-01 -1.24171971e-05  3.17929212e-12  2.79532148e-12 
 5.35201921e-05  8.89197776e-01  8.89190929e-01  8.89146190e-01 -1.23833195e-05 -1.38696151e-12  1.19953917e-12 
 5.35451921e-05  8.89197879e-01  8.89193897e-01  8.89149133e-01 -1.24171824e-05  2.96747002e-12  2.65603625e-12 
 5.35701921e-05  8.89197779e-01  8.89196410e-01  8.89151738e-01 -1.23833353e-05 -1.56489080e-12  1.07872397e-12 
 5.35951921e-05  8.89197883e-01  8.89198745e-01  8.89154041e-01 -1.24171674e-05  2.80072168e-12  2.54681411e-12 
 5.36201921e-05  8.89197782e-01  8.89200698e-01  8.89156079e-01 -1.23833511e-05 -1.70311725e-12  9.84423155e-13 
 5.36451921e-05  8.89197885e-01  8.89202538e-01  8.89157881e-01 -1.24171524e-05  2.66925826e-12  2.46112429e-12 
 5.36701921e-05  8.89197785e-01  8.89204054e-01  8.89159476e-01 -1.23833668e-05 -1.81029389e-12  9.10861013e-13 
 5.36951921e-05  8.89197887e-01  8.89205506e-01  8.89160886e-01 -1.24171373e-05  2.56541966e-12  2.39385080e-12 
 5.37201921e-05  8.89197787e-01  8.89206680e-01  8.89162134e-01 -1.23833824e-05 -1.89319307e-12  8.53519891e-13 
 5.37451921e-05  8.89197889e-01  8.89207828e-01  8.89163237e-01 -1.24171220e-05  2.48321416e-12  2.34099681e-12 
 5.37701921e-05  8.89197788e-01  8.89208735e-01  8.89164214e-01 -1.23833981e-05 -1.95711242e-12  8.08864586e-13 
 5.37951921e-05  8.89197890e-01  8.89209646e-01  8.89165077e-01 -1.24171068e-05  2.41795429e-12  2.29943186e-12 
 5.38201921e-05  8.89197789e-01  8.89210342e-01  8.89165841e-01 -1.23834136e-05 -2.00619707e-12  7.74129296e-13 
 5.38451921e-05  8.89197892e-01  8.89211068e-01  8.89166517e-01 -1.24170914e-05  2.36596528e-12  2.26670462e-12 
 5.38701921e-05  8.89197791e-01  8.89211601e-01  8.89167115e-01 -1.23834292e-05 -2.04369182e-12  7.47148925e-13 
 5.38951921e-05  8.89197893e-01  8.89212180e-01  8.89167643e-01 -1.24170761e-05  2.32438352e-12  2.24089974e-12 
 5.39201921e-05  8.89197791e-01  8.89212585e-01  8.89168112e-01 -1.23834448e-05 -2.07213240e-12  7.26232496e-13 
 5.39451921e-05  8.89197893e-01  8.89213051e-01  8.89168525e-01 -1.24170607e-05  2.29095367e-12  2.22051712e-12 
 5.39701921e-05  8.89197792e-01  8.89213356e-01  8.89168892e-01 -1.23834604e-05 -2.09350571e-12  7.10053598e-13 
 5.39951921e-05  8.89197894e-01  8.89213732e-01  8.89169215e-01 -1.24170452e-05  2.26392212e-12  2.20438251e-12 
 5.40201921e-05  8.89197793e-01  8.89213959e-01  8.89169502e-01 -1.23834759e-05 -2.10936130e-12  6.97578822e-13 
 5.40451921e-05  8.89197895e-01  8.89214266e-01  8.89169755e-01 -1.24170298e-05  2.24191564e-12  2.19157662e-12 
 5.40701921e-05  8.89197794e-01  8.89214431e-01  8.89169980e-01 -1.23834915e-05 -2.12091954e-12  6.87994041e-13 
 5.40951921e-05  8.89197895e-01  8.89214683e-01  8.89170178e-01 -1.24170143e-05  2.22384828e-12  2.18138018e-12 
 5.41201921e-05  8.89197794e-01  8.89214800e-01  8.89170353e-01 -1.23835071e-05 -2.12912869e-12  6.80668195e-13 
 5.41451921e-05  8.89197896e-01  8.89215009e-01  8.89170508e-01 -1.24169988e-05  2.20888542e-12  2.17323246e-12 
 5.41701921e-05  8.89197795e-01  8.89215089e-01  8.89170646e-01 -1.23835226e-05 -2.13472577e-12  6.75104449e-13 
 5.41951921e-05  8.89197896e-01  8.89215265e-01  8.89170767e-01 -1.24169832e-05  2.19636440e-12  2.16668903e-12 
 5.42201921e-05  8.89197795e-01  8.89215316e-01  8.89170875e-01 -1.23835382e-05 -2.13830256e-12  6.70914875e-13 
 5.42451921e-05  8.89197897e-01  8.89215465e-01  8.89170970e-01 -1.24169677e-05  2.18576632e-12  2.16140810e-12 
 5.42701921e-05  8.89197796e-01  8.89215493e-01  8.89171054e-01 -1.23835538e-05 -2.14030898e-12  6.67797686e-13 
 5.42951921e-05  8.89197897e-01  8.89215622e-01  8.89171128e-01 -1.24169521e-05  2.17668635e-12  2.15711688e-12 
 5.43201921e-05  8.89197796e-01  8.89215632e-01  8.89171195e-01 -1.23835694e-05 -2.14110023e-12  6.65512730e-13 
 5.43451921e-05  8.89197898e-01  8.89215744e-01  8.89171253e-01 -1.24169366e-05  2.16881331e-12  2.15360612e-12 
 5.43701921e-05  8.89197796e-01  8.89215740e-01  8.89171304e-01 -1.23835850e-05 -2.14095365e-12  6.63877698e-13 
 5.43850960e-05  8.89197898e-01  8.89215823e-01  8.89171332e-01 -1.24169157e-05  2.16112133e-12  2.15082612e-12 
 5.44000000e-05  8.89197797e-01  8.89215793e-01  8.89171358e-01 -1.23836111e-05 -2.13644011e-12  6.63945732e-13 
 5.44000148e-05  8.89187788e-01  8.89201368e-01  8.89171273e-01 -1.39225989e-05 -1.90350491e-09 -7.94749042e-10 
 5.44000444e-05  8.89178347e-01  8.89177642e-01  8.89170965e-01 -1.46915934e-05 -5.21889353e-09 -2.25233822e-09 
 5.44001036e-05  8.89171499e-01  8.89144821e-01  8.89169697e-01 -1.53460850e-05 -9.82005001e-09 -4.83189864e-09 
 5.44001785e-05  8.89160358e-01  8.89118287e-01  8.89167257e-01 -1.60128457e-05 -1.37175622e-08 -7.82913775e-09 
 5.44003012e-05  8.89147027e-01  8.89101561e-01  8.89162383e-01 -1.63084368e-05 -1.85263958e-08 -1.23155524e-08 
 5.44004836e-05  8.89125274e-01  8.89104389e-01  8.89155070e-01 -1.65643513e-05 -2.46021535e-08 -1.84827329e-08 
 5.44007742e-05  8.89094661e-01  8.89131209e-01  8.89146093e-01 -1.65246471e-05 -3.32519042e-08 -2.73676093e-08 
 5.44011245e-05  8.89057742e-01  8.89172418e-01  8.89141020e-01 -1.67383302e-05 -4.22886024e-08 -3.68092849e-08 
 5.44015113e-05  8.89022363e-01  8.89223457e-01  8.89142809e-01 -1.75275720e-05 -4.79425424e-08 -4.57144043e-08 
 5.44016701e-05  8.89009334e-01  8.89246397e-01  8.89145744e-01 -1.88024668e-05 -4.62069627e-08 -4.88924561e-08 
 5.44018485e-05  8.89001006e-01  8.89275091e-01  8.89150604e-01 -2.13833271e-05 -3.54517985e-08 -5.19943848e-08 
 5.44020107e-05  8.88997996e-01  8.89304179e-01  8.89156548e-01 -2.54480212e-05 -1.20496118e-08 -5.43000131e-08 
 5.44021552e-05  8.89001504e-01  8.89333449e-01  8.89163165e-01 -3.03357534e-05  2.61484929e-08 -5.57980337e-08 
 5.44022819e-05  8.89007146e-01  8.89362194e-01  8.89170093e-01 -3.57270252e-05  7.96461999e-08 -5.65605509e-08 
 5.44023891e-05  8.89014195e-01  8.89389597e-01  8.89176869e-01 -4.08144098e-05  1.46187458e-07 -5.66561485e-08 
 5.44024814e-05  8.89019697e-01  8.89416164e-01  8.89183452e-01 -4.55978459e-05  2.25698764e-07 -5.61990395e-08 
 5.44025650e-05  8.89024159e-01  8.89443426e-01  8.89190092e-01 -4.99824398e-05  3.22278718e-07 -5.51996349e-08 
 5.44026477e-05  8.89026890e-01  8.89474197e-01  8.89197391e-01 -5.43809698e-05  4.48160392e-07 -5.35069405e-08 
 5.44027432e-05  8.89031440e-01  8.89514406e-01  8.89206846e-01 -5.93161111e-05  6.37790008e-07 -5.05382690e-08 
 5.44028420e-05  8.89040300e-01  8.89559553e-01  8.89217925e-01 -6.44440751e-05  8.85266074e-07 -4.63517053e-08 
 5.44029356e-05  8.89051256e-01  8.89603138e-01  8.89229638e-01 -6.92218688e-05  1.16398760e-06 -4.14957710e-08 
 5.44030399e-05  8.89062056e-01  8.89651337e-01  8.89244072e-01 -7.45293896e-05  1.52190590e-06 -3.52083738e-08 
 5.44031577e-05  8.89071197e-01  8.89704145e-01  8.89261999e-01 -8.03851693e-05  1.97988840e-06 -2.71619206e-08 
 5.44033187e-05  8.89083754e-01  8.89771459e-01  8.89288905e-01 -8.82889363e-05  2.68031867e-06 -1.49169709e-08 
 5.44034642e-05  8.89098253e-01  8.89826245e-01  8.89315224e-01 -9.48852231e-05  3.37070514e-06 -2.94402942e-09 
 5.44036042e-05  8.89113931e-01  8.89872881e-01  8.89341911e-01 -1.00117793e-04  4.06968883e-06  9.06113246e-09 
 5.44037180e-05  8.89128127e-01  8.89904932e-01  8.89364288e-01 -1.02721794e-04  4.64864094e-06  1.88733302e-08 
 5.44037917e-05  8.89136951e-01  8.89921223e-01  8.89378935e-01 -1.02487116e-04  5.01789333e-06  2.50066298e-08 
 5.44038451e-05  8.89143035e-01  8.89928934e-01  8.89389544e-01 -1.00049784e-04  5.27394026e-06  2.91309023e-08 
 5.44038963e-05  8.89147737e-01  8.89930741e-01  8.89399593e-01 -9.52580203e-05  5.49985048e-06  3.25757070e-08 
 5.44039569e-05  8.89151881e-01  8.89923407e-01  8.89411152e-01 -8.70097153e-05  5.73028640e-06  3.57226031e-08 
 5.44040252e-05  8.89154389e-01  8.89902781e-01  8.89423489e-01 -7.58038168e-05  5.93174269e-06  3.78635143e-08 
 5.44041052e-05  8.89154731e-01  8.89866107e-01  8.89436596e-01 -6.22749586e-05  6.08335677e-06  3.84746163e-08 
 5.44042124e-05  8.89151491e-01  8.89807941e-01  8.89451540e-01 -4.64281039e-05  6.15577752e-06  3.66167755e-08 
 5.44042907e-05  8.89147132e-01  8.89766535e-01  8.89460521e-01 -3.76774659e-05  6.12959776e-06  3.38176492e-08 
 5.44043680e-05  8.89141719e-01  8.89731859e-01  8.89467958e-01 -3.13054407e-05  6.05641924e-06  3.03485468e-08 
 5.44044628e-05  8.89134053e-01  8.89700017e-01  8.89475530e-01 -2.59809739e-05  5.92302119e-06  2.55979402e-08 
 5.44045523e-05  8.89126166e-01  8.89680615e-01  8.89481525e-01 -2.28356237e-05  5.76864505e-06  2.09133167e-08 
 5.44046568e-05  8.89116469e-01  8.89669164e-01  8.89487616e-01 -2.06574788e-05  5.57057636e-06  1.54805878e-08 
 5.44047636e-05  8.89106268e-01  8.89666947e-01  8.89493306e-01 -1.94389508e-05  5.35935771e-06  1.00953785e-08 
 5.44048818e-05  8.89094767e-01  8.89672152e-01  8.89499392e-01 -1.87553908e-05  5.12502143e-06  4.41909946e-09 
 5.44050000e-05  8.89083204e-01  8.89682527e-01  8.89505556e-01 -1.84219382e-05  4.89526956e-06 -9.48180864e-10 
 5.44050024e-05  8.89085916e-01  8.89685695e-01  8.89505686e-01 -1.74021141e-05  4.89105894e-06 -9.09930569e-10 
 5.44050072e-05  8.89089874e-01  8.89691653e-01  8.89505950e-01 -1.68711368e-05  4.88267235e-06 -8.43146055e-10 
 5.44050167e-05  8.89092354e-01  8.89701882e-01  8.89506507e-01 -1.64569476e-05  4.86594726e-06 -7.56399438e-10 
 5.44050292e-05  8.89092563e-01  8.89713219e-01  8.89507287e-01 -1.60882711e-05  4.84399065e-06 -6.86672495e-10 
 5.44050541e-05  8.89092793e-01  8.89733398e-01  8.89508991e-01 -1.53737781e-05  4.79997605e-06 -5.87911751e-10 
 5.44051041e-05  8.89092934e-01  8.89766863e-01  8.89512880e-01 -1.43906416e-05  4.71187240e-06 -5.11882248e-10 
 5.44051944e-05  8.89093131e-01  8.89808329e-01  8.89521054e-01 -1.33085745e-05  4.55365100e-06 -6.09763649e-10 
 5.44053751e-05  8.89093297e-01  8.89849200e-01  8.89539418e-01 -1.25771947e-05  4.24758611e-06 -1.12380287e-09 
 5.44056032e-05  8.89093583e-01  8.89869362e-01  8.89563443e-01 -1.24111041e-05  3.88667491e-06 -1.81608677e-09 
 5.44058997e-05  8.89093831e-01  8.89885750e-01  8.89593632e-01 -1.24234578e-05  3.46148301e-06 -2.50991189e-09 
 5.44062941e-05  8.89094235e-01  8.89904116e-01  8.89631190e-01 -1.23926595e-05  2.96635276e-06 -3.14078675e-09 
 5.44070010e-05  8.89094792e-01  8.89931361e-01  8.89691158e-01 -1.24191245e-05  2.24667239e-06 -3.71018635e-09 
 5.44084148e-05  8.89095854e-01  8.89966133e-01  8.89785106e-01 -1.23890880e-05  1.27450024e-06 -3.63783054e-09 
 5.44112424e-05  8.89097270e-01  8.89973564e-01  8.89886433e-01 -1.24148404e-05  3.67745401e-07 -2.10255800e-09 
 5.44168976e-05  8.89098685e-01  8.89838527e-01  8.89860022e-01 -1.23854668e-05 -1.82874538e-08 -1.48203443e-10 
 5.44232724e-05  8.89098850e-01  8.89583997e-01  8.89643418e-01 -1.24129832e-05  1.75523253e-09 -5.82380746e-11 
 5.44316569e-05  8.89098449e-01  8.89260541e-01  8.89310628e-01 -1.23854188e-05 -7.52562187e-10 -2.09716637e-10 
 5.44403176e-05  8.89097787e-01  8.89020149e-01  8.89038341e-01 -1.24139606e-05 -6.70780512e-11 -1.49605441e-10 
 5.44532730e-05  8.89097121e-01  8.88858862e-01  8.88831575e-01 -1.23866584e-05 -1.15588747e-10 -6.59893825e-11 
 5.44704517e-05  8.89096687e-01  8.88894910e-01  8.88832921e-01 -1.24143970e-05  7.28724084e-11  2.11599829e-11 
 5.44954517e-05  8.89096850e-01  8.89102799e-01  8.89035398e-01 -1.23858776e-05  4.74821734e-11  4.84033596e-11 
 5.45204517e-05  8.89097129e-01  8.89233505e-01  8.89182562e-01 -1.24135113e-05  3.40644433e-11  2.14058813e-11 
 5.45454517e-05  8.89097306e-01  8.89231188e-01  8.89191438e-01 -1.23858379e-05 -2.04492211e-11 -4.89502194e-12 
 5.45704517e-05  8.89097227e-01  8.89180113e-01  8.89141029e-01 -1.24139079e-05 -9.98376945e-12 -9.59177719e-12 
 5.45852258e-05  8.89097222e-01  8.89156967e-01  8.89115708e-01 -1.23860972e-05 -1.22267168e-11 -6.00711305e-12 
 5.46000000e-05  8.89097147e-01  8.89146042e-01  8.89102769e-01 -1.24139547e-05 -2.47010030e-12 -2.12106911e-12 
 5.46000068e-05  8.89100538e-01  8.89158060e-01  8.89102799e-01 -7.52516169e-06  1.57718765e-09  3.54207064e-10 
 5.46000204e-05  8.89103864e-01  8.89177997e-01  8.89102911e-01 -7.04131861e-06  4.82574880e-09  1.03233490e-09 
 5.46000443e-05  8.89103997e-01  8.89202677e-01  8.89103321e-01 -6.87398262e-06  1.05294607e-08  2.13774625e-09 
 5.46000691e-05  8.89104702e-01  8.89223722e-01  8.89103965e-01 -6.58418722e-06  1.62436431e-08  3.24621906e-09 
 5.46001186e-05  8.89105716e-01  8.89258131e-01  8.89105780e-01 -6.29218366e-06  2.73604219e-08  5.37689829e-09 
 5.46002139e-05  8.89107747e-01  8.89301501e-01  8.89110627e-01 -5.91783452e-06  4.76843881e-08  9.23209757e-09 
 5.46003632e-05  8.89110873e-01  8.89333992e-01  8.89120060e-01 -5.75564952e-06  7.75420689e-08  1.48352231e-08 
 5.46006618e-05  8.89117158e-01  8.89352654e-01  8.89140215e-01 -5.67598856e-06  1.31812684e-07  2.49617576e-08 
 5.46010428e-05  8.89125132e-01  8.89355142e-01  8.89164177e-01 -5.71509265e-06  1.92358914e-07  3.62307548e-08 
 5.46016625e-05  8.89140517e-01  8.89353504e-01  8.89196309e-01 -6.15229203e-06  2.73316518e-07  5.12390457e-08 
 5.46017545e-05  8.89144783e-01  8.89352519e-01  8.89200364e-01 -6.40849996e-06  2.83512632e-07  5.31168477e-08 
 5.46019385e-05  8.89160239e-01  8.89347959e-01  8.89207846e-01 -7.74806343e-06  3.01511229e-07  5.63450120e-08 
 5.46020649e-05  8.89179379e-01  8.89342236e-01  8.89212424e-01 -9.65192636e-06  3.11373985e-07  5.79892424e-08 
 5.46021734e-05  8.89203433e-01  8.89334484e-01  8.89215883e-01 -1.20290635e-05  3.17322005e-07  5.87984546e-08 
 5.46022827e-05  8.89235077e-01  8.89323315e-01  8.89218817e-01 -1.51349942e-05  3.20174999e-07  5.88363564e-08 
 5.46023920e-05  8.89273473e-01  8.89307966e-01  8.89221058e-01 -1.84582250e-05  3.18981026e-07  5.78534226e-08 
 5.46024961e-05  8.89314586e-01  8.89288549e-01  8.89222392e-01 -2.12242501e-05  3.13130482e-07  5.57048254e-08 
 5.46025972e-05  8.89356904e-01  8.89264114e-01  8.89222768e-01 -2.29002108e-05  3.02018736e-07  5.22007873e-08 
 5.46027071e-05  8.89403598e-01  8.89232286e-01  8.89221950e-01 -2.44609267e-05  2.83378718e-07  4.66857615e-08 
 5.46028306e-05  8.89454991e-01  8.89194381e-01  8.89219391e-01 -2.66887985e-05  2.54712889e-07  3.85477435e-08 
 5.46030032e-05  8.89521896e-01  8.89145603e-01  8.89213130e-01 -3.03426317e-05  2.02678758e-07  2.43432616e-08 
 5.46031544e-05  8.89573216e-01  8.89110246e-01  8.89205516e-01 -3.35963041e-05  1.47152563e-07  9.68979019e-09 
 5.46032888e-05  8.89610669e-01  8.89086490e-01  8.89197576e-01 -3.63063447e-05  9.09903164e-08 -4.59826589e-09 
 5.46033755e-05  8.89627842e-01  8.89075984e-01  8.89192100e-01 -3.77147717e-05  4.96580800e-08 -1.42062056e-08 
 5.46034213e-05  8.89632216e-01  8.89072624e-01  8.89189153e-01 -3.81944117e-05  2.30988686e-08 -1.93227035e-08 
 5.46034612e-05  8.89630600e-01  8.89071675e-01  8.89186598e-01 -3.83007087e-05 -6.84362995e-09 -2.37131843e-08 
 5.46034893e-05  8.89623541e-01  8.89072671e-01  8.89184819e-01 -3.80774715e-05 -3.42399819e-08 -2.67203354e-08 
 5.46035138e-05  8.89610387e-01  8.89075189e-01  8.89183304e-01 -3.76539790e-05 -6.34575906e-08 -2.92126246e-08 
 5.46035362e-05  8.89589524e-01  8.89079415e-01  8.89181963e-01 -3.69853459e-05 -9.40522198e-08 -3.13124340e-08 
 5.46035600e-05  8.89556264e-01  8.89086841e-01  8.89180605e-01 -3.59792560e-05 -1.29307767e-07 -3.32574350e-08 
 5.46035890e-05  8.89504191e-01  8.89101181e-01  8.89179095e-01 -3.43295332e-05 -1.72796446e-07 -3.50589930e-08 
 5.46036180e-05  8.89446149e-01  8.89121909e-01  8.89177800e-01 -3.23399031e-05 -2.13962644e-07 -3.61389247e-08 
 5.46036595e-05  8.89365191e-01  8.89160656e-01  8.89176466e-01 -2.90918814e-05 -2.64439732e-07 -3.64242235e-08 
 5.46036934e-05  8.89306907e-01  8.89197681e-01  8.89175904e-01 -2.63353927e-05 -2.97366157e-07 -3.56925246e-08 
 5.46037237e-05  8.89263241e-01  8.89232429e-01  8.89175841e-01 -2.38821008e-05 -3.20876213e-07 -3.44712082e-08 
 5.46037565e-05  8.89224784e-01  8.89269690e-01  8.89176242e-01 -2.14014679e-05 -3.41152082e-07 -3.27217964e-08 
 5.46037936e-05  8.89191742e-01  8.89309298e-01  8.89177253e-01 -1.88553869e-05 -3.58885122e-07 -3.04106784e-08 
 5.46038300e-05  8.89167997e-01  8.89344487e-01  8.89178773e-01 -1.66919128e-05 -3.72382308e-07 -2.79542453e-08 
 5.46038704e-05  8.89149556e-01  8.89378483e-01  8.89180993e-01 -1.46556294e-05 -3.84219872e-07 -2.51593448e-08 
 5.46039126e-05  8.89136723e-01  8.89408082e-01  8.89183798e-01 -1.29496809e-05 -3.94129481e-07 -2.22866328e-08 
 5.46039617e-05  8.89127442e-01  8.89435745e-01  8.89187566e-01 -1.13982384e-05 -4.03694314e-07 -1.90686462e-08 
 5.46040154e-05  8.89121676e-01  8.89458885e-01  8.89192146e-01 -1.01616530e-05 -4.12573405e-07 -1.57508726e-08 
 5.46040806e-05  8.89118361e-01  8.89479218e-01  8.89198124e-01 -9.12577176e-06 -4.21931835e-07 -1.20157567e-08 
 5.46041559e-05  8.89117138e-01  8.89495275e-01  8.89205385e-01 -8.38347300e-06 -4.31424584e-07 -8.03781713e-09 
 5.46042527e-05  8.89117564e-01  8.89508611e-01  8.89214967e-01 -7.84694534e-06 -4.42103892e-07 -3.34034688e-09 
 5.46043743e-05  8.89119350e-01  8.89519010e-01  8.89227046e-01 -7.54179283e-06 -4.53606231e-07  2.07234707e-09 
 5.46045476e-05  8.89122863e-01  8.89528485e-01  8.89243940e-01 -7.38081245e-06 -4.67941947e-07  9.14447520e-09 
 5.46047738e-05  8.89128444e-01  8.89537292e-01  8.89265105e-01 -7.33202189e-06 -4.90913253e-07  1.75638686e-08 
 5.46050000e-05  8.89135716e-01  8.89544421e-01  8.89285127e-01 -7.30895206e-06 -5.39204270e-07  2.52446017e-08 
 5.46050022e-05  8.89134006e-01  8.89540008e-01  8.89285311e-01 -1.19178431e-05 -5.40390921e-07  2.51956714e-08 
 5.46050066e-05  8.89131212e-01  8.89531957e-01  8.89285673e-01 -1.22164662e-05 -5.42876768e-07  2.51024916e-08 
 5.46050154e-05  8.89128760e-01  8.89519142e-01  8.89286359e-01 -1.23239383e-05 -5.48204792e-07  2.49462980e-08 
 5.46050329e-05  8.89127541e-01  8.89499826e-01  8.89287610e-01 -1.23224034e-05 -5.58904886e-07  2.46895170e-08 
 5.46050627e-05  8.89126185e-01  8.89473911e-01  8.89289443e-01 -1.23936998e-05 -5.76544356e-07  2.43014283e-08 
 5.46051223e-05  8.89124890e-01  8.89434023e-01  8.89292269e-01 -1.23900282e-05 -6.10595681e-07  2.36273605e-08 
 5.46052369e-05  8.89124124e-01  8.89388138e-01  8.89295602e-01 -1.24337049e-05 -6.72641321e-07  2.25214474e-08 
 5.46053576e-05  8.89124107e-01  8.89366715e-01  8.89297363e-01 -1.23956171e-05 -7.34001164e-07  2.14957597e-08 
 5.46055653e-05  8.89123982e-01  8.89354351e-01  8.89298855e-01 -1.24258848e-05 -8.31527818e-07  1.98948238e-08 
 5.46058935e-05  8.89123939e-01  8.89353112e-01  8.89300137e-01 -1.23908117e-05 -9.67032394e-07  1.76798275e-08 
 5.46065501e-05  8.89123744e-01  8.89357700e-01  8.89302645e-01 -1.24227353e-05 -1.18110477e-06  1.41193941e-08 
 5.46078631e-05  8.89123645e-01  8.89367014e-01  8.89308988e-01 -1.23872013e-05 -1.44521978e-06  9.44354245e-09 
 5.46104892e-05  8.89123605e-01  8.89386545e-01  8.89325053e-01 -1.24178713e-05 -1.61753882e-06  5.26764609e-09 
 5.46157415e-05  8.89124152e-01  8.89419821e-01  8.89359544e-01 -1.23823788e-05 -1.50255054e-06  3.42842673e-09 
 5.46257535e-05  8.89125232e-01  8.89439930e-01  8.89394041e-01 -1.24146413e-05 -1.12479314e-06  2.77170765e-09 
 5.46397582e-05  8.89126410e-01  8.89378440e-01  8.89350821e-01 -1.23815580e-05 -7.61673683e-07  1.76594266e-09 
 5.46594442e-05  8.89127129e-01  8.89226916e-01  8.89203121e-01 -1.24156814e-05 -4.35019094e-07  1.01745079e-09 
 5.46844442e-05  8.89127502e-01  8.89096693e-01  8.89060166e-01 -1.23831815e-05 -2.14034226e-07  4.76358030e-10 
 5.47094442e-05  8.89127602e-01  8.89081176e-01  8.89034026e-01 -1.24166888e-05 -1.04486990e-07  2.61980892e-10 
 5.47344442e-05  8.89127810e-01  8.89117905e-01  8.89069129e-01 -1.23834367e-05 -5.18130992e-08  1.27087000e-10 
 5.47594442e-05  8.89127888e-01  8.89145201e-01  8.89099078e-01 -1.24167405e-05 -2.51996186e-08  7.02135785e-11 
 5.47844442e-05  8.89128002e-01  8.89148956e-01  8.89104986e-01 -1.23835517e-05 -1.26089242e-08  2.81211048e-11 
 5.48094442e-05  8.89127967e-01  8.89142604e-01  8.89098884e-01 -1.24168766e-05 -6.06889049e-09  1.62854781e-11 
 5.48344442e-05  8.89128015e-01  8.89138304e-01  8.89094076e-01 -1.23836415e-05 -3.08739971e-09  6.77734030e-12 
 5.48594442e-05  8.89127964e-01  8.89138695e-01  8.89094024e-01 -1.24169015e-05 -1.45085259e-09  5.97135476e-12 
 5.48844442e-05  8.89128018e-01  8.89140823e-01  8.89096158e-01 -1.23836400e-05 -7.63623109e-10  3.14030410e-12 
 5.49094442e-05  8.89127972e-01  8.89142420e-01  8.89097839e-01 -1.24168949e-05 -3.40006190e-10  2.77507433e-12 
 5.49344442e-05  8.89128024e-01  8.89142923e-01  8.89098468e-01 -1.23836436e-05 -1.94114677e-10  1.74576320e-12 
 5.49594442e-05  8.89127974e-01  8.89143082e-01  8.89098601e-01 -1.24168969e-05 -7.52675513e-11  1.64590319e-12 
 5.49844442e-05  8.89128025e-01  8.89143241e-01  8.89098777e-01 -1.23836479e-05 -5.31038293e-11  1.57066103e-12 
 5.50094442e-05  8.89127974e-01  8.89143618e-01  8.89099106e-01 -1.24168957e-05 -1.30991186e-11  1.44037283e-12 
 5.50344442e-05  8.89128026e-01  8.89143953e-01  8.89099480e-01 -1.23836492e-05 -1.74502006e-11  1.59720257e-12 
 5.50594442e-05  8.89127975e-01  8.89144293e-01  8.89099793e-01 -1.24168939e-05  1.01059742e-12  1.33443625e-12 
 5.50844442e-05  8.89128026e-01  8.89144497e-01  8.89100038e-01 -1.23836508e-05 -8.16857584e-12  1.58700462e-12 
 5.51094442e-05  8.89127976e-01  8.89144727e-01  8.89100236e-01 -1.24168925e-05  3.94429801e-12  1.28170104e-12 
 5.51344442e-05  8.89128027e-01  8.89144873e-01  8.89100417e-01 -1.23836524e-05 -5.62003720e-12  1.59198094e-12 
 5.51594442e-05  8.89127976e-01  8.89145070e-01  8.89100583e-01 -1.24168910e-05  4.42982760e-12  1.26262060e-12 
 5.51844442e-05  8.89128027e-01  8.89145187e-01  8.89100734e-01 -1.23836540e-05 -4.85973913e-12  1.59434060e-12 
 5.52094442e-05  8.89127977e-01  8.89145349e-01  8.89100865e-01 -1.24168895e-05  4.43596310e-12  1.24945426e-12 
 5.52344442e-05  8.89128028e-01  8.89145432e-01  8.89100982e-01 -1.23836555e-05 -4.61254494e-12  1.59260181e-12 
 5.52594442e-05  8.89127977e-01  8.89145562e-01  8.89101082e-01 -1.24168880e-05  4.38017656e-12  1.24081837e-12 
 5.52844442e-05  8.89128028e-01  8.89145621e-01  8.89101173e-01 -1.23836571e-05 -4.52446110e-12  1.59098646e-12 
 5.53094442e-05  8.89127978e-01  8.89145730e-01  8.89101252e-01 -1.24168865e-05  4.33692210e-12  1.23513987e-12 
 5.53344442e-05  8.89128028e-01  8.89145771e-01  8.89101324e-01 -1.23836586e-05 -4.49071206e-12  1.58938281e-12 
 5.53594442e-05  8.89127978e-01  8.89145861e-01  8.89101385e-01 -1.24168850e-05  4.30988079e-12  1.23081954e-12 
 5.53844442e-05  8.89128029e-01  8.89145888e-01  8.89101442e-01 -1.23836601e-05 -4.47730351e-12  1.58794917e-12 
 5.54094442e-05  8.89127978e-01  8.89145964e-01  8.89101490e-01 -1.24168834e-05  4.29325889e-12  1.22747976e-12 
 5.54344442e-05  8.89128029e-01  8.89145979e-01  8.89101534e-01 -1.23836617e-05 -4.47186689e-12  1.58686757e-12 
 5.54594442e-05  8.89127978e-01  8.89146044e-01  8.89101571e-01 -1.24168819e-05  4.28257148e-12  1.22483577e-12 
 5.54844442e-05  8.89128029e-01  8.89146051e-01  8.89101606e-01 -1.23836632e-05 -4.46954019e-12  1.58608890e-12 
 5.55094442e-05  8.89127979e-01  8.89146107e-01  8.89101635e-01 -1.24168804e-05  4.27503107e-12  1.22267870e-12 
 5.55344442e-05  8.89128029e-01  8.89146107e-01  8.89101663e-01 -1.23836647e-05 -4.46829010e-12  1.58556870e-12 
 5.55594442e-05  8.89127979e-01  8.89146156e-01  8.89101686e-01 -1.24168789e-05  4.26934790e-12  1.22089491e-12 
 5.55844442e-05  8.89128029e-01  8.89146151e-01  8.89101707e-01 -1.23836662e-05 -4.46722997e-12  1.58526247e-12 
 5.56094442e-05  8.89127979e-01  8.89146194e-01  8.89101725e-01 -1.24168774e-05  4.26475587e-12  1.21939909e-12 
 5.56344442e-05  8.89128030e-01  8.89146186e-01  8.89101742e-01 -1.23836677e-05 -4.46605925e-12  1.58512233e-12 
 5.56594442e-05  8.89127979e-01  8.89146225e-01  8.89101756e-01 -1.24168759e-05  4.26070659e-12  1.21812971e-12 
 5.56844442e-05  8.89128030e-01  8.89146213e-01  8.89101769e-01 -1.23836693e-05 -4.46472655e-12  1.58510921e-12 
 5.57094442e-05  8.89127979e-01  8.89146248e-01  8.89101780e-01 -1.24168744e-05  4.25719724e-12  1.21704209e-12 
 5.57344442e-05  8.89128030e-01  8.89146234e-01  8.89101790e-01 -1.23836708e-05 -4.46305406e-12  1.58519205e-12 
 5.57594442e-05  8.89127980e-01  8.89146266e-01  8.89101799e-01 -1.24168729e-05  4.25389997e-12  1.21610008e-12 
 5.57844442e-05  8.89128030e-01  8.89146251e-01  8.89101807e-01 -1.23836723e-05 -4.46127206e-12  1.58534481e-12 
 5.58094442e-05  8.89127980e-01  8.89146281e-01  8.89101813e-01 -1.24168714e-05  4.25072651e-12  1.21527707e-12 
 5.58344442e-05  8.89128030e-01  8.89146264e-01  8.89101820e-01 -1.23836738e-05 -4.45931074e-12  1.58554924e-12 
 5.58594442e-05  8.89127980e-01  8.89146292e-01  8.89101825e-01 -1.24168699e-05  4.24777726e-12  1.21455081e-12 
 5.58844442e-05  8.89128031e-01  8.89146275e-01  8.89101830e-01 -1.23836753e-05 -4.45712456e-12  1.58578700e-12 
 5.59094442e-05  8.89127980e-01  8.89146301e-01  8.89101834e-01 -1.24168684e-05  4.24488309e-12  1.21390631e-12 
 5.59344442e-05  8.89128031e-01  8.89146283e-01  8.89101839e-01 -1.23836768e-05 -4.45491300e-12  1.58604830e-12 
 5.59594442e-05  8.89127980e-01  8.89146308e-01  8.89101841e-01 -1.24168669e-05  4.24199304e-12  1.21332946e-12 
 5.59844442e-05  8.89128031e-01  8.89146289e-01  8.89101845e-01 -1.23836783e-05 -4.45258977e-12  1.58632292e-12 
 5.60094442e-05  8.89127980e-01  8.89146313e-01  8.89101847e-01 -1.24168654e-05  4.23920361e-12  1.21281023e-12 
 5.60344442e-05  8.89128031e-01  8.89146295e-01  8.89101850e-01 -1.23836798e-05 -4.45010890e-12  1.58660487e-12 
 5.60594442e-05  8.89127981e-01  8.89146317e-01  8.89101851e-01 -1.24168639e-05  4.23649635e-12  1.21233882e-12 
 5.60844442e-05  8.89128031e-01  8.89146299e-01  8.89101854e-01 -1.23836813e-05 -4.44751918e-12  1.58688703e-12 
 5.61094442e-05  8.89127981e-01  8.89146321e-01  8.89101855e-01 -1.24168624e-05  4.23380840e-12  1.21190986e-12 
 5.61344442e-05  8.89128031e-01  8.89146302e-01  8.89101857e-01 -1.23836828e-05 -4.44497781e-12  1.58716676e-12 
 5.61594442e-05  8.89127981e-01  8.89146323e-01  8.89101858e-01 -1.24168609e-05  4.23105149e-12  1.21151727e-12 
 5.61844442e-05  8.89128032e-01  8.89146305e-01  8.89101860e-01 -1.23836843e-05 -4.44236553e-12  1.58744074e-12 
 5.62094442e-05  8.89127981e-01  8.89146325e-01  8.89101860e-01 -1.24168594e-05  4.22838305e-12  1.21115655e-12 
 5.62344442e-05  8.89128032e-01  8.89146307e-01  8.89101861e-01 -1.23836858e-05 -4.43962011e-12  1.58770696e-12 
 5.62594442e-05  8.89127981e-01  8.89146327e-01  8.89101862e-01 -1.24168579e-05  4.22570225e-12  1.21082387e-12 
 5.62844442e-05  8.89128032e-01  8.89146309e-01  8.89101863e-01 -1.23836873e-05 -4.43691741e-12  1.58796392e-12 
 5.63094442e-05  8.89127982e-01  8.89146328e-01  8.89101863e-01 -1.24168564e-05  4.22305181e-12  1.21051677e-12 
 5.63344442e-05  8.89128032e-01  8.89146310e-01  8.89101864e-01 -1.23836888e-05 -4.43412581e-12  1.58821063e-12 
 5.63594442e-05  8.89127982e-01  8.89146329e-01  8.89101865e-01 -1.24168549e-05  4.22039357e-12  1.21023298e-12 
 5.63844442e-05  8.89128032e-01  8.89146311e-01  8.89101865e-01 -1.23836903e-05 -4.43131165e-12  1.58844644e-12 
 5.64094442e-05  8.89127982e-01  8.89146330e-01  8.89101865e-01 -1.24168534e-05  4.21771971e-12  1.20996865e-12 
 5.64344442e-05  8.89128033e-01  8.89146312e-01  8.89101866e-01 -1.23836918e-05 -4.42852959e-12  1.58867071e-12 
 5.64594442e-05  8.89127982e-01  8.89146330e-01  8.89101866e-01 -1.24168519e-05  4.21500833e-12  1.20972308e-12 
 5.64844442e-05  8.89128033e-01  8.89146313e-01  8.89101867e-01 -1.23836933e-05 -4.42568465e-12  1.58888343e-12 
 5.65094442e-05  8.89127982e-01  8.89146331e-01  8.89101867e-01 -1.24168504e-05  4.21234315e-12  1.20949583e-12 
 5.65344442e-05  8.89128033e-01  8.89146314e-01  8.89101868e-01 -1.23836948e-05 -4.42286507e-12  1.58908450e-12 
 5.65594442e-05  8.89127982e-01  8.89146331e-01  8.89101867e-01 -1.24168489e-05  4.20957214e-12  1.20928392e-12 
 5.65797221e-05  8.89128033e-01  8.89146314e-01  8.89101868e-01 -1.23836964e-05 -4.45146480e-12  1.58929163e-12 
 5.66000000e-05  8.89127983e-01  8.89146331e-01  8.89101868e-01 -1.24168470e-05  4.18855705e-12  1.20903217e-12 
 5.66000134e-05  8.89122598e-01  8.89125673e-01  8.89101758e-01 -1.72760695e-05 -3.74992345e-09 -6.74525937e-10 
 5.66000402e-05  8.89117856e-01  8.89093522e-01  8.89101368e-01 -1.75104015e-05 -1.16391118e-08 -1.94438581e-09 
 5.66000937e-05  8.89116171e-01  8.89051285e-01  8.89099811e-01 -1.74351399e-05 -2.68944265e-08 -4.27881309e-09 
 5.66001663e-05  8.89112939e-01  8.89009943e-01  8.89096559e-01 -1.75574476e-05 -4.59505659e-08 -7.27474272e-09 
 5.66002852e-05  8.89110831e-01  8.88972140e-01  8.89089591e-01 -1.74751540e-05 -7.51772552e-08 -1.18786444e-08 
 5.66004285e-05  8.89107257e-01  8.88951586e-01  8.89079995e-01 -1.75600069e-05 -1.07319982e-07 -1.70914089e-08 
 5.66006987e-05  8.89102150e-01  8.88938953e-01  8.89061623e-01 -1.75050916e-05 -1.60588222e-07 -2.60830209e-08 
 5.66012092e-05  8.89091568e-01  8.88935274e-01  8.89030319e-01 -1.77972688e-05 -2.40078492e-07 -4.06068167e-08 
 5.66014350e-05  8.89088454e-01  8.88935981e-01  8.89018297e-01 -1.81960631e-05 -2.68619239e-07 -4.60814282e-08 
 5.66016330e-05  8.89087118e-01  8.88937571e-01  8.89008700e-01 -1.94178294e-05 -2.90326121e-07 -5.04069367e-08 
 5.66017722e-05  8.89089059e-01  8.88940051e-01  8.89002504e-01 -2.10302249e-05 -3.03251679e-07 -5.31304141e-08 
 5.66019038e-05  8.89092904e-01  8.88943554e-01  8.88997112e-01 -2.35888242e-05 -3.12791599e-07 -5.54113950e-08 
 5.66020398e-05  8.89100339e-01  8.88949018e-01  8.88992066e-01 -2.72372132e-05 -3.19068968e-07 -5.73986215e-08 
 5.66021676e-05  8.89109146e-01  8.88955975e-01  8.88987877e-01 -3.17877434e-05 -3.20393647e-07 -5.88511822e-08 
 5.66022787e-05  8.89117851e-01  8.88963997e-01  8.88984733e-01 -3.64250998e-05 -3.16739326e-07 -5.96932284e-08 
 5.66023733e-05  8.89124271e-01  8.88972640e-01  8.88982471e-01 -4.08968940e-05 -3.08774627e-07 -6.00121854e-08 
 5.66024557e-05  8.89128192e-01  8.88982033e-01  8.88980865e-01 -4.49836703e-05 -2.97043650e-07 -5.98942546e-08 
 5.66025299e-05  8.89128846e-01  8.88992470e-01  8.88979751e-01 -4.88149420e-05 -2.81409859e-07 -5.93764657e-08 
 5.66026007e-05  8.89126142e-01  8.89004639e-01  8.88979035e-01 -5.24184892e-05 -2.60959400e-07 -5.84170827e-08 
 5.66026758e-05  8.89119887e-01  8.89020337e-01  8.88978710e-01 -5.61963774e-05 -2.32314375e-07 -5.67924169e-08 
 5.66027550e-05  8.89112524e-01  8.89039517e-01  8.88978921e-01 -6.00609515e-05 -1.94812886e-07 -5.43618132e-08 
 5.66028580e-05  8.89105162e-01  8.89066272e-01  8.88980112e-01 -6.50427624e-05 -1.39164345e-07 -5.02141773e-08 
 5.66029524e-05  8.89100544e-01  8.89090797e-01  8.88982114e-01 -6.94986028e-05 -8.86501336e-08 -4.55818277e-08 
 5.66030578e-05  8.89097521e-01  8.89116842e-01  8.88985301e-01 -7.43605561e-05 -4.29054636e-08 -3.96552190e-08 
 5.66031693e-05  8.89096948e-01  8.89141879e-01  8.88989647e-01 -7.93853478e-05 -9.78813614e-09 -3.26678880e-08 
 5.66032822e-05  8.89099386e-01  8.89163591e-01  8.88994888e-01 -8.44332690e-05  1.46843201e-08 -2.50026085e-08 
 5.66034222e-05  8.89104546e-01  8.89184794e-01  8.89002233e-01 -9.02273831e-05  4.28865836e-08 -1.48945451e-08 
 5.66035568e-05  8.89110980e-01  8.89198860e-01  8.89009844e-01 -9.48463970e-05  7.14944721e-08 -4.75856150e-09 
 5.66036603e-05  8.89116108e-01  8.89204625e-01  8.89015827e-01 -9.70480298e-05  9.46029546e-08  3.09431187e-09 
 5.66037309e-05  8.89119638e-01  8.89204979e-01  8.89019851e-01 -9.70525307e-05  1.10264758e-07  8.30040626e-09 
 5.66037841e-05  8.89121882e-01  8.89201991e-01  8.89022779e-01 -9.50331835e-05  1.21445024e-07  1.19616164e-08 
 5.66038343e-05  8.89123584e-01  8.89194717e-01  8.89025384e-01 -9.07387408e-05  1.30679991e-07  1.49932664e-08 
 5.66038911e-05  8.89124701e-01  8.89178958e-01  8.89028016e-01 -8.33233442e-05  1.38775128e-07  1.76648529e-08 
 5.66039586e-05  8.89125187e-01  8.89149322e-01  8.89030456e-01 -7.25556896e-05  1.44279913e-07  1.95671506e-08 
 5.66040309e-05  8.89124821e-01  8.89107083e-01  8.89031977e-01 -6.04936920e-05  1.45143299e-07  2.00711676e-08 
 5.66041321e-05  8.89123406e-01  8.89040011e-01  8.89031863e-01 -4.56540023e-05  1.38597923e-07  1.85526151e-08 
 5.66042148e-05  8.89121778e-01  8.88985951e-01  8.89029801e-01 -3.65566729e-05  1.27977288e-07  1.59074999e-08 
 5.66042893e-05  8.89120209e-01  8.88942911e-01  8.89026576e-01 -3.07038716e-05  1.15636470e-07  1.29058941e-08 
 5.66043720e-05  8.89118380e-01  8.88903456e-01  8.89021762e-01 -2.62597565e-05  9.99701415e-08  9.24639617e-09 
 5.66044609e-05  8.89116434e-01  8.88870727e-01  8.89015509e-01 -2.32710307e-05  8.17337464e-08  5.20244847e-09 
 5.66045566e-05  8.89114324e-01  8.88845060e-01  8.89007919e-01 -2.13840109e-05  6.12461109e-08  9.03881416e-10 
 5.66046622e-05  8.89112033e-01  8.88825491e-01  8.88998936e-01 -2.02687146e-05  3.82585473e-08 -3.65690412e-09 
 5.66047831e-05  8.89109407e-01  8.88810768e-01  8.88988301e-01 -1.96445965e-05  1.20658467e-08 -8.59345640e-09 
 5.66048915e-05  8.89107079e-01  8.88802014e-01  8.88978690e-01 -1.93967683e-05 -1.10192522e-08 -1.27701909e-08 
 5.66050000e-05  8.89104741e-01  8.88795756e-01  8.88969167e-01 -1.92746638e-05 -3.35036977e-08 -1.67302417e-08 
 5.66050015e-05  8.89105908e-01  8.88798816e-01  8.88969039e-01 -1.47069352e-05 -3.34800588e-08 -1.67014325e-08 
 5.66050045e-05  8.89107895e-01  8.88804530e-01  8.88968787e-01 -1.44054005e-05 -3.34110424e-08 -1.66455609e-08 
 5.66050104e-05  8.89109943e-01  8.88814168e-01  8.88968301e-01 -1.41005385e-05 -3.31940517e-08 -1.65481192e-08 
 5.66050190e-05  8.89110592e-01  8.88825193e-01  8.88967643e-01 -1.40011176e-05 -3.28570461e-08 -1.64354261e-08 
 5.66050317e-05  8.89110735e-01  8.88838583e-01  8.88966731e-01 -1.38029848e-05 -3.23970942e-08 -1.62873370e-08 
 5.66050570e-05  8.89110764e-01  8.88861079e-01  8.88965102e-01 -1.35467580e-05 -3.15690727e-08 -1.60179306e-08 
 5.66051078e-05  8.89110808e-01  8.88896579e-01  8.88962475e-01 -1.31172805e-05 -3.01963753e-08 -1.55505430e-08 
 5.66052092e-05  8.89110796e-01  8.88941681e-01  8.88958983e-01 -1.26978702e-05 -2.81536987e-08 -1.47882207e-08 
 5.66054122e-05  8.89110811e-01  8.88976489e-01  8.88955523e-01 -1.24100823e-05 -2.53647299e-08 -1.35760065e-08 
 5.66056804e-05  8.89110827e-01  8.88982277e-01  8.88953427e-01 -1.24054900e-05 -2.26540843e-08 -1.22171960e-08 
 5.66060403e-05  8.89110872e-01  8.88979726e-01  8.88951161e-01 -1.23846610e-05 -1.96240638e-08 -1.06005677e-08 
 5.66065712e-05  8.89110905e-01  8.88975021e-01  8.88947660e-01 -1.24047601e-05 -1.59287939e-08 -8.58959137e-09 
 5.66076331e-05  8.89110983e-01  8.88965541e-01  8.88940013e-01 -1.23857224e-05 -1.04559226e-08 -5.61403818e-09 
 5.66097568e-05  8.89111046e-01  8.88946603e-01  8.88923087e-01 -1.24067907e-05 -4.33255990e-09 -2.30264035e-09 
 5.66140043e-05  8.89111067e-01  8.88913093e-01  8.88888469e-01 -1.23884357e-05 -4.34271986e-10 -2.20572358e-10 
 5.66224993e-05  8.89110892e-01  8.88877888e-01  8.88841355e-01 -1.24095336e-05  7.46739192e-11  2.62949876e-11 
 5.66369516e-05  8.89110674e-01  8.88912427e-01  8.88855263e-01 -1.23900635e-05 -1.80925641e-11 -1.42549492e-11 
 5.66548545e-05  8.89110684e-01  8.89037563e-01  8.88972964e-01 -1.24097352e-05  8.39327492e-11  5.33968300e-11 
 5.66798545e-05  8.89110945e-01  8.89178183e-01  8.89123725e-01 -1.23897013e-05  1.25995622e-11  1.67723757e-11 
 5.67048545e-05  8.89111103e-01  8.89209659e-01  8.89166623e-01 -1.24096530e-05  9.65137258e-12  8.55825214e-12 
 5.67298545e-05  8.89111122e-01  8.89177192e-01  8.89137198e-01 -1.23899976e-05 -2.08538983e-11 -1.12274307e-11 
 5.67548545e-05  8.89111056e-01  8.89145825e-01  8.89103622e-01 -1.24099341e-05 -1.14882778e-12 -1.26409641e-12 
 5.67774273e-05  8.89111033e-01  8.89137434e-01  8.89093066e-01 -1.23900789e-05 -4.33385619e-12 -1.27773334e-12 
 5.68000000e-05  8.89111017e-01  8.89140527e-01  8.89095456e-01 -1.24098913e-05  4.38125274e-12  3.67420428e-12 
 5.68000122e-05  8.89118603e-01  8.89152885e-01  8.89095519e-01 -1.08082039e-05  1.84531011e-09  6.68686604e-10 
 5.68000365e-05  8.89125145e-01  8.89173548e-01  8.89095744e-01 -9.83511167e-06  5.36622551e-09  1.89861933e-09 
 5.68000851e-05  8.89128391e-01  8.89203238e-01  8.89096673e-01 -8.89612505e-06  1.11417886e-08  4.10094559e-09 
 5.68001331e-05  8.89134356e-01  8.89224842e-01  8.89098059e-01 -8.07641515e-06  1.55455350e-08  6.12527664e-09 
 5.68002291e-05  8.89143126e-01  8.89248511e-01  8.89101606e-01 -7.38081408e-06  2.21330101e-08  9.83702977e-09 
 5.68004210e-05  8.89162896e-01  8.89255706e-01  8.89109446e-01 -6.77537691e-06  3.08859861e-08  1.65578940e-08 
 5.68006761e-05  8.89187628e-01  8.89234160e-01  8.89118284e-01 -6.79043642e-06  3.91575078e-08  2.45873356e-08 
 5.68010086e-05  8.89221173e-01  8.89195066e-01  8.89124754e-01 -6.71918678e-06  4.84086025e-08  3.39301673e-08 
 5.68014792e-05  8.89267766e-01  8.89131801e-01  8.89123760e-01 -6.91234006e-06  5.97586207e-08  4.52144937e-08 
 5.68015967e-05  8.89280741e-01  8.89114721e-01  8.89121695e-01 -6.94225279e-06  6.16790383e-08  4.76981188e-08 
 5.68018317e-05  8.89310155e-01  8.89077726e-01  8.89115418e-01 -7.84429157e-06  5.55164368e-08  5.21021718e-08 
 5.68019643e-05  8.89333819e-01  8.89054321e-01  8.89110569e-01 -8.93748710e-06  3.86641476e-08  5.41133871e-08 
 5.68020763e-05  8.89359559e-01  8.89031818e-01  8.89105665e-01 -1.06793899e-05  6.95803115e-09  5.53221546e-08 
 5.68021871e-05  8.89392299e-01  8.89006162e-01  8.89099978e-01 -1.30100357e-05 -5.01075236e-08  5.58714475e-08 
 5.68023015e-05  8.89432827e-01  8.88975305e-01  8.89093103e-01 -1.61587049e-05 -1.47589878e-07  5.55098510e-08 
 5.68024147e-05  8.89478945e-01  8.88939307e-01  8.89085123e-01 -1.93354270e-05 -2.96329832e-07  5.39406769e-08 
 5.68025223e-05  8.89525630e-01  8.88898838e-01  8.89076248e-01 -2.18641339e-05 -5.01031212e-07  5.10127897e-08 
 5.68026283e-05  8.89572121e-01  8.88851884e-01  8.89066060e-01 -2.32419313e-05 -7.77862877e-07  4.64565359e-08 
 5.68027415e-05  8.89619889e-01  8.88795709e-01  8.89053366e-01 -2.47004737e-05 -1.16369462e-06  3.96627998e-08 
 5.68028802e-05  8.89673850e-01  8.88724557e-01  8.89035147e-01 -2.69897434e-05 -1.75765024e-06  2.89115248e-08 
 5.68030307e-05  8.89724396e-01  8.88650392e-01  8.89012230e-01 -2.99401316e-05 -2.53800693e-06  1.46900707e-08 
 5.68031741e-05  8.89763254e-01  8.88585410e-01  8.88987760e-01 -3.27687877e-05 -3.39384644e-06 -8.65708810e-10 
 5.68033072e-05  8.89789257e-01  8.88531657e-01  8.88963188e-01 -3.53078566e-05 -4.26732468e-06 -1.66395496e-08 
 5.68034130e-05  8.89799105e-01  8.88494669e-01  8.88942709e-01 -3.69759570e-05 -4.99989612e-06 -2.97635780e-08 
 5.68034679e-05  8.89795028e-01  8.88478378e-01  8.88931817e-01 -3.75673892e-05 -5.38763551e-06 -3.66646994e-08 
 5.68035067e-05  8.89783704e-01  8.88468878e-01  8.88924077e-01 -3.76903741e-05 -5.65917152e-06 -4.14719930e-08 
 5.68035381e-05  8.89765128e-01  8.88463179e-01  8.88917821e-01 -3.75285178e-05 -5.87325005e-06 -4.52389378e-08 
 5.68035653e-05  8.89738413e-01  8.88460351e-01  8.88912394e-01 -3.71023907e-05 -6.05171901e-06 -4.83496750e-08 
 5.68035918e-05  8.89699647e-01  8.88460528e-01  8.88907170e-01 -3.63764759e-05 -6.21270464e-06 -5.11013246e-08 
 5.68036205e-05  8.89642910e-01  8.88465564e-01  8.88901579e-01 -3.51854915e-05 -6.36737624e-06 -5.36188045e-08 
 5.68036543e-05  8.89565601e-01  8.88479768e-01  8.88895227e-01 -3.33141514e-05 -6.51462241e-06 -5.57133363e-08 
 5.68036904e-05  8.89482539e-01  8.88504821e-01  8.88888813e-01 -3.09051211e-05 -6.62779272e-06 -5.68084995e-08 
 5.68037466e-05  8.89371303e-01  8.88557575e-01  8.88879878e-01 -2.67419782e-05 -6.71911368e-06 -5.63772029e-08 
 5.68037843e-05  8.89315018e-01  8.88597737e-01  8.88874689e-01 -2.39509022e-05 -6.73050890e-06 -5.48936379e-08 
 5.68038200e-05  8.89275658e-01  8.88635196e-01  8.88870401e-01 -2.14543806e-05 -6.71331639e-06 -5.29020791e-08 
 5.68038648e-05  8.89242130e-01  8.88678276e-01  8.88865811e-01 -1.86816551e-05 -6.66328782e-06 -4.99063283e-08 
 5.68039064e-05  8.89224347e-01  8.88712627e-01  8.88862266e-01 -1.64904606e-05 -6.59660084e-06 -4.68642472e-08 
 5.68039557e-05  8.89214806e-01  8.88745400e-01  8.88858800e-01 -1.43958794e-05 -6.50160612e-06 -4.31756408e-08 
 5.68040051e-05  8.89214303e-01  8.88770023e-01  8.88855949e-01 -1.27618570e-05 -6.39548845e-06 -3.95209343e-08 
 5.68040659e-05  8.89221147e-01  8.88790509e-01  8.88853063e-01 -1.13020063e-05 -6.25759499e-06 -3.52163722e-08 
 5.68041319e-05  8.89234405e-01  8.88803077e-01  8.88850441e-01 -1.02225107e-05 -6.10439812e-06 -3.08264198e-08 
 5.68042158e-05  8.89255573e-01  8.88808920e-01  8.88847506e-01 -9.37957290e-06 -5.90962719e-06 -2.56424116e-08 
 5.68043145e-05  8.89283683e-01  8.88806573e-01  8.88844246e-01 -8.83782813e-06 -5.68504345e-06 -2.00266640e-08 
 5.68044490e-05  8.89324180e-01  8.88794942e-01  8.88839638e-01 -8.50904958e-06 -5.39033472e-06 -1.30086154e-08 
 5.68046278e-05  8.89380788e-01  8.88772802e-01  8.88832719e-01 -8.35515598e-06 -5.02055780e-06 -4.51539818e-09 
 5.68048139e-05  8.89444597e-01  8.88746594e-01  8.88824290e-01 -8.31408400e-06 -4.66176581e-06  3.52793663e-09 
 5.68050000e-05  8.89519270e-01  8.88719029e-01  8.88814536e-01 -8.29031972e-06 -4.32801563e-06  1.08642091e-08 
 5.68050031e-05  8.89516596e-01  8.88714843e-01  8.88814357e-01 -9.34246942e-06 -4.32310083e-06  1.07945650e-08 
 5.68050093e-05  8.89513343e-01  8.88707080e-01  8.88813991e-01 -9.82386046e-06 -4.31326863e-06  1.06721041e-08 
 5.68050217e-05  8.89514347e-01  8.88694082e-01  8.88813209e-01 -1.00792068e-05 -4.29350844e-06  1.04992015e-08 
 5.68050456e-05  8.89520854e-01  8.88673176e-01  8.88811556e-01 -1.05399213e-05 -4.25529577e-06  1.02531250e-08 
 5.68050804e-05  8.89530445e-01  8.88646929e-01  8.88808849e-01 -1.10393368e-05 -4.19946382e-06  9.97328639e-09 
 5.68051499e-05  8.89551559e-01  8.88606930e-01  8.88802638e-01 -1.16810517e-05 -4.08851957e-06  9.60204746e-09 
 5.68052890e-05  8.89594839e-01  8.88561061e-01  8.88788396e-01 -1.22331075e-05 -3.87319887e-06  9.17198735e-09 
 5.68054504e-05  8.89645433e-01  8.88537665e-01  8.88770670e-01 -1.23728029e-05 -3.63666999e-06  8.83723049e-09 
 5.68057390e-05  8.89734165e-01  8.88517575e-01  8.88739288e-01 -1.24080202e-05 -3.24862571e-06  8.24447983e-09 
 5.68060514e-05  8.89828729e-01  8.88503916e-01  8.88707184e-01 -1.23954655e-05 -2.87503551e-06  7.57679905e-09 
 5.68066478e-05  8.90003843e-01  8.88482522e-01  8.88652111e-01 -1.24005918e-05 -2.27518253e-06  6.28226717e-09 
 5.68075927e-05  8.90268644e-01  8.88459616e-01  8.88580436e-01 -1.23927300e-05 -1.56629916e-06  4.35228702e-09 
 5.68094825e-05  8.90753472e-01  8.88448000e-01  8.88486598e-01 -1.23967644e-05 -7.21848768e-07  1.30397283e-09 
 5.68132622e-05  8.91569460e-01  8.88526855e-01  8.88449064e-01 -1.23883105e-05 -1.08698267e-07 -1.68524708e-09 
 5.68196255e-05  8.92578818e-01  8.88850651e-01  8.88667752e-01 -1.23938497e-05  1.20846158e-08 -2.02091065e-09 
 5.68266535e-05  8.93310364e-01  8.89354516e-01  8.89123961e-01 -1.23877344e-05 -1.32494796e-09 -1.01049596e-09 
 5.68353055e-05  8.93862844e-01  8.90046992e-01  8.89798678e-01 -1.23944001e-05  1.05735124e-09 -3.70090546e-10 
 5.68462390e-05  8.94242673e-01  8.90906014e-01  8.90667834e-01 -1.23886388e-05  3.89807570e-10  1.25537176e-11 
 5.68640229e-05  8.94504412e-01  8.92030104e-01  8.91847493e-01 -1.23963595e-05  4.97893419e-10  1.91451124e-10 
 5.68863364e-05  8.94591220e-01  8.92815758e-01  8.92714795e-01 -1.23921691e-05  1.13800143e-10  1.20163888e-10 
 5.69113093e-05  8.94607872e-01  8.93067844e-01  8.93018678e-01 -1.24007196e-05  5.18196248e-11  1.63646710e-11 
 5.69363093e-05  8.94609995e-01  8.93084576e-01  8.93040145e-01 -1.23956681e-05 -2.90015221e-11 -5.31664876e-12 
 5.69613093e-05  8.94609974e-01  8.93158246e-01  8.93101165e-01 -1.24023793e-05  4.48485242e-11  1.64262592e-11 
 5.69863093e-05  8.94610161e-01  8.93324656e-01  8.93260543e-01 -1.23958991e-05  4.29129083e-11  3.52326257e-11 
 5.70113093e-05  8.94610152e-01  8.93508990e-01  8.93446563e-01 -1.24021085e-05  5.40046432e-11  3.40439043e-11 
 5.70363093e-05  8.94610416e-01  8.93658686e-01  8.93600894e-01 -1.23957144e-05  3.32919998e-11  2.69640814e-11 
 5.70613093e-05  8.94610362e-01  8.93770766e-01  8.93716142e-01 -1.24021285e-05  2.78367969e-11  1.88780091e-11 
 5.70863093e-05  8.94610552e-01  8.93862895e-01  8.93809475e-01 -1.23957993e-05  2.33794004e-11  1.75027906e-11 
 5.71113093e-05  8.94610458e-01  8.93947328e-01  8.93894381e-01 -1.24021908e-05  2.12730792e-11  1.52451383e-11 
 5.71363093e-05  8.94610640e-01  8.94026080e-01  8.93973758e-01 -1.23958110e-05  2.18033783e-11  1.57694901e-11 
 5.71613093e-05  8.94610546e-01  8.94097051e-01  8.94045603e-01 -1.24021937e-05  1.65946918e-11  1.28479250e-11 
 5.71863093e-05  8.94610722e-01  8.94159186e-01  8.94108622e-01 -1.23958109e-05  1.76103841e-11  1.27141526e-11 
 5.72113093e-05  8.94610618e-01  8.94213333e-01  8.94163506e-01 -1.24022080e-05  1.18271892e-11  9.86607297e-12 
 5.72363093e-05  8.94610784e-01  8.94260987e-01  8.94211747e-01 -1.23958191e-05  1.42267357e-11  1.02658633e-11 
 5.72613093e-05  8.94610672e-01  8.94303280e-01  8.94254539e-01 -1.24022214e-05  8.73715857e-12  7.88481455e-12 
 5.72863093e-05  8.94610832e-01  8.94340855e-01  8.94292564e-01 -1.23958224e-05  1.17673124e-11  8.56576908e-12 
 5.73113093e-05  8.94610715e-01  8.94374137e-01  8.94326258e-01 -1.24022310e-05  6.34760278e-12  6.34037229e-12 
 5.73363093e-05  8.94610870e-01  8.94403549e-01  8.94356038e-01 -1.23958237e-05  9.70229387e-12  7.16292970e-12 
 5.73613093e-05  8.94610749e-01  8.94429533e-01  8.94382345e-01 -1.24022399e-05  4.44966611e-12  5.09047150e-12 
 5.73863093e-05  8.94610900e-01  8.94452511e-01  8.94405607e-01 -1.23958243e-05  8.07790965e-12  6.06530424e-12 
 5.74113093e-05  8.94610775e-01  8.94472843e-01  8.94426189e-01 -1.24022477e-05  2.99648067e-12  4.12767943e-12 
 5.74363093e-05  8.94610923e-01  8.94490836e-01  8.94444403e-01 -1.23958237e-05  6.80986973e-12  5.21434138e-12 
 5.74613093e-05  8.94610795e-01  8.94506753e-01  8.94460517e-01 -1.24022547e-05  1.86236812e-12  3.37424625e-12 
 5.74863093e-05  8.94610941e-01  8.94520833e-01  8.94474771e-01 -1.23958223e-05  5.81008549e-12  4.54523273e-12 
 5.75113093e-05  8.94610812e-01  8.94533286e-01  8.94487378e-01 -1.24022611e-05  9.75278018e-13  2.78333400e-12 
 5.75363093e-05  8.94610955e-01  8.94544303e-01  8.94498531e-01 -1.23958203e-05  5.02660110e-12  4.02160006e-12 
 5.75613093e-05  8.94610824e-01  8.94554047e-01  8.94508396e-01 -1.24022671e-05  2.83167153e-13  2.32174837e-12 
 5.75863093e-05  8.94610966e-01  8.94562670e-01  8.94517124e-01 -1.23958178e-05  4.41301097e-12  3.61199184e-12 
 5.76113093e-05  8.94610834e-01  8.94570295e-01  8.94524844e-01 -1.24022726e-05 -2.57836938e-13  1.96068492e-12 
 5.76363093e-05  8.94610975e-01  8.94577042e-01  8.94531674e-01 -1.23958149e-05  3.93213218e-12  3.29118205e-12 
 5.76613093e-05  8.94610842e-01  8.94583009e-01  8.94537716e-01 -1.24022780e-05 -6.80775315e-13  1.67824749e-12 
 5.76863093e-05  8.94610982e-01  8.94588290e-01  8.94543060e-01 -1.23958117e-05  3.55543698e-12  3.03999436e-12 
 5.77113093e-05  8.94610848e-01  8.94592959e-01  8.94547788e-01 -1.24022831e-05 -1.01132015e-12  1.45741259e-12 
 5.77363093e-05  8.94610987e-01  8.94597091e-01  8.94551970e-01 -1.23958082e-05  3.26032018e-12  2.84329439e-12 
 5.77613093e-05  8.94610853e-01  8.94600745e-01  8.94555670e-01 -1.24022880e-05 -1.26964997e-12  1.28475008e-12 
 5.77863093e-05  8.94610992e-01  8.94603979e-01  8.94558943e-01 -1.23958045e-05  3.02904511e-12  2.68921474e-12 
 5.78113093e-05  8.94610857e-01  8.94606837e-01  8.94561838e-01 -1.24022929e-05 -1.47148765e-12  1.14978193e-12 
 5.78363093e-05  8.94610995e-01  8.94609369e-01  8.94564399e-01 -1.23958006e-05  2.84775458e-12  2.56849750e-12 
 5.78613093e-05  8.94610860e-01  8.94611605e-01  8.94566665e-01 -1.24022976e-05 -1.62912435e-12  1.04431194e-12 
 5.78863093e-05  8.94610998e-01  8.94613587e-01  8.94568669e-01 -1.23957967e-05  2.70558445e-12  2.47388525e-12 
 5.79113093e-05  8.94610862e-01  8.94615337e-01  8.94570442e-01 -1.24023023e-05 -1.75218564e-12  9.61919943e-13 
 5.79363093e-05  8.94611000e-01  8.94616887e-01  8.94572011e-01 -1.23957925e-05  2.59403284e-12  2.39970251e-12 
 5.79613093e-05  8.94610864e-01  8.94618256e-01  8.94573398e-01 -1.24023070e-05 -1.84818610e-12  8.97589511e-13 
 5.79863093e-05  8.94611001e-01  8.94619470e-01  8.94574626e-01 -1.23957883e-05  2.50644514e-12  2.34151007e-12 
 5.80113093e-05  8.94610866e-01  8.94620541e-01  8.94575712e-01 -1.24023117e-05 -1.92302381e-12  8.47387536e-13 
 5.80363093e-05  8.94611003e-01  8.94621492e-01  8.94576672e-01 -1.23957841e-05  2.43761326e-12  2.29583036e-12 
 5.80613093e-05  8.94610867e-01  8.94622330e-01  8.94577522e-01 -1.24023163e-05 -1.98129794e-12  8.08244422e-13 
 5.80863093e-05  8.94611004e-01  8.94623074e-01  8.94578273e-01 -1.23957797e-05  2.38346517e-12  2.25994484e-12 
 5.81113093e-05  8.94610868e-01  8.94623729e-01  8.94578938e-01 -1.24023209e-05 -2.02661585e-12  7.77749881e-13 
 5.81363093e-05  8.94611005e-01  8.94624312e-01  8.94579527e-01 -1.23957753e-05  2.34080680e-12  2.23172500e-12 
 5.81613093e-05  8.94610869e-01  8.94624824e-01  8.94580047e-01 -1.24023256e-05 -2.06179952e-12  7.54024230e-13 
 5.81863093e-05  8.94611005e-01  8.94625281e-01  8.94580507e-01 -1.23957708e-05  2.30714428e-12  2.20950504e-12 
 5.82113093e-05  8.94610870e-01  8.94625681e-01  8.94580915e-01 -1.24023302e-05 -2.08905137e-12  7.35592522e-13 
 5.82363093e-05  8.94611006e-01  8.94626039e-01  8.94581275e-01 -1.23957663e-05  2.28052364e-12  2.19198135e-12 
 5.82613093e-05  8.94610870e-01  8.94626352e-01  8.94581594e-01 -1.24023348e-05 -2.11010289e-12  7.21303876e-13 
 5.82863093e-05  8.94611006e-01  8.94626632e-01  8.94581876e-01 -1.23957618e-05  2.25941921e-12  2.17813560e-12 
 5.83113093e-05  8.94610871e-01  8.94626877e-01  8.94582125e-01 -1.24023395e-05 -2.12630261e-12  7.10254609e-13 
 5.83363093e-05  8.94611007e-01  8.94627096e-01  8.94582346e-01 -1.23957572e-05  2.24262991e-12  2.16716705e-12 
 5.83613093e-05  8.94610871e-01  8.94627287e-01  8.94582541e-01 -1.24023442e-05 -2.13870783e-12  7.01741237e-13 
 5.83863093e-05  8.94611007e-01  8.94627460e-01  8.94582714e-01 -1.23957526e-05  2.22922267e-12  2.15845386e-12 
 5.84113093e-05  8.94610872e-01  8.94627609e-01  8.94582866e-01 -1.24023489e-05 -2.14815036e-12  6.95207672e-13 
 5.84363093e-05  8.94611008e-01  8.94627744e-01  8.94583001e-01 -1.23957479e-05  2.21846218e-12  2.15150386e-12 
 5.84613093e-05  8.94610872e-01  8.94627860e-01  8.94583121e-01 -1.24023536e-05 -2.15527184e-12  6.90225492e-13 
 5.84863093e-05  8.94611008e-01  8.94627967e-01  8.94583227e-01 -1.23957433e-05  2.20977945e-12  2.14593697e-12 
 5.85113093e-05  8.94610872e-01  8.94628057e-01  8.94583320e-01 -1.24023583e-05 -2.16058118e-12  6.86454040e-13 
 5.85363093e-05  8.94611008e-01  8.94628141e-01  8.94583403e-01 -1.23957386e-05  2.20272173e-12  2.14145401e-12 
 5.85613093e-05  8.94610873e-01  8.94628211e-01  8.94583476e-01 -1.24023630e-05 -2.16447324e-12  6.83629477e-13 
 5.85863093e-05  8.94611008e-01  8.94628278e-01  8.94583541e-01 -1.23957338e-05  2.19693794e-12  2.13781895e-12 
 5.86113093e-05  8.94610873e-01  8.94628332e-01  8.94583599e-01 -1.24023678e-05 -2.16726181e-12  6.81545098e-13 
 5.86363093e-05  8.94611008e-01  8.94628384e-01  8.94583649e-01 -1.23957291e-05  2.19215358e-12  2.13484905e-12 
 5.86613093e-05  8.94610873e-01  8.94628427e-01  8.94583694e-01 -1.24023725e-05 -2.16918671e-12  6.80038437e-13 
 5.86863093e-05  8.94611009e-01  8.94628468e-01  8.94583734e-01 -1.23957243e-05  2.18815374e-12  2.13240151e-12 
 5.87113093e-05  8.94610874e-01  8.94628500e-01  8.94583769e-01 -1.24023773e-05 -2.17043787e-12  6.78983399e-13 
 5.87363093e-05  8.94611009e-01  8.94628533e-01  8.94583800e-01 -1.23957196e-05  2.18477038e-12  2.13036246e-12 
 5.87613093e-05  8.94610874e-01  8.94628558e-01  8.94583828e-01 -1.24023821e-05 -2.17116386e-12  6.78279698e-13 
 5.87806547e-05  8.94611009e-01  8.94628580e-01  8.94583847e-01 -1.23957141e-05  2.18186753e-12  2.12869441e-12 
 5.88000000e-05  8.94610874e-01  8.94628594e-01  8.94583864e-01 -1.24023884e-05 -2.17076205e-12  6.78237197e-13 
 5.88000191e-05  8.94599640e-01  8.94610844e-01  8.94583730e-01 -1.40258758e-05 -2.36502678e-09 -1.00211404e-09 
 5.88000572e-05  8.94589396e-01  8.94582270e-01  8.94583247e-01 -1.48798490e-05 -6.36009561e-09 -2.83297094e-09 
 5.88001334e-05  8.94580702e-01  8.94545409e-01  8.94581320e-01 -1.56185938e-05 -1.15623355e-08 -6.05265849e-09 
 5.88002204e-05  8.94568383e-01  8.94522413e-01  8.94578169e-01 -1.61913158e-05 -1.54913847e-08 -9.40803125e-09 
 5.88003836e-05  8.94550884e-01  8.94512914e-01  8.94571520e-01 -1.64211186e-05 -2.13655659e-08 -1.51609389e-08 
 5.88005832e-05  8.94527471e-01  8.94524821e-01  8.94564043e-01 -1.65823506e-05 -2.76801210e-08 -2.16440654e-08 
 5.88009179e-05  8.94493103e-01  8.94560353e-01  8.94555738e-01 -1.65558169e-05 -3.71590595e-08 -3.13973986e-08 
 5.88013202e-05  8.94451995e-01  8.94610097e-01  8.94553468e-01 -1.69761857e-05 -4.62215084e-08 -4.15169548e-08 
 5.88015206e-05  8.94434852e-01  8.94637530e-01  8.94555443e-01 -1.75723128e-05 -4.82161599e-08 -4.59089808e-08 
 5.88017280e-05  8.94419222e-01  8.94668095e-01  8.94559636e-01 -1.94825352e-05 -4.38368146e-08 -4.99505801e-08 
 5.88018886e-05  8.94413325e-01  8.94694731e-01  8.94564430e-01 -2.22202324e-05 -3.11483119e-08 -5.26111018e-08 
 5.88020356e-05  8.94411561e-01  8.94721677e-01  8.94570090e-01 -2.62068239e-05 -6.85714157e-09 -5.45968289e-08 
 5.88021767e-05  8.94415827e-01  8.94750862e-01  8.94576756e-01 -3.11786742e-05  3.37196827e-08 -5.59634933e-08 
 5.88023006e-05  8.94421721e-01  8.94779461e-01  8.94583705e-01 -3.65883575e-05  8.96928675e-08 -5.66145194e-08 
 5.88024052e-05  8.94428786e-01  8.94806720e-01  8.94590450e-01 -4.16221056e-05  1.58351987e-07 -5.66127324e-08 
 5.88024957e-05  8.94434076e-01  8.94833254e-01  8.94597020e-01 -4.63458641e-05  2.40284089e-07 -5.60693335e-08 
 5.88025785e-05  8.94438368e-01  8.94860865e-01  8.94603713e-01 -5.06992373e-05  3.40514950e-07 -5.49723945e-08 
 5.88026623e-05  8.94441133e-01  8.94892703e-01  8.94611240e-01 -5.51460947e-05  4.73842098e-07 -5.31236148e-08 
 5.88027567e-05  8.94446377e-01  8.94933109e-01  8.94620760e-01 -6.00224170e-05  6.68441408e-07 -5.00281548e-08 
 5.88028619e-05  8.94456959e-01  8.94981398e-01  8.94632787e-01 -6.54848353e-05  9.40497799e-07 -4.53923429e-08 
 5.88029572e-05  8.94468636e-01  8.95025770e-01  8.94644981e-01 -7.03487657e-05  1.23349559e-06 -4.02716339e-08 
 5.88030640e-05  8.94479640e-01  8.95074871e-01  8.94660064e-01 -7.57674574e-05  1.61013602e-06 -3.36498715e-08 
 5.88031809e-05  8.94488676e-01  8.95126826e-01  8.94678170e-01 -8.15575740e-05  2.07480897e-06 -2.54878704e-08 
 5.88033023e-05  8.94498441e-01  8.95177522e-01  8.94698507e-01 -8.75241266e-05  2.60470437e-06 -1.62215617e-08 
 5.88034356e-05  8.94511013e-01  8.95228658e-01  8.94722402e-01 -9.36562882e-05  3.23140375e-06 -5.33897200e-09 
 5.88035771e-05  8.94526793e-01  8.95277104e-01  8.94749125e-01 -9.92466392e-05  3.93219849e-06  6.72537283e-09 
 5.88036990e-05  8.94541578e-01  8.95312779e-01  8.94772983e-01 -1.02452268e-04  4.55169736e-06  1.72558861e-08 
 5.88037796e-05  8.94551552e-01  8.95331654e-01  8.94789000e-01 -1.02735281e-04  4.95809942e-06  2.40383543e-08 
 5.88038354e-05  8.94557890e-01  8.95340647e-01  8.94800079e-01 -1.00689538e-04  5.22827998e-06  2.84214077e-08 
 5.88038860e-05  8.94562849e-01  8.95343694e-01  8.94810042e-01 -9.64346025e-05  5.45605587e-06  3.19425892e-08 
 5.88039439e-05  8.94567075e-01  8.95338664e-01  8.94821188e-01 -8.89638377e-05  5.68483683e-06  3.51581967e-08 
 5.88040127e-05  8.94570057e-01  8.95320261e-01  8.94833763e-01 -7.79581076e-05  5.89977943e-06  3.76009885e-08 
 5.88040878e-05  8.94570827e-01  8.95287680e-01  8.94846360e-01 -6.51574126e-05  6.05819341e-06  3.85208962e-08 
 5.88041888e-05  8.94568471e-01  8.95233693e-01  8.94860993e-01 -4.95880192e-05  6.15160900e-06  3.72612063e-08 
 5.88042724e-05  8.94564218e-01  8.95188491e-01  8.94871041e-01 -3.95141719e-05  6.14070062e-06  3.45613078e-08 
 5.88043510e-05  8.94558948e-01  8.95151634e-01  8.94878908e-01 -3.25435504e-05  6.07604039e-06  3.11697746e-08 
 5.88044473e-05  8.94551327e-01  8.95117177e-01  8.94886873e-01 -2.66827000e-05  5.94777647e-06  2.64152087e-08 
 5.88045350e-05  8.94543698e-01  8.95096386e-01  8.94892908e-01 -2.33408332e-05  5.80047598e-06  2.18436217e-08 
 5.88046385e-05  8.94534161e-01  8.95083163e-01  8.94899079e-01 -2.09470465e-05  5.60657580e-06  1.64407327e-08 
 5.88047422e-05  8.94524291e-01  8.95079516e-01  8.94904670e-01 -1.96299170e-05  5.40230195e-06  1.11723751e-08 
 5.88048713e-05  8.94511767e-01  8.95084123e-01  8.94911333e-01 -1.87873006e-05  5.14623979e-06  4.92809322e-09 
 5.88050000e-05  8.94499164e-01  8.95095197e-01  8.94918039e-01 -1.84208181e-05  4.89568187e-06 -9.34458493e-10 
 5.88050028e-05  8.94502209e-01  8.95098874e-01  8.94918191e-01 -1.73533046e-05  4.89074615e-06 -8.90586086e-10 
 5.88050084e-05  8.94506409e-01  8.95105737e-01  8.94918502e-01 -1.67848067e-05  4.88091563e-06 -8.15918521e-10 
 5.88050196e-05  8.94508527e-01  8.95117325e-01  8.94919164e-01 -1.63645379e-05  4.86129312e-06 -7.23735803e-10 
 5.88050336e-05  8.94508553e-01  8.95129617e-01  8.94920054e-01 -1.59473904e-05  4.83667299e-06 -6.52676593e-10 
 5.88050615e-05  8.94508804e-01  8.95151577e-01  8.94922009e-01 -1.51980415e-05  4.78733688e-06 -5.54378292e-10 
 5.88051174e-05  8.94508925e-01  8.95187093e-01  8.94926491e-01 -1.41755028e-05  4.68867155e-06 -4.98627293e-10 
 5.88052170e-05  8.94509129e-01  8.95228465e-01  8.94935729e-01 -1.31475888e-05  4.51484518e-06 -6.48692285e-10 
 5.88054162e-05  8.94509303e-01  8.95267090e-01  8.94956207e-01 -1.25118605e-05  4.18074520e-06 -1.24244947e-09 
 5.88056454e-05  8.94509595e-01  8.95284683e-01  8.94980308e-01 -1.24091998e-05  3.82345604e-06 -1.91830407e-09 
 5.88059651e-05  8.94509854e-01  8.95301723e-01  8.95012537e-01 -1.24176391e-05  3.37430716e-06 -2.62575347e-09 
 5.88063802e-05  8.94510280e-01  8.95320560e-01  8.95051459e-01 -1.23947226e-05  2.86821545e-06 -3.23577259e-09 
 5.88072036e-05  8.94510913e-01  8.95350660e-01  8.95119158e-01 -1.24140583e-05  2.07354643e-06 -3.77277064e-09 
 5.88088504e-05  8.94512094e-01  8.95385012e-01  8.95220204e-01 -1.23908430e-05  1.06440449e-06 -3.45077938e-09 
 5.88121441e-05  8.94513566e-01  8.95375611e-01  8.95311817e-01 -1.24097812e-05  2.31169472e-07 -1.62718148e-09 
 5.88178969e-05  8.94514745e-01  8.95214805e-01  8.95246147e-01 -1.23875917e-05 -1.35190653e-08 -5.26530771e-11 
 5.88249263e-05  8.94514764e-01  8.94929772e-01  8.94990651e-01 -1.24083327e-05  1.85074146e-09 -1.08491844e-10 
 5.88330460e-05  8.94514316e-01  8.94628236e-01  8.94673297e-01 -1.23877516e-05 -7.38158718e-10 -2.01993545e-10 
 5.88425246e-05  8.94513605e-01  8.94391311e-01  8.94400629e-01 -1.24094613e-05 -2.51218052e-11 -1.35114999e-10 
 5.88557487e-05  8.94512999e-01  8.94265576e-01  8.94230973e-01 -1.23889119e-05 -1.03375337e-10 -4.97358208e-11 
 5.88752822e-05  8.94512627e-01  8.94344301e-01  8.94277555e-01 -1.24096382e-05  9.46316495e-11  3.41970278e-11 
 5.89002822e-05  8.94512887e-01  8.94554227e-01  8.94489205e-01 -1.23880067e-05  3.62122196e-11  4.52688497e-11 
 5.89252822e-05  8.94513137e-01  8.94656293e-01  8.94608085e-01 -1.24088912e-05  2.80092223e-11  1.49220948e-11 
 5.89502822e-05  8.94513279e-01  8.94637088e-01  8.94597878e-01 -1.23881072e-05 -2.46648340e-11 -7.22250048e-12 
 5.89752822e-05  8.94513176e-01  8.94586303e-01  8.94546360e-01 -1.24092962e-05 -7.68482305e-12 -8.94574920e-12 
 5.90000000e-05  8.94513159e-01  8.94559815e-01  8.94516371e-01 -1.23883231e-05 -7.96637235e-12 -2.14609098e-12 
 5.90000112e-05  8.94517332e-01  8.94577863e-01  8.94516446e-01 -7.39734597e-06  2.62842419e-09  5.70487492e-10 
 5.90000336e-05  8.94520523e-01  8.94606433e-01  8.94516722e-01 -6.87165719e-06  7.97929079e-09  1.65311906e-09 
 5.90000705e-05  8.94520287e-01  8.94638451e-01  8.94517616e-01 -6.64907187e-06  1.65868709e-08  3.30665807e-09 
 5.90001093e-05  8.94521715e-01  8.94666090e-01  8.94519001e-01 -6.28941582e-06  2.52923299e-08  4.98579243e-09 
 5.90001870e-05  8.94522980e-01  8.94705235e-01  8.94522730e-01 -6.03534340e-06  4.20572141e-08  8.16662121e-09 
 5.90003422e-05  8.94526542e-01  8.94745167e-01  8.94532231e-01 -5.72238136e-06  7.34623806e-08  1.40756037e-08 
 5.90005998e-05  8.94531696e-01  8.94764516e-01  8.94549662e-01 -5.71680828e-06  1.21069823e-07  2.29577982e-08 
 5.90009797e-05  8.94539899e-01  8.94768810e-01  8.94573993e-01 -5.67226053e-06  1.82933615e-07  3.44800963e-08 
 5.90015273e-05  8.94551914e-01  8.94768238e-01  8.94603566e-01 -5.89681189e-06  2.57450364e-07  4.83116576e-08 
 5.90016249e-05  8.94555131e-01  8.94767587e-01  8.94608145e-01 -5.95615753e-06  2.69005424e-07  5.04526279e-08 
 5.90018200e-05  8.94564930e-01  8.94764775e-01  8.94616657e-01 -6.72868564e-06  2.90227971e-07  5.43327173e-08 
 5.90019406e-05  8.94576464e-01  8.94761499e-01  8.94621449e-01 -7.71383920e-06  3.01642523e-07  5.63676335e-08 
 5.90020573e-05  8.94593946e-01  8.94756228e-01  8.94625677e-01 -9.48798910e-06  3.10792656e-07  5.78943355e-08 
 5.90021705e-05  8.94618687e-01  8.94748287e-01  8.94629302e-01 -1.19316709e-05  3.17113328e-07  5.87667269e-08 
 5.90022833e-05  8.94651238e-01  8.94736842e-01  8.94632323e-01 -1.51512235e-05  3.20086150e-07  5.88129116e-08 
 5.90023932e-05  8.94689903e-01  8.94721390e-01  8.94634564e-01 -1.84822045e-05  3.18843426e-07  5.78151310e-08 
 5.90024971e-05  8.94731012e-01  8.94701961e-01  8.94635883e-01 -2.12518425e-05  3.12946750e-07  5.56549239e-08 
 5.90025983e-05  8.94773344e-01  8.94677470e-01  8.94636244e-01 -2.29078062e-05  3.01773192e-07  5.21356492e-08 
 5.90027081e-05  8.94819997e-01  8.94645644e-01  8.94635409e-01 -2.44812920e-05  2.83091162e-07  4.66098662e-08 
 5.90028321e-05  8.94871566e-01  8.94607591e-01  8.94632819e-01 -2.67121457e-05  2.54239391e-07  3.84223215e-08 
 5.90030034e-05  8.94937943e-01  8.94559205e-01  8.94626583e-01 -3.03508062e-05  2.02532567e-07  2.43082985e-08 
 5.90031542e-05  8.94989124e-01  8.94523930e-01  8.94618984e-01 -3.35866710e-05  1.47154534e-07  9.69406260e-09 
 5.90032887e-05  8.95026594e-01  8.94500159e-01  8.94611039e-01 -3.63047708e-05  9.09597814e-08 -4.59637758e-09 
 5.90033753e-05  8.95043704e-01  8.94489648e-01  8.94605563e-01 -3.76956257e-05  4.95667841e-08 -1.41990685e-08 
 5.90034211e-05  8.95047953e-01  8.94486298e-01  8.94602611e-01 -3.81659175e-05  2.29025922e-08 -1.93224673e-08 
 5.90034610e-05  8.95046122e-01  8.94485357e-01  8.94600054e-01 -3.82487006e-05 -6.97862241e-09 -2.37160912e-08 
 5.90034893e-05  8.95038849e-01  8.94486373e-01  8.94598266e-01 -3.80237360e-05 -3.41732071e-08 -2.67392040e-08 
 5.90035138e-05  8.95025527e-01  8.94488895e-01  8.94596750e-01 -3.76007030e-05 -6.27231037e-08 -2.92343224e-08 
 5.90035362e-05  8.95004556e-01  8.94493117e-01  8.94595410e-01 -3.69451607e-05 -9.22034524e-08 -3.13337242e-08 
 5.90035600e-05  8.94971192e-01  8.94500518e-01  8.94594053e-01 -3.59492884e-05 -1.25712965e-07 -3.32792104e-08 
 5.90035890e-05  8.94918842e-01  8.94514861e-01  8.94592540e-01 -3.43110523e-05 -1.66415061e-07 -3.50871343e-08 
 5.90036180e-05  8.94860676e-01  8.94535524e-01  8.94591247e-01 -3.23319592e-05 -2.03869318e-07 -3.61693324e-08 
 5.90036595e-05  8.94779487e-01  8.94574186e-01  8.94589913e-01 -2.90977778e-05 -2.47964836e-07 -3.64616047e-08 
 5.90036933e-05  8.94721006e-01  8.94611142e-01  8.94589349e-01 -2.63467804e-05 -2.74904108e-07 -3.57368049e-08 
 5.90037235e-05  8.94677168e-01  8.94645848e-01  8.94589282e-01 -2.38987886e-05 -2.92624757e-07 -3.45212317e-08 
 5.90037563e-05  8.94638535e-01  8.94683084e-01  8.94589679e-01 -2.14193051e-05 -3.06289677e-07 -3.27771239e-08 
 5.90037934e-05  8.94605279e-01  8.94722748e-01  8.94590687e-01 -1.88710787e-05 -3.16295528e-07 -3.04666155e-08 
 5.90038297e-05  8.94581405e-01  8.94757952e-01  8.94592202e-01 -1.67061180e-05 -3.21998334e-07 -2.80123786e-08 
 5.90038702e-05  8.94562853e-01  8.94791985e-01  8.94594418e-01 -1.46685303e-05 -3.25068504e-07 -2.52179219e-08 
 5.90039123e-05  8.94549945e-01  8.94821604e-01  8.94597217e-01 -1.29607492e-05 -3.25824693e-07 -2.23470327e-08 
 5.90039614e-05  8.94540604e-01  8.94849299e-01  8.94600979e-01 -1.14079858e-05 -3.24774665e-07 -1.91303260e-08 
 5.90040151e-05  8.94534792e-01  8.94872468e-01  8.94605550e-01 -1.01689892e-05 -3.22177702e-07 -1.58146644e-08 
 5.90040801e-05  8.94531446e-01  8.94892827e-01  8.94611518e-01 -9.13169445e-06 -3.17890025e-07 -1.20833728e-08 
 5.90041553e-05  8.94530197e-01  8.94908911e-01  8.94618766e-01 -8.38687405e-06 -3.12005512e-07 -8.11036297e-09 
 5.90042519e-05  8.94530602e-01  8.94922262e-01  8.94628326e-01 -7.84910646e-06 -3.03565567e-07 -3.42389348e-09 
 5.90043733e-05  8.94532355e-01  8.94932670e-01  8.94640382e-01 -7.54192776e-06 -2.92040476e-07  1.97427328e-09 
 5.90045459e-05  8.94535764e-01  8.94942128e-01  8.94657221e-01 -7.38044175e-06 -2.74867982e-07  9.01291631e-09 
 5.90047729e-05  8.94540914e-01  8.94950968e-01  8.94678470e-01 -7.33063270e-06 -2.54969756e-07  1.74429779e-08 
 5.90050000e-05  8.94546960e-01  8.94958123e-01  8.94698568e-01 -7.30812923e-06 -2.48523908e-07  2.51192486e-08 
 5.90050022e-05  8.94545226e-01  8.94953679e-01  8.94698754e-01 -1.19179730e-05 -2.49088541e-07  2.50696009e-08 
 5.90050066e-05  8.94542400e-01  8.94945577e-01  8.94699119e-01 -1.22170475e-05 -2.50329136e-07  2.49751393e-08 
 5.90050155e-05  8.94539942e-01  8.94932698e-01  8.94699809e-01 -1.23227998e-05 -2.53165548e-07  2.48169197e-08 
 5.90050332e-05  8.94538725e-01  8.94913293e-01  8.94701069e-01 -1.23218185e-05 -2.58902619e-07  2.45564041e-08 
 5.90050632e-05  8.94537365e-01  8.94887253e-01  8.94702911e-01 -1.23926957e-05 -2.68215450e-07  2.41621054e-08 
 5.90051232e-05  8.94536078e-01  8.94847231e-01  8.94705748e-01 -1.23891542e-05 -2.85942496e-07  2.34759836e-08 
 5.90052378e-05  8.94535332e-01  8.94801652e-01  8.94709061e-01 -1.24321987e-05 -3.17542906e-07  2.23548121e-08 
 5.90053590e-05  8.94535328e-01  8.94780267e-01  8.94710821e-01 -1.23944697e-05 -3.48792388e-07  2.13033748e-08 
 5.90055672e-05  8.94535218e-01  8.94768000e-01  8.94712306e-01 -1.24246033e-05 -3.98246848e-07  1.96577062e-08 
 5.90058986e-05  8.94535197e-01  8.94766777e-01  8.94713592e-01 -1.23900391e-05 -4.67394767e-07  1.73461957e-08 
 5.90065614e-05  8.94535026e-01  8.94771348e-01  8.94716105e-01 -1.24220576e-05 -5.76516102e-07  1.35823534e-08 
 5.90078869e-05  8.94534936e-01  8.94780626e-01  8.94722453e-01 -1.23872756e-05 -7.11043750e-07  8.51817661e-09 
 5.90105381e-05  8.94534820e-01  8.94800204e-01  8.94738548e-01 -1.24181097e-05 -7.99160710e-07  3.80036681e-09 
 5.90158403e-05  8.94535111e-01  8.94833610e-01  8.94773155e-01 -1.23830026e-05 -7.43227578e-07  1.67351169e-09 
 5.90264448e-05  8.94535759e-01  8.94852868e-01  8.94807602e-01 -1.24147680e-05 -5.49093104e-07  1.37322886e-09 
 5.90401450e-05  8.94536443e-01  8.94789826e-01  8.94762187e-01 -1.23816785e-05 -3.76894815e-07  8.58043434e-10 
 5.90604503e-05  8.94536732e-01  8.94634120e-01  8.94609811e-01 -1.24151348e-05 -2.12079087e-07  4.78747136e-10 
 5.90854503e-05  8.94536806e-01  8.94507615e-01  8.94470360e-01 -1.23825297e-05 -1.04720819e-07  2.21730574e-10 
 5.91104503e-05  8.94536761e-01  8.94494706e-01  8.94447156e-01 -1.24155585e-05 -5.11401004e-08  1.31836905e-10 
 5.91354503e-05  8.94536900e-01  8.94531173e-01  8.94482257e-01 -1.23824675e-05 -2.54088880e-08  6.64084394e-11 
 5.91604503e-05  8.94536938e-01  8.94557065e-01  8.94510819e-01 -1.24154560e-05 -1.23342886e-08  3.76089321e-11 
 5.91854503e-05  8.94537035e-01  8.94559807e-01  8.94515638e-01 -1.23825065e-05 -6.19142277e-09  1.38248842e-11 
 5.92104503e-05  8.94536988e-01  8.94553114e-01  8.94509134e-01 -1.24155525e-05 -2.96738450e-09  8.06685751e-12 
 5.92354503e-05  8.94537034e-01  8.94548742e-01  8.94504249e-01 -1.23825730e-05 -1.52057484e-09  3.59697981e-12 
 5.92604503e-05  8.94536979e-01  8.94549026e-01  8.94504098e-01 -1.24155663e-05 -7.06998159e-10  3.79155073e-12 
 5.92854503e-05  8.94537034e-01  8.94550947e-01  8.94506037e-01 -1.23825679e-05 -3.78629384e-10  2.45311692e-12 
 5.93104503e-05  8.94536984e-01  8.94552327e-01  8.94507496e-01 -1.24155577e-05 -1.63197267e-10  2.12601036e-12 
 5.93354503e-05  8.94537038e-01  8.94552645e-01  8.94507938e-01 -1.23825702e-05 -9.81971078e-11  1.61961308e-12 
 5.93604503e-05  8.94536986e-01  8.94552669e-01  8.94507928e-01 -1.24155592e-05 -3.42147981e-11  1.43133796e-12 
 5.93854503e-05  8.94537039e-01  8.94552710e-01  8.94507988e-01 -1.23825739e-05 -2.86238847e-11  1.56047560e-12 
 5.94104503e-05  8.94536986e-01  8.94552985e-01  8.94508211e-01 -1.24155580e-05 -4.06361967e-12  1.35153667e-12 
 5.94354503e-05  8.94537039e-01  8.94553220e-01  8.94508488e-01 -1.23825750e-05 -1.08927214e-11  1.60141339e-12 
 5.94604503e-05  8.94536987e-01  8.94553477e-01  8.94508713e-01 -1.24155562e-05  2.70255433e-12  1.28745013e-12 
 5.94854503e-05  8.94537039e-01  8.94553601e-01  8.94508880e-01 -1.23825765e-05 -6.23748731e-12  1.59141960e-12 
 5.95104503e-05  8.94536987e-01  8.94553767e-01  8.94509010e-01 -1.24155549e-05  4.05689349e-12  1.25208969e-12 
 5.95354503e-05  8.94537040e-01  8.94553852e-01  8.94509133e-01 -1.23825780e-05 -4.94082769e-12  1.59549246e-12 
 5.95604503e-05  8.94536987e-01  8.94553999e-01  8.94509245e-01 -1.24155535e-05  4.25564271e-12  1.24083903e-12 
 5.95854503e-05  8.94537040e-01  8.94554067e-01  8.94509350e-01 -1.23825794e-05 -4.54440869e-12  1.59762703e-12 
 5.96104503e-05  8.94536988e-01  8.94554190e-01  8.94509439e-01 -1.24155521e-05  4.23846396e-12  1.23182302e-12 
 5.96354503e-05  8.94537040e-01  8.94554235e-01  8.94509519e-01 -1.23825809e-05 -4.41268203e-12  1.59642075e-12 
 5.96604503e-05  8.94536988e-01  8.94554336e-01  8.94509587e-01 -1.24155507e-05  4.19970590e-12  1.22567202e-12 
 5.96854503e-05  8.94537040e-01  8.94554364e-01  8.94509650e-01 -1.23825823e-05 -4.36449986e-12  1.59560174e-12 
 5.97104503e-05  8.94536988e-01  8.94554450e-01  8.94509703e-01 -1.24155492e-05  4.17187248e-12  1.22156788e-12 
 5.97354503e-05  8.94537041e-01  8.94554466e-01  8.94509753e-01 -1.23825838e-05 -4.34528563e-12  1.59481835e-12 
 5.97604503e-05  8.94536988e-01  8.94554540e-01  8.94509794e-01 -1.24155478e-05  4.15423728e-12  1.21831142e-12 
 5.97854503e-05  8.94537041e-01  8.94554546e-01  8.94509833e-01 -1.23825852e-05 -4.33714197e-12  1.59413834e-12 
 5.98104503e-05  8.94536988e-01  8.94554609e-01  8.94509865e-01 -1.24155464e-05  4.14294987e-12  1.21572191e-12 
 5.98354503e-05  8.94537041e-01  8.94554609e-01  8.94509896e-01 -1.23825867e-05 -4.33324166e-12  1.59370488e-12 
 5.98604503e-05  8.94536988e-01  8.94554664e-01  8.94509921e-01 -1.24155450e-05  4.13516010e-12  1.21361704e-12 
 5.98854503e-05  8.94537041e-01  8.94554658e-01  8.94509945e-01 -1.23825881e-05 -4.33108952e-12  1.59346966e-12 
 5.99104503e-05  8.94536989e-01  8.94554707e-01  8.94509965e-01 -1.24155435e-05  4.12927093e-12  1.21185484e-12 
 5.99354503e-05  8.94537041e-01  8.94554697e-01  8.94509984e-01 -1.23825895e-05 -4.32940576e-12  1.59339772e-12 
 5.99604503e-05  8.94536989e-01  8.94554740e-01  8.94509999e-01 -1.24155421e-05  4.12450065e-12  1.21035874e-12 
 5.99854503e-05  8.94537041e-01  8.94554727e-01  8.94510014e-01 -1.23825909e-05 -4.32778379e-12  1.59345828e-12 
 6.00104503e-05  8.94536989e-01  8.94554766e-01  8.94510026e-01 -1.24155407e-05  4.12048846e-12  1.20907500e-12 
 6.00354503e-05  8.94537041e-01  8.94554751e-01  8.94510038e-01 -1.23825924e-05 -4.32597231e-12  1.59361885e-12 
 6.00604503e-05  8.94536989e-01  8.94554787e-01  8.94510047e-01 -1.24155393e-05  4.11690387e-12  1.20795800e-12 
 6.00854503e-05  8.94537042e-01  8.94554769e-01  8.94510056e-01 -1.23825938e-05 -4.32400947e-12  1.59385195e-12 
 6.01104503e-05  8.94536989e-01  8.94554803e-01  8.94510063e-01 -1.24155379e-05  4.11352809e-12  1.20697907e-12 
 6.01354503e-05  8.94537042e-01  8.94554784e-01  8.94510071e-01 -1.23825952e-05 -4.32198288e-12  1.59413937e-12 
 6.01604503e-05  8.94536989e-01  8.94554815e-01  8.94510076e-01 -1.24155365e-05  4.11030997e-12  1.20611209e-12 
 6.01854503e-05  8.94537042e-01  8.94554796e-01  8.94510082e-01 -1.23825966e-05 -4.31980233e-12  1.59446057e-12 
 6.02104503e-05  8.94536989e-01  8.94554825e-01  8.94510086e-01 -1.24155350e-05  4.10725382e-12  1.20533835e-12 
 6.02354503e-05  8.94537042e-01  8.94554805e-01  8.94510091e-01 -1.23825980e-05 -4.31744397e-12  1.59480540e-12 
 6.02604503e-05  8.94536989e-01  8.94554832e-01  8.94510094e-01 -1.24155336e-05  4.10436767e-12  1.20464240e-12 
 6.02854503e-05  8.94537042e-01  8.94554812e-01  8.94510098e-01 -1.23825994e-05 -4.31492450e-12  1.59516264e-12 
 6.03104503e-05  8.94536989e-01  8.94554838e-01  8.94510100e-01 -1.24155322e-05  4.10150863e-12  1.20401340e-12 
 6.03354503e-05  8.94537042e-01  8.94554818e-01  8.94510104e-01 -1.23826008e-05 -4.31248808e-12  1.59552384e-12 
 6.03604503e-05  8.94536990e-01  8.94554843e-01  8.94510105e-01 -1.24155308e-05  4.09863896e-12  1.20344137e-12 
 6.03854503e-05  8.94537042e-01  8.94554822e-01  8.94510108e-01 -1.23826023e-05 -4.30989771e-12  1.59588467e-12 
 6.04104503e-05  8.94536990e-01  8.94554846e-01  8.94510109e-01 -1.24155294e-05  4.09585256e-12  1.20291765e-12 
 6.04354503e-05  8.94537042e-01  8.94554826e-01  8.94510111e-01 -1.23826037e-05 -4.30724900e-12  1.59624099e-12 
 6.04604503e-05  8.94536990e-01  8.94554849e-01  8.94510112e-01 -1.24155280e-05  4.09313729e-12  1.20243680e-12 
 6.04854503e-05  8.94537042e-01  8.94554829e-01  8.94510114e-01 -1.23826051e-05 -4.30460160e-12  1.59658761e-12 
 6.05104503e-05  8.94536990e-01  8.94554851e-01  8.94510115e-01 -1.24155266e-05  4.09034764e-12  1.20199407e-12 
 6.05354503e-05  8.94537042e-01  8.94554831e-01  8.94510116e-01 -1.23826065e-05 -4.30193533e-12  1.59692344e-12 
 6.05604503e-05  8.94536990e-01  8.94554853e-01  8.94510117e-01 -1.24155252e-05  4.08760677e-12  1.20158554e-12 
 6.05854503e-05  8.94537042e-01  8.94554833e-01  8.94510118e-01 -1.23826079e-05 -4.29921463e-12  1.59724729e-12 
 6.06104503e-05  8.94536990e-01  8.94554854e-01  8.94510118e-01 -1.24155238e-05  4.08486374e-12  1.20120613e-12 
 6.06354503e-05  8.94537043e-01  8.94554834e-01  8.94510119e-01 -1.23826093e-05 -4.29649805e-12  1.59755846e-12 
 6.06604503e-05  8.94536990e-01  8.94554855e-01  8.94510119e-01 -1.24155224e-05  4.08210336e-12  1.20085338e-12 
 6.06854503e-05  8.94537043e-01  8.94554836e-01  8.94510120e-01 -1.23826107e-05 -4.29372597e-12  1.59785515e-12 
 6.07104503e-05  8.94536990e-01  8.94554856e-01  8.94510120e-01 -1.24155209e-05  4.07951841e-12  1.20052693e-12 
 6.07354503e-05  8.94537043e-01  8.94554837e-01  8.94510121e-01 -1.23826121e-05 -4.29084806e-12  1.59813748e-12 
 6.07604503e-05  8.94536990e-01  8.94554856e-01  8.94510121e-01 -1.24155195e-05  4.07685040e-12  1.20022205e-12 
 6.07854503e-05  8.94537043e-01  8.94554838e-01  8.94510122e-01 -1.23826135e-05 -4.28804605e-12  1.59840479e-12 
 6.08104503e-05  8.94536990e-01  8.94554857e-01  8.94510122e-01 -1.24155181e-05  4.07414467e-12  1.19993794e-12 
 6.08354503e-05  8.94537043e-01  8.94554838e-01  8.94510122e-01 -1.23826149e-05 -4.28528285e-12  1.59865843e-12 
 6.08604503e-05  8.94536990e-01  8.94554857e-01  8.94510122e-01 -1.24155167e-05  4.07139470e-12  1.19967393e-12 
 6.08854503e-05  8.94537043e-01  8.94554839e-01  8.94510123e-01 -1.23826163e-05 -4.28255131e-12  1.59889793e-12 
 6.09104503e-05  8.94536991e-01  8.94554857e-01  8.94510123e-01 -1.24155153e-05  4.06865253e-12  1.19942706e-12 
 6.09354503e-05  8.94537043e-01  8.94554839e-01  8.94510123e-01 -1.23826177e-05 -4.27969791e-12  1.59912372e-12 
 6.09604503e-05  8.94536991e-01  8.94554858e-01  8.94510123e-01 -1.24155139e-05  4.06598193e-12  1.19919715e-12 
 6.09802251e-05  8.94537043e-01  8.94554840e-01  8.94510123e-01 -1.23826193e-05 -4.31186749e-12  1.59937157e-12 
 6.10000000e-05  8.94536991e-01  8.94554858e-01  8.94510123e-01 -1.24155121e-05  4.04184043e-12  1.19892301e-12 
 6.10000131e-05  8.94531665e-01  8.94534590e-01  8.94510018e-01 -1.72719777e-05 -3.65433247e-09 -6.59140967e-10 
 6.10000392e-05  8.94526937e-01  8.94502984e-01  8.94509644e-01 -1.75084498e-05 -1.13546308e-08 -1.90038931e-09 
 6.10000915e-05  8.94525268e-01  8.94461355e-01  8.94508150e-01 -1.74325950e-05 -2.62744068e-08 -4.18249404e-09 
 6.10001624e-05  8.94522063e-01  8.94420252e-01  8.94505014e-01 -1.75556665e-05 -4.49583021e-08 -7.11894367e-09 
 6.10002812e-05  8.94519918e-01  8.94381514e-01  8.94498107e-01 -1.74739852e-05 -7.42220869e-08 -1.17262977e-08 
 6.10004220e-05  8.94516410e-01  8.94360720e-01  8.94488700e-01 -1.75584713e-05 -1.05910411e-07 -1.68600363e-08 
 6.10006874e-05  8.94511386e-01  8.94347702e-01  8.94470634e-01 -1.75026204e-05 -1.58532807e-07 -2.57248900e-08 
 6.10011764e-05  8.94501170e-01  8.94343814e-01  8.94440413e-01 -1.77624333e-05 -2.35607903e-07 -3.97606478e-08 
 6.10014059e-05  8.94497809e-01  8.94344362e-01  8.94428032e-01 -1.81007961e-05 -2.65126321e-07 -4.54037610e-08 
 6.10016129e-05  8.94496088e-01  8.94345839e-01  8.94417886e-01 -1.92450296e-05 -2.88249162e-07 -4.99862475e-08 
 6.10017536e-05  8.94497694e-01  8.94348161e-01  8.94411555e-01 -2.07523816e-05 -3.01648575e-07 -5.27801240e-08 
 6.10018877e-05  8.94501266e-01  8.94351545e-01  8.94405996e-01 -2.32278436e-05 -3.11758435e-07 -5.51465994e-08 
 6.10020253e-05  8.94508447e-01  8.94356847e-01  8.94400827e-01 -2.67877117e-05 -3.18584909e-07 -5.72031312e-08 
 6.10021548e-05  8.94517189e-01  8.94363674e-01  8.94396520e-01 -3.12912864e-05 -3.20472135e-07 -5.87233273e-08 
 6.10022678e-05  8.94526030e-01  8.94371609e-01  8.94393268e-01 -3.59362949e-05 -3.17318788e-07 -5.96273743e-08 
 6.10023640e-05  8.94532708e-01  8.94380185e-01  8.94390924e-01 -4.04418422e-05 -3.09774220e-07 -5.99970530e-08 
 6.10024474e-05  8.94536934e-01  8.94389486e-01  8.94389256e-01 -4.45627905e-05 -2.98439478e-07 -5.99226091e-08 
 6.10025223e-05  8.94537937e-01  8.94399789e-01  8.94388094e-01 -4.84228505e-05 -2.83241377e-07 -5.94475100e-08 
 6.10025932e-05  8.94535608e-01  8.94411720e-01  8.94387338e-01 -5.20366144e-05 -2.63393192e-07 -5.85404014e-08 
 6.10026672e-05  8.94529706e-01  8.94426887e-01  8.94386966e-01 -5.57690260e-05 -2.35940887e-07 -5.70094921e-08 
 6.10027464e-05  8.94522287e-01  8.94445812e-01  8.94387112e-01 -5.96392268e-05 -1.99199747e-07 -5.46594061e-08 
 6.10028440e-05  8.94514993e-01  8.94471106e-01  8.94388132e-01 -6.43694424e-05 -1.46871202e-07 -5.08323978e-08 
 6.10029358e-05  8.94510230e-01  8.94495049e-01  8.94389944e-01 -6.87199604e-05 -9.70524359e-08 -4.64413023e-08 
 6.10030373e-05  8.94506946e-01  8.94520423e-01  8.94392850e-01 -7.34250402e-05 -5.06066660e-08 -4.08595116e-08 
 6.10031484e-05  8.94505814e-01  8.94545939e-01  8.94397008e-01 -7.84452432e-05 -1.50035578e-08 -3.40185168e-08 
 6.10032682e-05  8.94507960e-01  8.94569617e-01  8.94402439e-01 -8.38156496e-05  1.18763176e-08 -2.59762099e-08 
 6.10033950e-05  8.94512427e-01  8.94589676e-01  8.94408993e-01 -8.91616654e-05  3.73550376e-08 -1.68937657e-08 
 6.10035293e-05  8.94518608e-01  8.94605031e-01  8.94416507e-01 -9.40183096e-05  6.55294982e-08 -6.84119316e-09 
 6.10036458e-05  8.94524401e-01  8.94612618e-01  8.94423226e-01 -9.68509963e-05  9.13423697e-08  1.99992788e-09 
 6.10037237e-05  8.94528287e-01  8.94613608e-01  8.94427680e-01 -9.71567597e-05  1.08696200e-07  7.77883266e-09 
 6.10037784e-05  8.94530675e-01  8.94610995e-01  8.94430709e-01 -9.53711962e-05  1.20305179e-07  1.15876659e-08 
 6.10038288e-05  8.94532433e-01  8.94604285e-01  8.94433348e-01 -9.13196264e-05  1.29770520e-07  1.46911626e-08 
 6.10038846e-05  8.94533618e-01  8.94589736e-01  8.94435972e-01 -8.42851335e-05  1.38002072e-07  1.74056264e-08 
 6.10039525e-05  8.94534184e-01  8.94560944e-01  8.94438511e-01 -7.35599449e-05  1.43985645e-07  1.94558786e-08 
 6.10040227e-05  8.94533906e-01  8.94520827e-01  8.94440106e-01 -6.18443914e-05  1.45306289e-07  2.00897633e-08 
 6.10041209e-05  8.94532608e-01  8.94456064e-01  8.94440245e-01 -4.71114535e-05  1.39712699e-07  1.88260830e-08 
 6.10042074e-05  8.94530940e-01  8.94399105e-01  8.94438293e-01 -3.72546273e-05  1.29082541e-07  1.61805921e-08 
 6.10042829e-05  8.94529355e-01  8.94354872e-01  8.94435138e-01 -3.11239828e-05  1.16781966e-07  1.31793295e-08 
 6.10043646e-05  8.94527554e-01  8.94315183e-01  8.94430483e-01 -2.65869490e-05  1.01453286e-07  9.58497840e-09 
 6.10044534e-05  8.94525607e-01  8.94281641e-01  8.94424309e-01 -2.34626327e-05  8.33068152e-08  5.54208931e-09 
 6.10045479e-05  8.94523523e-01  8.94255578e-01  8.94416881e-01 -2.15155993e-05  6.31418548e-08  1.29143040e-09 
 6.10046530e-05  8.94521242e-01  8.94235429e-01  8.94407978e-01 -2.03351740e-05  4.02716781e-08 -3.26743379e-09 
 6.10047718e-05  8.94518658e-01  8.94220410e-01  8.94397544e-01 -1.96851899e-05  1.44985098e-08 -8.14473825e-09 
 6.10048859e-05  8.94516209e-01  8.94210913e-01  8.94387433e-01 -1.94016428e-05 -9.82371393e-09 -1.25574961e-08 
 6.10050000e-05  8.94513749e-01  8.94204268e-01  8.94377414e-01 -1.92750159e-05 -3.34944998e-08 -1.67291623e-08 
 6.10050016e-05  8.94515009e-01  8.94207593e-01  8.94377274e-01 -1.46919797e-05 -3.34674339e-08 -1.66977488e-08 
 6.10050049e-05  8.94517108e-01  8.94213775e-01  8.94376999e-01 -1.43719788e-05 -3.33882664e-08 -1.66371333e-08 
 6.10050114e-05  8.94519119e-01  8.94224074e-01  8.94376470e-01 -1.40766317e-05 -3.31460081e-08 -1.65329147e-08 
 6.10050203e-05  8.94519631e-01  8.94235269e-01  8.94375788e-01 -1.39811445e-05 -3.27958128e-08 -1.64177604e-08 
 6.10050343e-05  8.94519753e-01  8.94249618e-01  8.94374798e-01 -1.37680103e-05 -3.22972950e-08 -1.62570845e-08 
 6.10050621e-05  8.94519775e-01  8.94273670e-01  8.94373048e-01 -1.34970593e-05 -3.14062300e-08 -1.59660053e-08 
 6.10051179e-05  8.94519821e-01  8.94310961e-01  8.94370283e-01 -1.30522600e-05 -2.99491602e-08 -1.54649927e-08 
 6.10052293e-05  8.94519801e-01  8.94356140e-01  8.94366730e-01 -1.26466973e-05 -2.78133594e-08 -1.46537194e-08 
 6.10054523e-05  8.94519825e-01  8.94387601e-01  8.94363352e-01 -1.23925095e-05 -2.49057795e-08 -1.33596689e-08 
 6.10057220e-05  8.94519838e-01  8.94390623e-01  8.94361411e-01 -1.24060927e-05 -2.22701286e-08 -1.20181530e-08 
 6.10061087e-05  8.94519889e-01  8.94387655e-01  8.94358972e-01 -1.23818978e-05 -1.90961760e-08 -1.03165080e-08 
 6.10066711e-05  8.94519919e-01  8.94382662e-01  8.94355224e-01 -1.24050371e-05 -1.53117931e-08 -8.25508969e-09 
 6.10077959e-05  8.94520002e-01  8.94372607e-01  8.94347031e-01 -1.23832682e-05 -9.79522055e-09 -5.25687538e-09 
 6.10100455e-05  8.94520058e-01  8.94352627e-01  8.94328952e-01 -1.24070639e-05 -3.82493551e-09 -2.02983228e-09 
 6.10145447e-05  8.94520072e-01  8.94318023e-01  8.94292631e-01 -1.23860237e-05 -2.79059292e-10 -1.39963351e-10 
 6.10235430e-05  8.94519876e-01  8.94285265e-01  8.94246733e-01 -1.24097354e-05  4.58217800e-11  1.01045917e-11 
 6.10380746e-05  8.94519677e-01  8.94327457e-01  8.94268927e-01 -1.23875187e-05  9.59862181e-13 -2.65896544e-12 
 6.10568476e-05  8.94519707e-01  8.94460208e-01  8.94395575e-01 -1.24098380e-05  7.55174992e-11  4.95210468e-11 
 6.10818476e-05  8.94519976e-01  8.94593335e-01  8.94539697e-01 -1.23871617e-05  1.49551706e-11  1.76572812e-11 
 6.11068476e-05  8.94520115e-01  8.94616988e-01  8.94574258e-01 -1.24097928e-05  4.25553343e-12  5.20003902e-12 
 6.11318476e-05  8.94520129e-01  8.94582552e-01  8.94542232e-01 -1.23874749e-05 -1.83287658e-11 -1.00238513e-11 
 6.11568476e-05  8.94520059e-01  8.94552790e-01  8.94510087e-01 -1.24100584e-05 -2.15984912e-12 -1.69206234e-12 
 6.11784238e-05  8.94520044e-01  8.94545971e-01  8.94501267e-01 -1.23875443e-05 -2.99434717e-12 -5.40175001e-13 
 6.12000000e-05  8.94520024e-01  8.94549121e-01  8.94503790e-01 -1.24100112e-05  3.56076952e-12  3.27051477e-12 
 6.12000116e-05  8.94527468e-01  8.94561030e-01  8.94503848e-01 -1.08283611e-05  1.76820440e-09  6.41681501e-10 
 6.12000349e-05  8.94533966e-01  8.94581005e-01  8.94504056e-01 -9.87511888e-06  5.15582269e-09  1.82314491e-09 
 6.12000814e-05  8.94537053e-01  8.94609901e-01  8.94504917e-01 -8.96190311e-06  1.07575448e-08  3.94028726e-09 
 6.12001275e-05  8.94542781e-01  8.94631335e-01  8.94506213e-01 -8.14375053e-06  1.50805244e-08  5.89715379e-09 
 6.12002197e-05  8.94551226e-01  8.94655669e-01  8.94509564e-01 -7.43101392e-06  2.15874728e-08  9.48813545e-09 
 6.12004040e-05  8.94570196e-01  8.94664908e-01  8.94517102e-01 -6.79306441e-06  3.02432575e-08  1.59913570e-08 
 6.12006580e-05  8.94594857e-01  8.94644726e-01  8.94526090e-01 -6.78826427e-06  3.86220923e-08  2.40423923e-08 
 6.12009803e-05  8.94627357e-01  8.94607202e-01  8.94532771e-01 -6.71739637e-06  4.76506596e-08  3.31812423e-08 
 6.12014400e-05  8.94672756e-01  8.94546023e-01  8.94532622e-01 -6.88224505e-06  5.90437491e-08  4.43547100e-08 
 6.12015808e-05  8.94687996e-01  8.94525693e-01  8.94530349e-01 -6.91733594e-06  6.15528420e-08  4.73673444e-08 
 6.12018623e-05  8.94723976e-01  8.94481144e-01  8.94522709e-01 -8.10067411e-06  5.18978711e-08  5.25841227e-08 
 6.12020060e-05  8.94751689e-01  8.94455042e-01  8.94517161e-01 -9.51683306e-06  2.83501085e-08  5.46111402e-08 
 6.12021126e-05  8.94778449e-01  8.94432607e-01  8.94512231e-01 -1.13989428e-05 -9.00288281e-09  5.55761384e-08 
 6.12022197e-05  8.94812170e-01  8.94406613e-01  8.94506470e-01 -1.38546337e-05 -7.36683630e-08  5.58728725e-08 
 6.12023328e-05  8.94854086e-01  8.94374661e-01  8.94499365e-01 -1.70648100e-05 -1.83131441e-07  5.52080803e-08 
 6.12024447e-05  8.94900804e-01  8.94337377e-01  8.94491132e-01 -2.01280329e-05 -3.46707220e-07  5.32779005e-08 
 6.12025506e-05  8.94947077e-01  8.94295686e-01  8.94482034e-01 -2.23254727e-05 -5.67181301e-07  4.99682550e-08 
 6.12026687e-05  8.94998438e-01  8.94241091e-01  8.94470113e-01 -2.36998513e-05 -9.04803127e-07  4.42580371e-08 
 6.12027791e-05  8.95044071e-01  8.94185064e-01  8.94457076e-01 -2.52703766e-05 -1.31202365e-06  3.69950228e-08 
 6.12029472e-05  8.95106498e-01  8.94099640e-01  8.94433696e-01 -2.82622323e-05 -2.08837095e-06  2.28897814e-08 
 6.12030805e-05  8.95148015e-01  8.94035729e-01  8.94412351e-01 -3.09289730e-05 -2.82423336e-06  9.48019738e-09 
 6.12032102e-05  8.95180349e-01  8.93978771e-01  8.94389611e-01 -3.34777257e-05 -3.62430356e-06 -5.03888515e-09 
 6.12033351e-05  8.95202023e-01  8.93929992e-01  8.94366221e-01 -3.57832326e-05 -4.45791413e-06 -2.00639372e-08 
 6.12034270e-05  8.95207654e-01  8.93898898e-01  8.94348291e-01 -3.71471179e-05 -5.09921489e-06 -3.15346035e-08 
 6.12034750e-05  8.95201794e-01  8.93885184e-01  8.94338778e-01 -3.75742123e-05 -5.43708512e-06 -3.75423114e-08 
 6.12035144e-05  8.95187614e-01  8.93876005e-01  8.94330907e-01 -3.76336915e-05 -5.71197434e-06 -4.24024244e-08 
 6.12035433e-05  8.95167613e-01  8.93871181e-01  8.94325135e-01 -3.74074504e-05 -5.90807961e-06 -4.58467348e-08 
 6.12035707e-05  8.95137661e-01  8.93868862e-01  8.94319693e-01 -3.69347905e-05 -6.08511548e-06 -4.89211041e-08 
 6.12035977e-05  8.95094238e-01  8.93869847e-01  8.94314372e-01 -3.61205592e-05 -6.24605468e-06 -5.16491401e-08 
 6.12036275e-05  8.95031484e-01  8.93876470e-01  8.94308611e-01 -3.48095536e-05 -6.40043501e-06 -5.41088247e-08 
 6.12036610e-05  8.94952285e-01  8.93892400e-01  8.94302373e-01 -3.28754989e-05 -6.53849581e-06 -5.59736644e-08 
 6.12036998e-05  8.94862059e-01  8.93921375e-01  8.94295597e-01 -3.02204625e-05 -6.64930381e-06 -5.68628735e-08 
 6.12037573e-05  8.94749390e-01  8.93977402e-01  8.94286702e-01 -2.59343352e-05 -6.72568638e-06 -5.59828851e-08 
 6.12037988e-05  8.94689464e-01  8.94021697e-01  8.94281236e-01 -2.29106590e-05 -6.72630158e-06 -5.40741239e-08 
 6.12038368e-05  8.94649927e-01  8.94060564e-01  8.94276942e-01 -2.03619216e-05 -6.69756766e-06 -5.17421643e-08 
 6.12038805e-05  8.94618891e-01  8.94100475e-01  8.94272766e-01 -1.78112390e-05 -6.63981707e-06 -4.86732264e-08 
 6.12039238e-05  8.94600445e-01  8.94133752e-01  8.94269323e-01 -1.56907891e-05 -6.56439987e-06 -4.54367380e-08 
 6.12039737e-05  8.94589600e-01  8.94163850e-01  8.94266059e-01 -1.37489214e-05 -6.46363347e-06 -4.16837093e-08 
 6.12040264e-05  8.94586633e-01  8.94186886e-01  8.94263232e-01 -1.21887589e-05 -6.34756685e-06 -3.78126393e-08 
 6.12040895e-05  8.94589782e-01  8.94204558e-01  8.94260438e-01 -1.08642976e-05 -6.20286315e-06 -3.34146139e-08 
 6.12041608e-05  8.94598660e-01  8.94214721e-01  8.94257752e-01 -9.87772610e-06 -6.03686133e-06 -2.87611028e-08 
 6.12042500e-05  8.94613511e-01  8.94217547e-01  8.94254723e-01 -9.14926538e-06 -5.83081410e-06 -2.33722498e-08 
 6.12043595e-05  8.94634579e-01  8.94212040e-01  8.94251096e-01 -8.69176713e-06 -5.58467533e-06 -1.72925452e-08 
 6.12045083e-05  8.94665136e-01  8.94196729e-01  8.94245811e-01 -8.43654960e-06 -5.26470732e-06 -9.72623994e-09 
 6.12047163e-05  8.94710692e-01  8.94169217e-01  8.94237221e-01 -8.32744621e-06 -4.84651827e-06 -1.41489668e-10 
 6.12050000e-05  8.94782242e-01  8.94127638e-01  8.94222885e-01 -8.29227629e-06 -4.32751527e-06  1.14677071e-08 
 6.12050051e-05  8.94778036e-01  8.94121092e-01  8.94222589e-01 -9.46690664e-06 -4.31950169e-06  1.13652678e-08 
 6.12050152e-05  8.94773697e-01  8.94109303e-01  8.94221975e-01 -1.00083289e-05 -4.30344296e-06  1.11965823e-08 
 6.12050354e-05  8.94775230e-01  8.94090278e-01  8.94220630e-01 -1.03159281e-05 -4.27111789e-06  1.09753919e-08 
 6.12050701e-05  8.94779299e-01  8.94062857e-01  8.94218028e-01 -1.09367645e-05 -4.21544261e-06  1.06936412e-08 
 6.12051162e-05  8.94785347e-01  8.94032996e-01  8.94214102e-01 -1.13929275e-05 -4.14158710e-06  1.04317029e-08 
 6.12052084e-05  8.94799102e-01  8.93992132e-01  8.94205183e-01 -1.20094135e-05 -3.99622414e-06  1.01178301e-08 
 6.12053653e-05  8.94823070e-01  8.93956255e-01  8.94188413e-01 -1.23101895e-05 -3.75916603e-06  9.81479548e-09 
 6.12055789e-05  8.94855767e-01  8.93935538e-01  8.94164875e-01 -1.24208418e-05 -3.45816400e-06  9.48882953e-09 
 6.12058839e-05  8.94901405e-01  8.93919354e-01  8.94132438e-01 -1.23845119e-05 -3.06945384e-06  8.97977328e-09 
 6.12062920e-05  8.94961466e-01  8.93902873e-01  8.94092284e-01 -1.24166208e-05 -2.61625711e-06  8.24112358e-09 
 6.12070353e-05  8.95066776e-01  8.93879207e-01  8.94028625e-01 -1.23822770e-05 -1.95300477e-06  6.84747027e-09 
 6.12085218e-05  8.95263939e-01  8.93854050e-01  8.93933885e-01 -1.24138297e-05 -1.07420132e-06  4.28698484e-09 
 6.12114950e-05  8.95608443e-01  8.93871223e-01  8.93847417e-01 -1.23793173e-05 -2.85046219e-07  8.54787947e-10 
 6.12174412e-05  8.96137587e-01  8.94069539e-01  8.93932453e-01 -1.24114242e-05  2.14083987e-08 -1.12960127e-09 
 6.12240128e-05  8.96534162e-01  8.94412664e-01  8.94232245e-01 -1.23786778e-05 -2.29030980e-09 -6.22214077e-10 
 6.12319840e-05  8.96841718e-01  8.94863595e-01  8.94676134e-01 -1.24112784e-05  9.88381714e-10 -1.82282326e-10 
 6.12412244e-05  8.97050441e-01  8.95347140e-01  8.95175113e-01 -1.23783522e-05  2.05417899e-10 -9.93200639e-13 
 6.12554798e-05  8.97210264e-01  8.95923680e-01  8.95790364e-01 -1.24111417e-05  3.43911461e-10  9.92194195e-11 
 6.12756196e-05  8.97288117e-01  8.96369700e-01  8.96289495e-01 -1.23795623e-05  6.04161333e-11  6.48552522e-11 
 6.13006196e-05  8.97308919e-01  8.96512529e-01  8.96467496e-01 -1.24137137e-05  3.52661238e-11  6.85684745e-12 
 6.13256196e-05  8.97311288e-01  8.96497319e-01  8.96455171e-01 -1.23819891e-05 -3.28504220e-11 -9.45497142e-12 
 6.13506196e-05  8.97311614e-01  8.96523747e-01  8.96472736e-01 -1.24148607e-05  2.99394895e-11  9.09684144e-12 
 6.13756196e-05  8.97311545e-01  8.96614945e-01  8.96559043e-01 -1.23821706e-05  1.84937072e-11  1.91501942e-11 
 6.14006196e-05  8.97311734e-01  8.96720341e-01  8.96665325e-01 -1.24146636e-05  3.61493266e-11  2.15671343e-11 
 6.14256196e-05  8.97311700e-01  8.96804224e-01  8.96752195e-01 -1.23820619e-05  1.37190086e-11  1.43329717e-11 
 6.14506196e-05  8.97311857e-01  8.96864856e-01  8.96814704e-01 -1.24146593e-05  1.91213224e-11  1.19851131e-11 
 6.14756196e-05  8.97311774e-01  8.96913743e-01  8.96864293e-01 -1.23821330e-05  8.33891875e-12  8.66359453e-12 
 6.15006196e-05  8.97311906e-01  8.96959145e-01  8.96909804e-01 -1.24146823e-05  1.53657506e-11  1.00949000e-11 
 6.15256196e-05  8.97311820e-01  8.97001933e-01  8.96952952e-01 -1.23821548e-05  8.14686339e-12  8.00822136e-12 
 6.15506196e-05  8.97311954e-01  8.97040763e-01  8.96992198e-01 -1.24146659e-05  1.27546489e-11  8.88923283e-12 
 6.15756196e-05  8.97311866e-01  8.97074549e-01  8.97026544e-01 -1.23821696e-05  5.94681487e-12  6.33383336e-12 
 6.16006196e-05  8.97311993e-01  8.97104004e-01  8.97056345e-01 -1.24146576e-05  1.00028549e-11  7.20889320e-12 
 6.16256196e-05  8.97311899e-01  8.97129785e-01  8.97082505e-01 -1.23821905e-05  4.14793764e-12  4.99009352e-12 
 6.16506196e-05  8.97312022e-01  8.97152803e-01  8.97105729e-01 -1.24146489e-05  8.29468634e-12  6.13454334e-12 
 6.16756196e-05  8.97311925e-01  8.97173161e-01  8.97126391e-01 -1.23822084e-05  2.85772165e-12  4.08188815e-12 
 6.17006196e-05  8.97312046e-01  8.97191313e-01  8.97144707e-01 -1.24146377e-05  6.97891506e-12  5.29629839e-12 
 6.17256196e-05  8.97311946e-01  8.97207237e-01  8.97160891e-01 -1.23822253e-05  1.75045720e-12  3.32168191e-12 
 6.17506196e-05  8.97312064e-01  8.97221414e-01  8.97175184e-01 -1.24146262e-05  5.93171606e-12  4.61249951e-12 
 6.17756196e-05  8.97311962e-01  8.97233838e-01  8.97187822e-01 -1.23822419e-05  8.78387424e-13  2.72735691e-12 
 6.18006196e-05  8.97312078e-01  8.97244945e-01  8.97199005e-01 -1.24146140e-05  5.13349281e-12  4.08742571e-12 
 6.18256196e-05  8.97311974e-01  8.97254664e-01  8.97208904e-01 -1.23822580e-05  1.98527826e-13  2.26786423e-12 
 6.18506196e-05  8.97312089e-01  8.97263373e-01  8.97217660e-01 -1.24146013e-05  4.50985256e-12  3.67603463e-12 
 6.18756196e-05  8.97311984e-01  8.97270966e-01  8.97225407e-01 -1.23822738e-05 -3.37584778e-13  1.90645920e-12 
 6.19006196e-05  8.97312098e-01  8.97277792e-01  8.97232258e-01 -1.24145882e-05  4.02094005e-12  3.35279574e-12 
 6.19256196e-05  8.97311992e-01  8.97283721e-01  8.97238319e-01 -1.23822892e-05 -7.56695488e-13  1.62400638e-12 
 6.19506196e-05  8.97312105e-01  8.97289076e-01  8.97243681e-01 -1.24145748e-05  3.63848621e-12  3.09998858e-12 
 6.19756196e-05  8.97311998e-01  8.97293704e-01  8.97248425e-01 -1.23823045e-05 -1.08378367e-12  1.40345347e-12 
 6.20006196e-05  8.97312110e-01  8.97297906e-01  8.97252621e-01 -1.24145612e-05  3.33832679e-12  2.90184071e-12 
 6.20256196e-05  8.97312003e-01  8.97301516e-01  8.97256333e-01 -1.23823196e-05 -1.33899033e-12  1.23105150e-12 
 6.20506196e-05  8.97312114e-01  8.97304817e-01  8.97259617e-01 -1.24145473e-05  3.10244668e-12  2.74645763e-12 
 6.20756196e-05  8.97312007e-01  8.97307630e-01  8.97262522e-01 -1.23823347e-05 -1.53772546e-12  1.09641831e-12 
 6.21006196e-05  8.97312118e-01  8.97310225e-01  8.97265092e-01 -1.24145333e-05  2.91689004e-12  2.62460106e-12 
 6.21256196e-05  8.97312010e-01  8.97312414e-01  8.97267366e-01 -1.23823496e-05 -1.69224270e-12  9.91336245e-13 
 6.21506196e-05  8.97312120e-01  8.97314458e-01  8.97269377e-01 -1.24145191e-05  2.77066933e-12  2.52896976e-12 
 6.21756196e-05  8.97312012e-01  8.97316159e-01  8.97271156e-01 -1.23823645e-05 -1.81217107e-12  9.09361887e-13 
 6.22006196e-05  8.97312122e-01  8.97317770e-01  8.97272730e-01 -1.24145048e-05  2.65524061e-12  2.45386876e-12 
 6.22256196e-05  8.97312014e-01  8.97319089e-01  8.97274123e-01 -1.23823793e-05 -1.90502887e-12  8.45466329e-13 
 6.22506196e-05  8.97312124e-01  8.97320362e-01  8.97275354e-01 -1.24144904e-05  2.56392065e-12  2.39484393e-12 
 6.22756196e-05  8.97312015e-01  8.97321382e-01  8.97276444e-01 -1.23823942e-05 -1.97671653e-12  7.95712075e-13 
 6.23006196e-05  8.97312125e-01  8.97322390e-01  8.97277408e-01 -1.24144760e-05  2.49148011e-12  2.34840755e-12 
 6.23256196e-05  8.97312017e-01  8.97323177e-01  8.97278261e-01 -1.23824090e-05 -2.03185168e-12  7.57016520e-13 
 6.23506196e-05  8.97312126e-01  8.97323978e-01  8.97279015e-01 -1.24144614e-05  2.43382853e-12  2.31182770e-12 
 6.23756196e-05  8.97312018e-01  8.97324582e-01  8.97279683e-01 -1.23824238e-05 -2.07404623e-12  7.26968941e-13 
 6.24006196e-05  8.97312127e-01  8.97325220e-01  8.97280273e-01 -1.24144469e-05  2.38776685e-12  2.28297020e-12 
 6.24256196e-05  8.97312018e-01  8.97325681e-01  8.97280796e-01 -1.23824386e-05 -2.10613081e-12  7.03681579e-13 
 6.24506196e-05  8.97312128e-01  8.97326192e-01  8.97281257e-01 -1.24144322e-05  2.35079230e-12  2.26016065e-12 
 6.24756196e-05  8.97312019e-01  8.97326541e-01  8.97281666e-01 -1.23824534e-05 -2.13031849e-12  6.85678782e-13 
 6.25006196e-05  8.97312128e-01  8.97326953e-01  8.97282028e-01 -1.24144175e-05  2.32093966e-12  2.24209361e-12 
 6.25256196e-05  8.97312019e-01  8.97327215e-01  8.97282348e-01 -1.23824682e-05 -2.14833902e-12  6.71806089e-13 
 6.25506196e-05  8.97312129e-01  8.97327549e-01  8.97282631e-01 -1.24144028e-05  2.29667891e-12  2.22774024e-12 
 6.25756196e-05  8.97312020e-01  8.97327742e-01  8.97282881e-01 -1.23824831e-05 -2.16155305e-12  6.61158086e-13 
 6.26006196e-05  8.97312129e-01  8.97328015e-01  8.97283102e-01 -1.24143881e-05  2.27680873e-12  2.21630245e-12 
 6.26256196e-05  8.97312020e-01  8.97328154e-01  8.97283299e-01 -1.23824979e-05 -2.17101510e-12  6.53029497e-13 
 6.26506196e-05  8.97312129e-01  8.97328379e-01  8.97283472e-01 -1.24143733e-05  2.26038762e-12  2.20714918e-12 
 6.26756196e-05  8.97312021e-01  8.97328477e-01  8.97283625e-01 -1.23825128e-05 -2.17755675e-12  6.46866946e-13 
 6.27006196e-05  8.97312129e-01  8.97328665e-01  8.97283761e-01 -1.24143585e-05  2.24668114e-12  2.19978983e-12 
 6.27256196e-05  8.97312021e-01  8.97328729e-01  8.97283881e-01 -1.23825276e-05 -2.18182633e-12  6.42237511e-13 
 6.27506196e-05  8.97312130e-01  8.97328888e-01  8.97283987e-01 -1.24143436e-05  2.23511465e-12  2.19384049e-12 
 6.27756196e-05  8.97312021e-01  8.97328927e-01  8.97284081e-01 -1.23825425e-05 -2.18433648e-12  6.38801512e-13 
 6.28006196e-05  8.97312130e-01  8.97329063e-01  8.97284164e-01 -1.24143288e-05  2.22523172e-12  2.18899784e-12 
 6.28256196e-05  8.97312021e-01  8.97329082e-01  8.97284238e-01 -1.23825574e-05 -2.18547901e-12  6.36296950e-13 
 6.28506196e-05  8.97312130e-01  8.97329200e-01  8.97284303e-01 -1.24143139e-05  2.21668690e-12  2.18502804e-12 
 6.28756196e-05  8.97312021e-01  8.97329203e-01  8.97284360e-01 -1.23825723e-05 -2.18556792e-12  6.34515606e-13 
 6.29006196e-05  8.97312130e-01  8.97329307e-01  8.97284411e-01 -1.24142990e-05  2.20920027e-12  2.18174459e-12 
 6.29256196e-05  8.97312022e-01  8.97329298e-01  8.97284456e-01 -1.23825872e-05 -2.18484063e-12  6.33295987e-13 
 6.29506196e-05  8.97312130e-01  8.97329390e-01  8.97284496e-01 -1.24142841e-05  2.20255303e-12  2.17900188e-12 
 6.29756196e-05  8.97312022e-01  8.97329372e-01  8.97284531e-01 -1.23826022e-05 -2.18349384e-12  6.32512218e-13 
 6.30006196e-05  8.97312130e-01  8.97329456e-01  8.97284562e-01 -1.24142691e-05  2.19657669e-12  2.17668781e-12 
 6.30256196e-05  8.97312022e-01  8.97329431e-01  8.97284590e-01 -1.23826171e-05 -2.18167324e-12  6.32063466e-13 
 6.30506196e-05  8.97312130e-01  8.97329507e-01  8.97284614e-01 -1.24142542e-05  2.19113855e-12  2.17471202e-12 
 6.30756196e-05  8.97312022e-01  8.97329476e-01  8.97284636e-01 -1.23826321e-05 -2.17949183e-12  6.31876333e-13 
 6.31006196e-05  8.97312131e-01  8.97329547e-01  8.97284655e-01 -1.24142393e-05  2.18613842e-12  2.17300657e-12 
 6.31256196e-05  8.97312022e-01  8.97329512e-01  8.97284672e-01 -1.23826470e-05 -2.17704457e-12  6.31887554e-13 
 6.31506196e-05  8.97312131e-01  8.97329579e-01  8.97284687e-01 -1.24142243e-05  2.18148611e-12  2.17151454e-12 
 6.31756196e-05  8.97312022e-01  8.97329540e-01  8.97284700e-01 -1.23826620e-05 -2.17439977e-12  6.32050618e-13 
 6.32000000e-05  8.97312131e-01  8.97329603e-01  8.97284712e-01 -1.24142091e-05  2.17705541e-12  2.17016672e-12 
 6.32000239e-05  8.97299573e-01  8.97308327e-01  8.97284510e-01 -1.41294436e-05 -2.85358768e-09 -1.23146094e-09 
 6.32000717e-05  8.97288371e-01  8.97274869e-01  8.97283795e-01 -1.50696160e-05 -7.52960185e-09 -3.47367047e-09 
 6.32001673e-05  8.97277565e-01  8.97235493e-01  8.97281038e-01 -1.58590469e-05 -1.32758553e-08 -7.38820225e-09 
 6.32002668e-05  8.97264079e-01  8.97217436e-01  8.97277156e-01 -1.63245472e-05 -1.72788047e-08 -1.11001524e-08 
 6.32004433e-05  8.97245392e-01  8.97216121e-01  8.97269980e-01 -1.64620435e-05 -2.33127430e-08 -1.71537468e-08 
 6.32006812e-05  8.97218069e-01  8.97235016e-01  8.97261870e-01 -1.65911939e-05 -3.05948762e-08 -2.46386594e-08 
 6.32010367e-05  8.97182277e-01  8.97275585e-01  8.97255042e-01 -1.66040141e-05 -4.01873522e-08 -3.45574876e-08 
 6.32015268e-05  8.97135021e-01  8.97339087e-01  8.97256369e-01 -1.76903298e-05 -4.77732101e-08 -4.60528706e-08 
 6.32017004e-05  8.97123034e-01  8.97364832e-01  8.97259772e-01 -1.90693601e-05 -4.52095931e-08 -4.94619671e-08 
 6.32018683e-05  8.97114394e-01  8.97391949e-01  8.97264566e-01 -2.18510182e-05 -3.35570174e-08 -5.23232746e-08 
 6.32020231e-05  8.97113469e-01  8.97420330e-01  8.97270374e-01 -2.57581518e-05 -9.64255937e-09 -5.44567750e-08 
 6.32021643e-05  8.97116072e-01  8.97448962e-01  8.97276933e-01 -3.07425791e-05  2.91554843e-08 -5.58859219e-08 
 6.32022888e-05  8.97122837e-01  8.97477579e-01  8.97283807e-01 -3.59920563e-05  8.31588337e-08 -5.65896940e-08 
 6.32023948e-05  8.97129060e-01  8.97504738e-01  8.97290555e-01 -4.11439885e-05  1.50303925e-07 -5.66558176e-08 
 6.32024865e-05  8.97135228e-01  8.97531360e-01  8.97297130e-01 -4.58235875e-05  2.30646132e-07 -5.61631175e-08 
 6.32025698e-05  8.97139176e-01  8.97558701e-01  8.97303789e-01 -5.02727033e-05  3.28498198e-07 -5.51328898e-08 
 6.32026530e-05  8.97142437e-01  8.97589870e-01  8.97311169e-01 -5.46290360e-05  4.57016368e-07 -5.33821616e-08 
 6.32027480e-05  8.97147149e-01  8.97630147e-01  8.97320648e-01 -5.96045893e-05  6.48388938e-07 -5.03697469e-08 
 6.32028490e-05  8.97157270e-01  8.97676303e-01  8.97332039e-01 -6.48011526e-05  9.03908744e-07 -4.60329541e-08 
 6.32029414e-05  8.97168649e-01  8.97719319e-01  8.97343679e-01 -6.95724687e-05  1.18161797e-06 -4.11888850e-08 
 6.32030438e-05  8.97180175e-01  8.97766548e-01  8.97357910e-01 -7.47510817e-05  1.53483743e-06 -3.49795121e-08 
 6.32031610e-05  8.97189614e-01  8.97819021e-01  8.97375771e-01 -8.05989824e-05  1.99140241e-06 -2.69556387e-08 
 6.32033148e-05  8.97201907e-01  8.97883445e-01  8.97401469e-01 -8.81054252e-05  2.66065979e-06 -1.52499704e-08 
 6.32034479e-05  8.97214953e-01  8.97934064e-01  8.97425454e-01 -9.42183877e-05  3.29000071e-06 -4.32655872e-09 
 6.32035880e-05  8.97230517e-01  8.97981506e-01  8.97452022e-01 -9.95953822e-05  3.98653469e-06  7.65312606e-09 
 6.32037077e-05  8.97245302e-01  8.98016025e-01  8.97475502e-01 -1.02614467e-04  4.59542241e-06  1.79916919e-08 
 6.32037858e-05  8.97254762e-01  8.98033816e-01  8.97491020e-01 -1.02619152e-04  4.98804255e-06  2.45292690e-08 
 6.32038407e-05  8.97261048e-01  8.98042215e-01  8.97501910e-01 -1.00388286e-04  5.25227164e-06  2.88012756e-08 
 6.32038915e-05  8.97265831e-01  8.98044615e-01  8.97511901e-01 -9.58361195e-05  5.47875962e-06  3.22779265e-08 
 6.32039507e-05  8.97270046e-01  8.98038454e-01  8.97523247e-01 -8.79949957e-05  5.70827208e-06  3.54585183e-08 
 6.32040192e-05  8.97272758e-01  8.98018907e-01  8.97535695e-01 -7.68656497e-05  5.91627313e-06  3.77461947e-08 
 6.32040966e-05  8.97273344e-01  8.97984302e-01  8.97548546e-01 -6.37144207e-05  6.07138612e-06  3.85147491e-08 
 6.32042006e-05  8.97270530e-01  8.97928203e-01  8.97563330e-01 -4.79846398e-05  6.15449532e-06  3.69601012e-08 
 6.32042811e-05  8.97266269e-01  8.97885132e-01  8.97572782e-01 -3.86474942e-05  6.13589743e-06  3.42237784e-08 
 6.32043588e-05  8.97260925e-01  8.97849369e-01  8.97580426e-01 -3.19640349e-05  6.06738250e-06  3.08035025e-08 
 6.32044543e-05  8.97253311e-01  8.97816143e-01  8.97588201e-01 -2.63677417e-05  5.93687138e-06  2.60552190e-08 
 6.32045429e-05  8.97245545e-01  8.97795952e-01  8.97594221e-01 -2.31029294e-05  5.78633176e-06  2.14304670e-08 
 6.32046468e-05  8.97235954e-01  8.97783532e-01  8.97600354e-01 -2.08169529e-05  5.59054272e-06  1.60142149e-08 
 6.32047519e-05  8.97225921e-01  8.97780518e-01  8.97605988e-01 -1.95365460e-05  5.38317256e-06  1.06935528e-08 
 6.32048821e-05  8.97213285e-01  8.97785809e-01  8.97612702e-01 -1.87485011e-05  5.12503564e-06  4.42357325e-09 
 6.32050000e-05  8.97201727e-01  8.97796170e-01  8.97618849e-01 -1.84171861e-05  4.89577763e-06 -9.32052693e-10 
 6.32050025e-05  8.97204578e-01  8.97799534e-01  8.97618987e-01 -1.73793952e-05  4.89129042e-06 -8.91544486e-10 
 6.32050076e-05  8.97208639e-01  8.97805842e-01  8.97619269e-01 -1.68353238e-05  4.88235287e-06 -8.21624061e-10 
 6.32050178e-05  8.97210981e-01  8.97816597e-01  8.97619866e-01 -1.64194904e-05  4.86452225e-06 -7.32770961e-10 
 6.32050310e-05  8.97211110e-01  8.97828421e-01  8.97620697e-01 -1.60279964e-05  4.84129563e-06 -6.61915162e-10 
 6.32050574e-05  8.97211347e-01  8.97849490e-01  8.97622518e-01 -1.52934624e-05  4.79474126e-06 -5.62729390e-10 
 6.32051102e-05  8.97211482e-01  8.97884030e-01  8.97626683e-01 -1.42885061e-05  4.70159012e-06 -4.95367117e-10 
 6.32052060e-05  8.97211681e-01  8.97925939e-01  8.97635463e-01 -1.32197614e-05  4.53401247e-06 -6.20090663e-10 
 6.32053977e-05  8.97211855e-01  8.97965865e-01  8.97655071e-01 -1.25369366e-05  4.21100267e-06 -1.18137050e-09 
 6.32056255e-05  8.97212141e-01  8.97984428e-01  8.97679056e-01 -1.24083372e-05  3.85335243e-06 -1.86394862e-09 
 6.32059346e-05  8.97212397e-01  8.98001184e-01  8.97710359e-01 -1.24196238e-05  3.41493137e-06 -2.56672364e-09 
 6.32063389e-05  8.97212810e-01  8.98019760e-01  8.97748546e-01 -1.23920530e-05  2.91514061e-06 -3.18631089e-09 
 6.32071080e-05  8.97213411e-01  8.98048623e-01  8.97812745e-01 -1.24157426e-05  2.15370673e-06 -3.74381820e-09 
 6.32086464e-05  8.97214536e-01  8.98083427e-01  8.97910805e-01 -1.23883128e-05  1.15862173e-06 -3.54207831e-09 
 6.32117232e-05  8.97215989e-01  8.98082430e-01  8.98007736e-01 -1.24114534e-05  2.88939605e-07 -1.84183973e-09 
 6.32174776e-05  8.97217279e-01  8.97931930e-01  8.97959092e-01 -1.23848983e-05 -1.69039658e-08 -8.26099342e-11 
 6.32241763e-05  8.97217362e-01  8.97661744e-01  8.97721867e-01 -1.24098299e-05  1.99849403e-09 -8.61157955e-11 
 6.32324428e-05  8.97216928e-01  8.97349542e-01  8.97396477e-01 -1.23849792e-05 -7.93412593e-10 -2.05935835e-10 
 6.32415108e-05  8.97216244e-01  8.97112014e-01  8.97125026e-01 -1.24108973e-05 -3.09133940e-11 -1.41404918e-10 
 6.32546630e-05  8.97215606e-01  8.96970149e-01  8.96938387e-01 -1.23861802e-05 -1.14267066e-10 -5.67975872e-11 
 6.32730486e-05  8.97215208e-01  8.97029591e-01  8.96964544e-01 -1.24111940e-05  8.86313364e-11  2.87745764e-11 
 6.32980486e-05  8.97215424e-01  8.97239821e-01  8.97173391e-01 -1.23853264e-05  3.93381319e-11  4.68196827e-11 
 6.33230486e-05  8.97215691e-01  8.97355180e-01  8.97305470e-01 -1.24103795e-05  3.22673880e-11  1.79392775e-11 
 6.33480486e-05  8.97215847e-01  8.97343437e-01  8.97303759e-01 -1.23853663e-05 -2.38776264e-11 -6.27613310e-12 
 6.33730486e-05  8.97215757e-01  8.97292295e-01  8.97252497e-01 -1.24107835e-05 -8.06027749e-12 -9.24387986e-12 
 6.33980486e-05  8.97215731e-01  8.97262881e-01  8.97219545e-01 -1.23856072e-05 -9.09089947e-12 -2.76501429e-12 
 6.34230486e-05  8.97215662e-01  8.97259745e-01  8.97214390e-01 -1.24107863e-05  4.01747385e-12  1.83984978e-12 
 6.34480486e-05  8.97215710e-01  8.97264587e-01  8.97219249e-01 -1.23855285e-05 -1.94977498e-13  2.75868879e-12 
 6.34730486e-05  8.97215676e-01  8.97265362e-01  8.97220690e-01 -1.24107390e-05  6.52948398e-13  1.15917649e-12 
 6.34980486e-05  8.97215720e-01  8.97261452e-01  8.97217117e-01 -1.23855295e-05 -1.99226182e-12  7.26930723e-13 
 6.35230486e-05  8.97215673e-01  8.97256582e-01  8.97212183e-01 -1.24107539e-05 -9.98711096e-13  2.72534762e-13 
 6.35480486e-05  8.97215711e-01  8.97253045e-01  8.97208467e-01 -1.23855386e-05 -8.83594847e-13  1.07136652e-12 
 6.35730486e-05  8.97215665e-01  8.97250836e-01  8.97206156e-01 -1.24107523e-05 -5.12681477e-13  8.23864631e-13 
 6.35980486e-05  8.97215707e-01  8.97249141e-01  8.97204443e-01 -1.23855355e-05 -3.19891466e-13  1.36898246e-12 
 6.36230486e-05  8.97215663e-01  8.97247474e-01  8.97202783e-01 -1.24107495e-05 -6.12487058e-13  8.57464978e-13 
 6.36480486e-05  8.97215704e-01  8.97245814e-01  8.97201118e-01 -1.23855360e-05 -2.46923358e-13  1.35812965e-12 
 6.36730486e-05  8.97215660e-01  8.97244301e-01  8.97199584e-01 -1.24107493e-05 -6.03011347e-13  8.86950181e-13 
 6.36980486e-05  8.97215702e-01  8.97242996e-01  8.97198258e-01 -1.23855368e-05 -1.02487029e-13  1.43098901e-12 
 6.37230486e-05  8.97215658e-01  8.97241881e-01  8.97197126e-01 -1.24107484e-05 -5.16799711e-13  9.57767882e-13 
 6.37480486e-05  8.97215700e-01  8.97240900e-01  8.97196134e-01 -1.23855371e-05 -1.44164194e-14  1.48549115e-12 
 6.37730486e-05  8.97215656e-01  8.97240028e-01  8.97195251e-01 -1.24107475e-05 -4.63349845e-13  9.96702504e-13 
 6.37980486e-05  8.97215698e-01  8.97239245e-01  8.97194460e-01 -1.23855376e-05  3.64166163e-14  1.51874563e-12 
 6.38230486e-05  8.97215655e-01  8.97238555e-01  8.97193760e-01 -1.24107467e-05 -4.13923019e-13  1.02811938e-12 
 6.38480486e-05  8.97215697e-01  8.97237942e-01  8.97193141e-01 -1.23855381e-05  7.73322378e-14  1.54804522e-12 
 6.38730486e-05  8.97215654e-01  8.97237406e-01  8.97192596e-01 -1.24107460e-05 -3.70293206e-13  1.05460356e-12 
 6.38980486e-05  8.97215696e-01  8.97236927e-01  8.97192114e-01 -1.23855387e-05  1.06522213e-13  1.57065268e-12 
 6.39230486e-05  8.97215653e-01  8.97236508e-01  8.97191687e-01 -1.24107453e-05 -3.35299930e-13  1.07472744e-12 
 6.39480486e-05  8.97215696e-01  8.97236131e-01  8.97191309e-01 -1.23855392e-05  1.27416090e-13  1.58791979e-12 
 6.39730486e-05  8.97215653e-01  8.97235805e-01  8.97190975e-01 -1.24107446e-05 -3.06421555e-13  1.09060856e-12 
 6.39980486e-05  8.97215695e-01  8.97235509e-01  8.97190679e-01 -1.23855398e-05  1.42747793e-13  1.60150425e-12 
 6.40230486e-05  8.97215652e-01  8.97235254e-01  8.97190418e-01 -1.24107440e-05 -2.82622016e-13  1.10317235e-12 
 6.40480486e-05  8.97215695e-01  8.97235021e-01  8.97190186e-01 -1.23855403e-05  1.53668094e-13  1.61205641e-12 
 6.40730486e-05  8.97215652e-01  8.97234824e-01  8.97189981e-01 -1.24107433e-05 -2.63047830e-13  1.11303929e-12 
 6.40980486e-05  8.97215695e-01  8.97234640e-01  8.97189800e-01 -1.23855409e-05  1.61253823e-13  1.62023991e-12 
 6.41230486e-05  8.97215652e-01  8.97234487e-01  8.97189640e-01 -1.24107427e-05 -2.46812336e-13  1.12082490e-12 
 6.41480486e-05  8.97215694e-01  8.97234342e-01  8.97189498e-01 -1.23855415e-05  1.66316830e-13  1.62659052e-12 
 6.41730486e-05  8.97215652e-01  8.97234223e-01  8.97189373e-01 -1.24107421e-05 -2.33250051e-13  1.12697915e-12 
 6.41980486e-05  8.97215694e-01  8.97234108e-01  8.97189262e-01 -1.23855421e-05  1.69457547e-13  1.63150255e-12 
 6.42230486e-05  8.97215652e-01  8.97234017e-01  8.97189164e-01 -1.24107415e-05 -2.21837956e-13  1.13185139e-12 
 6.42480486e-05  8.97215694e-01  8.97233925e-01  8.97189077e-01 -1.23855426e-05  1.71133073e-13  1.63529005e-12 
 6.42730486e-05  8.97215651e-01  8.97233855e-01  8.97189000e-01 -1.24107409e-05 -2.12143888e-13  1.13572129e-12 
 6.42980486e-05  8.97215694e-01  8.97233782e-01  8.97188932e-01 -1.23855432e-05  1.71703363e-13  1.63819734e-12 
 6.43230486e-05  8.97215651e-01  8.97233729e-01  8.97188872e-01 -1.24107403e-05 -2.03838899e-13  1.13880536e-12 
 6.43480486e-05  8.97215694e-01  8.97233670e-01  8.97188819e-01 -1.23855438e-05  1.71447492e-13  1.64041773e-12 
 6.43730486e-05  8.97215651e-01  8.97233630e-01  8.97188772e-01 -1.24107397e-05 -1.96652807e-13  1.14127311e-12 
 6.43980486e-05  8.97215694e-01  8.97233583e-01  8.97188730e-01 -1.23855443e-05  1.70578178e-13  1.64210296e-12 
 6.44230486e-05  8.97215651e-01  8.97233553e-01  8.97188694e-01 -1.24107391e-05 -1.90375710e-13  1.14325877e-12 
 6.44480486e-05  8.97215694e-01  8.97233514e-01  8.97188661e-01 -1.23855449e-05  1.69260656e-13  1.64336703e-12 
 6.44730486e-05  8.97215651e-01  8.97233492e-01  8.97188632e-01 -1.24107385e-05 -1.84842376e-13  1.14486448e-12 
 6.44980486e-05  8.97215694e-01  8.97233460e-01  8.97188606e-01 -1.23855455e-05  1.67625462e-13  1.64430568e-12 
 6.45230486e-05  8.97215651e-01  8.97233445e-01  8.97188584e-01 -1.24107380e-05 -1.79920532e-13  1.14617463e-12 
 6.45480486e-05  8.97215694e-01  8.97233418e-01  8.97188564e-01 -1.23855460e-05  1.65768441e-13  1.64498753e-12 
 6.45730486e-05  8.97215651e-01  8.97233408e-01  8.97188547e-01 -1.24107374e-05 -1.75506528e-13  1.14724940e-12 
 6.45980486e-05  8.97215694e-01  8.97233385e-01  8.97188531e-01 -1.23855466e-05  1.63764401e-13  1.64547038e-12 
 6.46230486e-05  8.97215651e-01  8.97233379e-01  8.97188517e-01 -1.24107368e-05 -1.71514929e-13  1.14814197e-12 
 6.46480486e-05  8.97215694e-01  8.97233360e-01  8.97188505e-01 -1.23855471e-05  1.61672975e-13  1.64579846e-12 
 6.46730486e-05  8.97215651e-01  8.97233356e-01  8.97188494e-01 -1.24107363e-05 -1.67879599e-13  1.14888996e-12 
 6.46980486e-05  8.97215694e-01  8.97233339e-01  8.97188484e-01 -1.23855477e-05  1.59537097e-13  1.64600592e-12 
 6.47230486e-05  8.97215651e-01  8.97233339e-01  8.97188476e-01 -1.24107357e-05 -1.64547629e-13  1.14952411e-12 
 6.47480486e-05  8.97215694e-01  8.97233324e-01  8.97188469e-01 -1.23855483e-05  1.57386257e-13  1.64611895e-12 
 6.47730486e-05  8.97215652e-01  8.97233325e-01  8.97188462e-01 -1.24107352e-05 -1.61473916e-13  1.15006843e-12 
 6.47980486e-05  8.97215694e-01  8.97233311e-01  8.97188456e-01 -1.23855488e-05  1.55251896e-13  1.64616026e-12 
 6.48230486e-05  8.97215652e-01  8.97233314e-01  8.97188451e-01 -1.24107346e-05 -1.58622247e-13  1.15054396e-12 
 6.48480486e-05  8.97215694e-01  8.97233302e-01  8.97188446e-01 -1.23855494e-05  1.53147026e-13  1.64614432e-12 
 6.48730486e-05  8.97215652e-01  8.97233306e-01  8.97188443e-01 -1.24107340e-05 -1.55967687e-13  1.15096170e-12 
 6.48980486e-05  8.97215694e-01  8.97233294e-01  8.97188439e-01 -1.23855499e-05  1.51082272e-13  1.64608550e-12 
 6.49230486e-05  8.97215652e-01  8.97233299e-01  8.97188436e-01 -1.24107335e-05 -1.53484430e-13  1.15133516e-12 
 6.49480486e-05  8.97215694e-01  8.97233288e-01  8.97188433e-01 -1.23855505e-05  1.49071727e-13  1.64599373e-12 
 6.49730486e-05  8.97215652e-01  8.97233294e-01  8.97188431e-01 -1.24107329e-05 -1.51153395e-13  1.15167375e-12 
 6.49980486e-05  8.97215694e-01  8.97233283e-01  8.97188428e-01 -1.23855510e-05  1.47119513e-13  1.64587604e-12 
 6.50230486e-05  8.97215652e-01  8.97233290e-01  8.97188427e-01 -1.24107324e-05 -1.48957669e-13  1.15198384e-12 
 6.50480486e-05  8.97215694e-01  8.97233280e-01  8.97188425e-01 -1.23855516e-05  1.45229748e-13  1.64573845e-12 
 6.50730486e-05  8.97215652e-01  8.97233287e-01  8.97188423e-01 -1.24107318e-05 -1.46888795e-13  1.15227137e-12 
 6.50980486e-05  8.97215694e-01  8.97233277e-01  8.97188422e-01 -1.23855521e-05  1.43402217e-13  1.64558726e-12 
 6.51230486e-05  8.97215652e-01  8.97233284e-01  8.97188421e-01 -1.24107313e-05 -1.44926389e-13  1.15254112e-12 
 6.51480486e-05  8.97215694e-01  8.97233275e-01  8.97188420e-01 -1.23855527e-05  1.41638437e-13  1.64542278e-12 
 6.51730486e-05  8.97215652e-01  8.97233282e-01  8.97188419e-01 -1.24107307e-05 -1.43065464e-13  1.15279487e-12 
 6.51980486e-05  8.97215694e-01  8.97233273e-01  8.97188418e-01 -1.23855532e-05  1.39941661e-13  1.64525256e-12 
 6.52230486e-05  8.97215652e-01  8.97233281e-01  8.97188417e-01 -1.24107302e-05 -1.41296697e-13  1.15303790e-12 
 6.52480486e-05  8.97215694e-01  8.97233272e-01  8.97188417e-01 -1.23855538e-05  1.38310370e-13  1.64507638e-12 
 6.52730486e-05  8.97215652e-01  8.97233280e-01  8.97188416e-01 -1.24107296e-05 -1.39614882e-13  1.15326986e-12 
 6.52980486e-05  8.97215694e-01  8.97233271e-01  8.97188416e-01 -1.23855543e-05  1.36736542e-13  1.64489467e-12 
 6.53230486e-05  8.97215652e-01  8.97233279e-01  8.97188415e-01 -1.24107291e-05 -1.38011564e-13  1.15349413e-12 
 6.53480486e-05  8.97215694e-01  8.97233270e-01  8.97188415e-01 -1.23855549e-05  1.35227550e-13  1.64471155e-12 
 6.53730486e-05  8.97215652e-01  8.97233278e-01  8.97188415e-01 -1.24107286e-05 -1.36480020e-13  1.15371151e-12 
 6.53980486e-05  8.97215694e-01  8.97233269e-01  8.97188414e-01 -1.23855554e-05  1.33775586e-13  1.64452675e-12 
 6.54230486e-05  8.97215652e-01  8.97233278e-01  8.97188414e-01 -1.24107280e-05 -1.35017865e-13  1.15392277e-12 
 6.54480486e-05  8.97215694e-01  8.97233269e-01  8.97188414e-01 -1.23855559e-05  1.32378049e-13  1.64433983e-12 
 6.54730486e-05  8.97215652e-01  8.97233278e-01  8.97188414e-01 -1.24107275e-05 -1.33620328e-13  1.15412898e-12 
 6.54980486e-05  8.97215695e-01  8.97233268e-01  8.97188413e-01 -1.23855565e-05  1.31036458e-13  1.64415356e-12 
 6.55230486e-05  8.97215652e-01  8.97233277e-01  8.97188413e-01 -1.24107269e-05 -1.32278953e-13  1.15433168e-12 
 6.55480486e-05  8.97215695e-01  8.97233268e-01  8.97188413e-01 -1.23855570e-05  1.29744089e-13  1.64396692e-12 
 6.55730486e-05  8.97215652e-01  8.97233277e-01  8.97188413e-01 -1.24107264e-05 -1.30995692e-13  1.15452949e-12 
 6.55980486e-05  8.97215695e-01  8.97233268e-01  8.97188413e-01 -1.23855576e-05  1.28503978e-13  1.64378130e-12 
 6.56230486e-05  8.97215652e-01  8.97233277e-01  8.97188413e-01 -1.24107258e-05 -1.29763821e-13  1.15472535e-12 
 6.56480486e-05  8.97215695e-01  8.97233268e-01  8.97188413e-01 -1.23855581e-05  1.27310272e-13  1.64359672e-12 
 6.56730486e-05  8.97215652e-01  8.97233277e-01  8.97188413e-01 -1.24107253e-05 -1.28579005e-13  1.15491747e-12 
 6.56980486e-05  8.97215695e-01  8.97233267e-01  8.97188413e-01 -1.23855587e-05  1.26159066e-13  1.64341229e-12 
 6.57230486e-05  8.97215653e-01  8.97233277e-01  8.97188413e-01 -1.24107247e-05 -1.27443412e-13  1.15510710e-12 
 6.57480486e-05  8.97215695e-01  8.97233267e-01  8.97188413e-01 -1.23855592e-05  1.25051662e-13  1.64322934e-12 
 6.57730486e-05  8.97215653e-01  8.97233277e-01  8.97188413e-01 -1.24107242e-05 -1.26349452e-13  1.15529385e-12 
 6.57980486e-05  8.97215695e-01  8.97233267e-01  8.97188413e-01 -1.23855598e-05  1.23983723e-13  1.64304741e-12 
 6.58230486e-05  8.97215653e-01  8.97233277e-01  8.97188413e-01 -1.24107236e-05 -1.25295824e-13  1.15547903e-12 
 6.58480486e-05  8.97215695e-01  8.97233267e-01  8.97188413e-01 -1.23855603e-05  1.22955899e-13  1.64286765e-12 
 6.58730486e-05  8.97215653e-01  8.97233277e-01  8.97188413e-01 -1.24107231e-05 -1.24282529e-13  1.15566118e-12 
 6.58980486e-05  8.97215695e-01  8.97233267e-01  8.97188413e-01 -1.23855609e-05  1.21961902e-13  1.64268723e-12 
 6.59230486e-05  8.97215653e-01  8.97233277e-01  8.97188413e-01 -1.24107225e-05 -1.23303060e-13  1.15584295e-12 
 6.59480486e-05  8.97215695e-01  8.97233267e-01  8.97188413e-01 -1.23855614e-05  1.21004335e-13  1.64251018e-12 
 6.59730486e-05  8.97215653e-01  8.97233277e-01  8.97188413e-01 -1.24107220e-05 -1.22359154e-13  1.15602146e-12 
 6.59980486e-05  8.97215695e-01  8.97233267e-01  8.97188413e-01 -1.23855620e-05  1.20081028e-13  1.64233265e-12 
 6.60230486e-05  8.97215653e-01  8.97233277e-01  8.97188413e-01 -1.24107214e-05 -1.21446690e-13  1.15619862e-12 
 6.60480486e-05  8.97215695e-01  8.97233267e-01  8.97188413e-01 -1.23855625e-05  1.19185477e-13  1.64215771e-12 
 6.60730486e-05  8.97215653e-01  8.97233277e-01  8.97188413e-01 -1.24107209e-05 -1.20565016e-13  1.15637469e-12 
 6.60980486e-05  8.97215695e-01  8.97233267e-01  8.97188413e-01 -1.23855631e-05  1.18319200e-13  1.64198348e-12 
 6.61230486e-05  8.97215653e-01  8.97233277e-01  8.97188413e-01 -1.24107204e-05 -1.19712833e-13  1.15654860e-12 
 6.61480486e-05  8.97215695e-01  8.97233267e-01  8.97188413e-01 -1.23855636e-05  1.17481979e-13  1.64181066e-12 
 6.61730486e-05  8.97215653e-01  8.97233277e-01  8.97188413e-01 -1.24107198e-05 -1.18888623e-13  1.15672131e-12 
 6.61980486e-05  8.97215695e-01  8.97233267e-01  8.97188413e-01 -1.23855642e-05  1.16670779e-13  1.64163924e-12 
 6.62230486e-05  8.97215653e-01  8.97233277e-01  8.97188413e-01 -1.24107193e-05 -1.18087397e-13  1.15689316e-12 
 6.62480486e-05  8.97215695e-01  8.97233267e-01  8.97188413e-01 -1.23855647e-05  1.15884299e-13  1.64146870e-12 
 6.62730486e-05  8.97215653e-01  8.97233277e-01  8.97188413e-01 -1.24107187e-05 -1.17312410e-13  1.15706267e-12 
 6.62980486e-05  8.97215695e-01  8.97233267e-01  8.97188413e-01 -1.23855653e-05  1.15122972e-13  1.64129946e-12 
 6.63230486e-05  8.97215653e-01  8.97233277e-01  8.97188413e-01 -1.24107182e-05 -1.16561925e-13  1.15723197e-12 
 6.63480486e-05  8.97215695e-01  8.97233267e-01  8.97188413e-01 -1.23855658e-05  1.14381161e-13  1.64113173e-12 
 6.63730486e-05  8.97215653e-01  8.97233277e-01  8.97188413e-01 -1.24107176e-05 -1.15831606e-13  1.15739959e-12 
 6.63980486e-05  8.97215695e-01  8.97233267e-01  8.97188413e-01 -1.23855664e-05  1.13660817e-13  1.64096449e-12 
 6.64230486e-05  8.97215653e-01  8.97233277e-01  8.97188413e-01 -1.24107170e-05 -1.15121237e-13  1.15756634e-12 
 6.64480486e-05  8.97215695e-01  8.97233267e-01  8.97188413e-01 -1.23855669e-05  1.12961506e-13  1.64079899e-12 
 6.64730486e-05  8.97215653e-01  8.97233277e-01  8.97188413e-01 -1.24107165e-05 -1.14431901e-13  1.15773141e-12 
 6.64980486e-05  8.97215695e-01  8.97233267e-01  8.97188413e-01 -1.23855675e-05  1.12279110e-13  1.64063397e-12 
 6.65230486e-05  8.97215653e-01  8.97233277e-01  8.97188413e-01 -1.24107159e-05 -1.13757961e-13  1.15789572e-12 
 6.65480486e-05  8.97215695e-01  8.97233268e-01  8.97188413e-01 -1.23855680e-05  1.11616445e-13  1.64047020e-12 
 6.65730486e-05  8.97215653e-01  8.97233277e-01  8.97188413e-01 -1.24107154e-05 -1.13103971e-13  1.15805905e-12 
 6.65980486e-05  8.97215695e-01  8.97233268e-01  8.97188413e-01 -1.23855686e-05  1.10970911e-13  1.64030779e-12 
 6.66230486e-05  8.97215653e-01  8.97233277e-01  8.97188413e-01 -1.24107148e-05 -1.12465592e-13  1.15822131e-12 
 6.66480486e-05  8.97215695e-01  8.97233268e-01  8.97188413e-01 -1.23855691e-05  1.10339906e-13  1.64014673e-12 
 6.66730486e-05  8.97215654e-01  8.97233277e-01  8.97188413e-01 -1.24107143e-05 -1.11843260e-13  1.15838280e-12 
 6.66980486e-05  8.97215695e-01  8.97233268e-01  8.97188413e-01 -1.23855697e-05  1.09726681e-13  1.63998508e-12 
 6.67230486e-05  8.97215654e-01  8.97233277e-01  8.97188413e-01 -1.24107137e-05 -1.11235240e-13  1.15854320e-12 
 6.67480486e-05  8.97215696e-01  8.97233268e-01  8.97188413e-01 -1.23855702e-05  1.09126467e-13  1.63982483e-12 
 6.67730486e-05  8.97215654e-01  8.97233278e-01  8.97188413e-01 -1.24107132e-05 -1.10640663e-13  1.15870296e-12 
 6.67980486e-05  8.97215696e-01  8.97233268e-01  8.97188413e-01 -1.23855708e-05  1.08538178e-13  1.63966632e-12 
 6.68230486e-05  8.97215654e-01  8.97233278e-01  8.97188413e-01 -1.24107126e-05 -1.10059748e-13  1.15886158e-12 
 6.68480486e-05  8.97215696e-01  8.97233268e-01  8.97188413e-01 -1.23855714e-05  1.07964852e-13  1.63950846e-12 
 6.68730486e-05  8.97215654e-01  8.97233278e-01  8.97188413e-01 -1.24107120e-05 -1.09492493e-13  1.15901939e-12 
 6.68865243e-05  8.97215696e-01  8.97233268e-01  8.97188413e-01 -1.23855722e-05  1.07078625e-13  1.63924088e-12 
 6.69000000e-05  8.97215654e-01  8.97233278e-01  8.97188413e-01 -1.24107110e-05 -1.08490474e-13  1.15927596e-12 
