Note: Starting dynamic gmin stepping
Warning: Dynamic gmin stepping failed
Note: Starting true gmin stepping
Note: True gmin stepping completed

Note: No compatibility mode selected!


Circuit: * suarez dac extracted-layout qualification

Doing analysis at TEMP = 27.000000 and TNOM = 27.000000

Using SPARSE 1.3 as Direct Linear Solver

Initial Transient Solution
--------------------------

Node                                   Voltage
----                                   -------
vdd                                        1.8
refh                                       0.9
refl                                       0.2
hi                                         0.9
lo                                         0.2
out                                   0.899932
pad                                   0.899887
unused_clk                                   0
unused_ena                                   0
unused_rst_n                                 0
unused_ua_3_                                 0
unused_ua_4_                                 0
unused_ua_5_                                 0
unused_ua_6_                                 0
unused_ua_7_                                 0
unused_ui_in_3_                              0
unused_ui_in_4_                              0
unused_ui_in_5_                              0
unused_ui_in_6_                              0
unused_ui_in_7_                              0
unused_uio_in_0_                             0
unused_uio_in_1_                             0
unused_uio_in_2_                             0
unused_uio_in_3_                             0
unused_uio_in_4_                             0
unused_uio_in_5_                             0
unused_uio_in_6_                             0
unused_uio_in_7_                             0
unused_uio_oe_0_                   8.70853e-05
unused_uio_oe_1_                   8.70853e-05
unused_uio_oe_2_                   8.70853e-05
unused_uio_oe_3_                   8.70853e-05
unused_uio_oe_4_                   8.70853e-05
unused_uio_oe_5_                   8.70853e-05
unused_uio_oe_6_                   8.70853e-05
unused_uio_oe_7_                   8.70853e-05
unused_uio_out_0_                  8.70853e-05
unused_uio_out_1_                  8.70853e-05
unused_uio_out_2_                  8.70853e-05
unused_uio_out_3_                  8.70853e-05
unused_uio_out_4_                  8.70853e-05
unused_uio_out_5_                  8.70853e-05
unused_uio_out_6_                  8.70853e-05
unused_uio_out_7_                  8.70853e-05
unused_uo_out_0_                   8.70853e-05
unused_uo_out_1_                   8.70853e-05
unused_uo_out_2_                   8.70853e-05
unused_uo_out_3_                   8.70853e-05
unused_uo_out_4_                   8.70853e-05
unused_uo_out_5_                   8.70853e-05
unused_uo_out_6_                   8.70853e-05
unused_uo_out_7_                   8.70853e-05
xdut.x0.xsky130_fd_pr__res_xhigh_po_0p35.ra        0.316095
xdut.vgnd.t17                      0.000489114
xdut.rbmid                            0.317185
xdut.vgnd.t16                      0.000336146
xdut.tail.t2                           1.47434
xdut.ua[1].t4                         0.899943
xdut.mirror.t2                        0.594029
xdut.vdpwr.t16                         1.79983
xdut.hold                             0.899915
xdut.x2.a                          5.08367e-05
xdut.x2.b1                         5.08367e-05
xdut.vgnd.t4                       5.08367e-05
xdut.x3.a                          4.75997e-05
xdut.x3.b1                         4.75997e-05
xdut.vgnd.t14                      4.75997e-05
xdut.sample                           0.899229
xdut.x4.a                          4.73192e-05
xdut.x4.b1                         4.73192e-05
xdut.vgnd.t8                       4.73192e-05
xdut.x5.a                          5.18782e-05
xdut.x5.b1                         5.18782e-05
xdut.vgnd.t2                       5.18782e-05
xdut.x6.a                          4.82493e-05
xdut.x6.b1                         4.82493e-05
xdut.vgnd.t18                      4.82493e-05
xdut.hold.t0                          0.899915
xdut.s_bar.t2                          1.79983
xdut.sample.t1                        0.899229
xdut.vdpwr.t1                          1.79983
xdut.x8.a                          5.08367e-05
xdut.x8.b1                         5.08367e-05
xdut.vdpwr.t3                          1.79969
xdut.bias.t4                          0.633996
xdut.tail.t0                           1.47451
xdut.vdpwr.t2                          1.79983
xdut.sample.t2                        0.899229
xdut.l_bar.t2                          1.79983
xdut.ua[2].t1                              0.2
xdut.vdpwr.t4                          1.79983
xdut.vdpwr.t15                         1.79969
xdut.bias.t0                          0.633996
xdut.bias.t1                          0.634115
xdut.vdpwr.t14                         1.79983
xdut.x12.a                         5.14758e-05
xdut.x12.b1                        5.14758e-05
xdut.vgnd.t22                      5.14758e-05
xdut.x13.a                         5.04464e-05
xdut.x13.b1                        5.04464e-05
xdut.vgnd.t24                      5.04464e-05
xdut.sample.t0                        0.899229
xdut.h_bar.t2                          1.79983
xdut.ua[0].t0                              0.9
xdut.vdpwr.t0                          1.79983
xdut.x15.a                         5.04464e-05
xdut.x15.b1                        5.04464e-05
xdut.x16.a                         4.75997e-05
xdut.x16.b1                        4.75997e-05
xdut.x17.a                         4.73192e-05
xdut.x17.b1                        4.73192e-05
xdut.x18.a                         5.14758e-05
xdut.x18.b1                        5.14758e-05
xdut.comp                             0.595173
xdut.x19.a                            0.899937
xdut.x19.b1                           0.899937
xdut.ua[1].t2                         0.899937
xdut.vgnd.t7                       0.000314363
xdut.mirror.t0                        0.593971
xdut.mirror.t1                        0.593948
xdut.vgnd.t6                       0.000281885
xdut.x21.a                         4.78194e-05
xdut.x21.b1                        4.78194e-05
xdut.vgnd.t34                      4.78194e-05
xdut.x22.a                         5.18782e-05
xdut.x22.b1                        5.18782e-05
xdut.x23.a                         5.04464e-05
xdut.x23.b1                        5.04464e-05
xdut.x24.xsky130_fd_pr__res_xhigh_po_0p35.ra        0.632791
xdut.bias.t2                           0.63388
xdut.vgnd.t40                      0.000335292
xdut.tail.t1                           1.47434
xdut.hold.t2                          0.899915
xdut.amp.t0                           0.595231
xdut.vdpwr.t13                         1.79983
xdut.x26.a                         5.08367e-05
xdut.x26.b1                        5.08367e-05
xdut.vdpwr.t10                         1.79802
xdut.bias.t3                          0.633996
xdut.ua[1].t1                         0.901814
xdut.vdpwr.t9                          1.79984
xdut.x28.a                         4.75997e-05
xdut.x28.b1                        4.75997e-05
xdut.x29.a                         4.82493e-05
xdut.x29.b1                        4.82493e-05
xdut.x30.a                         4.73192e-05
xdut.x30.b1                        4.73192e-05
xdut.vgnd.t1                        0.00120974
xdut.amp.t3                           0.595172
xdut.ua[1].t0                         0.898977
xdut.vgnd.t0                       0.000303969
xdut.x32.a                         4.82493e-05
xdut.x32.b1                        4.82493e-05
xdut.vdpwr.t8                          1.79983
xdut.ui_in[2].t1                             0
xdut.s_bar.t0                          1.79983
xdut.vdpwr.t7                          1.79983
xdut.x34.a                         5.18782e-05
xdut.x34.b1                        5.18782e-05
xdut.x35.a                         4.75997e-05
xdut.x35.b1                        4.75997e-05
xdut.x36.xsky130_fd_pr__res_xhigh_po_0p35.ra        0.595173
xdut.amp.t1                           0.595173
xdut.vgnd.t39                      0.000334497
xdut.x37.a                         5.14758e-05
xdut.x37.b1                        5.14758e-05
xdut.vdpwr.t6                          1.79983
xdut.ui_in[1].t1                             0
xdut.l_bar.t0                          1.79983
xdut.vdpwr.t5                          1.79983
xdut.vgnd.t29                      0.000176597
xdut.ui_in[2].t2                             0
xdut.s_bar.t1                          1.79983
xdut.vgnd.t28                      0.000177244
xdut.hold.t1                          0.899915
xdut.ui_in[2].t0                             0
xdut.sample.t4                        0.899229
xdut.vgnd.t30                      0.000235134
xdut.x41.a                         4.75997e-05
xdut.x41.b1                        4.75997e-05
xdut.x42.a                         5.04464e-05
xdut.x42.b1                        5.04464e-05
xdut.vdpwr.t12                         1.79983
xdut.ui_in[0].t1                             0
xdut.h_bar.t0                          1.79983
xdut.vdpwr.t11                         1.79983
xdut.vgnd.t11                      0.000157713
xdut.ui_in[1].t2                             0
xdut.l_bar.t1                          1.79983
xdut.vgnd.t10                      0.000158022
xdut.sample.t3                        0.899229
xdut.ui_in[1].t0                             0
xdut.ua[2].t0                              0.2
xdut.vgnd.t12                      0.000215128
xdut.x46.a                         4.73192e-05
xdut.x46.b1                        4.73192e-05
xdut.x47.a                         4.78194e-05
xdut.x47.b1                        4.78194e-05
xdut.vgnd.t32                      0.000136452
xdut.ui_in[0].t2                             0
xdut.h_bar.t1                          1.79983
xdut.vgnd.t31                      0.000138568
xdut.sample.t5                        0.899229
xdut.ui_in[0].t0                             0
xdut.ua[0].t1                              0.9
xdut.vgnd.t33                      0.000196835
xdut.vgnd.t47                      0.000314367
xdut.mirror.t3                        0.593971
xdut.amp.t2                           0.595149
xdut.vgnd.t46                      0.000281892
xdut.x51.a                         5.18782e-05
xdut.x51.b1                        5.18782e-05
xdut.x52.a                         4.73192e-05
xdut.x52.b1                        4.73192e-05
xdut.x53.a                         5.08367e-05
xdut.x53.b1                        5.08367e-05
xdut.x54.a                         5.14758e-05
xdut.x54.b1                        5.14758e-05
xdut.x55.a                         4.73192e-05
xdut.x55.b1                        4.73192e-05
xdut.ua[1].n0                         0.899943
xdut.ua[1].n1                         0.899943
xdut.ua[1].n2                         0.899937
xdut.ua[2].n0                              0.2
xdut.ua[0].n0                              0.9
xdut.ui_in[2].n0                             0
xdut.ui_in[2].n1                             0
s                                            0
xdut.ui_in[1].n0                             0
xdut.ui_in[1].n1                             0
l                                            0
xdut.ui_in[0].n0                             0
xdut.ui_in[0].n1                             0
h                                            0
xdut.vdpwr.n26                         1.79983
xdut.vdpwr.n7                          1.79983
xdut.vdpwr.n49                         1.79983
xdut.vdpwr.n8                          1.79983
xdut.vdpwr.n47                         1.79983
xdut.vdpwr.n11                         1.79983
xdut.vdpwr.n29                         1.79983
xdut.vdpwr.n10                         1.79983
xdut.vdpwr.n74                         1.79983
xdut.vdpwr.n55                         1.79983
xdut.vdpwr.n97                         1.79983
xdut.vdpwr.n56                         1.79983
xdut.vdpwr.n95                         1.79983
xdut.vdpwr.n59                         1.79983
xdut.vdpwr.n77                         1.79983
xdut.vdpwr.n58                         1.79983
xdut.vdpwr.n121                        1.79983
xdut.vdpwr.n102                        1.79983
xdut.vdpwr.n144                        1.79983
xdut.vdpwr.n103                        1.79983
xdut.vdpwr.n142                        1.79983
xdut.vdpwr.n106                        1.79983
xdut.vdpwr.n124                        1.79983
xdut.vdpwr.n105                        1.79983
xdut.vdpwr.n192                        1.79983
xdut.vdpwr.n155                        1.79983
xdut.vdpwr.n195                        1.79983
xdut.vdpwr.n194                        1.79983
xdut.vdpwr.n173                        1.79983
xdut.vdpwr.n167                        1.79983
xdut.vdpwr.n175                        1.79983
xdut.vdpwr.n165                        1.79983
xdut.vdpwr.n244                        1.79983
xdut.vdpwr.n207                        1.79983
xdut.vdpwr.n247                        1.79983
xdut.vdpwr.n246                        1.79983
xdut.vdpwr.n225                        1.79983
xdut.vdpwr.n219                        1.79983
xdut.vdpwr.n227                        1.79983
xdut.vdpwr.n217                        1.79983
xdut.vdpwr.n296                        1.79983
xdut.vdpwr.n259                        1.79983
xdut.vdpwr.n299                        1.79983
xdut.vdpwr.n298                        1.79983
xdut.vdpwr.n277                        1.79983
xdut.vdpwr.n271                        1.79983
xdut.vdpwr.n279                        1.79983
xdut.vdpwr.n269                        1.79983
xdut.vdpwr.n598                        1.79983
xdut.vdpwr.n525                        1.79983
xdut.vdpwr.n601                        1.79983
xdut.vdpwr.n600                        1.79983
xdut.vdpwr.n562                        1.79983
xdut.vdpwr.n547                        1.79983
xdut.vdpwr.n560                        1.79983
xdut.vdpwr.n549                        1.79983
xdut.vdpwr.n689                        1.79983
xdut.vdpwr.n616                        1.79983
xdut.vdpwr.n692                        1.79983
xdut.vdpwr.n691                        1.79983
xdut.vdpwr.n653                        1.79983
xdut.vdpwr.n638                        1.79983
xdut.vdpwr.n651                        1.79983
xdut.vdpwr.n640                        1.79983
xdut.vdpwr.n349                        1.79983
xdut.vdpwr.n314                        1.79983
xdut.vdpwr.n366                        1.79983
xdut.vdpwr.n362                        1.79983
xdut.vdpwr.n394                        1.79983
xdut.vdpwr.n360                        1.79983
xdut.vdpwr.n347                        1.79983
xdut.vdpwr.n316                        1.79983
xdut.vdpwr.n455                        1.79983
xdut.vdpwr.n420                        1.79983
xdut.vdpwr.n478                        1.79983
xdut.vdpwr.n468                        1.79983
xdut.vdpwr.n501                        1.79983
xdut.vdpwr.n466                        1.79983
xdut.vdpwr.n453                        1.79983
xdut.vdpwr.n422                        1.79983
xdut.vdpwr.n888                        1.79984
xdut.vdpwr.n710                        1.79984
xdut.vdpwr.n945                        1.79984
xdut.vdpwr.n901                        1.79984
xdut.vdpwr.n1077                       1.79984
xdut.vdpwr.n899                        1.79984
xdut.vdpwr.n886                        1.79984
xdut.vdpwr.n712                        1.79984
xdut.vdpwr.n193                        1.79983
xdut.vdpwr.n153                        1.79983
xdut.vdpwr.n174                        1.79983
xdut.vdpwr.n166                        1.79983
xdut.vdpwr.n245                        1.79983
xdut.vdpwr.n205                        1.79983
xdut.vdpwr.n226                        1.79983
xdut.vdpwr.n218                        1.79983
xdut.vdpwr.n297                        1.79983
xdut.vdpwr.n257                        1.79983
xdut.vdpwr.n278                        1.79983
xdut.vdpwr.n270                        1.79983
xdut.vdpwr.n17                         1.79983
xdut.vdpwr.n22                         1.79983
xdut.vdpwr.n21                         1.79983
xdut.vdpwr.n18                         1.79983
xdut.vdpwr.n13                         1.79983
xdut.vdpwr.n37                         1.79983
xdut.vdpwr.n36                         1.79983
xdut.vdpwr.n41                         1.79983
xdut.vdpwr.n40                         1.79983
xdut.vdpwr.n43                         1.79983
xdut.vdpwr.n65                         1.79983
xdut.vdpwr.n70                         1.79983
xdut.vdpwr.n69                         1.79983
xdut.vdpwr.n66                         1.79983
xdut.vdpwr.n61                         1.79983
xdut.vdpwr.n85                         1.79983
xdut.vdpwr.n84                         1.79983
xdut.vdpwr.n89                         1.79983
xdut.vdpwr.n88                         1.79983
xdut.vdpwr.n91                         1.79983
xdut.vdpwr.n112                        1.79983
xdut.vdpwr.n117                        1.79983
xdut.vdpwr.n116                        1.79983
xdut.vdpwr.n113                        1.79983
xdut.vdpwr.n108                        1.79983
xdut.vdpwr.n132                        1.79983
xdut.vdpwr.n131                        1.79983
xdut.vdpwr.n136                        1.79983
xdut.vdpwr.n135                        1.79983
xdut.vdpwr.n138                        1.79983
xdut.vdpwr.n154                        1.79983
xdut.vdpwr.n188                        1.79983
xdut.vdpwr.n157                        1.79983
xdut.vdpwr.n179                        1.79983
xdut.vdpwr.n163                        1.79983
xdut.vdpwr.n148                        1.79983
xdut.vdpwr.n151                        1.79983
xdut.vdpwr.n186                        1.79983
xdut.vdpwr.n158                        1.79983
xdut.vdpwr.n181                        1.79983
xdut.vdpwr.n160                        1.79983
xdut.vdpwr.n169                        1.79983
xdut.vdpwr.n206                        1.79983
xdut.vdpwr.n240                        1.79983
xdut.vdpwr.n209                        1.79983
xdut.vdpwr.n231                        1.79983
xdut.vdpwr.n215                        1.79983
xdut.vdpwr.n200                        1.79983
xdut.vdpwr.n203                        1.79983
xdut.vdpwr.n238                        1.79983
xdut.vdpwr.n210                        1.79983
xdut.vdpwr.n233                        1.79983
xdut.vdpwr.n212                        1.79983
xdut.vdpwr.n221                        1.79983
xdut.vdpwr.n258                        1.79983
xdut.vdpwr.n292                        1.79983
xdut.vdpwr.n261                        1.79983
xdut.vdpwr.n283                        1.79983
xdut.vdpwr.n267                        1.79983
xdut.vdpwr.n252                        1.79983
xdut.vdpwr.n255                        1.79983
xdut.vdpwr.n290                        1.79983
xdut.vdpwr.n262                        1.79983
xdut.vdpwr.n285                        1.79983
xdut.vdpwr.n264                        1.79983
xdut.vdpwr.n273                        1.79983
xdut.vdpwr.n326                        1.79983
xdut.vdpwr.n329                        1.79983
xdut.vdpwr.n328                        1.79983
xdut.vdpwr.n333                        1.79983
xdut.vdpwr.n322                        1.79983
xdut.vdpwr.n336                        1.79983
xdut.vdpwr.n335                        1.79983
xdut.vdpwr.n340                        1.79983
xdut.vdpwr.n319                        1.79983
xdut.vdpwr.n343                        1.79983
xdut.vdpwr.n342                        1.79983
xdut.vdpwr.n361                        1.79983
xdut.vdpwr.n305                        1.79983
xdut.vdpwr.n405                        1.79983
xdut.vdpwr.n304                        1.79983
xdut.vdpwr.n353                        1.79983
xdut.vdpwr.n312                        1.79983
xdut.vdpwr.n374                        1.79983
xdut.vdpwr.n376                        1.79983
xdut.vdpwr.n364                        1.79983
xdut.vdpwr.n379                        1.79983
xdut.vdpwr.n381                        1.79983
xdut.vdpwr.n368                        1.79983
xdut.vdpwr.n384                        1.79983
xdut.vdpwr.n388                        1.79983
xdut.vdpwr.n387                        1.79983
xdut.vdpwr.n390                        1.79983
xdut.vdpwr.n370                        1.79983
xdut.vdpwr.n399                        1.79983
xdut.vdpwr.n308                        1.79983
xdut.vdpwr.n403                        1.79983
xdut.vdpwr.n307                        1.79983
xdut.vdpwr.n356                        1.79983
xdut.vdpwr.n310                        1.79983
xdut.vdpwr.n433                        1.79983
xdut.vdpwr.n432                        1.79983
xdut.vdpwr.n437                        1.79983
xdut.vdpwr.n428                        1.79983
xdut.vdpwr.n440                        1.79983
xdut.vdpwr.n439                        1.79983
xdut.vdpwr.n442                        1.79983
xdut.vdpwr.n446                        1.79983
xdut.vdpwr.n425                        1.79983
xdut.vdpwr.n449                        1.79983
xdut.vdpwr.n448                        1.79983
xdut.vdpwr.n467                        1.79983
xdut.vdpwr.n411                        1.79983
xdut.vdpwr.n512                        1.79983
xdut.vdpwr.n410                        1.79983
xdut.vdpwr.n459                        1.79983
xdut.vdpwr.n418                        1.79983
xdut.vdpwr.n480                        1.79983
xdut.vdpwr.n474                        1.79983
xdut.vdpwr.n483                        1.79983
xdut.vdpwr.n487                        1.79983
xdut.vdpwr.n486                        1.79983
xdut.vdpwr.n491                        1.79983
xdut.vdpwr.n490                        1.79983
xdut.vdpwr.n495                        1.79983
xdut.vdpwr.n494                        1.79983
xdut.vdpwr.n497                        1.79983
xdut.vdpwr.n475                        1.79983
xdut.vdpwr.n506                        1.79983
xdut.vdpwr.n414                        1.79983
xdut.vdpwr.n510                        1.79983
xdut.vdpwr.n413                        1.79983
xdut.vdpwr.n462                        1.79983
xdut.vdpwr.n416                        1.79983
xdut.vdpwr.n522                        1.79983
xdut.vdpwr.n593                        1.79983
xdut.vdpwr.n527                        1.79983
xdut.vdpwr.n584                        1.79983
xdut.vdpwr.n533                        1.79983
xdut.vdpwr.n580                        1.79983
xdut.vdpwr.n535                        1.79983
xdut.vdpwr.n572                        1.79983
xdut.vdpwr.n541                        1.79983
xdut.vdpwr.n568                        1.79983
xdut.vdpwr.n543                        1.79983
xdut.vdpwr.n603                        1.79983
xdut.vdpwr.n516                        1.79983
xdut.vdpwr.n524                        1.79983
xdut.vdpwr.n519                        1.79983
xdut.vdpwr.n591                        1.79983
xdut.vdpwr.n529                        1.79983
xdut.vdpwr.n586                        1.79983
xdut.vdpwr.n531                        1.79983
xdut.vdpwr.n578                        1.79983
xdut.vdpwr.n537                        1.79983
xdut.vdpwr.n574                        1.79983
xdut.vdpwr.n539                        1.79983
xdut.vdpwr.n566                        1.79983
xdut.vdpwr.n545                        1.79983
xdut.vdpwr.n554                        1.79983
xdut.vdpwr.n553                        1.79983
xdut.vdpwr.n556                        1.79983
xdut.vdpwr.n613                        1.79983
xdut.vdpwr.n684                        1.79983
xdut.vdpwr.n618                        1.79983
xdut.vdpwr.n675                        1.79983
xdut.vdpwr.n624                        1.79983
xdut.vdpwr.n671                        1.79983
xdut.vdpwr.n626                        1.79983
xdut.vdpwr.n663                        1.79983
xdut.vdpwr.n632                        1.79983
xdut.vdpwr.n659                        1.79983
xdut.vdpwr.n634                        1.79983
xdut.vdpwr.n694                        1.79983
xdut.vdpwr.n607                        1.79983
xdut.vdpwr.n615                        1.79983
xdut.vdpwr.n610                        1.79983
xdut.vdpwr.n682                        1.79983
xdut.vdpwr.n620                        1.79983
xdut.vdpwr.n677                        1.79983
xdut.vdpwr.n622                        1.79983
xdut.vdpwr.n669                        1.79983
xdut.vdpwr.n628                        1.79983
xdut.vdpwr.n665                        1.79983
xdut.vdpwr.n630                        1.79983
xdut.vdpwr.n657                        1.79983
xdut.vdpwr.n636                        1.79983
xdut.vdpwr.n645                        1.79983
xdut.vdpwr.n644                        1.79983
xdut.vdpwr.n647                        1.79983
xdut.vdpwr.n766                        1.79984
xdut.vdpwr.n763                        1.79984
xdut.vdpwr.n769                        1.79984
xdut.vdpwr.n768                        1.79984
xdut.vdpwr.n773                        1.79984
xdut.vdpwr.n759                        1.79984
xdut.vdpwr.n776                        1.79984
xdut.vdpwr.n775                        1.79984
xdut.vdpwr.n780                        1.79984
xdut.vdpwr.n756                        1.79984
xdut.vdpwr.n783                        1.79984
xdut.vdpwr.n782                        1.79984
xdut.vdpwr.n787                        1.79984
xdut.vdpwr.n753                        1.79984
xdut.vdpwr.n790                        1.79984
xdut.vdpwr.n789                        1.79984
xdut.vdpwr.n794                        1.79984
xdut.vdpwr.n750                        1.79984
xdut.vdpwr.n797                        1.79984
xdut.vdpwr.n796                        1.79984
xdut.vdpwr.n798                        1.79984
xdut.vdpwr.n802                        1.79984
xdut.vdpwr.n746                        1.79984
xdut.vdpwr.n805                        1.79984
xdut.vdpwr.n804                        1.79984
xdut.vdpwr.n809                        1.79984
xdut.vdpwr.n743                        1.79984
xdut.vdpwr.n812                        1.79984
xdut.vdpwr.n811                        1.79984
xdut.vdpwr.n813                        1.79984
xdut.vdpwr.n817                        1.79984
xdut.vdpwr.n739                        1.79984
xdut.vdpwr.n820                        1.79984
xdut.vdpwr.n819                        1.79984
xdut.vdpwr.n822                        1.79984
xdut.vdpwr.n736                        1.79984
xdut.vdpwr.n826                        1.79984
xdut.vdpwr.n829                        1.79984
xdut.vdpwr.n828                        1.79984
xdut.vdpwr.n831                        1.79984
xdut.vdpwr.n733                        1.79984
xdut.vdpwr.n835                        1.79984
xdut.vdpwr.n838                        1.79984
xdut.vdpwr.n837                        1.79984
xdut.vdpwr.n839                        1.79984
xdut.vdpwr.n843                        1.79984
xdut.vdpwr.n729                        1.79984
xdut.vdpwr.n846                        1.79984
xdut.vdpwr.n845                        1.79984
xdut.vdpwr.n848                        1.79984
xdut.vdpwr.n726                        1.79984
xdut.vdpwr.n852                        1.79984
xdut.vdpwr.n855                        1.79984
xdut.vdpwr.n854                        1.79984
xdut.vdpwr.n856                        1.79984
xdut.vdpwr.n860                        1.79984
xdut.vdpwr.n722                        1.79984
xdut.vdpwr.n863                        1.79984
xdut.vdpwr.n862                        1.79984
xdut.vdpwr.n864                        1.79984
xdut.vdpwr.n868                        1.79984
xdut.vdpwr.n718                        1.79984
xdut.vdpwr.n871                        1.79984
xdut.vdpwr.n870                        1.79984
xdut.vdpwr.n873                        1.79984
xdut.vdpwr.n715                        1.79984
xdut.vdpwr.n877                        1.79984
xdut.vdpwr.n880                        1.79984
xdut.vdpwr.n879                        1.79984
xdut.vdpwr.n882                        1.79984
xdut.vdpwr.n900                        1.79984
xdut.vdpwr.n701                        1.79984
xdut.vdpwr.n1088                       1.79984
xdut.vdpwr.n700                        1.79984
xdut.vdpwr.n892                        1.79984
xdut.vdpwr.n708                        1.79984
xdut.vdpwr.n949                        1.79984
xdut.vdpwr.n948                        1.79984
xdut.vdpwr.n953                        1.79984
xdut.vdpwr.n952                        1.79984
xdut.vdpwr.n957                        1.79984
xdut.vdpwr.n956                        1.79984
xdut.vdpwr.n959                        1.79984
xdut.vdpwr.n917                        1.79984
xdut.vdpwr.n962                        1.79984
xdut.vdpwr.n964                        1.79984
xdut.vdpwr.n923                        1.79984
xdut.vdpwr.n967                        1.79984
xdut.vdpwr.n971                        1.79984
xdut.vdpwr.n970                        1.79984
xdut.vdpwr.n973                        1.79984
xdut.vdpwr.n914                        1.79984
xdut.vdpwr.n976                        1.79984
xdut.vdpwr.n980                        1.79984
xdut.vdpwr.n979                        1.79984
xdut.vdpwr.n984                        1.79984
xdut.vdpwr.n983                        1.79984
xdut.vdpwr.n988                        1.79984
xdut.vdpwr.n987                        1.79984
xdut.vdpwr.n990                        1.79984
xdut.vdpwr.n928                        1.79984
xdut.vdpwr.n993                        1.79984
xdut.vdpwr.n995                        1.79984
xdut.vdpwr.n912                        1.79984
xdut.vdpwr.n998                        1.79984
xdut.vdpwr.n1002                       1.79984
xdut.vdpwr.n1001                       1.79984
xdut.vdpwr.n1006                       1.79984
xdut.vdpwr.n1005                       1.79984
xdut.vdpwr.n1010                       1.79984
xdut.vdpwr.n1009                       1.79984
xdut.vdpwr.n1014                       1.79984
xdut.vdpwr.n1013                       1.79984
xdut.vdpwr.n1018                       1.79984
xdut.vdpwr.n1017                       1.79984
xdut.vdpwr.n1020                       1.79984
xdut.vdpwr.n932                        1.79984
xdut.vdpwr.n1023                       1.79984
xdut.vdpwr.n1025                       1.79984
xdut.vdpwr.n907                        1.79984
xdut.vdpwr.n1028                       1.79984
xdut.vdpwr.n1032                       1.79984
xdut.vdpwr.n1031                       1.79984
xdut.vdpwr.n1036                       1.79984
xdut.vdpwr.n1035                       1.79984
xdut.vdpwr.n1038                       1.79984
xdut.vdpwr.n936                        1.79984
xdut.vdpwr.n1041                       1.79984
xdut.vdpwr.n1043                       1.79984
xdut.vdpwr.n905                        1.79984
xdut.vdpwr.n1046                       1.79984
xdut.vdpwr.n1050                       1.79984
xdut.vdpwr.n1049                       1.79984
xdut.vdpwr.n1052                       1.79984
xdut.vdpwr.n939                        1.79984
xdut.vdpwr.n1055                       1.79984
xdut.vdpwr.n1059                       1.79984
xdut.vdpwr.n1058                       1.79984
xdut.vdpwr.n1063                       1.79984
xdut.vdpwr.n1062                       1.79984
xdut.vdpwr.n1067                       1.79984
xdut.vdpwr.n1066                       1.79984
xdut.vdpwr.n1071                       1.79984
xdut.vdpwr.n1070                       1.79984
xdut.vdpwr.n1073                       1.79984
xdut.vdpwr.n942                        1.79984
xdut.vdpwr.n1082                       1.79984
xdut.vdpwr.n704                        1.79984
xdut.vdpwr.n1086                       1.79984
xdut.vdpwr.n703                        1.79984
xdut.vdpwr.n895                        1.79984
xdut.vdpwr.n706                        1.79984
xdut.vdpwr.n52                         1.79983
xdut.vdpwr.n3                          1.79983
xdut.vdpwr.n2                          1.79983
xdut.vdpwr.n4                          1.79984
xdut.vdpwr.n599                        1.79983
xdut.vdpwr.n518                        1.79983
xdut.vdpwr.n561                        1.79983
xdut.vdpwr.n548                        1.79983
xdut.vdpwr.n690                        1.79983
xdut.vdpwr.n609                        1.79983
xdut.vdpwr.n652                        1.79983
xdut.vdpwr.n639                        1.79983
xdut.vdpwr.n16                         1.79983
xdut.vdpwr.n5                          1.79983
xdut.vdpwr.n48                         1.79983
xdut.vdpwr.n50                         1.79983
xdut.vdpwr.n6                          1.79983
xdut.vdpwr.n34                         1.79983
xdut.vdpwr.n38                         1.79983
xdut.vdpwr.n39                         1.79983
xdut.vdpwr.n9                          1.79983
xdut.vdpwr.n32                         1.79983
xdut.vdpwr.n44                         1.79983
xdut.vdpwr.n45                         1.79983
xdut.vdpwr.n46                         1.79983
xdut.vdpwr.n31                         1.79983
xdut.vdpwr.n30                         1.79983
xdut.vdpwr.n12                         1.79983
xdut.vdpwr.n19                         1.79983
xdut.vdpwr.n20                         1.79983
xdut.vdpwr.n23                         1.79983
xdut.vdpwr.n24                         1.79983
xdut.vdpwr.n27                         1.79983
xdut.vdpwr.n25                         1.79983
xdut.vdpwr.n64                         1.79983
xdut.vdpwr.n53                         1.79983
xdut.vdpwr.n96                         1.79983
xdut.vdpwr.n98                         1.79983
xdut.vdpwr.n54                         1.79983
xdut.vdpwr.n82                         1.79983
xdut.vdpwr.n86                         1.79983
xdut.vdpwr.n87                         1.79983
xdut.vdpwr.n57                         1.79983
xdut.vdpwr.n80                         1.79983
xdut.vdpwr.n92                         1.79983
xdut.vdpwr.n93                         1.79983
xdut.vdpwr.n94                         1.79983
xdut.vdpwr.n79                         1.79983
xdut.vdpwr.n78                         1.79983
xdut.vdpwr.n60                         1.79983
xdut.vdpwr.n67                         1.79983
xdut.vdpwr.n68                         1.79983
xdut.vdpwr.n71                         1.79983
xdut.vdpwr.n72                         1.79983
xdut.vdpwr.n75                         1.79983
xdut.vdpwr.n73                         1.79983
xdut.vdpwr.n111                        1.79983
xdut.vdpwr.n100                        1.79983
xdut.vdpwr.n143                        1.79983
xdut.vdpwr.n145                        1.79983
xdut.vdpwr.n101                        1.79983
xdut.vdpwr.n129                        1.79983
xdut.vdpwr.n133                        1.79983
xdut.vdpwr.n134                        1.79983
xdut.vdpwr.n104                        1.79983
xdut.vdpwr.n127                        1.79983
xdut.vdpwr.n139                        1.79983
xdut.vdpwr.n140                        1.79983
xdut.vdpwr.n141                        1.79983
xdut.vdpwr.n126                        1.79983
xdut.vdpwr.n125                        1.79983
xdut.vdpwr.n107                        1.79983
xdut.vdpwr.n114                        1.79983
xdut.vdpwr.n115                        1.79983
xdut.vdpwr.n118                        1.79983
xdut.vdpwr.n119                        1.79983
xdut.vdpwr.n122                        1.79983
xdut.vdpwr.n120                        1.79983
xdut.vdpwr.n147                        1.79983
xdut.vdpwr.n197                        1.79983
xdut.vdpwr.n196                        1.79983
xdut.vdpwr.n149                        1.79983
xdut.vdpwr.n152                        1.79983
xdut.vdpwr.n184                        1.79983
xdut.vdpwr.n187                        1.79983
xdut.vdpwr.n185                        1.79983
xdut.vdpwr.n162                        1.79983
xdut.vdpwr.n183                        1.79983
xdut.vdpwr.n180                        1.79983
xdut.vdpwr.n182                        1.79983
xdut.vdpwr.n161                        1.79983
xdut.vdpwr.n159                        1.79983
xdut.vdpwr.n172                        1.79983
xdut.vdpwr.n171                        1.79983
xdut.vdpwr.n170                        1.79983
xdut.vdpwr.n164                        1.79983
xdut.vdpwr.n176                        1.79983
xdut.vdpwr.n177                        1.79983
xdut.vdpwr.n178                        1.79983
xdut.vdpwr.n156                        1.79983
xdut.vdpwr.n189                        1.79983
xdut.vdpwr.n190                        1.79983
xdut.vdpwr.n191                        1.79983
xdut.vdpwr.n199                        1.79983
xdut.vdpwr.n249                        1.79983
xdut.vdpwr.n248                        1.79983
xdut.vdpwr.n201                        1.79983
xdut.vdpwr.n204                        1.79983
xdut.vdpwr.n236                        1.79983
xdut.vdpwr.n239                        1.79983
xdut.vdpwr.n237                        1.79983
xdut.vdpwr.n214                        1.79983
xdut.vdpwr.n235                        1.79983
xdut.vdpwr.n232                        1.79983
xdut.vdpwr.n234                        1.79983
xdut.vdpwr.n213                        1.79983
xdut.vdpwr.n211                        1.79983
xdut.vdpwr.n224                        1.79983
xdut.vdpwr.n223                        1.79983
xdut.vdpwr.n222                        1.79983
xdut.vdpwr.n216                        1.79983
xdut.vdpwr.n228                        1.79983
xdut.vdpwr.n229                        1.79983
xdut.vdpwr.n230                        1.79983
xdut.vdpwr.n208                        1.79983
xdut.vdpwr.n241                        1.79983
xdut.vdpwr.n242                        1.79983
xdut.vdpwr.n243                        1.79983
xdut.vdpwr.n251                        1.79983
xdut.vdpwr.n301                        1.79983
xdut.vdpwr.n300                        1.79983
xdut.vdpwr.n253                        1.79983
xdut.vdpwr.n256                        1.79983
xdut.vdpwr.n288                        1.79983
xdut.vdpwr.n291                        1.79983
xdut.vdpwr.n289                        1.79983
xdut.vdpwr.n266                        1.79983
xdut.vdpwr.n287                        1.79983
xdut.vdpwr.n284                        1.79983
xdut.vdpwr.n286                        1.79983
xdut.vdpwr.n265                        1.79983
xdut.vdpwr.n263                        1.79983
xdut.vdpwr.n276                        1.79983
xdut.vdpwr.n275                        1.79983
xdut.vdpwr.n274                        1.79983
xdut.vdpwr.n268                        1.79983
xdut.vdpwr.n280                        1.79983
xdut.vdpwr.n281                        1.79983
xdut.vdpwr.n282                        1.79983
xdut.vdpwr.n260                        1.79983
xdut.vdpwr.n293                        1.79983
xdut.vdpwr.n294                        1.79983
xdut.vdpwr.n295                        1.79983
xdut.vdpwr.n348                        1.79983
xdut.vdpwr.n350                        1.79983
xdut.vdpwr.n311                        1.79983
xdut.vdpwr.n351                        1.79983
xdut.vdpwr.n355                        1.79983
xdut.vdpwr.n352                        1.79983
xdut.vdpwr.n354                        1.79983
xdut.vdpwr.n302                        1.79983
xdut.vdpwr.n404                        1.79983
xdut.vdpwr.n406                        1.79983
xdut.vdpwr.n306                        1.79983
xdut.vdpwr.n303                        1.79983
xdut.vdpwr.n398                        1.79983
xdut.vdpwr.n371                        1.79983
xdut.vdpwr.n397                        1.79983
xdut.vdpwr.n372                        1.79983
xdut.vdpwr.n396                        1.79983
xdut.vdpwr.n373                        1.79983
xdut.vdpwr.n375                        1.79983
xdut.vdpwr.n377                        1.79983
xdut.vdpwr.n378                        1.79983
xdut.vdpwr.n380                        1.79983
xdut.vdpwr.n382                        1.79983
xdut.vdpwr.n383                        1.79983
xdut.vdpwr.n385                        1.79983
xdut.vdpwr.n386                        1.79983
xdut.vdpwr.n389                        1.79983
xdut.vdpwr.n391                        1.79983
xdut.vdpwr.n392                        1.79983
xdut.vdpwr.n393                        1.79983
xdut.vdpwr.n359                        1.79983
xdut.vdpwr.n400                        1.79983
xdut.vdpwr.n401                        1.79983
xdut.vdpwr.n402                        1.79983
xdut.vdpwr.n358                        1.79983
xdut.vdpwr.n357                        1.79983
xdut.vdpwr.n309                        1.79983
xdut.vdpwr.n346                        1.79983
xdut.vdpwr.n345                        1.79983
xdut.vdpwr.n344                        1.79983
xdut.vdpwr.n317                        1.79983
xdut.vdpwr.n339                        1.79983
xdut.vdpwr.n338                        1.79983
xdut.vdpwr.n337                        1.79983
xdut.vdpwr.n320                        1.79983
xdut.vdpwr.n332                        1.79983
xdut.vdpwr.n331                        1.79983
xdut.vdpwr.n330                        1.79983
xdut.vdpwr.n323                        1.79983
xdut.vdpwr.n325                        1.79983
xdut.vdpwr.n315                        1.79983
xdut.vdpwr.n313                        1.79983
xdut.vdpwr.n454                        1.79983
xdut.vdpwr.n456                        1.79983
xdut.vdpwr.n417                        1.79983
xdut.vdpwr.n457                        1.79983
xdut.vdpwr.n461                        1.79983
xdut.vdpwr.n458                        1.79983
xdut.vdpwr.n460                        1.79983
xdut.vdpwr.n408                        1.79983
xdut.vdpwr.n511                        1.79983
xdut.vdpwr.n513                        1.79983
xdut.vdpwr.n412                        1.79983
xdut.vdpwr.n409                        1.79983
xdut.vdpwr.n505                        1.79983
xdut.vdpwr.n476                        1.79983
xdut.vdpwr.n504                        1.79983
xdut.vdpwr.n477                        1.79983
xdut.vdpwr.n479                        1.79983
xdut.vdpwr.n481                        1.79983
xdut.vdpwr.n503                        1.79983
xdut.vdpwr.n482                        1.79983
xdut.vdpwr.n484                        1.79983
xdut.vdpwr.n485                        1.79983
xdut.vdpwr.n488                        1.79983
xdut.vdpwr.n489                        1.79983
xdut.vdpwr.n492                        1.79983
xdut.vdpwr.n493                        1.79983
xdut.vdpwr.n496                        1.79983
xdut.vdpwr.n498                        1.79983
xdut.vdpwr.n499                        1.79983
xdut.vdpwr.n500                        1.79983
xdut.vdpwr.n465                        1.79983
xdut.vdpwr.n507                        1.79983
xdut.vdpwr.n508                        1.79983
xdut.vdpwr.n509                        1.79983
xdut.vdpwr.n464                        1.79983
xdut.vdpwr.n463                        1.79983
xdut.vdpwr.n415                        1.79983
xdut.vdpwr.n452                        1.79983
xdut.vdpwr.n451                        1.79983
xdut.vdpwr.n450                        1.79983
xdut.vdpwr.n423                        1.79983
xdut.vdpwr.n445                        1.79983
xdut.vdpwr.n444                        1.79983
xdut.vdpwr.n443                        1.79983
xdut.vdpwr.n421                        1.79983
xdut.vdpwr.n426                        1.79983
xdut.vdpwr.n427                        1.79983
xdut.vdpwr.n436                        1.79983
xdut.vdpwr.n435                        1.79983
xdut.vdpwr.n434                        1.79983
xdut.vdpwr.n429                        1.79983
xdut.vdpwr.n419                        1.79983
xdut.vdpwr.n596                        1.79983
xdut.vdpwr.n515                        1.79983
xdut.vdpwr.n605                        1.79983
xdut.vdpwr.n604                        1.79983
xdut.vdpwr.n517                        1.79983
xdut.vdpwr.n520                        1.79983
xdut.vdpwr.n521                        1.79983
xdut.vdpwr.n589                        1.79983
xdut.vdpwr.n592                        1.79983
xdut.vdpwr.n590                        1.79983
xdut.vdpwr.n528                        1.79983
xdut.vdpwr.n588                        1.79983
xdut.vdpwr.n585                        1.79983
xdut.vdpwr.n587                        1.79983
xdut.vdpwr.n532                        1.79983
xdut.vdpwr.n530                        1.79983
xdut.vdpwr.n579                        1.79983
xdut.vdpwr.n577                        1.79983
xdut.vdpwr.n536                        1.79983
xdut.vdpwr.n576                        1.79983
xdut.vdpwr.n573                        1.79983
xdut.vdpwr.n575                        1.79983
xdut.vdpwr.n540                        1.79983
xdut.vdpwr.n538                        1.79983
xdut.vdpwr.n567                        1.79983
xdut.vdpwr.n565                        1.79983
xdut.vdpwr.n544                        1.79983
xdut.vdpwr.n564                        1.79983
xdut.vdpwr.n563                        1.79983
xdut.vdpwr.n546                        1.79983
xdut.vdpwr.n552                        1.79983
xdut.vdpwr.n550                        1.79983
xdut.vdpwr.n557                        1.79983
xdut.vdpwr.n558                        1.79983
xdut.vdpwr.n559                        1.79983
xdut.vdpwr.n542                        1.79983
xdut.vdpwr.n569                        1.79983
xdut.vdpwr.n570                        1.79983
xdut.vdpwr.n571                        1.79983
xdut.vdpwr.n534                        1.79983
xdut.vdpwr.n581                        1.79983
xdut.vdpwr.n582                        1.79983
xdut.vdpwr.n583                        1.79983
xdut.vdpwr.n526                        1.79983
xdut.vdpwr.n594                        1.79983
xdut.vdpwr.n595                        1.79983
xdut.vdpwr.n597                        1.79983
xdut.vdpwr.n687                        1.79983
xdut.vdpwr.n606                        1.79983
xdut.vdpwr.n696                        1.79983
xdut.vdpwr.n695                        1.79983
xdut.vdpwr.n608                        1.79983
xdut.vdpwr.n611                        1.79983
xdut.vdpwr.n612                        1.79983
xdut.vdpwr.n680                        1.79983
xdut.vdpwr.n683                        1.79983
xdut.vdpwr.n681                        1.79983
xdut.vdpwr.n619                        1.79983
xdut.vdpwr.n679                        1.79983
xdut.vdpwr.n676                        1.79983
xdut.vdpwr.n678                        1.79983
xdut.vdpwr.n623                        1.79983
xdut.vdpwr.n621                        1.79983
xdut.vdpwr.n670                        1.79983
xdut.vdpwr.n668                        1.79983
xdut.vdpwr.n627                        1.79983
xdut.vdpwr.n667                        1.79983
xdut.vdpwr.n664                        1.79983
xdut.vdpwr.n666                        1.79983
xdut.vdpwr.n631                        1.79983
xdut.vdpwr.n629                        1.79983
xdut.vdpwr.n658                        1.79983
xdut.vdpwr.n656                        1.79983
xdut.vdpwr.n635                        1.79983
xdut.vdpwr.n655                        1.79983
xdut.vdpwr.n654                        1.79983
xdut.vdpwr.n637                        1.79983
xdut.vdpwr.n643                        1.79983
xdut.vdpwr.n641                        1.79983
xdut.vdpwr.n648                        1.79983
xdut.vdpwr.n649                        1.79983
xdut.vdpwr.n650                        1.79983
xdut.vdpwr.n633                        1.79983
xdut.vdpwr.n660                        1.79983
xdut.vdpwr.n661                        1.79983
xdut.vdpwr.n662                        1.79983
xdut.vdpwr.n625                        1.79983
xdut.vdpwr.n672                        1.79983
xdut.vdpwr.n673                        1.79983
xdut.vdpwr.n674                        1.79983
xdut.vdpwr.n617                        1.79983
xdut.vdpwr.n685                        1.79983
xdut.vdpwr.n686                        1.79983
xdut.vdpwr.n688                        1.79983
xdut.vdpwr.n887                        1.79984
xdut.vdpwr.n889                        1.79984
xdut.vdpwr.n707                        1.79984
xdut.vdpwr.n890                        1.79984
xdut.vdpwr.n894                        1.79984
xdut.vdpwr.n891                        1.79984
xdut.vdpwr.n893                        1.79984
xdut.vdpwr.n698                        1.79984
xdut.vdpwr.n1087                       1.79984
xdut.vdpwr.n1089                       1.79984
xdut.vdpwr.n702                        1.79984
xdut.vdpwr.n699                        1.79984
xdut.vdpwr.n1081                       1.79984
xdut.vdpwr.n943                        1.79984
xdut.vdpwr.n1080                       1.79984
xdut.vdpwr.n944                        1.79984
xdut.vdpwr.n946                        1.79984
xdut.vdpwr.n947                        1.79984
xdut.vdpwr.n950                        1.79984
xdut.vdpwr.n951                        1.79984
xdut.vdpwr.n954                        1.79984
xdut.vdpwr.n955                        1.79984
xdut.vdpwr.n958                        1.79984
xdut.vdpwr.n960                        1.79984
xdut.vdpwr.n1079                       1.79984
xdut.vdpwr.n961                        1.79984
xdut.vdpwr.n963                        1.79984
xdut.vdpwr.n965                        1.79984
xdut.vdpwr.n966                        1.79984
xdut.vdpwr.n968                        1.79984
xdut.vdpwr.n969                        1.79984
xdut.vdpwr.n972                        1.79984
xdut.vdpwr.n974                        1.79984
xdut.vdpwr.n975                        1.79984
xdut.vdpwr.n977                        1.79984
xdut.vdpwr.n978                        1.79984
xdut.vdpwr.n981                        1.79984
xdut.vdpwr.n982                        1.79984
xdut.vdpwr.n985                        1.79984
xdut.vdpwr.n986                        1.79984
xdut.vdpwr.n989                        1.79984
xdut.vdpwr.n991                        1.79984
xdut.vdpwr.n992                        1.79984
xdut.vdpwr.n994                        1.79984
xdut.vdpwr.n996                        1.79984
xdut.vdpwr.n997                        1.79984
xdut.vdpwr.n999                        1.79984
xdut.vdpwr.n1000                       1.79984
xdut.vdpwr.n1003                       1.79984
xdut.vdpwr.n1004                       1.79984
xdut.vdpwr.n1007                       1.79984
xdut.vdpwr.n1008                       1.79984
xdut.vdpwr.n1011                       1.79984
xdut.vdpwr.n1012                       1.79984
xdut.vdpwr.n1015                       1.79984
xdut.vdpwr.n1016                       1.79984
xdut.vdpwr.n1019                       1.79984
xdut.vdpwr.n1021                       1.79984
xdut.vdpwr.n1022                       1.79984
xdut.vdpwr.n1024                       1.79984
xdut.vdpwr.n1026                       1.79984
xdut.vdpwr.n1027                       1.79984
xdut.vdpwr.n1029                       1.79984
xdut.vdpwr.n1030                       1.79984
xdut.vdpwr.n1033                       1.79984
xdut.vdpwr.n1034                       1.79984
xdut.vdpwr.n1037                       1.79984
xdut.vdpwr.n1039                       1.79984
xdut.vdpwr.n1040                       1.79984
xdut.vdpwr.n1042                       1.79984
xdut.vdpwr.n1044                       1.79984
xdut.vdpwr.n1045                       1.79984
xdut.vdpwr.n1047                       1.79984
xdut.vdpwr.n1048                       1.79984
xdut.vdpwr.n1051                       1.79984
xdut.vdpwr.n1053                       1.79984
xdut.vdpwr.n1054                       1.79984
xdut.vdpwr.n1056                       1.79984
xdut.vdpwr.n1057                       1.79984
xdut.vdpwr.n1060                       1.79984
xdut.vdpwr.n1061                       1.79984
xdut.vdpwr.n1064                       1.79984
xdut.vdpwr.n1065                       1.79984
xdut.vdpwr.n1068                       1.79984
xdut.vdpwr.n1069                       1.79984
xdut.vdpwr.n1072                       1.79984
xdut.vdpwr.n1074                       1.79984
xdut.vdpwr.n1075                       1.79984
xdut.vdpwr.n1076                       1.79984
xdut.vdpwr.n898                        1.79984
xdut.vdpwr.n1083                       1.79984
xdut.vdpwr.n1084                       1.79984
xdut.vdpwr.n1085                       1.79984
xdut.vdpwr.n897                        1.79984
xdut.vdpwr.n896                        1.79984
xdut.vdpwr.n705                        1.79984
xdut.vdpwr.n885                        1.79984
xdut.vdpwr.n884                        1.79984
xdut.vdpwr.n883                        1.79984
xdut.vdpwr.n711                        1.79984
xdut.vdpwr.n713                        1.79984
xdut.vdpwr.n714                        1.79984
xdut.vdpwr.n876                        1.79984
xdut.vdpwr.n875                        1.79984
xdut.vdpwr.n874                        1.79984
xdut.vdpwr.n716                        1.79984
xdut.vdpwr.n717                        1.79984
xdut.vdpwr.n867                        1.79984
xdut.vdpwr.n866                        1.79984
xdut.vdpwr.n865                        1.79984
xdut.vdpwr.n719                        1.79984
xdut.vdpwr.n721                        1.79984
xdut.vdpwr.n859                        1.79984
xdut.vdpwr.n858                        1.79984
xdut.vdpwr.n857                        1.79984
xdut.vdpwr.n723                        1.79984
xdut.vdpwr.n725                        1.79984
xdut.vdpwr.n851                        1.79984
xdut.vdpwr.n850                        1.79984
xdut.vdpwr.n849                        1.79984
xdut.vdpwr.n727                        1.79984
xdut.vdpwr.n728                        1.79984
xdut.vdpwr.n842                        1.79984
xdut.vdpwr.n841                        1.79984
xdut.vdpwr.n840                        1.79984
xdut.vdpwr.n730                        1.79984
xdut.vdpwr.n732                        1.79984
xdut.vdpwr.n834                        1.79984
xdut.vdpwr.n833                        1.79984
xdut.vdpwr.n832                        1.79984
xdut.vdpwr.n734                        1.79984
xdut.vdpwr.n735                        1.79984
xdut.vdpwr.n825                        1.79984
xdut.vdpwr.n824                        1.79984
xdut.vdpwr.n823                        1.79984
xdut.vdpwr.n737                        1.79984
xdut.vdpwr.n738                        1.79984
xdut.vdpwr.n816                        1.79984
xdut.vdpwr.n815                        1.79984
xdut.vdpwr.n814                        1.79984
xdut.vdpwr.n740                        1.79984
xdut.vdpwr.n742                        1.79984
xdut.vdpwr.n808                        1.79984
xdut.vdpwr.n807                        1.79984
xdut.vdpwr.n806                        1.79984
xdut.vdpwr.n744                        1.79984
xdut.vdpwr.n801                        1.79984
xdut.vdpwr.n800                        1.79984
xdut.vdpwr.n799                        1.79984
xdut.vdpwr.n747                        1.79984
xdut.vdpwr.n749                        1.79984
xdut.vdpwr.n793                        1.79984
xdut.vdpwr.n792                        1.79984
xdut.vdpwr.n791                        1.79984
xdut.vdpwr.n751                        1.79984
xdut.vdpwr.n786                        1.79984
xdut.vdpwr.n785                        1.79984
xdut.vdpwr.n784                        1.79984
xdut.vdpwr.n754                        1.79984
xdut.vdpwr.n779                        1.79984
xdut.vdpwr.n778                        1.79984
xdut.vdpwr.n777                        1.79984
xdut.vdpwr.n757                        1.79984
xdut.vdpwr.n772                        1.79984
xdut.vdpwr.n771                        1.79984
xdut.vdpwr.n770                        1.79984
xdut.vdpwr.n760                        1.79984
xdut.vdpwr.n765                        1.79984
xdut.vdpwr.n764                        1.79984
xdut.vdpwr.n709                        1.79984
xdut.vdpwr.n0                          1.79983
xdut.vdpwr.n1                          1.79983
xdut.vdpwr.n35                         1.79983
xdut.vdpwr.n33                         1.79983
xdut.vdpwr.n42                         1.79983
xdut.vdpwr.n28                         1.79983
xdut.vdpwr.n14                         1.79983
xdut.vdpwr.n15                         1.79983
xdut.vdpwr.n83                         1.79983
xdut.vdpwr.n81                         1.79983
xdut.vdpwr.n90                         1.79983
xdut.vdpwr.n76                         1.79983
xdut.vdpwr.n62                         1.79983
xdut.vdpwr.n63                         1.79983
xdut.vdpwr.n130                        1.79983
xdut.vdpwr.n128                        1.79983
xdut.vdpwr.n137                        1.79983
xdut.vdpwr.n123                        1.79983
xdut.vdpwr.n109                        1.79983
xdut.vdpwr.n110                        1.79983
xdut.vdpwr.n150                        1.79983
xdut.vdpwr.n168                        1.79983
xdut.vdpwr.n202                        1.79983
xdut.vdpwr.n220                        1.79983
xdut.vdpwr.n254                        1.79983
xdut.vdpwr.n272                        1.79983
xdut.vdpwr.n365                        1.79983
xdut.vdpwr.n367                        1.79983
xdut.vdpwr.n363                        1.79983
xdut.vdpwr.n369                        1.79983
xdut.vdpwr.n395                        1.79983
xdut.vdpwr.n318                        1.79983
xdut.vdpwr.n341                        1.79983
xdut.vdpwr.n321                        1.79983
xdut.vdpwr.n334                        1.79983
xdut.vdpwr.n324                        1.79983
xdut.vdpwr.n327                        1.79983
xdut.vdpwr.n473                        1.79983
xdut.vdpwr.n472                        1.79983
xdut.vdpwr.n471                        1.79983
xdut.vdpwr.n470                        1.79983
xdut.vdpwr.n469                        1.79983
xdut.vdpwr.n502                        1.79983
xdut.vdpwr.n424                        1.79983
xdut.vdpwr.n447                        1.79983
xdut.vdpwr.n441                        1.79983
xdut.vdpwr.n438                        1.79983
xdut.vdpwr.n430                        1.79983
xdut.vdpwr.n431                        1.79983
xdut.vdpwr.n523                        1.79983
xdut.vdpwr.n602                        1.79983
xdut.vdpwr.n551                        1.79983
xdut.vdpwr.n555                        1.79983
xdut.vdpwr.n614                        1.79983
xdut.vdpwr.n693                        1.79983
xdut.vdpwr.n642                        1.79983
xdut.vdpwr.n646                        1.79983
xdut.vdpwr.n920                        1.79984
xdut.vdpwr.n921                        1.79984
xdut.vdpwr.n919                        1.79984
xdut.vdpwr.n918                        1.79984
xdut.vdpwr.n922                        1.79984
xdut.vdpwr.n916                        1.79984
xdut.vdpwr.n915                        1.79984
xdut.vdpwr.n924                        1.79984
xdut.vdpwr.n925                        1.79984
xdut.vdpwr.n926                        1.79984
xdut.vdpwr.n927                        1.79984
xdut.vdpwr.n913                        1.79984
xdut.vdpwr.n929                        1.79984
xdut.vdpwr.n911                        1.79984
xdut.vdpwr.n930                        1.79984
xdut.vdpwr.n910                        1.79984
xdut.vdpwr.n909                        1.79984
xdut.vdpwr.n931                        1.79984
xdut.vdpwr.n908                        1.79984
xdut.vdpwr.n933                        1.79984
xdut.vdpwr.n934                        1.79984
xdut.vdpwr.n935                        1.79984
xdut.vdpwr.n906                        1.79984
xdut.vdpwr.n937                        1.79984
xdut.vdpwr.n938                        1.79984
xdut.vdpwr.n904                        1.79984
xdut.vdpwr.n940                        1.79984
xdut.vdpwr.n903                        1.79984
xdut.vdpwr.n941                        1.79984
xdut.vdpwr.n902                        1.79984
xdut.vdpwr.n1078                       1.79984
xdut.vdpwr.n881                        1.79984
xdut.vdpwr.n878                        1.79984
xdut.vdpwr.n872                        1.79984
xdut.vdpwr.n869                        1.79984
xdut.vdpwr.n720                        1.79984
xdut.vdpwr.n861                        1.79984
xdut.vdpwr.n724                        1.79984
xdut.vdpwr.n853                        1.79984
xdut.vdpwr.n847                        1.79984
xdut.vdpwr.n844                        1.79984
xdut.vdpwr.n731                        1.79984
xdut.vdpwr.n836                        1.79984
xdut.vdpwr.n830                        1.79984
xdut.vdpwr.n827                        1.79984
xdut.vdpwr.n821                        1.79984
xdut.vdpwr.n818                        1.79984
xdut.vdpwr.n741                        1.79984
xdut.vdpwr.n810                        1.79984
xdut.vdpwr.n745                        1.79984
xdut.vdpwr.n803                        1.79984
xdut.vdpwr.n748                        1.79984
xdut.vdpwr.n795                        1.79984
xdut.vdpwr.n752                        1.79984
xdut.vdpwr.n788                        1.79984
xdut.vdpwr.n755                        1.79984
xdut.vdpwr.n781                        1.79984
xdut.vdpwr.n758                        1.79984
xdut.vdpwr.n774                        1.79984
xdut.vdpwr.n761                        1.79984
xdut.vdpwr.n767                        1.79984
xdut.vdpwr.n762                        1.79984
xdut.vdpwr.n1090                       1.79984
xdut.vdpwr.n407                        1.79983
xdut.vdpwr.n514                        1.79983
xdut.vdpwr.n697                        1.79983
xdut.vdpwr.n51                         1.79983
xdut.vdpwr.n99                         1.79983
xdut.vdpwr.n146                        1.79983
xdut.vdpwr.n198                        1.79983
xdut.vdpwr.n250                        1.79983
xdut.vgnd.n2045                     0.00019393
xdut.vgnd.n40                       0.00033369
xdut.vgnd.n2043                    0.000266714
xdut.vgnd.n2042                    0.000281304
xdut.vgnd.n2041                    0.000308658
xdut.vgnd.n46                      0.000281849
xdut.vgnd.n2044                     0.00019693
xdut.vgnd.n2047                    0.000140779
xdut.vgnd.n47                      0.000281832
xdut.vgnd.n2069                    0.000137557
xdut.vgnd.n31                      0.000137315
xdut.vgnd.n2051                    0.000137962
xdut.vgnd.n30                      0.000137783
xdut.vgnd.n2067                    0.000137822
xdut.vgnd.n34                      0.000137402
xdut.vgnd.n2056                    0.000138049
xdut.vgnd.n33                      0.000138048
xdut.vgnd.n239                     0.000235384
xdut.vgnd.n238                      0.00023542
xdut.vgnd.n221                      0.00023542
xdut.vgnd.n213                     0.000235384
xdut.vgnd.n234                      0.00023541
xdut.vgnd.n216                     0.000235355
xdut.vgnd.n228                     0.000235355
xdut.vgnd.n227                      0.00023541
xdut.vgnd.n207                     0.000214887
xdut.vgnd.n206                     0.000214852
xdut.vgnd.n189                     0.000214852
xdut.vgnd.n181                     0.000214887
xdut.vgnd.n202                     0.000214861
xdut.vgnd.n184                     0.000214915
xdut.vgnd.n196                     0.000214915
xdut.vgnd.n195                     0.000214861
xdut.vgnd.n175                     0.000196168
xdut.vgnd.n174                     0.000196054
xdut.vgnd.n160                     0.000196029
xdut.vgnd.n148                     0.000196143
xdut.vgnd.n170                     0.000196083
xdut.vgnd.n151                      0.00019626
xdut.vgnd.n164                     0.000196234
xdut.vgnd.n153                     0.000196059
xdut.vgnd.n143                     0.000176844
xdut.vgnd.n142                     0.000176786
xdut.vgnd.n125                     0.000176786
xdut.vgnd.n117                     0.000176844
xdut.vgnd.n138                     0.000176801
xdut.vgnd.n120                      0.00017689
xdut.vgnd.n132                      0.00017689
xdut.vgnd.n131                     0.000176801
xdut.vgnd.n112                     0.000157831
xdut.vgnd.n111                     0.000157803
xdut.vgnd.n94                      0.000157803
xdut.vgnd.n86                      0.000157831
xdut.vgnd.n107                      0.00015781
xdut.vgnd.n89                      0.000157853
xdut.vgnd.n101                     0.000157853
xdut.vgnd.n100                      0.00015781
xdut.vgnd.n573                      0.00033716
xdut.vgnd.n572                     0.000337465
xdut.vgnd.n571                     0.000337425
xdut.vgnd.n314                     0.000336916
xdut.vgnd.n758                     0.000336239
xdut.vgnd.n311                      0.00033615
xdut.vgnd.n569                     0.000336109
xdut.vgnd.n317                     0.000335995
xdut.vgnd.n1259                    0.000335345
xdut.vgnd.n246                     0.000335304
xdut.vgnd.n812                     0.000335359
xdut.vgnd.n245                     0.000335354
xdut.vgnd.n1257                    0.000335287
xdut.vgnd.n249                     0.000335264
xdut.vgnd.n1011                    0.000335318
xdut.vgnd.n248                     0.000335296
xdut.vgnd.n1539                     0.00033484
xdut.vgnd.n1265                    0.000334766
xdut.vgnd.n1311                    0.000334692
xdut.vgnd.n1264                    0.000334828
xdut.vgnd.n1537                    0.000334499
xdut.vgnd.n1268                    0.000334527
xdut.vgnd.n1404                    0.000334453
xdut.vgnd.n1267                    0.000334487
xdut.vgnd.n2039                    0.000304292
xdut.vgnd.n82                      0.000303664
xdut.vgnd.n1912                    0.000303229
xdut.vgnd.n1876                    0.000303163
xdut.vgnd.n2024                    0.000303733
xdut.vgnd.n1874                    0.000303904
xdut.vgnd.n1870                    0.000304796
xdut.vgnd.n1757                    0.000304405
xdut.vgnd.n1742                    0.000281883
xdut.vgnd.n1708                    0.000281867
xdut.vgnd.n1695                      0.0002819
xdut.vgnd.n1660                    0.000281899
xdut.vgnd.n1717                    0.000281862
xdut.vgnd.n1706                    0.000281874
xdut.vgnd.n1693                    0.000281892
xdut.vgnd.n1662                    0.000281894
xdut.vgnd.n1611                    0.000281894
xdut.vgnd.n1601                    0.000281896
xdut.vgnd.n1588                    0.000281874
xdut.vgnd.n1554                    0.000281854
xdut.vgnd.n1634                    0.000281888
xdut.vgnd.n1599                    0.000281886
xdut.vgnd.n1586                    0.000281864
xdut.vgnd.n1555                    0.000281848
xdut.vgnd.n48                      0.000335919
xdut.vgnd.n2068                    0.000138112
xdut.vgnd.n32                      0.000137476
xdut.vgnd.n236                     0.000235389
xdut.vgnd.n45                      0.000235251
xdut.vgnd.n218                     0.000235389
xdut.vgnd.n44                      0.000235251
xdut.vgnd.n204                     0.000214882
xdut.vgnd.n43                      0.000215015
xdut.vgnd.n186                     0.000214882
xdut.vgnd.n42                      0.000215015
xdut.vgnd.n172                     0.000196161
xdut.vgnd.n41                      0.000196638
xdut.vgnd.n163                     0.000196512
xdut.vgnd.n162                     0.000196119
xdut.vgnd.n140                     0.000176836
xdut.vgnd.n39                      0.000177057
xdut.vgnd.n122                     0.000176836
xdut.vgnd.n38                      0.000177057
xdut.vgnd.n109                     0.000157827
xdut.vgnd.n37                      0.000157933
xdut.vgnd.n91                      0.000157827
xdut.vgnd.n36                      0.000157933
xdut.vgnd.n80                      0.000304487
xdut.vgnd.n2037                    0.000302883
xdut.vgnd.n2035                    0.000303433
xdut.vgnd.n2034                    0.000304193
xdut.vgnd.n2036                    0.000302617
xdut.vgnd.n1756                    0.000303239
xdut.vgnd.n1755                    0.000302314
xdut.vgnd.n2028                    0.000303803
xdut.vgnd.n1875                    0.000303175
xdut.vgnd.n1910                     0.00030247
xdut.vgnd.n2027                    0.000303681
xdut.vgnd.n1911                    0.000302595
xdut.vgnd.n1913                    0.000302905
xdut.vgnd.n1915                    0.000302991
xdut.vgnd.n1914                    0.000303263
xdut.vgnd.n2026                    0.000303535
xdut.vgnd.n1893                    0.000303298
xdut.vgnd.n1916                    0.000303065
xdut.vgnd.n1918                    0.000303129
xdut.vgnd.n1917                    0.000303329
xdut.vgnd.n1920                    0.000303357
xdut.vgnd.n1919                    0.000303185
xdut.vgnd.n1922                    0.000303232
xdut.vgnd.n1921                    0.000303381
xdut.vgnd.n1924                    0.000303402
xdut.vgnd.n1923                    0.000303274
xdut.vgnd.n1926                    0.000303309
xdut.vgnd.n1925                     0.00030342
xdut.vgnd.n1928                    0.000303436
xdut.vgnd.n1927                     0.00030334
xdut.vgnd.n1930                    0.000303367
xdut.vgnd.n1929                    0.000303449
xdut.vgnd.n1932                    0.000303461
xdut.vgnd.n1931                     0.00030339
xdut.vgnd.n1934                    0.000303409
xdut.vgnd.n1933                    0.000303471
xdut.vgnd.n1936                     0.00030348
xdut.vgnd.n1935                    0.000303427
xdut.vgnd.n1938                    0.000303441
xdut.vgnd.n1937                    0.000303487
xdut.vgnd.n1940                    0.000303494
xdut.vgnd.n1939                    0.000303454
xdut.vgnd.n1942                    0.000303465
xdut.vgnd.n1941                    0.000303499
xdut.vgnd.n1944                    0.000303504
xdut.vgnd.n1943                    0.000303475
xdut.vgnd.n1946                    0.000303483
xdut.vgnd.n1945                    0.000303509
xdut.vgnd.n1948                    0.000303512
xdut.vgnd.n1947                    0.000303491
xdut.vgnd.n1950                    0.000303497
xdut.vgnd.n1949                    0.000303515
xdut.vgnd.n1952                    0.000303502
xdut.vgnd.n1951                    0.000303518
xdut.vgnd.n1900                    0.000303521
xdut.vgnd.n1953                    0.000303507
xdut.vgnd.n1955                    0.000303511
xdut.vgnd.n1954                    0.000303523
xdut.vgnd.n1957                    0.000303525
xdut.vgnd.n1956                    0.000303515
xdut.vgnd.n1959                    0.000303518
xdut.vgnd.n1958                    0.000303526
xdut.vgnd.n1961                    0.000303528
xdut.vgnd.n1960                    0.000303521
xdut.vgnd.n1963                    0.000303524
xdut.vgnd.n1962                    0.000303529
xdut.vgnd.n1965                     0.00030353
xdut.vgnd.n1964                    0.000303526
xdut.vgnd.n1967                    0.000303528
xdut.vgnd.n1966                    0.000303531
xdut.vgnd.n1969                    0.000303532
xdut.vgnd.n1968                     0.00030353
xdut.vgnd.n1971                    0.000303532
xdut.vgnd.n1970                    0.000303533
xdut.vgnd.n1973                    0.000303534
xdut.vgnd.n1972                    0.000303534
xdut.vgnd.n1975                    0.000303536
xdut.vgnd.n1974                    0.000303535
xdut.vgnd.n1977                    0.000303536
xdut.vgnd.n1976                    0.000303538
xdut.vgnd.n1979                     0.00030354
xdut.vgnd.n1978                    0.000303537
xdut.vgnd.n1981                    0.000303542
xdut.vgnd.n1980                    0.000303538
xdut.vgnd.n1882                    0.000303539
xdut.vgnd.n1982                    0.000303544
xdut.vgnd.n1984                    0.000303546
xdut.vgnd.n1983                    0.000303541
xdut.vgnd.n1986                    0.000303542
xdut.vgnd.n1985                    0.000303549
xdut.vgnd.n1988                    0.000303552
xdut.vgnd.n1987                    0.000303543
xdut.vgnd.n1990                    0.000303555
xdut.vgnd.n1989                    0.000303545
xdut.vgnd.n1903                    0.000303547
xdut.vgnd.n1991                    0.000303559
xdut.vgnd.n1993                    0.000303564
xdut.vgnd.n1992                    0.000303549
xdut.vgnd.n1995                    0.000303569
xdut.vgnd.n1994                    0.000303552
xdut.vgnd.n1879                    0.000303555
xdut.vgnd.n1996                    0.000303574
xdut.vgnd.n1998                    0.000303581
xdut.vgnd.n1997                    0.000303558
xdut.vgnd.n2000                    0.000303562
xdut.vgnd.n1999                    0.000303588
xdut.vgnd.n2002                    0.000303597
xdut.vgnd.n2001                    0.000303566
xdut.vgnd.n2004                    0.000303571
xdut.vgnd.n2003                    0.000303607
xdut.vgnd.n2006                    0.000303619
xdut.vgnd.n2005                    0.000303577
xdut.vgnd.n2008                    0.000303584
xdut.vgnd.n2007                    0.000303632
xdut.vgnd.n2010                    0.000303648
xdut.vgnd.n2009                    0.000303592
xdut.vgnd.n2012                    0.000303601
xdut.vgnd.n2011                    0.000303666
xdut.vgnd.n2014                    0.000303686
xdut.vgnd.n2013                    0.000303612
xdut.vgnd.n2016                    0.000303624
xdut.vgnd.n2015                     0.00030371
xdut.vgnd.n2018                    0.000303738
xdut.vgnd.n2017                    0.000303638
xdut.vgnd.n2020                     0.00030377
xdut.vgnd.n2019                    0.000303655
xdut.vgnd.n1908                    0.000303675
xdut.vgnd.n2021                    0.000303807
xdut.vgnd.n2022                    0.000303851
xdut.vgnd.n1909                    0.000303699
xdut.vgnd.n2023                      0.0003039
xdut.vgnd.n1873                    0.000304076
xdut.vgnd.n2029                    0.000303992
xdut.vgnd.n2030                    0.000304141
xdut.vgnd.n1758                    0.000304109
xdut.vgnd.n2031                    0.000304212
xdut.vgnd.n2033                     0.00030425
xdut.vgnd.n2032                    0.000304287
xdut.vgnd.n1872                    0.000304364
xdut.vgnd.n1871                    0.000304597
xdut.vgnd.n1869                    0.000304663
xdut.vgnd.n1868                    0.000304859
xdut.vgnd.n1867                    0.000304898
xdut.vgnd.n1866                    0.000304721
xdut.vgnd.n1865                    0.000304771
xdut.vgnd.n1864                    0.000304927
xdut.vgnd.n2040                    0.000305091
xdut.vgnd.n51                       0.00030495
xdut.vgnd.n1863                    0.000304815
xdut.vgnd.n1862                    0.000304852
xdut.vgnd.n1861                    0.000304969
xdut.vgnd.n1860                    0.000304885
xdut.vgnd.n1859                    0.000304986
xdut.vgnd.n1858                       0.000305
xdut.vgnd.n1857                    0.000304913
xdut.vgnd.n1856                    0.000304937
xdut.vgnd.n1855                    0.000305013
xdut.vgnd.n1854                    0.000305023
xdut.vgnd.n1853                    0.000304957
xdut.vgnd.n1852                    0.000304975
xdut.vgnd.n1851                    0.000305032
xdut.vgnd.n1850                     0.00030504
xdut.vgnd.n1849                    0.000304991
xdut.vgnd.n1848                    0.000305004
xdut.vgnd.n1847                    0.000305047
xdut.vgnd.n1846                    0.000305053
xdut.vgnd.n1845                    0.000305015
xdut.vgnd.n1844                    0.000305025
xdut.vgnd.n1843                    0.000305057
xdut.vgnd.n1842                    0.000305062
xdut.vgnd.n1841                    0.000305034
xdut.vgnd.n1840                    0.000305041
xdut.vgnd.n1839                    0.000305065
xdut.vgnd.n1838                    0.000305068
xdut.vgnd.n1837                    0.000305047
xdut.vgnd.n1836                    0.000305052
xdut.vgnd.n1835                    0.000305071
xdut.vgnd.n1834                    0.000305073
xdut.vgnd.n1833                    0.000305056
xdut.vgnd.n1832                     0.00030506
xdut.vgnd.n1831                    0.000305075
xdut.vgnd.n1830                    0.000305076
xdut.vgnd.n1829                    0.000305062
xdut.vgnd.n1828                    0.000305065
xdut.vgnd.n1827                    0.000305078
xdut.vgnd.n1826                    0.000305078
xdut.vgnd.n1825                    0.000305066
xdut.vgnd.n1824                    0.000305067
xdut.vgnd.n1823                    0.000305079
xdut.vgnd.n1822                    0.000305079
xdut.vgnd.n1821                    0.000305068
xdut.vgnd.n1820                    0.000305068
xdut.vgnd.n1819                    0.000305079
xdut.vgnd.n1818                    0.000305079
xdut.vgnd.n1817                    0.000305068
xdut.vgnd.n1816                    0.000305067
xdut.vgnd.n1815                    0.000305079
xdut.vgnd.n1814                    0.000305078
xdut.vgnd.n1813                    0.000305065
xdut.vgnd.n1812                    0.000305064
xdut.vgnd.n1811                    0.000305077
xdut.vgnd.n1810                    0.000305076
xdut.vgnd.n1809                    0.000305061
xdut.vgnd.n1808                    0.000305058
xdut.vgnd.n1807                    0.000305074
xdut.vgnd.n1806                    0.000305072
xdut.vgnd.n1805                    0.000305054
xdut.vgnd.n1804                    0.000305049
xdut.vgnd.n1803                     0.00030507
xdut.vgnd.n1802                    0.000305067
xdut.vgnd.n1801                    0.000305044
xdut.vgnd.n1800                    0.000305037
xdut.vgnd.n1799                    0.000305064
xdut.vgnd.n68                       0.00030506
xdut.vgnd.n1798                    0.000305029
xdut.vgnd.n1797                     0.00030502
xdut.vgnd.n1796                    0.000305055
xdut.vgnd.n1795                     0.00030501
xdut.vgnd.n1794                     0.00030505
xdut.vgnd.n70                      0.000305043
xdut.vgnd.n1793                    0.000304997
xdut.vgnd.n1792                    0.000304983
xdut.vgnd.n1791                    0.000305036
xdut.vgnd.n1790                    0.000304966
xdut.vgnd.n1789                    0.000305028
xdut.vgnd.n1788                    0.000305018
xdut.vgnd.n1787                    0.000304947
xdut.vgnd.n1786                    0.000304925
xdut.vgnd.n1785                    0.000305006
xdut.vgnd.n1784                    0.000304993
xdut.vgnd.n1783                    0.000304899
xdut.vgnd.n1782                    0.000304869
xdut.vgnd.n1781                    0.000304978
xdut.vgnd.n1780                     0.00030496
xdut.vgnd.n1779                    0.000304834
xdut.vgnd.n1778                    0.000304793
xdut.vgnd.n1777                     0.00030494
xdut.vgnd.n1776                    0.000304916
xdut.vgnd.n1775                    0.000304746
xdut.vgnd.n1774                    0.000304692
xdut.vgnd.n1773                    0.000304888
xdut.vgnd.n1772                    0.000304856
xdut.vgnd.n1771                    0.000304629
xdut.vgnd.n1770                    0.000304556
xdut.vgnd.n1769                    0.000304819
xdut.vgnd.n1768                    0.000304776
xdut.vgnd.n1767                    0.000304472
xdut.vgnd.n1766                    0.000304374
xdut.vgnd.n1765                    0.000304727
xdut.vgnd.n1764                    0.000304669
xdut.vgnd.n1763                    0.000304261
xdut.vgnd.n1762                     0.00030413
xdut.vgnd.n1761                    0.000304601
xdut.vgnd.n1760                    0.000304521
xdut.vgnd.n1759                    0.000303979
xdut.vgnd.n83                      0.000303804
xdut.vgnd.n81                      0.000304423
xdut.vgnd.n2038                    0.000303601
xdut.vgnd.n1538                     0.00033451
xdut.vgnd.n1536                    0.000334493
xdut.vgnd.n1270                    0.000334483
xdut.vgnd.n1406                    0.000334487
xdut.vgnd.n1405                    0.000334468
xdut.vgnd.n1402                    0.000334448
xdut.vgnd.n1269                    0.000334463
xdut.vgnd.n1401                    0.000334444
xdut.vgnd.n1272                    0.000334458
xdut.vgnd.n1399                    0.000334442
xdut.vgnd.n1398                    0.000334455
xdut.vgnd.n1397                    0.000334451
xdut.vgnd.n1273                     0.00033444
xdut.vgnd.n1396                    0.000334448
xdut.vgnd.n1395                    0.000334439
xdut.vgnd.n1394                    0.000334438
xdut.vgnd.n1274                    0.000334446
xdut.vgnd.n1392                    0.000334437
xdut.vgnd.n1391                    0.000334444
xdut.vgnd.n1390                    0.000334442
xdut.vgnd.n1276                    0.000334436
xdut.vgnd.n1389                     0.00033444
xdut.vgnd.n1388                    0.000334435
xdut.vgnd.n1387                    0.000334434
xdut.vgnd.n1277                    0.000334439
xdut.vgnd.n1385                    0.000334434
xdut.vgnd.n1384                    0.000334438
xdut.vgnd.n1383                    0.000334437
xdut.vgnd.n1279                    0.000334433
xdut.vgnd.n1382                    0.000334436
xdut.vgnd.n1381                    0.000334433
xdut.vgnd.n1380                    0.000334433
xdut.vgnd.n1280                    0.000334436
xdut.vgnd.n1378                    0.000334432
xdut.vgnd.n1377                    0.000334435
xdut.vgnd.n1376                    0.000334435
xdut.vgnd.n1282                    0.000334432
xdut.vgnd.n1375                    0.000334435
xdut.vgnd.n1374                    0.000334432
xdut.vgnd.n1373                    0.000334432
xdut.vgnd.n1283                    0.000334435
xdut.vgnd.n1371                    0.000334432
xdut.vgnd.n1370                    0.000334435
xdut.vgnd.n1369                    0.000334435
xdut.vgnd.n1285                    0.000334432
xdut.vgnd.n1368                    0.000334436
xdut.vgnd.n1367                    0.000334433
xdut.vgnd.n1366                    0.000334433
xdut.vgnd.n1286                    0.000334436
xdut.vgnd.n1364                    0.000334433
xdut.vgnd.n1363                    0.000334437
xdut.vgnd.n1362                    0.000334438
xdut.vgnd.n1288                    0.000334434
xdut.vgnd.n1361                    0.000334439
xdut.vgnd.n1360                    0.000334434
xdut.vgnd.n1359                    0.000334435
xdut.vgnd.n1289                     0.00033444
xdut.vgnd.n1357                    0.000334435
xdut.vgnd.n1356                    0.000334441
xdut.vgnd.n1355                    0.000334443
xdut.vgnd.n1291                    0.000334436
xdut.vgnd.n1354                    0.000334445
xdut.vgnd.n1353                    0.000334437
xdut.vgnd.n1352                    0.000334438
xdut.vgnd.n1292                    0.000334447
xdut.vgnd.n1350                     0.00033444
xdut.vgnd.n1349                     0.00033445
xdut.vgnd.n1348                    0.000334453
xdut.vgnd.n1294                    0.000334441
xdut.vgnd.n1347                    0.000334457
xdut.vgnd.n1346                    0.000334443
xdut.vgnd.n1345                    0.000334446
xdut.vgnd.n1295                    0.000334461
xdut.vgnd.n1343                    0.000334448
xdut.vgnd.n1342                    0.000334466
xdut.vgnd.n1341                    0.000334472
xdut.vgnd.n1297                    0.000334451
xdut.vgnd.n1340                    0.000334479
xdut.vgnd.n1339                    0.000334454
xdut.vgnd.n1338                    0.000334458
xdut.vgnd.n1298                    0.000334487
xdut.vgnd.n1336                    0.000334463
xdut.vgnd.n1335                    0.000334496
xdut.vgnd.n1334                    0.000334506
xdut.vgnd.n1300                    0.000334468
xdut.vgnd.n1333                    0.000334518
xdut.vgnd.n1332                    0.000334474
xdut.vgnd.n1331                    0.000334482
xdut.vgnd.n1301                    0.000334532
xdut.vgnd.n1329                     0.00033449
xdut.vgnd.n1328                    0.000334549
xdut.vgnd.n1327                    0.000334567
xdut.vgnd.n1303                    0.000334499
xdut.vgnd.n1326                    0.000334589
xdut.vgnd.n1325                    0.000334511
xdut.vgnd.n1324                    0.000334523
xdut.vgnd.n1304                    0.000334615
xdut.vgnd.n1322                    0.000334538
xdut.vgnd.n1321                    0.000334644
xdut.vgnd.n1320                    0.000334678
xdut.vgnd.n1306                    0.000334555
xdut.vgnd.n1319                    0.000334717
xdut.vgnd.n1318                    0.000334575
xdut.vgnd.n1317                    0.000334598
xdut.vgnd.n1307                    0.000334762
xdut.vgnd.n1315                    0.000334625
xdut.vgnd.n1314                    0.000334815
xdut.vgnd.n1313                    0.000334876
xdut.vgnd.n1309                    0.000334656
xdut.vgnd.n1312                    0.000334946
xdut.vgnd.n1262                    0.000335215
xdut.vgnd.n1540                    0.000335221
xdut.vgnd.n1266                    0.000334548
xdut.vgnd.n1263                     0.00033499
xdut.vgnd.n1444                     0.00033493
xdut.vgnd.n1443                     0.00033474
xdut.vgnd.n1445                    0.000334877
xdut.vgnd.n1441                    0.000334715
xdut.vgnd.n1447                    0.000334692
xdut.vgnd.n1446                    0.000334833
xdut.vgnd.n1449                    0.000334673
xdut.vgnd.n1439                    0.000334794
xdut.vgnd.n1451                     0.00033476
xdut.vgnd.n1450                    0.000334656
xdut.vgnd.n1452                    0.000334731
xdut.vgnd.n1438                    0.000334641
xdut.vgnd.n1454                    0.000334628
xdut.vgnd.n1453                    0.000334706
xdut.vgnd.n1456                    0.000334617
xdut.vgnd.n1436                    0.000334685
xdut.vgnd.n1458                    0.000334666
xdut.vgnd.n1457                    0.000334608
xdut.vgnd.n1459                     0.00033465
xdut.vgnd.n1435                      0.0003346
xdut.vgnd.n1461                    0.000334593
xdut.vgnd.n1460                    0.000334636
xdut.vgnd.n1463                    0.000334587
xdut.vgnd.n1433                    0.000334624
xdut.vgnd.n1465                    0.000334614
xdut.vgnd.n1464                    0.000334581
xdut.vgnd.n1466                    0.000334605
xdut.vgnd.n1432                    0.000334577
xdut.vgnd.n1468                    0.000334573
xdut.vgnd.n1467                    0.000334597
xdut.vgnd.n1469                    0.000334569
xdut.vgnd.n1431                     0.00033459
xdut.vgnd.n1472                    0.000334584
xdut.vgnd.n1471                    0.000334566
xdut.vgnd.n1430                    0.000334564
xdut.vgnd.n1473                    0.000334579
xdut.vgnd.n1475                    0.000334562
xdut.vgnd.n1474                    0.000334575
xdut.vgnd.n1477                     0.00033456
xdut.vgnd.n1429                    0.000334571
xdut.vgnd.n1478                    0.000334558
xdut.vgnd.n1427                    0.000334568
xdut.vgnd.n1480                    0.000334565
xdut.vgnd.n1479                    0.000334557
xdut.vgnd.n1481                    0.000334563
xdut.vgnd.n1426                    0.000334555
xdut.vgnd.n1483                    0.000334554
xdut.vgnd.n1482                    0.000334561
xdut.vgnd.n1485                    0.000334553
xdut.vgnd.n1425                    0.000334559
xdut.vgnd.n1486                    0.000334553
xdut.vgnd.n1424                    0.000334557
xdut.vgnd.n1489                    0.000334556
xdut.vgnd.n1488                    0.000334552
xdut.vgnd.n1490                    0.000334554
xdut.vgnd.n1423                    0.000334551
xdut.vgnd.n1492                    0.000334551
xdut.vgnd.n1491                    0.000334553
xdut.vgnd.n1494                     0.00033455
xdut.vgnd.n1421                    0.000334552
xdut.vgnd.n1496                    0.000334551
xdut.vgnd.n1495                     0.00033455
xdut.vgnd.n1497                     0.00033455
xdut.vgnd.n1420                    0.000334549
xdut.vgnd.n1499                    0.000334549
xdut.vgnd.n1498                     0.00033455
xdut.vgnd.n1501                    0.000334548
xdut.vgnd.n1418                    0.000334549
xdut.vgnd.n1503                    0.000334548
xdut.vgnd.n1502                    0.000334548
xdut.vgnd.n1504                    0.000334547
xdut.vgnd.n1417                    0.000334548
xdut.vgnd.n1506                    0.000334547
xdut.vgnd.n1505                    0.000334546
xdut.vgnd.n1508                    0.000334547
xdut.vgnd.n1416                    0.000334546
xdut.vgnd.n1511                    0.000334545
xdut.vgnd.n1510                    0.000334546
xdut.vgnd.n1512                    0.000334544
xdut.vgnd.n1415                    0.000334546
xdut.vgnd.n1514                    0.000334545
xdut.vgnd.n1513                    0.000334543
xdut.vgnd.n1516                    0.000334545
xdut.vgnd.n1414                    0.000334542
xdut.vgnd.n1517                    0.000334544
xdut.vgnd.n1412                     0.00033454
xdut.vgnd.n1519                    0.000334539
xdut.vgnd.n1518                    0.000334543
xdut.vgnd.n1520                    0.000334537
xdut.vgnd.n1411                    0.000334543
xdut.vgnd.n1522                    0.000334542
xdut.vgnd.n1521                    0.000334535
xdut.vgnd.n1524                     0.00033454
xdut.vgnd.n1409                    0.000334533
xdut.vgnd.n1526                    0.000334531
xdut.vgnd.n1525                    0.000334539
xdut.vgnd.n1527                    0.000334528
xdut.vgnd.n1408                    0.000334538
xdut.vgnd.n1529                    0.000334536
xdut.vgnd.n1528                    0.000334525
xdut.vgnd.n1531                    0.000334534
xdut.vgnd.n1407                    0.000334521
xdut.vgnd.n1534                    0.000334517
xdut.vgnd.n1533                    0.000334531
xdut.vgnd.n1535                    0.000334512
xdut.vgnd.n1258                    0.000335282
xdut.vgnd.n1256                    0.000335289
xdut.vgnd.n761                     0.000335302
xdut.vgnd.n1013                    0.000335293
xdut.vgnd.n1010                    0.000335335
xdut.vgnd.n1012                    0.000335307
xdut.vgnd.n251                     0.000335322
xdut.vgnd.n250                     0.000335311
xdut.vgnd.n1008                    0.000335324
xdut.vgnd.n1007                    0.000335314
xdut.vgnd.n1006                    0.000335317
xdut.vgnd.n811                     0.000335326
xdut.vgnd.n1005                    0.000335319
xdut.vgnd.n1004                    0.000335327
xdut.vgnd.n1003                    0.000335328
xdut.vgnd.n1002                    0.000335321
xdut.vgnd.n1001                    0.000335323
xdut.vgnd.n1000                    0.000335329
xdut.vgnd.n999                      0.00033533
xdut.vgnd.n998                     0.000335325
xdut.vgnd.n997                     0.000335326
xdut.vgnd.n996                      0.00033533
xdut.vgnd.n995                     0.000335331
xdut.vgnd.n994                     0.000335327
xdut.vgnd.n993                     0.000335328
xdut.vgnd.n992                     0.000335331
xdut.vgnd.n991                     0.000335332
xdut.vgnd.n990                     0.000335329
xdut.vgnd.n989                      0.00033533
xdut.vgnd.n988                     0.000335332
xdut.vgnd.n987                     0.000335332
xdut.vgnd.n986                      0.00033533
xdut.vgnd.n985                     0.000335331
xdut.vgnd.n984                     0.000335333
xdut.vgnd.n983                     0.000335333
xdut.vgnd.n982                     0.000335332
xdut.vgnd.n981                     0.000335332
xdut.vgnd.n980                     0.000335333
xdut.vgnd.n979                     0.000335333
xdut.vgnd.n978                     0.000335332
xdut.vgnd.n977                     0.000335333
xdut.vgnd.n976                     0.000335334
xdut.vgnd.n975                     0.000335334
xdut.vgnd.n974                     0.000335333
xdut.vgnd.n973                     0.000335333
xdut.vgnd.n972                     0.000335334
xdut.vgnd.n971                     0.000335334
xdut.vgnd.n970                     0.000335333
xdut.vgnd.n969                     0.000335333
xdut.vgnd.n968                     0.000335334
xdut.vgnd.n967                     0.000335334
xdut.vgnd.n966                     0.000335334
xdut.vgnd.n965                     0.000335334
xdut.vgnd.n964                     0.000335334
xdut.vgnd.n963                     0.000335334
xdut.vgnd.n962                     0.000335334
xdut.vgnd.n961                     0.000335334
xdut.vgnd.n960                     0.000335334
xdut.vgnd.n959                     0.000335334
xdut.vgnd.n958                     0.000335334
xdut.vgnd.n957                     0.000335334
xdut.vgnd.n956                     0.000335334
xdut.vgnd.n955                     0.000335334
xdut.vgnd.n954                     0.000335334
xdut.vgnd.n953                     0.000335334
xdut.vgnd.n952                     0.000335334
xdut.vgnd.n951                     0.000335334
xdut.vgnd.n950                     0.000335334
xdut.vgnd.n949                     0.000335334
xdut.vgnd.n948                     0.000335334
xdut.vgnd.n947                     0.000335334
xdut.vgnd.n946                     0.000335334
xdut.vgnd.n945                     0.000335334
xdut.vgnd.n944                     0.000335334
xdut.vgnd.n943                     0.000335334
xdut.vgnd.n942                     0.000335334
xdut.vgnd.n941                     0.000335334
xdut.vgnd.n940                     0.000335334
xdut.vgnd.n939                     0.000335334
xdut.vgnd.n938                     0.000335334
xdut.vgnd.n937                     0.000335334
xdut.vgnd.n936                     0.000335334
xdut.vgnd.n935                     0.000335335
xdut.vgnd.n934                     0.000335334
xdut.vgnd.n933                     0.000335334
xdut.vgnd.n932                     0.000335335
xdut.vgnd.n931                     0.000335335
xdut.vgnd.n930                     0.000335334
xdut.vgnd.n929                     0.000335335
xdut.vgnd.n928                     0.000335335
xdut.vgnd.n927                     0.000335335
xdut.vgnd.n926                     0.000335335
xdut.vgnd.n925                     0.000335335
xdut.vgnd.n924                     0.000335335
xdut.vgnd.n923                     0.000335335
xdut.vgnd.n922                     0.000335335
xdut.vgnd.n921                     0.000335335
xdut.vgnd.n920                     0.000335335
xdut.vgnd.n919                     0.000335335
xdut.vgnd.n918                     0.000335335
xdut.vgnd.n917                     0.000335335
xdut.vgnd.n916                     0.000335335
xdut.vgnd.n915                     0.000335335
xdut.vgnd.n914                     0.000335335
xdut.vgnd.n913                     0.000335335
xdut.vgnd.n912                     0.000335335
xdut.vgnd.n911                     0.000335335
xdut.vgnd.n910                     0.000335335
xdut.vgnd.n909                     0.000335335
xdut.vgnd.n908                     0.000335335
xdut.vgnd.n907                     0.000335335
xdut.vgnd.n906                     0.000335335
xdut.vgnd.n905                     0.000335335
xdut.vgnd.n904                     0.000335335
xdut.vgnd.n903                     0.000335335
xdut.vgnd.n902                     0.000335335
xdut.vgnd.n901                     0.000335335
xdut.vgnd.n900                     0.000335335
xdut.vgnd.n899                     0.000335335
xdut.vgnd.n898                     0.000335335
xdut.vgnd.n897                     0.000335335
xdut.vgnd.n896                     0.000335335
xdut.vgnd.n895                     0.000335335
xdut.vgnd.n894                     0.000335335
xdut.vgnd.n893                     0.000335335
xdut.vgnd.n892                     0.000335335
xdut.vgnd.n891                     0.000335335
xdut.vgnd.n890                     0.000335335
xdut.vgnd.n889                     0.000335335
xdut.vgnd.n888                     0.000335335
xdut.vgnd.n887                     0.000335335
xdut.vgnd.n886                     0.000335335
xdut.vgnd.n885                     0.000335335
xdut.vgnd.n884                     0.000335335
xdut.vgnd.n883                     0.000335335
xdut.vgnd.n882                     0.000335335
xdut.vgnd.n881                     0.000335335
xdut.vgnd.n880                     0.000335335
xdut.vgnd.n879                     0.000335335
xdut.vgnd.n878                     0.000335335
xdut.vgnd.n877                     0.000335335
xdut.vgnd.n876                     0.000335335
xdut.vgnd.n875                     0.000335335
xdut.vgnd.n874                     0.000335335
xdut.vgnd.n873                     0.000335335
xdut.vgnd.n872                     0.000335335
xdut.vgnd.n871                     0.000335335
xdut.vgnd.n870                     0.000335335
xdut.vgnd.n869                     0.000335335
xdut.vgnd.n868                     0.000335335
xdut.vgnd.n867                     0.000335335
xdut.vgnd.n866                     0.000335336
xdut.vgnd.n865                     0.000335336
xdut.vgnd.n864                     0.000335335
xdut.vgnd.n863                     0.000335335
xdut.vgnd.n862                     0.000335336
xdut.vgnd.n861                     0.000335336
xdut.vgnd.n860                     0.000335335
xdut.vgnd.n859                     0.000335335
xdut.vgnd.n858                     0.000335336
xdut.vgnd.n857                     0.000335337
xdut.vgnd.n856                     0.000335336
xdut.vgnd.n855                     0.000335336
xdut.vgnd.n854                     0.000335337
xdut.vgnd.n853                     0.000335337
xdut.vgnd.n852                     0.000335336
xdut.vgnd.n851                     0.000335336
xdut.vgnd.n850                     0.000335338
xdut.vgnd.n849                     0.000335338
xdut.vgnd.n848                     0.000335336
xdut.vgnd.n847                     0.000335337
xdut.vgnd.n846                     0.000335339
xdut.vgnd.n845                      0.00033534
xdut.vgnd.n844                     0.000335337
xdut.vgnd.n843                     0.000335338
xdut.vgnd.n842                      0.00033534
xdut.vgnd.n841                     0.000335341
xdut.vgnd.n840                     0.000335338
xdut.vgnd.n839                     0.000335339
xdut.vgnd.n838                     0.000335342
xdut.vgnd.n837                     0.000335344
xdut.vgnd.n836                     0.000335339
xdut.vgnd.n835                      0.00033534
xdut.vgnd.n834                     0.000335345
xdut.vgnd.n833                     0.000335347
xdut.vgnd.n832                     0.000335341
xdut.vgnd.n831                     0.000335342
xdut.vgnd.n830                     0.000335349
xdut.vgnd.n829                     0.000335351
xdut.vgnd.n828                     0.000335343
xdut.vgnd.n827                     0.000335344
xdut.vgnd.n826                     0.000335354
xdut.vgnd.n825                     0.000335357
xdut.vgnd.n824                     0.000335346
xdut.vgnd.n823                     0.000335348
xdut.vgnd.n822                      0.00033536
xdut.vgnd.n821                     0.000335364
xdut.vgnd.n820                      0.00033535
xdut.vgnd.n819                     0.000335352
xdut.vgnd.n818                     0.000335369
xdut.vgnd.n817                     0.000335374
xdut.vgnd.n816                     0.000335354
xdut.vgnd.n815                     0.000335357
xdut.vgnd.n814                     0.000335381
xdut.vgnd.n813                     0.000335388
xdut.vgnd.n243                     0.000335416
xdut.vgnd.n1260                    0.000335412
xdut.vgnd.n247                     0.000335247
xdut.vgnd.n244                     0.000335356
xdut.vgnd.n1078                    0.000335296
xdut.vgnd.n1077                    0.000335341
xdut.vgnd.n1081                    0.000335328
xdut.vgnd.n1080                    0.000335289
xdut.vgnd.n1076                    0.000335283
xdut.vgnd.n1082                    0.000335317
xdut.vgnd.n1084                    0.000335278
xdut.vgnd.n1083                    0.000335308
xdut.vgnd.n1086                    0.000335274
xdut.vgnd.n1075                    0.000335299
xdut.vgnd.n1089                    0.000335292
xdut.vgnd.n1088                     0.00033527
xdut.vgnd.n1090                    0.000335286
xdut.vgnd.n1074                    0.000335267
xdut.vgnd.n1092                    0.000335264
xdut.vgnd.n1091                    0.000335281
xdut.vgnd.n1094                    0.000335262
xdut.vgnd.n1073                    0.000335276
xdut.vgnd.n1095                     0.00033526
xdut.vgnd.n1071                    0.000335272
xdut.vgnd.n1097                    0.000335269
xdut.vgnd.n1096                    0.000335258
xdut.vgnd.n1098                    0.000335266
xdut.vgnd.n1070                    0.000335257
xdut.vgnd.n1100                    0.000335256
xdut.vgnd.n1099                    0.000335264
xdut.vgnd.n1102                    0.000335255
xdut.vgnd.n1069                    0.000335261
xdut.vgnd.n1103                    0.000335254
xdut.vgnd.n1068                    0.000335259
xdut.vgnd.n1106                    0.000335258
xdut.vgnd.n1105                    0.000335253
xdut.vgnd.n1107                    0.000335256
xdut.vgnd.n1067                    0.000335252
xdut.vgnd.n1109                    0.000335251
xdut.vgnd.n1108                    0.000335255
xdut.vgnd.n1111                    0.000335251
xdut.vgnd.n1065                    0.000335254
xdut.vgnd.n1113                    0.000335253
xdut.vgnd.n1112                     0.00033525
xdut.vgnd.n1114                    0.000335252
xdut.vgnd.n1064                     0.00033525
xdut.vgnd.n1116                     0.00033525
xdut.vgnd.n1115                    0.000335252
xdut.vgnd.n1118                    0.000335249
xdut.vgnd.n1063                    0.000335251
xdut.vgnd.n1119                    0.000335249
xdut.vgnd.n1062                    0.000335251
xdut.vgnd.n1122                     0.00033525
xdut.vgnd.n1121                    0.000335249
xdut.vgnd.n1123                     0.00033525
xdut.vgnd.n1061                    0.000335249
xdut.vgnd.n1125                    0.000335248
xdut.vgnd.n1124                     0.00033525
xdut.vgnd.n1127                    0.000335248
xdut.vgnd.n1060                    0.000335249
xdut.vgnd.n1128                    0.000335248
xdut.vgnd.n1058                    0.000335249
xdut.vgnd.n1130                    0.000335249
xdut.vgnd.n1129                    0.000335248
xdut.vgnd.n1131                    0.000335249
xdut.vgnd.n1057                    0.000335248
xdut.vgnd.n1133                    0.000335248
xdut.vgnd.n1132                    0.000335248
xdut.vgnd.n1134                    0.000335248
xdut.vgnd.n1056                    0.000335248
xdut.vgnd.n1137                    0.000335248
xdut.vgnd.n1136                    0.000335248
xdut.vgnd.n1055                    0.000335248
xdut.vgnd.n1138                    0.000335248
xdut.vgnd.n1140                    0.000335248
xdut.vgnd.n1139                    0.000335248
xdut.vgnd.n1142                    0.000335248
xdut.vgnd.n1054                    0.000335248
xdut.vgnd.n1143                    0.000335248
xdut.vgnd.n1052                    0.000335248
xdut.vgnd.n1145                    0.000335248
xdut.vgnd.n1144                    0.000335248
xdut.vgnd.n1146                    0.000335248
xdut.vgnd.n1051                    0.000335248
xdut.vgnd.n1148                    0.000335248
xdut.vgnd.n1147                    0.000335248
xdut.vgnd.n1150                    0.000335248
xdut.vgnd.n1050                    0.000335248
xdut.vgnd.n1151                    0.000335248
xdut.vgnd.n1049                    0.000335248
xdut.vgnd.n1154                    0.000335248
xdut.vgnd.n1153                    0.000335248
xdut.vgnd.n1048                    0.000335248
xdut.vgnd.n1155                    0.000335248
xdut.vgnd.n1157                    0.000335248
xdut.vgnd.n1156                    0.000335248
xdut.vgnd.n1159                    0.000335248
xdut.vgnd.n1047                    0.000335248
xdut.vgnd.n1161                    0.000335248
xdut.vgnd.n1160                    0.000335248
xdut.vgnd.n1163                    0.000335247
xdut.vgnd.n1162                    0.000335248
xdut.vgnd.n1164                    0.000335247
xdut.vgnd.n1045                    0.000335248
xdut.vgnd.n1167                    0.000335248
xdut.vgnd.n1166                    0.000335247
xdut.vgnd.n1044                    0.000335247
xdut.vgnd.n1168                    0.000335248
xdut.vgnd.n1170                    0.000335247
xdut.vgnd.n1169                    0.000335248
xdut.vgnd.n1172                    0.000335247
xdut.vgnd.n1043                    0.000335248
xdut.vgnd.n1173                    0.000335247
xdut.vgnd.n1042                    0.000335248
xdut.vgnd.n1176                    0.000335248
xdut.vgnd.n1175                    0.000335247
xdut.vgnd.n1041                    0.000335247
xdut.vgnd.n1177                    0.000335248
xdut.vgnd.n1179                    0.000335247
xdut.vgnd.n1178                    0.000335248
xdut.vgnd.n1181                    0.000335247
xdut.vgnd.n1040                    0.000335248
xdut.vgnd.n1182                    0.000335247
xdut.vgnd.n1038                    0.000335248
xdut.vgnd.n1184                    0.000335248
xdut.vgnd.n1183                    0.000335247
xdut.vgnd.n1185                    0.000335248
xdut.vgnd.n1037                    0.000335248
xdut.vgnd.n1187                    0.000335248
xdut.vgnd.n1186                    0.000335248
xdut.vgnd.n1189                    0.000335248
xdut.vgnd.n1036                    0.000335248
xdut.vgnd.n1192                    0.000335248
xdut.vgnd.n1191                    0.000335248
xdut.vgnd.n1193                    0.000335248
xdut.vgnd.n1035                    0.000335248
xdut.vgnd.n1195                    0.000335248
xdut.vgnd.n1194                    0.000335248
xdut.vgnd.n1197                    0.000335248
xdut.vgnd.n1034                    0.000335248
xdut.vgnd.n1200                    0.000335248
xdut.vgnd.n1199                    0.000335248
xdut.vgnd.n1201                    0.000335248
xdut.vgnd.n1033                    0.000335248
xdut.vgnd.n1203                    0.000335248
xdut.vgnd.n1202                    0.000335248
xdut.vgnd.n1205                    0.000335248
xdut.vgnd.n1031                    0.000335248
xdut.vgnd.n1207                    0.000335248
xdut.vgnd.n1206                    0.000335248
xdut.vgnd.n1208                    0.000335248
xdut.vgnd.n1030                    0.000335248
xdut.vgnd.n1210                    0.000335248
xdut.vgnd.n1209                    0.000335248
xdut.vgnd.n1212                    0.000335248
xdut.vgnd.n1029                    0.000335248
xdut.vgnd.n1215                    0.000335248
xdut.vgnd.n1214                    0.000335248
xdut.vgnd.n1216                    0.000335249
xdut.vgnd.n1028                    0.000335248
xdut.vgnd.n1218                    0.000335248
xdut.vgnd.n1217                    0.000335249
xdut.vgnd.n1220                    0.000335248
xdut.vgnd.n1027                    0.000335249
xdut.vgnd.n1221                    0.000335248
xdut.vgnd.n1025                    0.000335249
xdut.vgnd.n1223                    0.000335249
xdut.vgnd.n1222                    0.000335248
xdut.vgnd.n1224                     0.00033525
xdut.vgnd.n1024                    0.000335249
xdut.vgnd.n1226                    0.000335249
xdut.vgnd.n1225                     0.00033525
xdut.vgnd.n1228                    0.000335249
xdut.vgnd.n1022                    0.000335251
xdut.vgnd.n1230                    0.000335251
xdut.vgnd.n1229                    0.000335249
xdut.vgnd.n1231                    0.000335252
xdut.vgnd.n1021                     0.00033525
xdut.vgnd.n1233                     0.00033525
xdut.vgnd.n1232                    0.000335252
xdut.vgnd.n1235                     0.00033525
xdut.vgnd.n1020                    0.000335253
xdut.vgnd.n1236                    0.000335251
xdut.vgnd.n1019                    0.000335254
xdut.vgnd.n1239                    0.000335255
xdut.vgnd.n1238                    0.000335251
xdut.vgnd.n1018                    0.000335252
xdut.vgnd.n1240                    0.000335256
xdut.vgnd.n1242                    0.000335252
xdut.vgnd.n1241                    0.000335257
xdut.vgnd.n1244                    0.000335253
xdut.vgnd.n1016                    0.000335259
xdut.vgnd.n1246                    0.000335261
xdut.vgnd.n1245                    0.000335254
xdut.vgnd.n1247                    0.000335263
xdut.vgnd.n1015                    0.000335255
xdut.vgnd.n1249                    0.000335257
xdut.vgnd.n1248                    0.000335265
xdut.vgnd.n1251                    0.000335258
xdut.vgnd.n1014                    0.000335268
xdut.vgnd.n1254                    0.000335271
xdut.vgnd.n1253                     0.00033526
xdut.vgnd.n1255                    0.000335275
xdut.vgnd.n252                      0.00033619
xdut.vgnd.n312                     0.000336128
xdut.vgnd.n570                     0.000336101
xdut.vgnd.n568                     0.000336109
xdut.vgnd.n567                     0.000336045
xdut.vgnd.n566                     0.000336028
xdut.vgnd.n565                     0.000335978
xdut.vgnd.n563                     0.000335968
xdut.vgnd.n318                     0.000336013
xdut.vgnd.n562                     0.000335961
xdut.vgnd.n319                        0.000336
xdut.vgnd.n560                     0.000335955
xdut.vgnd.n559                     0.000335989
xdut.vgnd.n558                      0.00033598
xdut.vgnd.n320                      0.00033595
xdut.vgnd.n557                     0.000335971
xdut.vgnd.n556                     0.000335945
xdut.vgnd.n555                     0.000335942
xdut.vgnd.n321                     0.000335964
xdut.vgnd.n553                     0.000335939
xdut.vgnd.n552                     0.000335958
xdut.vgnd.n551                     0.000335952
xdut.vgnd.n323                     0.000335936
xdut.vgnd.n550                     0.000335948
xdut.vgnd.n549                     0.000335933
xdut.vgnd.n548                     0.000335931
xdut.vgnd.n324                     0.000335944
xdut.vgnd.n546                      0.00033593
xdut.vgnd.n545                      0.00033594
xdut.vgnd.n544                     0.000335937
xdut.vgnd.n326                     0.000335928
xdut.vgnd.n543                     0.000335935
xdut.vgnd.n542                     0.000335927
xdut.vgnd.n541                     0.000335926
xdut.vgnd.n327                     0.000335933
xdut.vgnd.n539                     0.000335925
xdut.vgnd.n538                     0.000335931
xdut.vgnd.n537                     0.000335929
xdut.vgnd.n329                     0.000335924
xdut.vgnd.n536                     0.000335928
xdut.vgnd.n535                     0.000335923
xdut.vgnd.n534                     0.000335923
xdut.vgnd.n330                     0.000335926
xdut.vgnd.n532                     0.000335922
xdut.vgnd.n531                     0.000335925
xdut.vgnd.n530                     0.000335924
xdut.vgnd.n332                     0.000335922
xdut.vgnd.n529                     0.000335924
xdut.vgnd.n528                     0.000335921
xdut.vgnd.n527                     0.000335921
xdut.vgnd.n333                     0.000335923
xdut.vgnd.n525                      0.00033592
xdut.vgnd.n524                     0.000335922
xdut.vgnd.n523                     0.000335922
xdut.vgnd.n335                      0.00033592
xdut.vgnd.n522                     0.000335921
xdut.vgnd.n521                      0.00033592
xdut.vgnd.n520                      0.00033592
xdut.vgnd.n336                     0.000335921
xdut.vgnd.n518                      0.00033592
xdut.vgnd.n517                     0.000335921
xdut.vgnd.n516                      0.00033592
xdut.vgnd.n338                     0.000335919
xdut.vgnd.n515                      0.00033592
xdut.vgnd.n514                     0.000335919
xdut.vgnd.n513                     0.000335919
xdut.vgnd.n339                      0.00033592
xdut.vgnd.n511                     0.000335919
xdut.vgnd.n510                      0.00033592
xdut.vgnd.n509                      0.00033592
xdut.vgnd.n341                     0.000335919
xdut.vgnd.n508                      0.00033592
xdut.vgnd.n507                     0.000335919
xdut.vgnd.n506                     0.000335919
xdut.vgnd.n342                     0.000335919
xdut.vgnd.n504                     0.000335919
xdut.vgnd.n503                     0.000335919
xdut.vgnd.n502                     0.000335919
xdut.vgnd.n344                     0.000335919
xdut.vgnd.n501                     0.000335919
xdut.vgnd.n500                     0.000335919
xdut.vgnd.n499                     0.000335919
xdut.vgnd.n345                     0.000335919
xdut.vgnd.n497                     0.000335919
xdut.vgnd.n496                     0.000335919
xdut.vgnd.n495                     0.000335919
xdut.vgnd.n347                     0.000335919
xdut.vgnd.n494                     0.000335919
xdut.vgnd.n493                     0.000335919
xdut.vgnd.n492                     0.000335919
xdut.vgnd.n348                     0.000335919
xdut.vgnd.n490                     0.000335919
xdut.vgnd.n489                     0.000335919
xdut.vgnd.n488                     0.000335919
xdut.vgnd.n350                     0.000335919
xdut.vgnd.n487                     0.000335919
xdut.vgnd.n486                     0.000335919
xdut.vgnd.n485                     0.000335919
xdut.vgnd.n351                     0.000335919
xdut.vgnd.n483                     0.000335919
xdut.vgnd.n482                      0.00033592
xdut.vgnd.n481                      0.00033592
xdut.vgnd.n353                     0.000335919
xdut.vgnd.n480                      0.00033592
xdut.vgnd.n479                     0.000335919
xdut.vgnd.n478                     0.000335919
xdut.vgnd.n354                      0.00033592
xdut.vgnd.n476                     0.000335919
xdut.vgnd.n475                      0.00033592
xdut.vgnd.n474                     0.000335921
xdut.vgnd.n356                      0.00033592
xdut.vgnd.n473                     0.000335921
xdut.vgnd.n472                      0.00033592
xdut.vgnd.n471                      0.00033592
xdut.vgnd.n357                     0.000335921
xdut.vgnd.n469                      0.00033592
xdut.vgnd.n468                     0.000335922
xdut.vgnd.n467                     0.000335922
xdut.vgnd.n359                      0.00033592
xdut.vgnd.n466                     0.000335923
xdut.vgnd.n465                     0.000335921
xdut.vgnd.n464                     0.000335921
xdut.vgnd.n360                     0.000335923
xdut.vgnd.n462                     0.000335921
xdut.vgnd.n461                     0.000335924
xdut.vgnd.n460                     0.000335925
xdut.vgnd.n362                     0.000335922
xdut.vgnd.n459                     0.000335926
xdut.vgnd.n458                     0.000335922
xdut.vgnd.n457                     0.000335923
xdut.vgnd.n363                     0.000335927
xdut.vgnd.n455                     0.000335924
xdut.vgnd.n454                     0.000335929
xdut.vgnd.n453                      0.00033593
xdut.vgnd.n365                     0.000335924
xdut.vgnd.n452                     0.000335932
xdut.vgnd.n451                     0.000335925
xdut.vgnd.n450                     0.000335926
xdut.vgnd.n366                     0.000335934
xdut.vgnd.n448                     0.000335928
xdut.vgnd.n447                     0.000335937
xdut.vgnd.n446                     0.000335939
xdut.vgnd.n368                     0.000335929
xdut.vgnd.n445                     0.000335943
xdut.vgnd.n444                     0.000335931
xdut.vgnd.n443                     0.000335933
xdut.vgnd.n369                     0.000335947
xdut.vgnd.n441                     0.000335935
xdut.vgnd.n440                     0.000335951
xdut.vgnd.n439                     0.000335956
xdut.vgnd.n371                     0.000335938
xdut.vgnd.n438                     0.000335962
xdut.vgnd.n437                     0.000335941
xdut.vgnd.n436                     0.000335944
xdut.vgnd.n372                     0.000335969
xdut.vgnd.n434                     0.000335948
xdut.vgnd.n433                     0.000335977
xdut.vgnd.n432                     0.000335986
xdut.vgnd.n374                     0.000335953
xdut.vgnd.n431                     0.000335997
xdut.vgnd.n430                     0.000335958
xdut.vgnd.n429                     0.000335965
xdut.vgnd.n375                     0.000336009
xdut.vgnd.n427                     0.000335972
xdut.vgnd.n426                     0.000336023
xdut.vgnd.n425                      0.00033604
xdut.vgnd.n377                      0.00033598
xdut.vgnd.n424                     0.000336059
xdut.vgnd.n423                      0.00033599
xdut.vgnd.n422                     0.000336001
xdut.vgnd.n378                     0.000336081
xdut.vgnd.n420                     0.000336014
xdut.vgnd.n419                     0.000336107
xdut.vgnd.n418                     0.000336137
xdut.vgnd.n380                     0.000336029
xdut.vgnd.n417                     0.000336171
xdut.vgnd.n416                     0.000336047
xdut.vgnd.n415                     0.000336067
xdut.vgnd.n381                     0.000336211
xdut.vgnd.n413                     0.000336091
xdut.vgnd.n412                     0.000336257
xdut.vgnd.n411                     0.000336311
xdut.vgnd.n383                     0.000336118
xdut.vgnd.n410                     0.000336373
xdut.vgnd.n409                     0.000336149
xdut.vgnd.n408                     0.000336186
xdut.vgnd.n384                     0.000336444
xdut.vgnd.n406                     0.000336228
xdut.vgnd.n405                     0.000336527
xdut.vgnd.n404                     0.000336623
xdut.vgnd.n386                     0.000336277
xdut.vgnd.n403                     0.000336735
xdut.vgnd.n402                     0.000336333
xdut.vgnd.n401                     0.000336399
xdut.vgnd.n387                     0.000336864
xdut.vgnd.n399                     0.000336474
xdut.vgnd.n398                     0.000337013
xdut.vgnd.n397                     0.000337185
xdut.vgnd.n389                     0.000336562
xdut.vgnd.n396                     0.000337385
xdut.vgnd.n395                     0.000336664
xdut.vgnd.n394                     0.000336781
xdut.vgnd.n391                     0.000337617
xdut.vgnd.n390                     0.000337885
xdut.vgnd.n316                     0.000338918
xdut.vgnd.n313                     0.000338937
xdut.vgnd.n574                     0.000338029
xdut.vgnd.n576                     0.000337056
xdut.vgnd.n575                     0.000337794
xdut.vgnd.n578                     0.000337592
xdut.vgnd.n577                     0.000336958
xdut.vgnd.n580                     0.000336871
xdut.vgnd.n579                     0.000337417
xdut.vgnd.n582                     0.000337266
xdut.vgnd.n581                     0.000336795
xdut.vgnd.n584                     0.000336728
xdut.vgnd.n583                     0.000337135
xdut.vgnd.n586                     0.000337022
xdut.vgnd.n585                     0.000336671
xdut.vgnd.n588                     0.000336622
xdut.vgnd.n587                     0.000336925
xdut.vgnd.n590                     0.000336841
xdut.vgnd.n589                     0.000336579
xdut.vgnd.n592                     0.000336542
xdut.vgnd.n591                     0.000336768
xdut.vgnd.n594                     0.000336706
xdut.vgnd.n593                      0.00033651
xdut.vgnd.n596                     0.000336483
xdut.vgnd.n595                     0.000336652
xdut.vgnd.n598                     0.000336605
xdut.vgnd.n597                     0.000336459
xdut.vgnd.n600                     0.000336564
xdut.vgnd.n599                     0.000336439
xdut.vgnd.n760                     0.000336309
xdut.vgnd.n285                     0.000336421
xdut.vgnd.n601                     0.000336529
xdut.vgnd.n603                     0.000336499
xdut.vgnd.n602                     0.000336406
xdut.vgnd.n605                     0.000336392
xdut.vgnd.n604                     0.000336473
xdut.vgnd.n607                     0.000336451
xdut.vgnd.n606                     0.000336381
xdut.vgnd.n609                     0.000336431
xdut.vgnd.n608                     0.000336371
xdut.vgnd.n275                     0.000336362
xdut.vgnd.n610                     0.000336415
xdut.vgnd.n612                       0.0003364
xdut.vgnd.n611                     0.000336355
xdut.vgnd.n614                     0.000336349
xdut.vgnd.n613                     0.000336388
xdut.vgnd.n616                     0.000336377
xdut.vgnd.n615                     0.000336343
xdut.vgnd.n618                     0.000336339
xdut.vgnd.n617                     0.000336368
xdut.vgnd.n620                      0.00033636
xdut.vgnd.n619                     0.000336334
xdut.vgnd.n622                     0.000336353
xdut.vgnd.n621                     0.000336331
xdut.vgnd.n289                     0.000336328
xdut.vgnd.n623                     0.000336347
xdut.vgnd.n625                     0.000336341
xdut.vgnd.n624                     0.000336325
xdut.vgnd.n627                     0.000336323
xdut.vgnd.n626                     0.000336337
xdut.vgnd.n629                     0.000336333
xdut.vgnd.n628                     0.000336321
xdut.vgnd.n631                     0.000336319
xdut.vgnd.n630                      0.00033633
xdut.vgnd.n633                     0.000336327
xdut.vgnd.n632                     0.000336318
xdut.vgnd.n635                     0.000336324
xdut.vgnd.n634                     0.000336317
xdut.vgnd.n271                     0.000336315
xdut.vgnd.n636                     0.000336322
xdut.vgnd.n638                      0.00033632
xdut.vgnd.n637                     0.000336315
xdut.vgnd.n640                     0.000336319
xdut.vgnd.n639                     0.000336314
xdut.vgnd.n291                     0.000336313
xdut.vgnd.n641                     0.000336317
xdut.vgnd.n643                     0.000336316
xdut.vgnd.n642                     0.000336312
xdut.vgnd.n645                     0.000336315
xdut.vgnd.n644                     0.000336312
xdut.vgnd.n269                     0.000336311
xdut.vgnd.n646                     0.000336314
xdut.vgnd.n648                     0.000336313
xdut.vgnd.n647                     0.000336311
xdut.vgnd.n650                     0.000336311
xdut.vgnd.n649                     0.000336313
xdut.vgnd.n652                     0.000336312
xdut.vgnd.n651                      0.00033631
xdut.vgnd.n654                     0.000336312
xdut.vgnd.n653                      0.00033631
xdut.vgnd.n294                      0.00033631
xdut.vgnd.n655                     0.000336311
xdut.vgnd.n657                     0.000336311
xdut.vgnd.n656                      0.00033631
xdut.vgnd.n659                      0.00033631
xdut.vgnd.n658                     0.000336311
xdut.vgnd.n661                      0.00033631
xdut.vgnd.n660                     0.000336309
xdut.vgnd.n663                     0.000336309
xdut.vgnd.n662                      0.00033631
xdut.vgnd.n665                      0.00033631
xdut.vgnd.n664                     0.000336309
xdut.vgnd.n667                     0.000336309
xdut.vgnd.n666                      0.00033631
xdut.vgnd.n669                     0.000336309
xdut.vgnd.n668                     0.000336309
xdut.vgnd.n671                     0.000336309
xdut.vgnd.n670                     0.000336309
xdut.vgnd.n673                     0.000336309
xdut.vgnd.n672                     0.000336309
xdut.vgnd.n675                     0.000336309
xdut.vgnd.n674                     0.000336309
xdut.vgnd.n677                     0.000336309
xdut.vgnd.n676                     0.000336309
xdut.vgnd.n679                     0.000336309
xdut.vgnd.n678                     0.000336309
xdut.vgnd.n264                     0.000336309
xdut.vgnd.n680                     0.000336309
xdut.vgnd.n682                     0.000336309
xdut.vgnd.n681                     0.000336309
xdut.vgnd.n684                     0.000336309
xdut.vgnd.n683                     0.000336309
xdut.vgnd.n298                     0.000336309
xdut.vgnd.n685                     0.000336308
xdut.vgnd.n687                     0.000336308
xdut.vgnd.n686                     0.000336308
xdut.vgnd.n689                     0.000336308
xdut.vgnd.n688                     0.000336308
xdut.vgnd.n691                     0.000336308
xdut.vgnd.n690                     0.000336308
xdut.vgnd.n693                     0.000336308
xdut.vgnd.n692                     0.000336308
xdut.vgnd.n695                     0.000336308
xdut.vgnd.n694                     0.000336308
xdut.vgnd.n697                     0.000336308
xdut.vgnd.n696                     0.000336308
xdut.vgnd.n699                     0.000336308
xdut.vgnd.n698                     0.000336308
xdut.vgnd.n701                     0.000336308
xdut.vgnd.n700                     0.000336308
xdut.vgnd.n703                     0.000336307
xdut.vgnd.n702                     0.000336308
xdut.vgnd.n705                     0.000336308
xdut.vgnd.n704                     0.000336307
xdut.vgnd.n707                     0.000336307
xdut.vgnd.n706                     0.000336308
xdut.vgnd.n709                     0.000336307
xdut.vgnd.n708                     0.000336308
xdut.vgnd.n259                     0.000336307
xdut.vgnd.n710                     0.000336306
xdut.vgnd.n712                     0.000336306
xdut.vgnd.n711                     0.000336307
xdut.vgnd.n714                     0.000336307
xdut.vgnd.n713                     0.000336306
xdut.vgnd.n716                     0.000336305
xdut.vgnd.n715                     0.000336307
xdut.vgnd.n718                     0.000336304
xdut.vgnd.n717                     0.000336306
xdut.vgnd.n303                     0.000336306
xdut.vgnd.n719                     0.000336304
xdut.vgnd.n721                     0.000336303
xdut.vgnd.n720                     0.000336306
xdut.vgnd.n723                     0.000336302
xdut.vgnd.n722                     0.000336305
xdut.vgnd.n257                     0.000336305
xdut.vgnd.n724                     0.000336301
xdut.vgnd.n726                       0.0003363
xdut.vgnd.n725                     0.000336304
xdut.vgnd.n728                     0.000336304
xdut.vgnd.n727                     0.000336299
xdut.vgnd.n730                     0.000336297
xdut.vgnd.n729                     0.000336303
xdut.vgnd.n732                     0.000336302
xdut.vgnd.n731                     0.000336295
xdut.vgnd.n734                     0.000336293
xdut.vgnd.n733                     0.000336301
xdut.vgnd.n736                       0.0003363
xdut.vgnd.n735                     0.000336291
xdut.vgnd.n738                     0.000336288
xdut.vgnd.n737                     0.000336298
xdut.vgnd.n740                     0.000336285
xdut.vgnd.n739                     0.000336296
xdut.vgnd.n306                     0.000336295
xdut.vgnd.n741                     0.000336281
xdut.vgnd.n743                     0.000336277
xdut.vgnd.n742                     0.000336292
xdut.vgnd.n745                     0.000336272
xdut.vgnd.n744                      0.00033629
xdut.vgnd.n253                     0.000336287
xdut.vgnd.n746                     0.000336266
xdut.vgnd.n748                     0.000336259
xdut.vgnd.n747                     0.000336283
xdut.vgnd.n750                     0.000336279
xdut.vgnd.n749                     0.000336251
xdut.vgnd.n752                     0.000336242
xdut.vgnd.n751                     0.000336275
xdut.vgnd.n754                     0.000336231
xdut.vgnd.n753                     0.000336269
xdut.vgnd.n309                     0.000336262
xdut.vgnd.n755                     0.000336219
xdut.vgnd.n756                     0.000336205
xdut.vgnd.n310                     0.000336253
xdut.vgnd.n757                     0.000336189
xdut.vgnd.n1637                    0.000281891
xdut.vgnd.n1598                    0.000281881
xdut.vgnd.n1639                    0.000281884
xdut.vgnd.n1638                     0.00028189
xdut.vgnd.n1640                     0.00028188
xdut.vgnd.n1548                    0.000281883
xdut.vgnd.n1546                    0.000281889
xdut.vgnd.n1641                    0.000281878
xdut.vgnd.n1644                    0.000281887
xdut.vgnd.n1643                    0.000281881
xdut.vgnd.n1642                    0.000281876
xdut.vgnd.n1593                    0.000281884
xdut.vgnd.n1547                    0.000281878
xdut.vgnd.n1597                    0.000281874
xdut.vgnd.n1595                    0.000281874
xdut.vgnd.n1594                    0.000281879
xdut.vgnd.n1596                    0.000281871
xdut.vgnd.n1551                    0.000281871
xdut.vgnd.n1550                    0.000281869
xdut.vgnd.n1549                    0.000281869
xdut.vgnd.n1587                     0.00028186
xdut.vgnd.n1585                    0.000281867
xdut.vgnd.n1584                    0.000281859
xdut.vgnd.n1583                    0.000281858
xdut.vgnd.n1582                    0.000281846
xdut.vgnd.n1580                    0.000281845
xdut.vgnd.n1556                    0.000281856
xdut.vgnd.n1579                    0.000281844
xdut.vgnd.n1557                    0.000281855
xdut.vgnd.n1577                    0.000281844
xdut.vgnd.n1576                    0.000281855
xdut.vgnd.n1575                    0.000281855
xdut.vgnd.n1558                    0.000281844
xdut.vgnd.n1574                    0.000281856
xdut.vgnd.n1573                    0.000281844
xdut.vgnd.n1572                    0.000281845
xdut.vgnd.n1559                    0.000281857
xdut.vgnd.n1570                    0.000281846
xdut.vgnd.n1569                    0.000281859
xdut.vgnd.n1568                    0.000281861
xdut.vgnd.n1561                    0.000281847
xdut.vgnd.n1567                    0.000281864
xdut.vgnd.n1566                    0.000281848
xdut.vgnd.n1565                    0.000281851
xdut.vgnd.n1562                    0.000281867
xdut.vgnd.n1553                    0.000281872
xdut.vgnd.n1589                    0.000281887
xdut.vgnd.n1552                    0.000281881
xdut.vgnd.n1590                    0.000281893
xdut.vgnd.n1592                    0.000281888
xdut.vgnd.n1591                    0.000281899
xdut.vgnd.n1544                    0.000281893
xdut.vgnd.n1542                    0.000281906
xdut.vgnd.n1645                    0.000281896
xdut.vgnd.n1646                    0.000281908
xdut.vgnd.n1545                    0.000281896
xdut.vgnd.n1543                    0.000281905
xdut.vgnd.n1600                    0.000281896
xdut.vgnd.n1609                    0.000281903
xdut.vgnd.n1610                    0.000281902
xdut.vgnd.n1612                    0.000281898
xdut.vgnd.n1614                    0.000281894
xdut.vgnd.n1613                    0.000281896
xdut.vgnd.n1616                    0.000281895
xdut.vgnd.n1615                    0.000281893
xdut.vgnd.n1618                    0.000281893
xdut.vgnd.n1617                    0.000281894
xdut.vgnd.n1620                    0.000281893
xdut.vgnd.n1619                    0.000281892
xdut.vgnd.n1622                    0.000281892
xdut.vgnd.n1621                    0.000281892
xdut.vgnd.n1624                    0.000281891
xdut.vgnd.n1623                    0.000281891
xdut.vgnd.n1626                     0.00028189
xdut.vgnd.n1625                    0.000281891
xdut.vgnd.n1636                    0.000281891
xdut.vgnd.n1607                     0.00028189
xdut.vgnd.n1627                    0.000281889
xdut.vgnd.n1629                    0.000281889
xdut.vgnd.n1628                     0.00028189
xdut.vgnd.n1631                    0.000281888
xdut.vgnd.n1630                    0.000281889
xdut.vgnd.n1632                    0.000281886
xdut.vgnd.n1608                    0.000281889
xdut.vgnd.n1633                    0.000281885
xdut.vgnd.n1743                    0.000281872
xdut.vgnd.n1705                    0.000281877
xdut.vgnd.n1745                    0.000281879
xdut.vgnd.n1744                     0.00028188
xdut.vgnd.n1746                    0.000281879
xdut.vgnd.n1654                    0.000281883
xdut.vgnd.n1652                    0.000281886
xdut.vgnd.n1747                    0.000281881
xdut.vgnd.n1750                     0.00028189
xdut.vgnd.n1749                    0.000281886
xdut.vgnd.n1748                    0.000281883
xdut.vgnd.n1700                    0.000281893
xdut.vgnd.n1653                    0.000281888
xdut.vgnd.n1704                    0.000281884
xdut.vgnd.n1702                     0.00028189
xdut.vgnd.n1701                    0.000281895
xdut.vgnd.n1703                    0.000281886
xdut.vgnd.n1657                    0.000281896
xdut.vgnd.n1656                    0.000281891
xdut.vgnd.n1655                    0.000281887
xdut.vgnd.n1694                    0.000281896
xdut.vgnd.n1692                    0.000281888
xdut.vgnd.n1661                    0.000281897
xdut.vgnd.n1691                    0.000281892
xdut.vgnd.n1690                    0.000281893
xdut.vgnd.n1689                    0.000281895
xdut.vgnd.n1687                    0.000281895
xdut.vgnd.n1663                    0.000281894
xdut.vgnd.n1686                    0.000281895
xdut.vgnd.n1664                    0.000281894
xdut.vgnd.n1684                    0.000281896
xdut.vgnd.n1683                    0.000281895
xdut.vgnd.n1682                    0.000281896
xdut.vgnd.n1665                    0.000281896
xdut.vgnd.n1681                    0.000281897
xdut.vgnd.n1680                    0.000281897
xdut.vgnd.n1679                    0.000281897
xdut.vgnd.n1666                    0.000281897
xdut.vgnd.n1677                    0.000281897
xdut.vgnd.n1676                    0.000281898
xdut.vgnd.n1675                    0.000281899
xdut.vgnd.n1668                    0.000281898
xdut.vgnd.n1674                      0.0002819
xdut.vgnd.n1673                    0.000281898
xdut.vgnd.n1672                    0.000281899
xdut.vgnd.n1669                    0.000281901
xdut.vgnd.n1659                    0.000281902
xdut.vgnd.n1696                    0.000281905
xdut.vgnd.n1658                    0.000281901
xdut.vgnd.n1697                    0.000281906
xdut.vgnd.n1699                    0.000281901
xdut.vgnd.n1698                    0.000281908
xdut.vgnd.n1650                      0.0002819
xdut.vgnd.n1648                     0.00028191
xdut.vgnd.n1751                    0.000281898
xdut.vgnd.n1752                    0.000281908
xdut.vgnd.n1651                    0.000281894
xdut.vgnd.n1649                    0.000281903
xdut.vgnd.n1707                    0.000281889
xdut.vgnd.n1709                    0.000281898
xdut.vgnd.n1741                    0.000281893
xdut.vgnd.n1740                    0.000281881
xdut.vgnd.n1739                    0.000281877
xdut.vgnd.n1738                    0.000281864
xdut.vgnd.n1736                    0.000281862
xdut.vgnd.n1710                    0.000281875
xdut.vgnd.n1735                    0.000281861
xdut.vgnd.n1734                    0.000281872
xdut.vgnd.n1733                     0.00028187
xdut.vgnd.n1732                     0.00028186
xdut.vgnd.n1731                    0.000281859
xdut.vgnd.n1712                    0.000281869
xdut.vgnd.n1729                    0.000281859
xdut.vgnd.n1728                    0.000281868
xdut.vgnd.n1727                    0.000281868
xdut.vgnd.n1713                    0.000281858
xdut.vgnd.n1726                    0.000281867
xdut.vgnd.n1725                    0.000281858
xdut.vgnd.n1723                    0.000281858
xdut.vgnd.n1714                    0.000281868
xdut.vgnd.n1721                    0.000281859
xdut.vgnd.n1720                    0.000281868
xdut.vgnd.n1719                    0.000281869
xdut.vgnd.n1715                     0.00028186
xdut.vgnd.n1718                    0.000281871
xdut.vgnd.n2066                    0.000137381
xdut.vgnd.n2046                    0.000139024
xdut.vgnd.n2058                    0.000137407
xdut.vgnd.n2057                    0.000137399
xdut.vgnd.n2054                    0.000138034
xdut.vgnd.n35                      0.000137368
xdut.vgnd.n2053                    0.000138005
xdut.vgnd.n2049                    0.000137308
xdut.vgnd.n2050                    0.000137217
xdut.vgnd.n28                      0.000136799
xdut.vgnd.n2070                    0.000136773
xdut.vgnd.n29                      0.000137047
xdut.vgnd.n2061                    0.000137317
xdut.vgnd.n2059                    0.000137116
xdut.vgnd.n2064                    0.000137176
xdut.vgnd.n2063                    0.000137346
xdut.vgnd.n2065                    0.000137228
xdut.vgnd.n230                     0.000235435
xdut.vgnd.n229                     0.000235435
xdut.vgnd.n217                     0.000235446
xdut.vgnd.n225                     0.000235417
xdut.vgnd.n224                     0.000235451
xdut.vgnd.n223                     0.000235458
xdut.vgnd.n219                     0.000235421
xdut.vgnd.n222                     0.000235466
xdut.vgnd.n211                     0.000235501
xdut.vgnd.n240                     0.000235501
xdut.vgnd.n212                     0.000235466
xdut.vgnd.n231                     0.000235458
xdut.vgnd.n214                     0.000235421
xdut.vgnd.n232                     0.000235451
xdut.vgnd.n215                     0.000235417
xdut.vgnd.n233                     0.000235446
xdut.vgnd.n198                     0.000214838
xdut.vgnd.n197                     0.000214838
xdut.vgnd.n185                     0.000214827
xdut.vgnd.n193                     0.000214855
xdut.vgnd.n192                     0.000214822
xdut.vgnd.n191                     0.000214815
xdut.vgnd.n187                     0.000214851
xdut.vgnd.n190                     0.000214807
xdut.vgnd.n179                     0.000214774
xdut.vgnd.n208                     0.000214774
xdut.vgnd.n180                     0.000214807
xdut.vgnd.n199                     0.000214815
xdut.vgnd.n182                     0.000214851
xdut.vgnd.n200                     0.000214822
xdut.vgnd.n183                     0.000214855
xdut.vgnd.n201                     0.000214827
xdut.vgnd.n166                     0.000195996
xdut.vgnd.n165                     0.000195995
xdut.vgnd.n152                     0.000195955
xdut.vgnd.n157                     0.000195938
xdut.vgnd.n156                     0.000196037
xdut.vgnd.n158                     0.000195918
xdut.vgnd.n155                     0.000196027
xdut.vgnd.n159                     0.000195892
xdut.vgnd.n146                     0.000195785
xdut.vgnd.n176                     0.000195787
xdut.vgnd.n147                     0.000195899
xdut.vgnd.n167                     0.000195925
xdut.vgnd.n149                     0.000196052
xdut.vgnd.n168                     0.000195946
xdut.vgnd.n150                     0.000196062
xdut.vgnd.n169                     0.000195961
xdut.vgnd.n134                     0.000176762
xdut.vgnd.n133                     0.000176762
xdut.vgnd.n121                     0.000176743
xdut.vgnd.n129                      0.00017679
xdut.vgnd.n128                     0.000176735
xdut.vgnd.n127                     0.000176725
xdut.vgnd.n123                     0.000176785
xdut.vgnd.n126                     0.000176711
xdut.vgnd.n115                     0.000176656
xdut.vgnd.n144                     0.000176656
xdut.vgnd.n116                     0.000176711
xdut.vgnd.n135                     0.000176725
xdut.vgnd.n118                     0.000176785
xdut.vgnd.n136                     0.000176735
xdut.vgnd.n119                      0.00017679
xdut.vgnd.n137                     0.000176743
xdut.vgnd.n103                     0.000157792
xdut.vgnd.n102                     0.000157792
xdut.vgnd.n90                      0.000157783
xdut.vgnd.n98                      0.000157805
xdut.vgnd.n97                      0.000157779
xdut.vgnd.n96                      0.000157774
xdut.vgnd.n92                      0.000157803
xdut.vgnd.n95                      0.000157768
xdut.vgnd.n84                      0.000157741
xdut.vgnd.n113                     0.000157741
xdut.vgnd.n85                      0.000157768
xdut.vgnd.n104                     0.000157774
xdut.vgnd.n87                      0.000157803
xdut.vgnd.n105                     0.000157779
xdut.vgnd.n88                      0.000157805
xdut.vgnd.n106                     0.000157783
xdut.vgnd.n2048                    0.000138722
xdut.vgnd.n1894                    0.000303319
xdut.vgnd.n1895                    0.000303391
xdut.vgnd.n1892                    0.000303428
xdut.vgnd.n1891                    0.000303455
xdut.vgnd.n1896                    0.000303475
xdut.vgnd.n1890                     0.00030349
xdut.vgnd.n1889                    0.000303502
xdut.vgnd.n1897                     0.00030351
xdut.vgnd.n1898                    0.000303517
xdut.vgnd.n1899                    0.000303521
xdut.vgnd.n1901                    0.000303526
xdut.vgnd.n1888                    0.000303529
xdut.vgnd.n1887                    0.000303531
xdut.vgnd.n1886                    0.000303533
xdut.vgnd.n1885                    0.000303534
xdut.vgnd.n1884                    0.000303535
xdut.vgnd.n1883                    0.000303537
xdut.vgnd.n1881                     0.00030354
xdut.vgnd.n1902                    0.000303542
xdut.vgnd.n1880                    0.000303547
xdut.vgnd.n1904                    0.000303554
xdut.vgnd.n1878                     0.00030356
xdut.vgnd.n1877                    0.000303569
xdut.vgnd.n1905                    0.000303581
xdut.vgnd.n1906                    0.000303597
xdut.vgnd.n1907                    0.000303618
xdut.vgnd.n2025                    0.000303671
xdut.vgnd.n49                      0.000304894
xdut.vgnd.n50                      0.000304958
xdut.vgnd.n52                      0.000305006
xdut.vgnd.n53                      0.000305028
xdut.vgnd.n54                      0.000305044
xdut.vgnd.n55                      0.000305055
xdut.vgnd.n56                      0.000305064
xdut.vgnd.n57                       0.00030507
xdut.vgnd.n58                      0.000305075
xdut.vgnd.n59                      0.000305078
xdut.vgnd.n60                       0.00030508
xdut.vgnd.n61                      0.000305082
xdut.vgnd.n62                      0.000305082
xdut.vgnd.n63                      0.000305082
xdut.vgnd.n64                      0.000305081
xdut.vgnd.n65                      0.000305079
xdut.vgnd.n66                      0.000305076
xdut.vgnd.n67                      0.000305072
xdut.vgnd.n69                      0.000305062
xdut.vgnd.n71                      0.000305047
xdut.vgnd.n72                      0.000305032
xdut.vgnd.n73                      0.000305012
xdut.vgnd.n74                      0.000304985
xdut.vgnd.n75                       0.00030495
xdut.vgnd.n76                      0.000304902
xdut.vgnd.n77                      0.000304837
xdut.vgnd.n78                       0.00030475
xdut.vgnd.n79                      0.000304628
xdut.vgnd.n1403                    0.000334445
xdut.vgnd.n1271                    0.000334429
xdut.vgnd.n1400                     0.00033444
xdut.vgnd.n1275                    0.000334437
xdut.vgnd.n1393                    0.000334435
xdut.vgnd.n1278                    0.000334434
xdut.vgnd.n1386                    0.000334433
xdut.vgnd.n1281                    0.000334432
xdut.vgnd.n1379                    0.000334432
xdut.vgnd.n1284                    0.000334431
xdut.vgnd.n1372                    0.000334431
xdut.vgnd.n1287                    0.000334432
xdut.vgnd.n1365                    0.000334432
xdut.vgnd.n1290                    0.000334433
xdut.vgnd.n1358                    0.000334434
xdut.vgnd.n1293                    0.000334435
xdut.vgnd.n1351                    0.000334437
xdut.vgnd.n1296                    0.000334439
xdut.vgnd.n1344                    0.000334442
xdut.vgnd.n1299                    0.000334447
xdut.vgnd.n1337                    0.000334453
xdut.vgnd.n1302                    0.000334461
xdut.vgnd.n1330                    0.000334472
xdut.vgnd.n1305                    0.000334486
xdut.vgnd.n1323                    0.000334505
xdut.vgnd.n1308                    0.000334531
xdut.vgnd.n1316                    0.000334566
xdut.vgnd.n1310                    0.000334612
xdut.vgnd.n1442                    0.000334682
xdut.vgnd.n1448                    0.000334649
xdut.vgnd.n1440                    0.000334623
xdut.vgnd.n1455                    0.000334604
xdut.vgnd.n1437                     0.00033459
xdut.vgnd.n1462                    0.000334579
xdut.vgnd.n1434                    0.000334571
xdut.vgnd.n1470                    0.000334563
xdut.vgnd.n1476                    0.000334558
xdut.vgnd.n1428                    0.000334554
xdut.vgnd.n1484                    0.000334552
xdut.vgnd.n1487                    0.000334551
xdut.vgnd.n1493                     0.00033455
xdut.vgnd.n1422                    0.000334549
xdut.vgnd.n1500                    0.000334548
xdut.vgnd.n1419                    0.000334548
xdut.vgnd.n1507                    0.000334547
xdut.vgnd.n1509                    0.000334547
xdut.vgnd.n1515                    0.000334546
xdut.vgnd.n1413                    0.000334544
xdut.vgnd.n1523                    0.000334543
xdut.vgnd.n1410                    0.000334541
xdut.vgnd.n1530                    0.000334538
xdut.vgnd.n1532                    0.000334534
xdut.vgnd.n1009                    0.000335326
xdut.vgnd.n810                     0.000335328
xdut.vgnd.n809                      0.00033533
xdut.vgnd.n808                     0.000335331
xdut.vgnd.n807                     0.000335332
xdut.vgnd.n806                     0.000335333
xdut.vgnd.n805                     0.000335333
xdut.vgnd.n804                     0.000335333
xdut.vgnd.n803                     0.000335334
xdut.vgnd.n802                     0.000335334
xdut.vgnd.n801                     0.000335334
xdut.vgnd.n800                     0.000335334
xdut.vgnd.n799                     0.000335334
xdut.vgnd.n798                     0.000335334
xdut.vgnd.n797                     0.000335334
xdut.vgnd.n796                     0.000335334
xdut.vgnd.n795                     0.000335334
xdut.vgnd.n794                     0.000335334
xdut.vgnd.n793                     0.000335335
xdut.vgnd.n792                     0.000335335
xdut.vgnd.n791                     0.000335335
xdut.vgnd.n790                     0.000335335
xdut.vgnd.n789                     0.000335335
xdut.vgnd.n788                     0.000335335
xdut.vgnd.n787                     0.000335335
xdut.vgnd.n786                     0.000335335
xdut.vgnd.n785                     0.000335335
xdut.vgnd.n784                     0.000335335
xdut.vgnd.n783                     0.000335335
xdut.vgnd.n782                     0.000335335
xdut.vgnd.n781                     0.000335335
xdut.vgnd.n780                     0.000335335
xdut.vgnd.n779                     0.000335335
xdut.vgnd.n778                     0.000335335
xdut.vgnd.n777                     0.000335335
xdut.vgnd.n776                     0.000335335
xdut.vgnd.n775                     0.000335335
xdut.vgnd.n774                     0.000335335
xdut.vgnd.n773                     0.000335335
xdut.vgnd.n772                     0.000335336
xdut.vgnd.n771                     0.000335336
xdut.vgnd.n770                     0.000335336
xdut.vgnd.n769                     0.000335337
xdut.vgnd.n768                     0.000335338
xdut.vgnd.n767                     0.000335339
xdut.vgnd.n766                      0.00033534
xdut.vgnd.n765                     0.000335342
xdut.vgnd.n764                     0.000335345
xdut.vgnd.n763                     0.000335348
xdut.vgnd.n762                     0.000335352
xdut.vgnd.n1079                    0.000335281
xdut.vgnd.n1085                    0.000335269
xdut.vgnd.n1087                    0.000335263
xdut.vgnd.n1093                    0.000335259
xdut.vgnd.n1072                    0.000335255
xdut.vgnd.n1101                    0.000335253
xdut.vgnd.n1104                    0.000335251
xdut.vgnd.n1110                     0.00033525
xdut.vgnd.n1066                    0.000335249
xdut.vgnd.n1117                    0.000335249
xdut.vgnd.n1120                    0.000335248
xdut.vgnd.n1126                    0.000335248
xdut.vgnd.n1059                    0.000335248
xdut.vgnd.n1135                    0.000335248
xdut.vgnd.n1141                    0.000335248
xdut.vgnd.n1053                    0.000335248
xdut.vgnd.n1149                    0.000335248
xdut.vgnd.n1152                    0.000335248
xdut.vgnd.n1158                    0.000335247
xdut.vgnd.n1046                    0.000335247
xdut.vgnd.n1165                    0.000335247
xdut.vgnd.n1171                    0.000335247
xdut.vgnd.n1174                    0.000335247
xdut.vgnd.n1180                    0.000335247
xdut.vgnd.n1039                    0.000335247
xdut.vgnd.n1188                    0.000335247
xdut.vgnd.n1190                    0.000335248
xdut.vgnd.n1196                    0.000335248
xdut.vgnd.n1198                    0.000335248
xdut.vgnd.n1204                    0.000335248
xdut.vgnd.n1032                    0.000335248
xdut.vgnd.n1211                    0.000335248
xdut.vgnd.n1213                    0.000335248
xdut.vgnd.n1219                    0.000335248
xdut.vgnd.n1026                    0.000335248
xdut.vgnd.n1227                    0.000335249
xdut.vgnd.n1023                    0.000335249
xdut.vgnd.n1234                    0.000335249
xdut.vgnd.n1237                     0.00033525
xdut.vgnd.n1243                    0.000335252
xdut.vgnd.n1017                    0.000335253
xdut.vgnd.n1250                    0.000335255
xdut.vgnd.n1252                    0.000335258
xdut.vgnd.n564                     0.000335959
xdut.vgnd.n561                     0.000335948
xdut.vgnd.n322                      0.00033594
xdut.vgnd.n554                     0.000335935
xdut.vgnd.n325                     0.000335931
xdut.vgnd.n547                     0.000335928
xdut.vgnd.n328                     0.000335925
xdut.vgnd.n540                     0.000335924
xdut.vgnd.n331                     0.000335922
xdut.vgnd.n533                     0.000335921
xdut.vgnd.n334                     0.000335921
xdut.vgnd.n526                      0.00033592
xdut.vgnd.n337                      0.00033592
xdut.vgnd.n519                     0.000335919
xdut.vgnd.n340                     0.000335919
xdut.vgnd.n512                     0.000335919
xdut.vgnd.n343                     0.000335919
xdut.vgnd.n505                     0.000335919
xdut.vgnd.n346                     0.000335919
xdut.vgnd.n498                     0.000335919
xdut.vgnd.n349                     0.000335919
xdut.vgnd.n491                     0.000335919
xdut.vgnd.n352                     0.000335919
xdut.vgnd.n484                     0.000335919
xdut.vgnd.n355                     0.000335919
xdut.vgnd.n477                     0.000335919
xdut.vgnd.n358                     0.000335919
xdut.vgnd.n470                      0.00033592
xdut.vgnd.n361                      0.00033592
xdut.vgnd.n463                     0.000335921
xdut.vgnd.n364                     0.000335921
xdut.vgnd.n456                     0.000335922
xdut.vgnd.n367                     0.000335923
xdut.vgnd.n449                     0.000335925
xdut.vgnd.n370                     0.000335927
xdut.vgnd.n442                      0.00033593
xdut.vgnd.n373                     0.000335934
xdut.vgnd.n435                     0.000335939
xdut.vgnd.n376                     0.000335946
xdut.vgnd.n428                     0.000335956
xdut.vgnd.n379                     0.000335968
xdut.vgnd.n421                     0.000335985
xdut.vgnd.n382                     0.000336008
xdut.vgnd.n414                     0.000336038
xdut.vgnd.n385                     0.000336079
xdut.vgnd.n407                     0.000336134
xdut.vgnd.n388                     0.000336208
xdut.vgnd.n400                     0.000336306
xdut.vgnd.n392                     0.000336438
xdut.vgnd.n393                     0.000336614
xdut.vgnd.n280                     0.000336907
xdut.vgnd.n281                     0.000336762
xdut.vgnd.n282                     0.000336647
xdut.vgnd.n279                     0.000336561
xdut.vgnd.n283                     0.000336497
xdut.vgnd.n278                     0.000336449
xdut.vgnd.n284                     0.000336413
xdut.vgnd.n277                     0.000336376
xdut.vgnd.n276                     0.000336359
xdut.vgnd.n286                     0.000336341
xdut.vgnd.n287                     0.000336333
xdut.vgnd.n288                     0.000336327
xdut.vgnd.n274                      0.00033632
xdut.vgnd.n273                     0.000336317
xdut.vgnd.n272                     0.000336315
xdut.vgnd.n290                     0.000336313
xdut.vgnd.n270                     0.000336311
xdut.vgnd.n292                      0.00033631
xdut.vgnd.n293                      0.00033631
xdut.vgnd.n295                     0.000336309
xdut.vgnd.n268                     0.000336309
xdut.vgnd.n267                     0.000336309
xdut.vgnd.n266                     0.000336309
xdut.vgnd.n296                     0.000336309
xdut.vgnd.n265                     0.000336309
xdut.vgnd.n297                     0.000336309
xdut.vgnd.n299                     0.000336308
xdut.vgnd.n263                     0.000336308
xdut.vgnd.n262                     0.000336308
xdut.vgnd.n261                     0.000336308
xdut.vgnd.n300                     0.000336308
xdut.vgnd.n260                     0.000336308
xdut.vgnd.n301                     0.000336307
xdut.vgnd.n302                     0.000336307
xdut.vgnd.n258                     0.000336306
xdut.vgnd.n256                     0.000336305
xdut.vgnd.n304                     0.000336304
xdut.vgnd.n255                     0.000336302
xdut.vgnd.n305                       0.0003363
xdut.vgnd.n254                     0.000336295
xdut.vgnd.n307                     0.000336288
xdut.vgnd.n308                     0.000336281
xdut.vgnd.n759                     0.000336262
xdut.vgnd.n1581                    0.000281842
xdut.vgnd.n1578                    0.000281841
xdut.vgnd.n1560                    0.000281841
xdut.vgnd.n1571                    0.000281842
xdut.vgnd.n1563                    0.000281844
xdut.vgnd.n1564                    0.000281847
xdut.vgnd.n1603                    0.000281893
xdut.vgnd.n1604                    0.000281893
xdut.vgnd.n1605                    0.000281892
xdut.vgnd.n1606                    0.000281891
xdut.vgnd.n1602                     0.00028189
xdut.vgnd.n1635                    0.000281889
xdut.vgnd.n1688                    0.000281895
xdut.vgnd.n1685                    0.000281896
xdut.vgnd.n1667                    0.000281896
xdut.vgnd.n1678                    0.000281897
xdut.vgnd.n1670                    0.000281898
xdut.vgnd.n1671                    0.000281898
xdut.vgnd.n1737                    0.000281859
xdut.vgnd.n1711                    0.000281857
xdut.vgnd.n1730                    0.000281856
xdut.vgnd.n1724                    0.000281856
xdut.vgnd.n1722                    0.000281856
xdut.vgnd.n1716                    0.000281858
xdut.vgnd.n2055                    0.000138213
xdut.vgnd.n2052                     0.00013817
xdut.vgnd.n2060                    0.000137356
xdut.vgnd.n2062                      0.0001374
xdut.vgnd.n226                     0.000235408
xdut.vgnd.n220                     0.000235412
xdut.vgnd.n237                     0.000235412
xdut.vgnd.n235                     0.000235408
xdut.vgnd.n194                     0.000214864
xdut.vgnd.n188                     0.000214859
xdut.vgnd.n205                     0.000214859
xdut.vgnd.n203                     0.000214864
xdut.vgnd.n154                     0.000196066
xdut.vgnd.n161                     0.000196051
xdut.vgnd.n173                      0.00019608
xdut.vgnd.n171                     0.000196095
xdut.vgnd.n130                     0.000176805
xdut.vgnd.n124                     0.000176798
xdut.vgnd.n141                     0.000176798
xdut.vgnd.n139                     0.000176805
xdut.vgnd.n99                      0.000157813
xdut.vgnd.n93                      0.000157809
xdut.vgnd.n110                     0.000157809
xdut.vgnd.n108                     0.000157813
xdut.vgnd.n1754                    0.000301785
xdut.vgnd.n12                      0.000176597
xdut.vgnd.n11                      0.000157713
xdut.vgnd.n10                      0.000136452
xdut.vgnd.n242                     0.000340048
xdut.vgnd.n17                      0.000235537
xdut.vgnd.n3                       0.000335463
xdut.vgnd.n0                       0.000281919
xdut.vgnd.n315                     0.000339106
xdut.vgnd.n1261                    0.000335422
xdut.vgnd.n1541                    0.000335264
xdut.vgnd.n1753                    0.000281911
xdut.vgnd.n1647                    0.000281909
xdut.vgnd.n2071                    0.000136716
xdut.vgnd.n241                     0.000235509
xdut.vgnd.n210                     0.000214739
xdut.vgnd.n209                     0.000214766
xdut.vgnd.n178                     0.000195671
xdut.vgnd.n177                     0.000195762
xdut.vgnd.n145                     0.000176643
xdut.vgnd.n114                     0.000157735
xdut.vgnd.n9                       8.70853e-05
xdut.vgnd.n2072                    8.70853e-05
xdut.vgnd.n20                      4.89887e-05
xdut.vgnd.n19                      4.96908e-05
xdut.vgnd.n27                      5.01387e-05
xdut.vgnd.n18                      4.89864e-05
xdut.vgnd.n21                      4.89887e-05
xdut.vgnd.n16                      4.96908e-05
xdut.vgnd.n25                      4.89864e-05
xdut.vgnd.n26                      5.01387e-05
xdut.vgnd.n24                      4.89864e-05
xdut.vgnd.n15                      5.01387e-05
xdut.vgnd.n23                      4.86127e-05
xdut.vgnd.n13                      4.94781e-05
xdut.vgnd.n22                      4.88586e-05
xdut.vgnd.n14                      4.96172e-05
xdut.vgnd.n4                       8.70853e-05
xdut.vgnd.n2                       4.00159e-05
xdut.vgnd.n1                       5.91205e-05
xdut.vgnd.n8                       8.70853e-05
xdut.vgnd.n7                       8.70853e-05
xdut.vgnd.n6                       8.70853e-05
xdut.vgnd.n5                       8.70853e-05
xdut.mirror.n5                        0.593971
xdut.mirror.n4                        0.593971
xdut.mirror.n9                        0.593971
xdut.mirror.n8                        0.593971
xdut.mirror.n13                       0.593975
xdut.mirror.n12                       0.594023
xdut.mirror.n2                        0.593974
xdut.mirror.n3                        0.593971
xdut.mirror.n7                        0.593971
xdut.mirror                           0.593971
xdut.mirror.n1                        0.593968
xdut.mirror.n11                       0.593975
xdut.mirror.n0                        0.593971
xdut.mirror.n6                        0.593971
xdut.mirror.n10                       0.593971
xdut.amp.n3                           0.595172
xdut.amp.n2                           0.595172
xdut.amp.n4                           0.595172
xdut.amp.n12                          0.595177
xdut.amp.n11                          0.595224
xdut.amp.n1                           0.595176
xdut.amp.n8                           0.595173
xdut.amp.n7                           0.595173
xdut.amp                              0.595173
xdut.amp.n0                           0.595169
xdut.amp.n10                          0.595176
xdut.amp.n9                           0.595173
xdut.amp.n6                           0.595172
xdut.amp.n5                           0.595172
xdut.tail.n0                           1.47439
xdut.tail                              1.47439
xdut.tail.n1                           1.47439
xdut.tail.n4                           1.47439
xdut.tail.n3                           1.47439
xdut.tail.n2                            1.4744
xdut.hold.n8                          0.899915
xdut.hold.n7                          0.899915
xdut.hold.n27                         0.899915
xdut.hold.n2                          0.899915
xdut.hold.n4                          0.899915
xdut.hold.n3                          0.899915
xdut.hold.n5                          0.899915
xdut.hold.n1                          0.899915
xdut.hold.n25                         0.899915
xdut.hold.n24                         0.899915
xdut.hold.n17                         0.899915
xdut.hold.n13                         0.899915
xdut.hold.n0                          0.899915
xdut.hold.n6                          0.899915
xdut.hold.n9                          0.899915
xdut.hold.n11                         0.899915
xdut.hold.n10                         0.899915
xdut.hold.n22                         0.899915
xdut.hold.n21                         0.899915
xdut.hold.n26                         0.899915
xdut.hold.n15                         0.899915
xdut.hold.n14                         0.899915
xdut.hold.n19                         0.899915
xdut.hold.n18                         0.899915
xdut.hold.n16                         0.899915
xdut.hold.n12                         0.899915
xdut.hold.n23                         0.899915
xdut.hold.n20                         0.899915
xdut.sample.n6                        0.899229
xdut.sample.n13                       0.899229
xdut.sample.n36                       0.899229
xdut.sample.n5                        0.899229
xdut.sample.n12                       0.899229
xdut.sample.n35                       0.899229
xdut.sample.n39                       0.899229
xdut.sample.n4                        0.899229
xdut.sample.n10                       0.899229
xdut.sample.n9                        0.899229
xdut.sample.n33                       0.899229
xdut.sample.n32                       0.899229
xdut.sample.n3                        0.899229
xdut.sample.n8                        0.899229
xdut.sample.n31                       0.899229
xdut.sample.n30                       0.899229
xdut.sample.n29                       0.899229
xdut.sample.n26                       0.899229
xdut.sample.n15                       0.899229
xdut.sample.n0                        0.899229
xdut.sample.n7                        0.899229
xdut.sample.n19                       0.899229
xdut.sample.n18                       0.899229
xdut.sample.n23                       0.899229
xdut.sample.n22                       0.899229
xdut.sample.n14                       0.899229
xdut.sample.n2                        0.899229
xdut.sample.n37                       0.899229
xdut.sample.n38                       0.899229
xdut.sample.n11                       0.899229
xdut.sample.n1                        0.899229
xdut.sample.n34                       0.899229
xdut.sample.n17                       0.899229
xdut.sample.n16                       0.899229
xdut.sample.n28                       0.899229
xdut.sample.n27                       0.899229
xdut.sample.n21                       0.899229
xdut.sample.n20                       0.899229
xdut.sample.n25                       0.899229
xdut.sample.n24                       0.899229
xdut.s_bar.n7                          1.79983
xdut.s_bar.n1                          1.79983
xdut.s_bar                             1.79983
xdut.s_bar.n4                          1.79983
xdut.s_bar.n3                          1.79983
xdut.s_bar.n2                          1.79983
xdut.s_bar.n0                          1.79983
xdut.s_bar.n5                          1.79983
xdut.s_bar.n6                          1.79983
xdut.l_bar.n7                          1.79983
xdut.l_bar.n1                          1.79983
xdut.l_bar                             1.79983
xdut.l_bar.n4                          1.79983
xdut.l_bar.n3                          1.79983
xdut.l_bar.n2                          1.79983
xdut.l_bar.n0                          1.79983
xdut.l_bar.n5                          1.79983
xdut.l_bar.n6                          1.79983
xdut.h_bar.n6                          1.79983
xdut.h_bar.n0                          1.79983
xdut.h_bar                             1.79983
xdut.h_bar.n3                          1.79983
xdut.h_bar.n2                          1.79983
xdut.h_bar.n1                          1.79983
xdut.h_bar.n4                          1.79983
xdut.h_bar.n5                          1.79983
xdut.bias.n4                          0.633996
xdut.bias.n2                          0.634102
xdut.bias.n1                          0.634004
xdut.bias.n5                          0.633996
xdut.bias.n9                          0.633996
xdut.bias.n8                          0.633996
xdut.bias.n13                         0.633996
xdut.bias.n12                         0.633996
xdut.bias.n18                         0.634003
xdut.bias.n16                         0.633996
xdut.bias.n15                         0.633985
xdut.bias.n3                          0.633996
xdut.bias.n7                          0.633996
xdut.bias.n11                         0.633996
xdut.bias                             0.633996
xdut.bias.n17                         0.634003
xdut.bias.n0                          0.633997
xdut.bias.n6                          0.633996
xdut.bias.n10                         0.633996
xdut.bias.n14                         0.633996
vs#branch                                    0
vl#branch                                    0
vh#branch                                    0
vlo#branch                         1.39918e-12
vhi#branch                        -9.21138e-16
vdd#branch                        -1.23975e-05

 Reference value :  0.00000e+00 Reference value :  8.11842e-07 Reference value :  8.20003e-06 Reference value :  1.02015e-05 Reference value :  1.04010e-05 Reference value :  1.24036e-05 Reference value :  1.26560e-05 Reference value :  1.48034e-05 Reference value :  1.68174e-05 Reference value :  1.90022e-05 Reference value :  1.92051e-05 Reference value :  2.14022e-05 Reference value :  2.34043e-05 Reference value :  2.45038e-05 Reference value :  2.58036e-05 Reference value :  2.80011e-05 Reference value :  3.00039e-05 Reference value :  3.19178e-05 Reference value :  3.24037e-05 Reference value :  3.44086e-05 Reference value :  3.66026e-05 Reference value :  3.68057e-05 Reference value :  3.90034e-05 Reference value :  4.10055e-05 Reference value :  4.32023e-05 Reference value :  4.70037e-05 Reference value :  5.49033e-05 Reference value :  5.51060e-05 Reference value :  5.73003e-05 Reference value :  5.93018e-05 Reference value :  5.95038e-05 Reference value :  6.15050e-05 Reference value :  6.37000e-05 Reference value :  6.39036e-05 Reference value :  6.59042e-05 Reference value :  6.65212e-05 Reference value :  6.83033e-05 Reference value :  7.03027e-05 Reference value :  7.05061e-05 Reference value :  7.27022e-05 Reference value :  7.47042e-05 Reference value :  7.62403e-05 Reference value :  7.71038e-05 Reference value :  7.93000e-05 Reference value :  8.13028e-05 Reference value :  8.15328e-05 Reference value :  8.37026e-05 Reference value :  8.57050e-05 Reference value :  8.75604e-05 Reference value :  8.81040e-05 Reference value :  9.01050e-05 Reference value :  9.39662e-05 Reference value :  1.01811e-04 Reference value :  1.04003e-04 Reference value :  1.04698e-04 Reference value :  1.06404e-04 Reference value :  1.08601e-04 Reference value :  1.10604e-04 Reference value :  1.12802e-04 Reference value :  1.13004e-04 Reference value :  1.15011e-04 Reference value :  1.17202e-04 Reference value :  1.17405e-04 Reference value :  1.19602e-04 Reference value :  1.21603e-04 Reference value :  1.21804e-04 Reference value :  1.24002e-04 Reference value :  1.26003e-04 Reference value :  1.26231e-04 Reference value :  1.28403e-04 Reference value :  1.30404e-04 Reference value :  1.32233e-04 Reference value :  1.32804e-04 Reference value :  1.34804e-04 Reference value :  1.35241e-04 Reference value :  1.38125e-04 Reference value :  1.41071e-04 Reference value :  1.48707e-04 Reference value :  1.50902e-04 Reference value :  1.51113e-04 Reference value :  1.53302e-04 Reference value :  1.55304e-04 Reference value :  1.55641e-04 Reference value :  1.57704e-04 Reference value :  1.59705e-04 Reference value :  1.61901e-04 Reference value :  1.62106e-04 Reference value :  1.64303e-04 Reference value :  1.66305e-04 Reference value :  1.68500e-04 Reference value :  1.68704e-04 Reference value :  1.70900e-04 Reference value :  1.72903e-04 Reference value :  1.74409e-04 Reference value :  1.75304e-04 Reference value :  1.77502e-04 Reference value :  1.79505e-04 Reference value :  1.81701e-04 Reference value :  1.81904e-04 Reference value :  1.83906e-04
No. of Data Rows : 11064
ngspice-46 done
